Melanin,Haemoglobin,Thickness_cm,BloodOxygenation,MelaninTypeRatio
3.330271448305082704e-01,1.435038941610906893e-01,1.618642667306819174e-02,9.660761614725535962e-01,7.277098543099540517e-01
1.892788506536304538e-01,7.206600358342710178e-02,2.295461472607449732e-02,9.365657546304577696e-01,7.030450882255371292e-01
3.693385076419830604e-01,1.705217032935623378e-01,1.056116938102301915e-02,9.227122205252316078e-01,6.612583745582030215e-01
3.001708844664671139e-01,4.895445489236035369e-02,5.519551198931216263e-03,9.083616359377517657e-01,7.986457979053849243e-01
4.140208224380165225e-02,1.081403045272383290e-01,2.051310007367843427e-02,9.101751251320877589e-01,6.762160590087572531e-01
4.195419888521683127e-01,3.764370421268731226e-02,1.904755319943943898e-02,9.959430318763516921e-01,6.882962712464065769e-01
3.275289321538614185e-01,9.956482266078256482e-02,1.590983291348387410e-02,9.788456619674794634e-01,6.853873643741926758e-01
3.382215869638131589e-01,3.134083528669885654e-02,2.130685459458425343e-02,9.244959249971007598e-01,7.861912110028554945e-01
5.596074841780918074e-02,3.315414624993286846e-02,2.180168745296265018e-02,9.529147236837463009e-01,7.645532589085295427e-01
1.942155673571983043e-01,1.228324520313611307e-01,1.675806616036347799e-02,9.714232724350067016e-01,7.185994699159005128e-01
1.600723523957773564e-01,5.349342239297758678e-02,2.431855583707874177e-02,9.352537902002492354e-01,7.933134550927789519e-01
3.985821802160501859e-01,3.530107808628521471e-02,1.939423895234654652e-02,9.439988058159785034e-01,6.579175071179662604e-01
2.772181365146050847e-01,1.860238817768795627e-01,1.853750752325257489e-02,9.718381919572706140e-01,7.840505571832478982e-01
3.539647320931860741e-01,9.557646897270163922e-03,1.222843585117290750e-02,9.227454314753134046e-01,6.590641003532239361e-01
1.912246912969250423e-01,1.134644744264815541e-01,5.045171572000153176e-03,9.526344358466658502e-01,7.086696043901845599e-01
9.848541164566927686e-02,1.101045045248197907e-01,9.818853477883561498e-03,9.210088171686232617e-01,6.581007317564734338e-01
2.389168736297931361e-01,5.087116600620890383e-02,2.027841013629259892e-02,9.003077601015526676e-01,7.998453487636528747e-01
2.837760286869121448e-02,9.110157727745074596e-02,1.919742508874348191e-02,9.690263735565003422e-01,7.871584253750902871e-01
3.560537727848177014e-01,1.845981883344445865e-02,1.162044289660188467e-02,9.707264859621242969e-01,7.377198432869347400e-01
2.719840272233657874e-01,1.445327590388532368e-01,1.751165949076877518e-02,9.995722698596920530e-01,6.826766860997368624e-01
3.262196404966253849e-01,4.511773252698782211e-02,8.905749589462743504e-03,9.181015444394799996e-01,6.915166587796204301e-01
1.530916403277135240e-01,3.948368660548463166e-02,1.027255438538088143e-02,9.739580325065739785e-01,7.174315049085681073e-01
4.174294524654135197e-01,6.366081717722310573e-02,2.394816187804993390e-02,9.947967424362638145e-01,6.984170273738519175e-01
3.841489610472227922e-01,1.805716141323652768e-01,1.326361145871188946e-02,9.644580336811106047e-01,6.531970858152411630e-01
3.349265202446438106e-01,1.594968630084249994e-01,9.899751885977090340e-03,9.963140560470085116e-01,7.484384012175702150e-01
8.450000566849408257e-02,1.894315659356177739e-01,1.474216493677982937e-02,9.994440985277783795e-01,7.420141856139952363e-01
2.012233105988976700e-01,1.307405068605839993e-01,1.274031759574732400e-02,9.801624401771539263e-01,7.856466054828261658e-01
1.979181552272114494e-02,1.329213806953854493e-01,1.959058074698211485e-02,9.999285908705876080e-01,7.215281060158176274e-01
6.719019209697801864e-02,9.652616888581717902e-02,2.424232212981762211e-02,9.625824459307761316e-01,7.017063442697581976e-01
2.940280009410130568e-01,1.811320783500281195e-01,1.683474848915383557e-02,9.497055692613677325e-01,7.267275774376650288e-01
3.205029648844535672e-01,1.026645527047954781e-01,1.682294373873829962e-02,9.917636254370219007e-01,6.792042486343760066e-01
4.160616752142761166e-01,7.165695408820990653e-02,1.229667717446966159e-02,9.830955841433984821e-01,7.438310527737179711e-01
1.407790786412671802e-01,1.284346269736153789e-01,1.629261863950590833e-02,9.110112073343735739e-01,7.655049324185242421e-01
1.599272138889587525e-01,1.096817591867917385e-01,1.138657732774276538e-02,9.302722646798765593e-01,6.730192570063538993e-01
2.024394430373215870e-01,2.567994324666920264e-02,5.021841486246838779e-03,9.260645120429985555e-01,6.977574826452993539e-01
8.228321304715856266e-02,7.915235736857348381e-02,2.232192345756970134e-02,9.855261659377708705e-01,7.801701469049597826e-01
5.673632578891733141e-02,6.335175680780151530e-02,1.358888171043410448e-02,9.233245354306803820e-01,7.258297622950733441e-01
2.050774133509255803e-01,1.695199212272152367e-01,1.484176970107993487e-02,9.304044772474094893e-01,7.297754970016320231e-01
9.834411074282928267e-02,7.638966883764865268e-02,6.670018308518563775e-03,9.518788654295738949e-01,7.583612295580027807e-01
2.883502037187969380e-01,1.644894912951396504e-01,2.174221026810784288e-02,9.076119486713760676e-01,7.366839222831990108e-01
1.885381731962298968e-01,8.903552918628816759e-02,8.406741407551807099e-03,9.961229642637917658e-01,6.604369652110728683e-01
3.582189461088122751e-01,1.509466121256763937e-01,1.321242317568632058e-02,9.491062776535905687e-01,7.705942567794553666e-01
3.014137287589648828e-01,2.792110377372679711e-02,2.180531094127762665e-02,9.190433724029241080e-01,7.884254055872701450e-01
1.350052891528956134e-01,1.850053937120340330e-01,1.415565880427039139e-02,9.270820737823741720e-01,6.579915849486218660e-01
3.580394547985412679e-01,9.663141826898473397e-02,2.362304670932927411e-02,9.798083747087161788e-01,6.681874634686326697e-01
3.462439093661279776e-01,5.269985087963497544e-02,9.186286068413793832e-03,9.634006480178421983e-01,7.552962803311220608e-01
1.672282246039448472e-01,4.905643166659657411e-02,1.930465659909542595e-02,9.464626024223395939e-01,7.406710898771788898e-01
1.246927565860747184e-01,5.375038042641941405e-02,2.455997047123455179e-02,9.331601367388014934e-01,7.073775498457619548e-01
2.937905712052644724e-01,7.397811041067556270e-02,1.599227274440621904e-02,9.900684363008860345e-01,7.308872973410557305e-01
6.095381546839390846e-02,1.437863870024477519e-01,1.884367797287985966e-02,9.772564540292179025e-01,7.555007852001588420e-01
8.676061886182147298e-02,1.899710055372579309e-01,1.286453319202016804e-02,9.718112037349861954e-01,7.256714692821394364e-01
4.158413723181365179e-03,1.341384485946028049e-01,2.002674679450937995e-02,9.446000504617233506e-01,6.710282486953473846e-01
3.385905579484173589e-01,1.098860879178760602e-01,2.317748113047458230e-02,9.981160150759812444e-01,6.634154043699935777e-01
2.862210174779817873e-01,9.027096379540980320e-02,1.906111134101058299e-02,9.710070296786306177e-01,7.158288102782572881e-01
3.035159474306977634e-01,1.658106989404856957e-01,2.371857422761958559e-02,9.423624724986658929e-01,7.884327136773250366e-01
3.359327543084242307e-01,1.700817832867679291e-01,1.677305303984619189e-02,9.960552043731456529e-01,7.336668762062741322e-01
1.978748677059478378e-01,5.931449721213090387e-02,1.654274880901925732e-02,9.895724996531016782e-01,7.037330103526774350e-01
2.449899730637914164e-01,1.907306294820325931e-01,1.109254776218310604e-02,9.739965193544333211e-01,7.863059254281553612e-01
6.097291219676504587e-02,7.962795727807003843e-02,1.919254982327571815e-02,9.766996121620081794e-01,7.082948234268406917e-01
5.013340154693260442e-02,1.602155357691140425e-01,2.263905043512310852e-02,9.423627499693905119e-01,7.263719721401562524e-01
2.877448706081123242e-01,1.933971557383644402e-01,1.792632452257862663e-02,9.507350503630173089e-01,6.674748995943081686e-01
2.031002724354038502e-01,1.410279620702666326e-01,9.660784411971660296e-03,9.191547339036842956e-01,7.606101418279072046e-01
2.434862896804300125e-01,3.314859456378755481e-02,1.588218229443373250e-02,9.595396245533848179e-01,7.550454435715573398e-01
3.291845098314749585e-01,1.176412540796122480e-01,2.011874833902830076e-02,9.369916548359071840e-01,7.691365989288994065e-01
2.732941592802534680e-01,2.463664749602010803e-02,2.378726629745505847e-02,9.347438325570353035e-01,6.987786970141645071e-01
2.384855628822802054e-01,1.580392659339163453e-01,8.131920990411078617e-03,9.948228201138066273e-01,7.154079828599287927e-01
2.408998719597824079e-01,5.698171960090270965e-02,7.549941819331211501e-03,9.164783433183997241e-01,6.752512567290798184e-01
1.313945920688606439e-01,1.393477497889437089e-01,1.325887060465812117e-02,9.829973584093546490e-01,7.946757314144750062e-01
1.422085102964600403e-02,1.821078451519095864e-01,7.512223389252217429e-03,9.281468571008094637e-01,6.629116021111823853e-01
1.883517599806834586e-01,3.702096028336430977e-02,2.460857825010236838e-02,9.028655629020025941e-01,7.473519955512211155e-01
9.305682463957802575e-02,7.917870988163218382e-02,1.348608734565118206e-02,9.040463079828827686e-01,7.557886091847779708e-01
1.762587881578689120e-01,1.297766388266397009e-01,1.567221038135809680e-02,9.429177492585871789e-01,6.736604710476469249e-01
3.671099184320432696e-01,8.451205996909072482e-02,9.541755625855425499e-03,9.454460906148474120e-01,7.047984808745735297e-01
1.013600394362311752e-01,3.578896938331833227e-02,1.398252247073858423e-02,9.320251128444348998e-01,6.564689850143725636e-01
2.601187618460932063e-02,6.785251219590603469e-03,2.469387869722439871e-02,9.668779605564365998e-01,7.334912386379961458e-01
1.217136896774365096e-01,8.191303059669062525e-02,1.477374302733939007e-02,9.485342778492750204e-01,7.992407214235436319e-01
1.269517220819072756e-01,1.301925962898021483e-01,5.176478516089723890e-03,9.074113066331157551e-01,7.144827435233238599e-01
2.849621848178379713e-01,1.152228574223452401e-01,9.850550605012612509e-03,9.348071194913275539e-01,7.985012330559404514e-01
2.399667933544084031e-01,3.209200671236784458e-02,2.456909660957008398e-02,9.101962733849904286e-01,6.689338135713444045e-01
3.372923317066514048e-01,9.068799532960994392e-02,2.478135026821465248e-02,9.062915693890242208e-01,7.088681514901693514e-01
2.859905088004492391e-01,7.452473819006931455e-02,9.209861795434114151e-03,9.208306624997442125e-01,7.852947455072708527e-01
1.753399635577902460e-01,5.556627805638657963e-02,1.730528175687707018e-02,9.700575461161566881e-01,7.815043222486208752e-01
3.502147450217288904e-01,1.461249775282174590e-01,6.538166610108289180e-03,9.696001645725728091e-01,6.985387366804676201e-01
7.263138264040497338e-02,6.262075397540968480e-02,1.654883284889258413e-02,9.861389127103561414e-01,7.517915875652497748e-01
1.074347937442614309e-02,1.084882485142728142e-01,7.518414029728748282e-03,9.756419292490405848e-01,7.829240257336687048e-01
3.963053227275031148e-02,1.847214835186536952e-01,2.137323047285315941e-02,9.535495687261146269e-01,7.650316199229841851e-01
3.108921614058771654e-01,1.083159204684629034e-01,2.379149975204488884e-02,9.312612088009261102e-01,7.442714295399376345e-01
1.991453317778451859e-01,1.237875591219515931e-01,8.459736160989652851e-03,9.005811495167750369e-01,6.728863421840034498e-01
7.018559320541516156e-02,1.557595124734273070e-02,1.425424337189647866e-02,9.647137481287794136e-01,6.609504038855845698e-01
2.159482085193429601e-01,3.644869460460552907e-02,7.040859969492683189e-03,9.289713187614847545e-01,7.421933269724841908e-01
6.634189206394924820e-02,2.108928866032458091e-02,1.178280014145949989e-02,9.250100101727918300e-01,7.250413498533662127e-01
2.997214409083487352e-01,1.531977767228122067e-01,6.301955095210530142e-03,9.974825540774205912e-01,6.857054989597226591e-01
1.924010422212591720e-01,1.673482951024516385e-01,1.029093056034854209e-02,9.174240192406251104e-01,6.939154692438537220e-01
1.644581059953909852e-01,3.810460334572095265e-02,2.480447334178603053e-02,9.032434739849397598e-01,7.088130765802115318e-01
1.303486862444390160e-01,4.463507843369511618e-02,5.892065346428037448e-03,9.949390395192116987e-01,7.243281278183758554e-01
2.713912324480031169e-01,6.531825060906379377e-02,2.217936659237341318e-02,9.306006722056434644e-01,7.085388453632619488e-01
1.562176099274044938e-01,1.186244457738132585e-01,6.549051555082096784e-03,9.393420050620651107e-01,7.080937508128950508e-01
3.860181538660732714e-02,1.247374425662038794e-01,1.557993862234720306e-02,9.080934903943421732e-01,6.673599216967029957e-01
5.162453200970106709e-02,1.376640377497500567e-01,1.404239584854691247e-02,9.404065214453320998e-01,7.798385627383015439e-01
4.136540980917417509e-01,1.811333584864790736e-01,2.363109320041290040e-02,9.972221290768550350e-01,7.413731122667142071e-01
3.907811163135634369e-01,5.971298795881109511e-02,8.980997245701791490e-03,9.694019717838076033e-01,6.719153276903018224e-01
3.011743604048115475e-01,1.320930388521483756e-01,8.593640307592702657e-03,9.473824844833199643e-01,7.135811604316903978e-01
1.150582134661339018e-01,1.123848463097607414e-01,1.997428177135664520e-02,9.307471646012352995e-01,7.125073868044318193e-01
4.167766658821735470e-01,6.186161084210085870e-02,1.951438946200707847e-02,9.366043959281041831e-01,7.400931317733684400e-01
3.350841378013258987e-01,1.815756221321410124e-01,1.898363540985597425e-02,9.611228149960198142e-01,7.413304426773997813e-01
3.085458911492091061e-01,2.000119897988428611e-02,5.522542323447614254e-03,9.254450062605309446e-01,7.467833205469643909e-01
1.937760844196853294e-01,1.426882043395782396e-01,1.019919373449817285e-02,9.151947525495199853e-01,7.546854586015712130e-01
1.177916300315732245e-01,1.458468688914978106e-01,2.179790355708598887e-02,9.696228673943647625e-01,6.655031069193524385e-01
4.235172276385119894e-02,1.831499790103023606e-01,1.701716242913545174e-02,9.869469777118848874e-01,6.957383300859217856e-01
3.882164281173080544e-01,1.041975378779193689e-01,1.704389841464363370e-02,9.901538908420813856e-01,6.526021728759008322e-01
1.965280283386191540e-01,6.500284530562994156e-02,1.091833210809623270e-02,9.841418531878010079e-01,7.181962268120574144e-01
8.781388349715379960e-02,1.657203933021440811e-01,1.020346177113895872e-02,9.530599681699919445e-01,7.144145116745431734e-01
1.322553917606299201e-01,1.543912460846461332e-01,2.393109776036509567e-02,9.788830969004084226e-01,7.601490395269218103e-01
2.494851950760733628e-01,1.005628072694746133e-01,1.955510557706424332e-02,9.926355731767386725e-01,6.750675419911792430e-01
7.683552388093040086e-02,1.538036177511284130e-01,7.537322356036751242e-03,9.023362589607134554e-01,7.447241685688266166e-01
3.684875278756291062e-01,5.430724481337489973e-02,2.375413884287527755e-02,9.412098217708192438e-01,6.960041296895228546e-01
3.264048782993051456e-01,1.183117597502901241e-01,1.664740303636109628e-02,9.204125479570195445e-01,7.072874712214548554e-01
3.096496081029518899e-01,1.731715075027872308e-01,1.166724733914176193e-02,9.996768785424523518e-01,7.578930293557181175e-01
1.863679140635194909e-01,6.427891641868599404e-02,1.294278892799196820e-02,9.929566009633173929e-01,6.607322072860363216e-01
2.701154926613481000e-01,9.722644650371790875e-02,1.950809020705236360e-02,9.802185951075986781e-01,7.014174333396744343e-01
2.515780286635635465e-01,1.902579259804050016e-01,1.252545303372167192e-02,9.295879805126165962e-01,7.086984845209478578e-01
2.797841920670177673e-01,1.598441565523756047e-01,1.657489598237214118e-02,9.952102264545130694e-01,7.573623967777503019e-01
3.722661376901242186e-02,1.775207650457799879e-01,1.920998993296809884e-02,9.029250440062144278e-01,6.798836622606051483e-01
1.793813755311915170e-01,7.766416511719882732e-02,8.907499946119289830e-03,9.188039706517575622e-01,7.921119490535695196e-01
1.885248058675187410e-02,1.993045466672772048e-01,2.388482972485098804e-02,9.616873754230926830e-01,7.996642929191237759e-01
2.129220614558986202e-01,3.136055533207877943e-02,1.212345542870819567e-02,9.793006712058308638e-01,7.728365211230083798e-01
1.425104600907649011e-01,1.042353460600454890e-01,1.338749514153828729e-02,9.883630853115570325e-01,6.949568752195292021e-01
6.300087702353411589e-02,9.637540307695363628e-02,1.897028735735641417e-02,9.300508610701259116e-01,7.495799981109282362e-01
4.535987315297465572e-02,1.598880059692267819e-01,1.717570178775528270e-02,9.390804601069568935e-01,6.624722047546899306e-01
2.530995214642384750e-01,1.818149367304874031e-01,1.380239673878358442e-02,9.454827401953747046e-01,7.806918973559766606e-01
7.418438350232413325e-02,1.464967360047038925e-01,1.799484080601582853e-02,9.026973818533915450e-01,7.273989306890410456e-01
3.978765307836459875e-01,1.257364309899302590e-01,2.305656615144089164e-02,9.863969253052101704e-01,6.764658749479678379e-01
2.502752289314694178e-01,8.605840897885225216e-02,2.100567233290837402e-02,9.337948415386181367e-01,6.991124839342554020e-01
1.498071461454451025e-01,1.025548574980710975e-01,2.148518019909547230e-02,9.199278453755365126e-01,7.701114116731963000e-01
2.545027458455277891e-01,1.023507623317395504e-01,1.016816817134625836e-02,9.409197063099953295e-01,7.805340151140569560e-01
1.078286067174022769e-02,5.053326263191154979e-03,1.338806698595275055e-02,9.710563374899024991e-01,7.279570080401636112e-01
4.122219024805800491e-01,1.011061151607078601e-01,1.607638283308118407e-02,9.870915579393810813e-01,7.220467250466009457e-01
2.079081744485042071e-01,1.713381892346508562e-01,5.883816383229658990e-03,9.215376466215622342e-01,7.626102119829889503e-01
3.367934124903727566e-01,1.421455282173073875e-01,2.039584360754649259e-02,9.172612967035396192e-01,7.739284433777833261e-01
3.649116996672614743e-02,1.593460158028759677e-01,1.146926848830177870e-02,9.943782967820342655e-01,7.647270218593731350e-01
2.097764239295707989e-01,7.870651296393567364e-02,1.065192156082028600e-02,9.550893019163567699e-01,7.076642075351311512e-01
2.115133005780894804e-01,1.062656741456786541e-01,1.018584018712292809e-02,9.365772018991923575e-01,7.462888642413979534e-01
4.033275491842676086e-01,7.663230230422994962e-03,1.066758530840128741e-02,9.199319455064123296e-01,7.786039862406392009e-01
2.462713344693363282e-01,7.721659049169937727e-02,1.176029664315664594e-02,9.995247822198438659e-01,6.727640951071129916e-01
2.041269530534331744e-01,9.540879293363616065e-02,1.709649116152318557e-02,9.719184287091551244e-01,7.082205027672444642e-01
1.155325594664223382e-01,5.178657102021725495e-02,1.667130643800126405e-02,9.217885308177165005e-01,6.584928325812897665e-01
1.432430998599548977e-01,7.216954819139313054e-03,1.011423507203750710e-02,9.091259444827153313e-01,7.113315928531099841e-01
2.243684606602897036e-01,1.383912136470114851e-01,9.128485531464149150e-03,9.199282343968245845e-01,7.658423125877973359e-01
1.892930164708650220e-01,8.758246241891980144e-02,2.152716380142713840e-02,9.247742603907578296e-01,6.795542665138381011e-01
1.027158226866175389e-02,8.371996042933460558e-02,6.854466753527330841e-03,9.111085649261603248e-01,7.312830726686575522e-01
3.554792354793794851e-01,5.074736405167327297e-02,1.525645682401854941e-02,9.229651370713737313e-01,6.554878600132740818e-01
3.854529711192599128e-01,1.080282494006054028e-01,1.541121748378552342e-02,9.116779704932931327e-01,7.846474986097488058e-01
6.116685918040402209e-02,8.816732947287556077e-02,1.648273613623243289e-02,9.377731700886562383e-01,7.730007042350677260e-01
2.386815055782521844e-01,9.532291013278910985e-02,2.271300231814271653e-02,9.486195259169841743e-01,7.286613787680599197e-01
4.757899294710528360e-02,1.165933983388400264e-01,1.747827880189535207e-02,9.455284972580918490e-01,7.558680493957925517e-01
2.893909999140792388e-01,2.258604800707336366e-03,2.447267532496046755e-02,9.829210068349064633e-01,6.655874247303288360e-01
1.216492932669345634e-01,1.816314848041460928e-01,2.242706166697455011e-02,9.253995386334711304e-01,7.767814244596056295e-01
2.838923102828258549e-01,1.514639199207117037e-02,9.294805189744230478e-03,9.887093823888346567e-01,7.572892296607657281e-01
3.128806895290726087e-01,9.073402471588291884e-02,9.823666204506023222e-03,9.908122818528801723e-01,6.679951095087620638e-01
3.307497740326748592e-01,4.226720217263690155e-02,1.189548271830341217e-02,9.959799712003644112e-01,7.971033927678166098e-01
4.722086581507962261e-02,1.052326915046051942e-01,1.283028830160262701e-02,9.180983233884885131e-01,6.533795666309670791e-01
3.939690815640337629e-01,5.676579165063043442e-02,1.605990240615391001e-02,9.245751146235371420e-01,7.442766293889160334e-01
9.976180209390386744e-02,1.721412931144581937e-01,9.650252657926777083e-03,9.623832277357406983e-01,6.757632495111225435e-01
1.704998659958112395e-02,7.987560695852163883e-02,9.446903622275314161e-03,9.140891633205089351e-01,7.578886473829304915e-01
2.390317093689463546e-01,1.281123555979190309e-01,1.262779914736159199e-02,9.085621330336424162e-01,6.605609380953169074e-01
1.601256597769862289e-01,5.052706590142791443e-02,1.844046226425503920e-02,9.073697212031447412e-01,6.621651324264674621e-01
3.569797998038052311e-01,4.861823948309484250e-03,1.876251226192376595e-02,9.606149634666248938e-01,7.199437610844698909e-01
3.477398815155854916e-01,8.142675258704194785e-02,2.452233480080579300e-02,9.804678142009985997e-01,7.991014198102870392e-01
1.370525850209448893e-01,1.077608114220997421e-01,9.048308678436280811e-03,9.258885662659188664e-01,6.914774359655977420e-01
4.097938404849205685e-01,9.244988310108831486e-02,1.285718303713961549e-02,9.933533887125788331e-01,7.418792241134783971e-01
1.258037525621108765e-01,1.924408583999531464e-01,2.429354995878121176e-02,9.791935507899051094e-01,7.277898611561353093e-01
2.219595084404055452e-01,1.416609955953596622e-01,1.880017485331104271e-02,9.077460405365070928e-01,7.763179414475656070e-01
1.108090238535015815e-01,1.991382903244536540e-01,1.684557049644038254e-02,9.407303128524815428e-01,6.932884411557740378e-01
4.025626915510052695e-01,5.971695797248042364e-02,1.579292102802693984e-02,9.068014866034258548e-01,7.332416571067229549e-01
7.161675374268577920e-02,1.580216026418221620e-01,6.510207602725130716e-03,9.915194157793494334e-01,7.925935272657771424e-01
2.026665571930913456e-02,1.115561350417761666e-01,2.286747617631820773e-02,9.742802144472645365e-01,6.998878712504086330e-01
1.876566387413032833e-01,1.227403105352513901e-01,1.751010430830215320e-02,9.686545130354716759e-01,7.159108371965271500e-01
4.267291169799540818e-01,1.971847868880232391e-01,1.643334815856068234e-02,9.682701846614198971e-01,7.833219971755507327e-01
3.835295472233580805e-01,1.311434527504722891e-01,1.579000686643685161e-02,9.285182501895743457e-01,6.998748285851686957e-01
3.221528403470312329e-01,1.798645615750466553e-01,1.283828414642223387e-02,9.933539155200709070e-01,7.071010646950723899e-01
3.831499785868871522e-01,1.454242967091301797e-01,1.009329382721785642e-02,9.922776658220394674e-01,6.956178213316547287e-01
3.842886084303833161e-01,2.634983822322526509e-02,2.010643970668968619e-02,9.739488809374230449e-01,7.714297062987609532e-01
2.235902366057866408e-01,1.401853183541401926e-01,1.519135035523324143e-02,9.468930207071792893e-01,7.895580455656669994e-01
1.365335632354101880e-01,9.737880214841092286e-02,5.678790645784406385e-03,9.047115730790715737e-01,7.446648321000358672e-01
3.321933333756138529e-01,1.838408006034861486e-01,1.298188999544326594e-02,9.028311350137036007e-01,7.435445196889478581e-01
2.848526818989695064e-01,1.615600549909005923e-01,2.357207276445665370e-02,9.138134332923868453e-01,7.085005429569762869e-01
1.612991656868216217e-01,2.172280283383782110e-02,1.247789123081725730e-02,9.595764693693057401e-01,6.518725624357245563e-01
4.152620059839005201e-02,2.764921308705813388e-02,1.326466015851147581e-02,9.798099379204694426e-01,6.760906398235360104e-01
3.213727432687321639e-01,1.485258935792251045e-02,1.747922246110071229e-02,9.948465760273619285e-01,6.721157531885352254e-01
1.135955613309089507e-01,9.915573007417886886e-02,2.103349607631764887e-02,9.175362079276146998e-01,6.673823004219555655e-01
4.028928415789913009e-01,1.707358008226325316e-02,1.836922235409424453e-02,9.275527880796158309e-01,7.481070974080092917e-01
1.043763766774387508e-01,1.450119889783641203e-01,2.200109462245893044e-02,9.054100287054415164e-01,6.704523428560696940e-01
5.366315300452750847e-02,1.109193577086361182e-01,7.279411740813966115e-03,9.989047166880880013e-01,6.628450928805078579e-01
3.575473363415847539e-01,1.673411184930753415e-01,2.349185106637297765e-02,9.780915079211073282e-01,7.073872259842787225e-01
6.675897183190794559e-02,5.667936194559194257e-02,2.307843864822772123e-02,9.480714129190027650e-01,6.873533994451848095e-01
7.790610419967006206e-02,1.043090160480670131e-01,1.538297173171175591e-02,9.575565355302445569e-01,6.718790818453823643e-01
2.581352175624418432e-01,2.437845749619833163e-02,1.749484475574402190e-02,9.562174411333091983e-01,6.719191813337852537e-01
3.761871155192722527e-01,1.770373905274058302e-01,9.256261004028034853e-03,9.254360753143150431e-01,6.884308560174149383e-01
8.527047159155191902e-02,3.582598749567782875e-02,1.395894875962777962e-02,9.185390694293419367e-01,7.305274645064062655e-01
1.341288556741406512e-01,2.137008801873059582e-02,9.054067218396247979e-03,9.296975716622132291e-01,7.637143400136877647e-01
3.345066756054651536e-01,4.180506910611347937e-02,5.439533578820390791e-03,9.247153549796149896e-01,7.779164964878209076e-01
4.179135367801549705e-01,1.614400662558733157e-01,2.461806136254105284e-02,9.557528089864361087e-01,7.627126774608276039e-01
2.158179688808048446e-01,2.205709100925187793e-02,1.018293031420410173e-02,9.308202805839856930e-01,7.442319889556257007e-01
6.273202859448658020e-02,1.232710714727950352e-01,1.686216617795670628e-02,9.728944791615676824e-01,7.861436866279225555e-01
6.978667426818462548e-03,1.494900788224100274e-01,1.100500767075726118e-02,9.567939732857035917e-01,7.279605204101375904e-01
9.952243686950890122e-02,1.504651509360913630e-01,1.241243240420869878e-02,9.532263765414047407e-01,7.450035261280537613e-01
5.755173143041752287e-02,3.882211643501810167e-02,1.295523117164549751e-02,9.951293767089246511e-01,7.117430825497802482e-01
2.917155709799158503e-01,1.326317567714479020e-02,1.170093462649515401e-02,9.322409535380321577e-01,6.991076301321119679e-01
5.326614448563984916e-02,9.031247037067130501e-02,1.774799518679871443e-02,9.635269863239928068e-01,6.997567669191880890e-01
2.182155406652515617e-01,4.129458370366467790e-02,2.421872540977212246e-02,9.000050627027428307e-01,6.722475922568439399e-01
2.988385848907982867e-01,1.401548909937736787e-01,1.357269300012466096e-02,9.736923647277269112e-01,7.694896476010777420e-01
2.502990253557670908e-01,7.198186713142878945e-02,2.446653448108530512e-02,9.502543929016761259e-01,6.583052126500316126e-01
8.670375456216471155e-02,9.042143426559329233e-02,1.835594474689566241e-02,9.208384957284460048e-01,7.512027865646779823e-01
3.459694217321906962e-01,2.358350168724065304e-02,1.714272390042018146e-02,9.001510556428616860e-01,7.796690289255554518e-01
3.079096586051788820e-01,1.139425070230901671e-01,9.742077035978461558e-03,9.706943964003753589e-01,7.246142520478051630e-01
3.180241376797673936e-01,3.791931373674956030e-02,6.258414117987616543e-03,9.662700703550574088e-01,6.605301172762325645e-01
5.722377541808738172e-02,1.361181465220724918e-01,2.203869540583657666e-02,9.665407116479567406e-01,7.142626192455336920e-01
5.409038176599783448e-02,1.516259568703084634e-02,1.647962127888537992e-02,9.437454823120461356e-01,7.014839904323525444e-01
3.989243343817917564e-01,1.952030238639833604e-01,1.328827724849763678e-02,9.639297325769948799e-01,7.978308978949146812e-01
1.715610451508995382e-01,1.372208687385765291e-01,2.123934644176966868e-02,9.571334790106060808e-01,7.536897802428417226e-01
1.301069887740231579e-01,3.716418399457330907e-02,1.121160765154637605e-02,9.238895044611268315e-01,7.582039707243379834e-01
2.106025554558078050e-01,3.804834446909302961e-03,2.067234511928974644e-02,9.518768041468428365e-01,7.273740378443347421e-01
2.853687472755768728e-01,6.755811554883853209e-02,1.155927670811594116e-02,9.514592794618895732e-01,7.564121381663144739e-01
4.109623772731501035e-01,3.140983954638927600e-02,2.341762372808327275e-02,9.823622888233374262e-01,7.583856465083252951e-01
1.238854313324015965e-01,4.446385529078965282e-02,1.035933748913605082e-02,9.433489022670735746e-01,6.599538321119157169e-01
3.977428161748596258e-01,1.746773014291400083e-01,7.751082351491423057e-03,9.436085435766277119e-01,6.833909786715905987e-01
1.166472180470395914e-02,1.210377273501190565e-01,1.896193416698823894e-02,9.984404471274815895e-01,6.519451333143329030e-01
2.391799601582077772e-01,3.611507295275100116e-02,8.256945061295414834e-03,9.894463872858932918e-01,7.264711108892858427e-01
2.729753229111855362e-01,1.117752207368023221e-01,2.398726100577971282e-02,9.242285990043741517e-01,7.813699782254039938e-01
4.642998620907316104e-02,5.190035003157365823e-02,1.811110224777731995e-02,9.910293094668667369e-01,7.414331802042992692e-01
6.120568714041851877e-02,1.952639720072597562e-01,9.617213225690519549e-03,9.137966656346032668e-01,7.250311291711564188e-01
1.808000429866943315e-01,7.518688822475356852e-03,9.176378685708575650e-03,9.853391058740000874e-01,7.888948771415960071e-01
4.155134903094249710e-01,1.467313660113951923e-01,2.347750078240843155e-02,9.183323376730017085e-01,6.758327766532631342e-01
2.567022553375459260e-01,1.548264082120940355e-01,1.715715825699781760e-02,9.425603348898363709e-01,6.611906462236528670e-01
4.012669620664905956e-01,1.436539002758235525e-02,2.287472013344833688e-02,9.983921631268339869e-01,7.875958604614576863e-01
3.460708327979644672e-01,3.520200348203896684e-02,7.204504096916504799e-03,9.097048936552230014e-01,7.854172632378220165e-01
2.015067070672200700e-01,7.747702516168755715e-02,2.350784391158352443e-02,9.839787819968005556e-01,7.524458729319424277e-01
3.376635197291883994e-01,1.737628104792845185e-01,1.540098623988176568e-02,9.494733949527659478e-01,6.868968743144078237e-01
8.651980326127739485e-03,1.078629877452813718e-01,1.836843832662701098e-02,9.110991365775110706e-01,7.954646037056556374e-01
4.782277461250029199e-02,1.314060631514508137e-01,1.245750943082561332e-02,9.952491379105002922e-01,7.648019527705740561e-01
3.568248757846939068e-01,1.568195542559116806e-01,6.182806440116523847e-03,9.549231368139226017e-01,7.510841875377004540e-01
3.428345308914944045e-01,1.657964348791664821e-01,2.415944882683658534e-02,9.880641021924335687e-01,6.834366986023171497e-01
1.008028783036000603e-01,9.578062407365253716e-02,2.489196658216964037e-02,9.869106941986750536e-01,7.269633757449673883e-01
2.287001543669939518e-01,1.022498346159227828e-01,1.229093697520886042e-02,9.014634582940698193e-01,7.733864361945500532e-01
2.609807870803046992e-01,1.438831655604681237e-01,2.387735859503959529e-02,9.264840703565836444e-01,7.790390337098429541e-01
3.732600111699088119e-01,5.340512938838965634e-02,8.354525819231285039e-03,9.336921579613152167e-01,7.342145173701902783e-01
2.597329704983132870e-01,1.710434575367393573e-01,8.093688993171510235e-03,9.534864045541505684e-01,7.284190765578896221e-01
1.779932032184088631e-01,5.136578070692472860e-03,6.462236800183429608e-03,9.071866009841080825e-01,7.546525742461460684e-01
1.615249546216813714e-01,3.995854883973521537e-02,1.282538815168301344e-02,9.388966898329690336e-01,7.292373266468710202e-01
1.837034150542357358e-01,1.602397886642641378e-01,6.046045003631983494e-03,9.814638123623096178e-01,7.126521557098491888e-01
2.806784099738089400e-01,6.871138416664178405e-02,1.289314379225793561e-02,9.173191115007266472e-01,6.628128517136583353e-01
3.731534810217473908e-01,3.081673370576889018e-02,7.767808572993363872e-03,9.701276474576382425e-01,6.689074513573370906e-01
1.957217624107325804e-01,3.816419638656926017e-02,1.961055591145914601e-02,9.460329409387273625e-01,7.640413202301001849e-01
1.073231725061326303e-01,1.066205239852778403e-01,2.166725298672816241e-02,9.070705118896484898e-01,6.536996096936402711e-01
1.025281537259623149e-01,1.693901243396525869e-01,1.875630855592575960e-02,9.177374065628954858e-01,6.578457538696412810e-01
3.210401262244385046e-01,1.505949243845100885e-02,9.009883048723117335e-03,9.141030731733854608e-01,7.856965367129626898e-01
3.513079995088575491e-01,7.065700915805231408e-03,2.033696385815911278e-02,9.619717846318753818e-01,7.555995670182027446e-01
4.616429625741960696e-02,9.356845903153178379e-02,9.990003940665499391e-03,9.087324398882822285e-01,6.506319082871219184e-01
2.955374963377143185e-02,1.912812955956733063e-01,2.018977193937054881e-02,9.823046780777493492e-01,6.968065061532309201e-01
2.560120417515178159e-01,5.652295087941115737e-02,1.634795149792781649e-02,9.806659130936896673e-01,7.644977690893317579e-01
6.370832175866755764e-02,1.918749372743426274e-01,1.233425032582419548e-02,9.080061997120782991e-01,7.126401199965883837e-01
3.547809377057704050e-01,1.776485541414102864e-01,6.669847560321153640e-03,9.888197197730183019e-01,7.203196734287167224e-01
1.341335751134279386e-01,5.734388020111471501e-02,2.155019019614051734e-02,9.959160825676198758e-01,7.188198591569083806e-01
6.272105924462019477e-02,1.635726647869732153e-01,2.379305841596450824e-02,9.043468098181245418e-01,6.803201604888561294e-01
3.960963326971161380e-01,1.374875932111949417e-01,1.831835560001274926e-02,9.950329568136832004e-01,7.582087156847391318e-01
7.201310905343433211e-02,1.028526553920466879e-01,2.429083133386877869e-02,9.279462169389686155e-01,6.654509495782054973e-01
1.231449153229743493e-01,8.516031246553207312e-02,2.368222838085982246e-02,9.664761940803190399e-01,7.260876658320006838e-01
6.690014653739315142e-02,1.632850484291659132e-01,8.892168016075072470e-03,9.174815746236967273e-01,6.754933741189043106e-01
5.054523731243728418e-02,1.588228071063092217e-01,1.962424697196427092e-02,9.817455849604602713e-01,6.569799214365734663e-01
1.007249900833277409e-02,1.516303308525692728e-01,1.198609638875389183e-02,9.841913341560424300e-01,6.714865826670752824e-01
2.476463053146758797e-02,1.996529342918438865e-01,1.475034721131252002e-02,9.978341405196495817e-01,7.804002404467612619e-01
7.592119103148080306e-02,9.622397972733540139e-02,8.139308622976914459e-03,9.992533462170832825e-01,6.764221497170691544e-01
2.390084909705824170e-02,1.615776725861632623e-01,2.449558856115304981e-02,9.075857707776028294e-01,6.917553813518526606e-01
2.546006971116066553e-01,1.726331950297122220e-01,1.952274766152816907e-02,9.657963601278074517e-01,6.707142182330609881e-01
2.930265319969882487e-01,4.310891370928310318e-02,1.033816619261936250e-02,9.273046177152292069e-01,7.603317652486638600e-01
1.698674659809401022e-01,9.371221968559134696e-03,1.242943380336066980e-02,9.125577785631144856e-01,7.168173750884752060e-01
1.374181805924291899e-01,8.154493203552735936e-02,1.344965853657568988e-02,9.148795418715097716e-01,7.915452557967607161e-01
2.174417556825367082e-01,1.714906002029184251e-01,1.995067448287680609e-02,9.936437238928405025e-01,7.496486873371853710e-01
3.763771202186470544e-01,5.853155295770753885e-02,2.351394533539169149e-02,9.683649238345345411e-01,7.297083830730157761e-01
3.661354679067263529e-01,1.403020206594174091e-01,1.142880265969143175e-02,9.050460950969041463e-01,7.484946397442252541e-01
1.965080160348774488e-02,2.462279673788273816e-03,1.445000176560839317e-02,9.984230078146092424e-01,6.560638074814496568e-01
7.886281771690882569e-02,7.171752203172730711e-02,1.686415145669402371e-02,9.807812236360714531e-01,7.925990390193036195e-01
1.025635497037858945e-01,1.234878222568720901e-01,1.286687984800631221e-02,9.309179305650725489e-01,7.934644415625872194e-01
1.079872700320188700e-01,2.682168082439504234e-02,1.508362646731370438e-02,9.470866693605700659e-01,6.914209802833294338e-01
2.460588075976495037e-01,1.794247755173393744e-01,7.114152580402040120e-03,9.726575979202042310e-01,7.442443224114700939e-01
1.795765806266694797e-01,3.209852144629877363e-02,8.353487754403320781e-03,9.676032085839446628e-01,6.802872866209812575e-01
2.213001744893781930e-02,1.820489154557949629e-01,1.302202514440289893e-02,9.463080898814235642e-01,7.321207691900688541e-01
1.612804653991562198e-01,4.406147242791196711e-02,2.329878023541104987e-02,9.512389900699067535e-01,7.656183858686590460e-01
2.256900149998663785e-01,1.988614561092523214e-01,1.198716091489267221e-02,9.043207680416432970e-01,7.909732587208089249e-01
4.461724634569415315e-02,1.213449939458225851e-01,9.995856172100272413e-03,9.500633244486949014e-01,7.008825384898508259e-01
3.585537195752920847e-01,1.778463399322394514e-02,1.985724441698551862e-02,9.340246891724036660e-01,7.540257894564142971e-01
2.329164071352972723e-02,1.399016966125331274e-02,2.398260332153218793e-02,9.285051200474956357e-01,7.574640671520769253e-01
3.977571618087486494e-01,1.590941755563428373e-02,1.418247234127095052e-02,9.269622424768185764e-01,6.831723201747111895e-01
4.351953773776658790e-02,1.183886567108994314e-01,5.172099111343662035e-03,9.648946897356448504e-01,7.443548197240088538e-01
3.628936542354359029e-01,1.621062612631496702e-01,1.876298662951236124e-02,9.429257620721318567e-01,7.483131933781664857e-01
3.882381987449477490e-01,8.118958561233063920e-02,1.330121603232289895e-02,9.425802408427924606e-01,7.646114159519051823e-01
4.212358219716482721e-01,8.952231609709050686e-02,1.847291073232430400e-02,9.159186991351478957e-01,7.999920886181800528e-01
3.450691026373716164e-01,1.182682530292609863e-01,1.055433031658407211e-02,9.961863568243617406e-01,6.560348554139721067e-01
3.353958649909000722e-01,1.070750803524847944e-01,5.048162876339248699e-03,9.223926202450551948e-01,6.803457565516337624e-01
2.766253254020899499e-01,1.379242848871527760e-01,1.188992437491207671e-02,9.406109206600784534e-01,6.717617647879611242e-01
3.351894361140173584e-01,9.488535831244229724e-02,1.909584685225883260e-02,9.190204764179739083e-01,6.731651078631053498e-01
5.872289740924009627e-02,1.430582763277494507e-01,1.286226566018378384e-02,9.703142852389148310e-01,7.181372990932948230e-01
2.309731874215363856e-01,1.994648377667802008e-01,9.383482793064518851e-03,9.436128746460854533e-01,7.817804834919406254e-01
2.216016113116877906e-01,7.070927060750421822e-02,1.428013728268203233e-02,9.413649939018101653e-01,7.173084903601633089e-01
3.688984498285771685e-01,3.430877120154810292e-03,2.004697046596770962e-02,9.875094885389067434e-01,7.502720596751619730e-01
1.995409278396182984e-01,2.599938406477930036e-02,7.388661735846120508e-03,9.759479849793453177e-01,7.064748713795329094e-01
1.662033938270516542e-01,1.111493228124038196e-01,1.883504067293295670e-02,9.519875052889180678e-01,6.979494972966673316e-01
2.753726433607202040e-01,6.950729964178575804e-02,1.834688047607894654e-02,9.468590404041137276e-01,7.751352777243563086e-01
1.153127632078629616e-01,1.880565361472935071e-01,1.241475759370142679e-02,9.959901397797055189e-01,7.483321265177629300e-01
6.096064829924749406e-02,1.258617719313692151e-01,2.440672382758989067e-02,9.956462164691236572e-01,7.026342932123804674e-01
2.060093505561869376e-01,1.045506820071281234e-01,2.289410598960702967e-02,9.704770867909887633e-01,7.871240391870747422e-01
1.798455391272056614e-01,1.598098607531317217e-01,1.132322961604139734e-02,9.760147926486433256e-01,7.247767347676467020e-01
1.007725044868868214e-01,5.245938433876994045e-02,5.621821867876861459e-03,9.899092908153815928e-01,6.782412120948932976e-01
1.586625665393899265e-01,1.641279695161896035e-01,1.116609613490153301e-02,9.964308755870737722e-01,7.224832793701522204e-01
1.581823609754601512e-01,1.609159867954496233e-03,9.094438850820864978e-03,9.082274766270823640e-01,7.512049156900213465e-01
1.414955971329819873e-01,1.243157950650078253e-01,1.594503828095185718e-02,9.997338832470581416e-01,7.050668883884243510e-01
1.637900902028525396e-01,1.870166730581100112e-01,2.337488842364309274e-02,9.703022214969398984e-01,7.765677104413090115e-01
2.951838952006005656e-01,1.577841304547401569e-01,2.240675020075042975e-02,9.592744854191628257e-01,7.299715970909151919e-01
1.283600075910814042e-01,1.708732042373245219e-01,1.111658311329653467e-02,9.413167125326897811e-01,7.201647169901699286e-01
4.080600505608810158e-01,7.999398433912860429e-02,1.357195067111274106e-02,9.336389893686037889e-01,7.788067134895577670e-01
3.941133003818783065e-01,1.650235502739251237e-01,5.730843981591329274e-03,9.804210208523977954e-01,7.194376709699229488e-01
2.073105737407336946e-01,1.106155013410230620e-01,1.588327015298298880e-02,9.654435056546613048e-01,7.121615212776225556e-01
1.418669569470114855e-01,1.240895070641365866e-01,6.267359601014576773e-03,9.200705168821494695e-01,6.655574593000244121e-01
2.307015248370713478e-01,1.272415252782489736e-02,2.377212332458199587e-02,9.609911037134005740e-01,7.043737818285448204e-01
3.650324496838849297e-01,4.110878773770403755e-02,2.233867669704544742e-02,9.141166101721465154e-01,7.095572450844622736e-01
2.809599691002837574e-01,1.106419186871969718e-01,9.283752528750060379e-03,9.496874826506128686e-01,6.770933478836734798e-01
3.460840941892961986e-01,1.270141050687603398e-02,1.898737359724090787e-02,9.583457637834648102e-01,7.381734802569751563e-01
2.295378564322025361e-01,1.485479145109549481e-01,1.636040764866666247e-02,9.635684070744032770e-01,6.715763105825521828e-01
2.725216629558093184e-01,1.681713446958584268e-01,2.102715425032366039e-02,9.145262189723435409e-01,6.835534682905837212e-01
1.246187584842760737e-01,1.841521098976661719e-01,1.451304213503040036e-02,9.095598528650770120e-01,7.341637978587711721e-01
3.162691666311147620e-01,2.125192337678138282e-02,8.835439413315559348e-03,9.258708165975357840e-01,6.903475347087105751e-01
8.783157045093316351e-02,1.880043293565372142e-01,1.779686800245663600e-02,9.607029832154613258e-01,7.459502465192530130e-01
2.990683972631357213e-01,1.445638151822970299e-02,6.605606539918900365e-03,9.931682813970922341e-01,7.535769699381057452e-01
3.702484803118085699e-01,9.533718696963525141e-02,1.669175982336844333e-02,9.779123530900353245e-01,6.951935615909975441e-01
5.767211720236234407e-02,1.682099531049345564e-01,9.254096109289152230e-03,9.745710525172427419e-01,6.631081522245080295e-01
2.645689086924835620e-01,1.499191657432661848e-02,1.869872874247120384e-02,9.330232344557716218e-01,7.234177750743377988e-01
4.179607599064194545e-02,4.627983524807742846e-03,2.156086323456217133e-02,9.111707379775159099e-01,6.639347630137726330e-01
3.123320045284421198e-01,5.964596022623487245e-03,7.190494585641448930e-03,9.891939406120251466e-01,7.272853522285802619e-01
3.724759087529017770e-02,1.027427776477706778e-01,1.300537104297184651e-02,9.500853505016628731e-01,7.589326763193440240e-01
4.025181839385685856e-01,1.625077521747359532e-01,1.967043175551993692e-02,9.100510846204251658e-01,7.430494687206204985e-01
5.994800198621712956e-02,2.635790754344733214e-02,8.274061230377169687e-03,9.534968730117179270e-01,7.172401461818026513e-01
4.123596254949954965e-01,2.579744056182858847e-02,1.633047340071426198e-02,9.675410242665256622e-01,7.918787821846321462e-01
3.445793115405064722e-01,1.141408241549085462e-01,1.843677963751446172e-02,9.319900029602338210e-01,6.652620849623256394e-01
2.556895799160658900e-01,4.762482456157281913e-02,1.209587214478764425e-02,9.009248931683635497e-01,7.820002260367897584e-01
3.367457408860756174e-01,1.463125332938298995e-01,2.163964548405202318e-02,9.621606962147761788e-01,7.700193308961804650e-01
3.421042659237438222e-01,1.899774422471732227e-01,1.521316370093427767e-02,9.040095518429485111e-01,7.129607870546876836e-01
4.068456099486346678e-01,1.534406479134822199e-01,1.753989679881020128e-02,9.432793290871187564e-01,6.729300757851072179e-01
1.097014587970113059e-01,1.755578979094043757e-01,7.817455934095574391e-03,9.824775228126847448e-01,6.733800178666462521e-01
2.541425591087146385e-01,1.043976254567623996e-01,5.463203490653381449e-03,9.998847632342480196e-01,7.882708641114196668e-01
4.177610575512812757e-02,1.666315415392891353e-01,6.014971416499726234e-03,9.370302913984167592e-01,6.850556996417390687e-01
2.653350853103480511e-01,3.739773361334979701e-02,2.307840296396431942e-02,9.020126926500197095e-01,7.811173561981743507e-01
7.448396945580640360e-02,1.460123018872985096e-02,2.265284768496502593e-02,9.492903101938772181e-01,7.254942829895433265e-01
2.433638123216775584e-01,1.315346689148124970e-01,2.115182878323685137e-02,9.276275397431992253e-01,7.192601955091050270e-01
2.465726905205215258e-01,1.133854824785313076e-02,8.992241824697214808e-03,9.892775013589192312e-01,7.429266901375731758e-01
2.009076306289465375e-01,1.786038024087964193e-01,1.550917303899006575e-02,9.711503150327693845e-01,6.822558624339849498e-01
2.252090316951296800e-01,1.386192752743763135e-01,2.092234201096747001e-02,9.404323268805953040e-01,7.142556011089541412e-01
3.287231343128262373e-01,1.904879443563735064e-01,1.849338362511547540e-02,9.762028230918169402e-01,7.907726658207394621e-01
3.438759833836765867e-01,6.346344460633389362e-02,7.310423873518752044e-03,9.341205868922932698e-01,6.857385393468125034e-01
2.121337294818591013e-01,9.774550353112256007e-02,2.291082399624847638e-02,9.521763585113789397e-01,7.882375338319628222e-01
2.582255864132006473e-01,1.485963826439786750e-01,8.213647855559245980e-03,9.922785279799170022e-01,7.991314544913767914e-01
4.005003451110537016e-01,4.931301810670329216e-02,8.435913868266708276e-03,9.200157266237030118e-01,6.577860782113245097e-01
5.236570946698168583e-02,1.088279152022217228e-01,2.302017258341416614e-02,9.313058001906706629e-01,7.297068683887057983e-01
5.123742977114741082e-02,1.322339877260901575e-01,1.469233878189032255e-02,9.885593412526959556e-01,6.757728949540533492e-01
3.862716610971964754e-02,1.957829222349612153e-01,1.245783651912933665e-02,9.461878360310411740e-01,7.432571383935016041e-01
2.832233492823864052e-01,1.491959555542345939e-01,1.607313484596113035e-02,9.317888828673579482e-01,7.984313964822313814e-01
1.805829610390727868e-01,2.450803920553572615e-02,2.462794665664222796e-02,9.037298670183940841e-01,7.845321343127309444e-01
3.331838875248507303e-01,9.559135682527875044e-02,7.392609104820858229e-03,9.418953037586901278e-01,7.887272692409530439e-01
2.889582763093861972e-01,1.181653858149248476e-01,2.013897697584130647e-02,9.500601111368809359e-01,6.820024719968149629e-01
1.441305983228141629e-01,3.017800543000619812e-02,1.168651724488255043e-02,9.406332867321087754e-01,7.313479398333952997e-01
3.863992488180988394e-01,8.696124533923460520e-02,7.340985416952474675e-03,9.277459233770558589e-01,6.852246524592425780e-01
3.281262910933098187e-01,5.751715745082878334e-02,1.343866710705877293e-02,9.369130173553865681e-01,7.849137061366477930e-01
1.170594896504653787e-01,2.464668091014316983e-02,1.597505755450541812e-02,9.642444798553719831e-01,6.786730989611370335e-01
1.572383756242111685e-01,1.028963447592274455e-01,9.119232754562937859e-03,9.891279719963002037e-01,6.730938368613800238e-01
1.358947515076287804e-01,3.396098312145674064e-02,1.310538918193205130e-02,9.649675822577501449e-01,6.518243947571028540e-01
6.861539726012484686e-02,1.185169443085589552e-01,1.771352050944581188e-02,9.646162435973766325e-01,6.772921790129933228e-01
6.439906682060021759e-02,3.476968951613122749e-02,1.652896039440444539e-02,9.816874861980877665e-01,6.784644270281799949e-01
4.025986817881941904e-01,1.449953897969613881e-01,1.946321188109701242e-02,9.165142777733266133e-01,6.616235281288417314e-01
1.888608319582651407e-01,3.985308298290441559e-02,2.172809065874802686e-02,9.301097629458138227e-01,7.801611655119738975e-01
1.654442039715088297e-01,1.793607350544537682e-01,1.318280663538747358e-02,9.050590982974870968e-01,7.669996713044185954e-01
3.140351690225950954e-01,6.215661953212960750e-03,1.345934550924455034e-02,9.349637796873240259e-01,6.881722246020884892e-01
2.382340249934940535e-01,1.048774800221014547e-01,1.493384268910306206e-02,9.998823782266506033e-01,7.674886554966804386e-01
4.026040543537002803e-01,6.470084841142283161e-02,1.632706756762607181e-02,9.329312395365576549e-01,7.133246820195198179e-01
3.357493408871292662e-01,4.579022862914357284e-02,7.166453484757833413e-03,9.859772996025907288e-01,7.663280464022277361e-01
2.066495430094278107e-01,9.484895305386446818e-02,1.125270708389548152e-02,9.085777713930432986e-01,6.984511477752760600e-01
1.624582141232744359e-01,1.685618877285278983e-01,8.437835907540484903e-03,9.459712363335999186e-01,7.346981339731816218e-01
4.242649327725341313e-01,1.831401638998031156e-01,1.271705524688263207e-02,9.351462865381636735e-01,7.072415812931253098e-01
3.089191412455630226e-01,6.134647501142131282e-02,2.446708145148073291e-02,9.201582863231415610e-01,6.781513725535204262e-01
4.090625091416478232e-01,3.169448079691918052e-02,1.665461913361959354e-02,9.372506257056864021e-01,7.378449326003001518e-01
5.182730962611074160e-02,1.443079490656951624e-01,1.358763039841092563e-02,9.651278111413946759e-01,7.626246199966777439e-01
3.658789483728457359e-01,1.168177463657416731e-01,1.631873790447417594e-02,9.490308074889093337e-01,7.629660686891224231e-01
2.743046962322280291e-01,4.100221358683442396e-02,1.838153110854358688e-02,9.844334031208461511e-01,7.034434127478865761e-01
5.330440000576329440e-02,1.522988618293998897e-01,1.369906926580801917e-02,9.904946606848337165e-01,7.278067652608741778e-01
2.533626819867956792e-01,1.042671566131860850e-01,1.395419608505774414e-02,9.481892831169445035e-01,7.645667897877630459e-01
2.953353406302375306e-01,1.310256447019741144e-01,1.902802258763417256e-02,9.981726314151119217e-01,6.581746391783886985e-01
6.277852246210617430e-03,7.250846775871436223e-02,6.217251664114025085e-03,9.072020763536584598e-01,6.607832499951290517e-01
1.959024056301092720e-01,8.838041469917282122e-02,1.580161136576688219e-02,9.276339221336248331e-01,7.064334109958115837e-01
3.550963903032217650e-01,3.688807757661349829e-02,1.594655624435403068e-02,9.416711270408576473e-01,6.835207401543450523e-01
1.277090218726145421e-01,1.515466576614228622e-01,2.013504522256761783e-02,9.582701510358326846e-01,7.061969029325331215e-01
1.977171270915784318e-01,3.224525350620658509e-02,2.465289504673316354e-02,9.545929741313210481e-01,6.640629619789435445e-01
1.907527605121261682e-01,1.558822163554612061e-01,2.091509573573616457e-02,9.567976763782073402e-01,7.388012046012931711e-01
1.305268509288289025e-01,1.598035631220326158e-01,1.507577225300936116e-02,9.896250722608631589e-01,7.507610758991531963e-01
3.950115731761727478e-01,1.495735918469692227e-01,8.389063592143570711e-03,9.277565191953306423e-01,7.687760761840859436e-01
3.361751412001203199e-01,4.865134823689344287e-03,1.676521943266341338e-02,9.816853745588628444e-01,7.475784407112990859e-01
4.844242831733140686e-02,5.535350930872804526e-02,2.168597773425371897e-02,9.558000554127659143e-01,7.094572092509113803e-01
4.287278682123188411e-01,9.419921081557093567e-02,2.364828127290665230e-02,9.490490482922691040e-01,7.902392337226786800e-01
3.781768104280227027e-01,1.195133313646423723e-01,2.150620758988201417e-02,9.299413425625469021e-01,7.589498024041986257e-01
1.227967198436727136e-01,1.839251977744409960e-01,8.779372127251270849e-03,9.304068802760002699e-01,7.291521868740163947e-01
3.600286326745424925e-01,7.574558845361176185e-02,1.925151728698662815e-02,9.388479871444886937e-01,6.810275612503388087e-01
4.665397917282324697e-02,1.751296404360168923e-01,2.260309894971686967e-02,9.763510488099691464e-01,7.473462480104323680e-01
4.296159293734483908e-01,3.352242833923047699e-02,1.862033933253950599e-02,9.476732887592270727e-01,7.387580787628934553e-01
2.865787517897043224e-01,7.488481701421677295e-02,1.871504081856430537e-02,9.153833685256249630e-01,7.524994998406320246e-01
2.799036316747238740e-01,1.140412015344327915e-02,1.500324572502157588e-02,9.759863177342800178e-01,7.671687147962452658e-01
3.979907187619294989e-02,1.487553689200688256e-01,1.773952444251010105e-02,9.663379987915868830e-01,7.872574428467336016e-01
3.858273281266522137e-01,3.097989872914968038e-02,1.088761438446042215e-02,9.949238768401167388e-01,7.923584887037219415e-01
1.344078687471738157e-02,5.214698311404310227e-02,6.776201735714903855e-03,9.529414101619543276e-01,7.445278253188394313e-01
1.043152368996520807e-01,1.552714171864497672e-01,2.155429809490801152e-02,9.654422142457804723e-01,7.948934053630015706e-01
6.235638444648641809e-02,1.074086267671192918e-01,2.386288614783031378e-02,9.479330272761211651e-01,7.867133598500851699e-01
3.342334465569617441e-01,3.780571164274050457e-03,2.213644670753888571e-02,9.680780208277964816e-01,6.503921535522831920e-01
8.602961347433318862e-02,1.444805744732029912e-03,1.167827107561606077e-02,9.436117063200183397e-01,7.456426199369011742e-01
3.916637994391497513e-01,1.026214657162395211e-01,6.870603026158566065e-03,9.137856478735824073e-01,6.767704114751095235e-01
2.825394178714932814e-01,6.168614723608977640e-02,1.060276775262813075e-02,9.986683236299130906e-01,6.942788981687747496e-01
1.651380280222467661e-02,3.688197775304025150e-02,2.185670751619800400e-02,9.720363702795855598e-01,6.946250299603383693e-01
3.329398841212498003e-03,1.231051936055060775e-01,1.811629015266432233e-02,9.608625825229851758e-01,7.224694459455661688e-01
2.316124639917713918e-02,4.645885787176799731e-02,2.433388488205874556e-02,9.481420750185519664e-01,6.516299266990049910e-01
2.609419012108751823e-01,1.188492227873046425e-01,1.185362036874206861e-02,9.711429002188665116e-01,6.853694612036984601e-01
3.448356968586891447e-01,7.647392416666830284e-02,1.602944240583284788e-02,9.126774922135181267e-01,6.543681435439755445e-01
1.033391600491496559e-01,3.816249731628815894e-02,2.080076443276455966e-02,9.326113398141694377e-01,7.475837848578856804e-01
3.653963936139982827e-01,2.848284283588098723e-02,9.679838854636246825e-03,9.124699350762885963e-01,7.833931368039250831e-01
2.555250232574870703e-02,4.813526002233033119e-02,2.428179949319331579e-02,9.126025096098204781e-01,7.996682989747898596e-01
3.446134932122790762e-01,6.936589494584031665e-03,1.684795344983629900e-02,9.021347544877200697e-01,7.172835337673146849e-01
3.990242395439082546e-01,6.231726544521742212e-02,5.157951266393063887e-03,9.755893415141549951e-01,6.890211665441229316e-01
3.322345032157792422e-01,1.804889833461770510e-01,5.503065512560248278e-03,9.227308624625178979e-01,7.779655395096038983e-01
3.004938163268353613e-01,1.664410630507226485e-01,2.264432032803190623e-02,9.832007719069687512e-01,6.669737776310709076e-01
3.604935138031593600e-01,7.502874758721213289e-02,1.790563055522155153e-02,9.904434514163732439e-01,7.961358471584212282e-01
1.822490750569149415e-02,1.155908900977789672e-01,2.026145038127724271e-02,9.168566059651892530e-01,7.572256182077303777e-01
8.756452549847476563e-02,1.139047512437976473e-01,2.068032001913816184e-02,9.708864042335940692e-01,7.255901998051121904e-01
5.459225842212087759e-02,1.659187702995487679e-01,1.340919552501552980e-02,9.460305728490061572e-01,6.644975805986350625e-01
2.174437947927912174e-01,4.802173020187616020e-02,2.097222492284603682e-02,9.918961157406050999e-01,6.527293903564657107e-01
3.206857070530743092e-01,5.998111026980946364e-02,2.375064889625076378e-02,9.484417193801653045e-01,7.316798296222909448e-01
2.712750813232750469e-01,6.105530131537669630e-02,8.443422155392432335e-03,9.378873886442776753e-01,7.120775761160031969e-01
3.661352417978701035e-01,9.133127964563191037e-03,2.028272799084041358e-02,9.294565119030160361e-01,7.763996741543055524e-01
6.758637375722799379e-02,6.362288479454925039e-02,1.115584015231130093e-02,9.903621440228157491e-01,7.463458219540155536e-01
3.161524484401843083e-01,1.757048415410134012e-01,1.142986006107707744e-02,9.226179303408528209e-01,7.147844519743542513e-01
8.381479958275986353e-02,1.824855418667247209e-01,1.325509702072772550e-02,9.827714791609486467e-01,6.839010590151790581e-01
1.171555043153363063e-01,2.281743380794152773e-02,2.227439039816171001e-02,9.194187447577937267e-01,7.220633313218010052e-01
3.055491151336793831e-01,9.215364978206785906e-02,5.441121346200982964e-03,9.643396854253492023e-01,6.744491418179234810e-01
4.215078527215344595e-01,7.688843141594019215e-02,1.367852413620528063e-02,9.451065639724196554e-01,7.500518993709778259e-01
2.633522069641628383e-01,9.838248012805420051e-02,1.860095299138541172e-02,9.104608675016679920e-01,7.408593608698640365e-01
2.438063513126581192e-02,1.113891852876767730e-01,7.208309165650439096e-03,9.125933004317052788e-01,7.715107052189305037e-01
2.653965480989115555e-01,5.031493243531468158e-03,2.084507194034833019e-02,9.281509149915669887e-01,7.174293908363414962e-01
1.916838662789168563e-02,1.686062073363109870e-01,2.383805195794706094e-02,9.766651684954070767e-01,6.917972799541294293e-01
3.802985101763645681e-01,1.947591505614943708e-01,6.818696421539571437e-03,9.728940002265651366e-01,7.754593038853633269e-01
3.054090843081662676e-01,1.310275575887248356e-01,8.058962756617563117e-03,9.205120251407367116e-01,7.536495622189827159e-01
7.527184611525387925e-02,1.324299954601804719e-01,2.448194449892406033e-02,9.476202194566899495e-01,7.560063746089025205e-01
4.034831149858097293e-02,1.060679917083109797e-01,8.957112815714832199e-03,9.096986962676995025e-01,7.292126857109518800e-01
7.973575518965683728e-02,6.752040893116197096e-02,6.578793514064089354e-03,9.715946286183202441e-01,7.813967922330309346e-01
4.214316600287486003e-01,3.064658701172470051e-02,2.404385072791800568e-02,9.793302035017400486e-01,6.841675261207303960e-01
1.977225156146921181e-01,1.172286051965140824e-01,2.285245419618937845e-02,9.893512000037026910e-01,7.102538038029381218e-01
3.373707268384640301e-01,9.943339298332205117e-03,1.811450945466262091e-02,9.885745966390173667e-01,7.694348857497236294e-01
2.740191787642362597e-01,1.650760109706829182e-01,1.602861854575106729e-02,9.337892307146006265e-01,6.699441352953021678e-01
2.465652413322554082e-01,8.476142819465248834e-02,2.338465392605540774e-02,9.254533833440022894e-01,7.712164239524322840e-01
6.326087925130631506e-02,8.353609060823299903e-02,1.811040150222845493e-02,9.896589374746368462e-01,7.028892831096260618e-01
4.068444905764227459e-01,6.610700083670524585e-02,1.816793318630139861e-02,9.146006974819510527e-01,6.688255548545550822e-01
1.302759893488139864e-01,1.939014238510187171e-01,2.187371128403906018e-02,9.059344071692626565e-01,6.618724228302843571e-01
2.489693855814355816e-01,3.580847360137304897e-02,1.806491354584841696e-02,9.314242978024774855e-01,7.764543078130601295e-01
3.012038802287093642e-01,3.111025647356702173e-02,1.507353774075355021e-02,9.760300043914662549e-01,7.667923318438454316e-01
2.795210236002375059e-01,3.394076880746100394e-02,1.279442995796895716e-02,9.694199792155463458e-01,6.932062018084275135e-01
4.045150017593773795e-01,1.320469690873020407e-01,1.506267785582481727e-02,9.987055279026856303e-01,6.674543283856217979e-01
6.468032667570487726e-02,1.983871684271900915e-01,1.544957298174388927e-02,9.359533571107935268e-01,6.870851639056577698e-01
2.190833247937381545e-01,4.785955890994918888e-02,1.221663762236503692e-02,9.275847314856879855e-01,6.819481453540513494e-01
1.743307536277886038e-01,1.812178620164300868e-01,1.396236817960692239e-02,9.378207609244926246e-01,7.599583477538297549e-01
2.044183849480431803e-01,5.644469528242631456e-02,2.103743865727042417e-02,9.782256261430454236e-01,6.823344626535376989e-01
5.214431873883244167e-02,1.299320841049347308e-01,1.333026737351775820e-02,9.214299951121138754e-01,6.824147782651437399e-01
5.852658763541632864e-02,9.059291434740178450e-03,5.511195332708587226e-03,9.947747984246453345e-01,6.548402198748283221e-01
1.202944091401594168e-01,9.963514094066161508e-02,1.066038643547698346e-02,9.512549332529695034e-01,7.395289532464277560e-01
1.317182750133966407e-01,1.312594232895173962e-01,9.634837281833962680e-03,9.783144995774469832e-01,7.533469322384160893e-01
1.845704786692991262e-01,1.077276356673030899e-01,2.087164023663936815e-02,9.827261824483917163e-01,7.480235703422126736e-01
2.631136576787135306e-01,4.832924159147643922e-02,1.398586116943617563e-02,9.478815117337749951e-01,7.352898734234117883e-01
2.732558913724348337e-01,1.658708927053151871e-01,1.060621086070266325e-02,9.741371380402586988e-01,7.949112423261253113e-01
1.776668746352096373e-01,1.940571657364098257e-01,2.121409767683249403e-02,9.364694323935460751e-01,7.209107768265632377e-01
1.763679539449110600e-01,9.238002304272099896e-02,5.384336091132240626e-03,9.810928014273204711e-01,7.790204762181852649e-01
9.436263795299668078e-02,1.275479337726614926e-01,8.485016854624351929e-03,9.823903008617430599e-01,7.469014865566008243e-01
2.533833805674645112e-01,1.582922404007689465e-01,2.153909638791600203e-02,9.566205819438419189e-01,6.626242911031754446e-01
1.370105509550950396e-01,4.905632306373700763e-02,1.601303455320805119e-02,9.218147815873037887e-01,7.715132691464133829e-01
1.646966890498902797e-02,1.730256260038283145e-01,2.047299549158960660e-02,9.970223175180364938e-01,7.376582812534727696e-01
1.804936189432931049e-01,5.675998015668951013e-02,2.176352029524155490e-02,9.946979870175247651e-01,7.480288488988152684e-01
2.044029176136830661e-01,1.553903298995325255e-01,2.383926977177079284e-02,9.619820544579337218e-01,6.770341153435778248e-01
9.777934045960651188e-02,2.330774725285799168e-02,6.268491986066759662e-03,9.983881000781020809e-01,7.156235141213536100e-01
2.465844533093876356e-01,5.838895397941977483e-02,2.098469486596944017e-02,9.502796296391231579e-01,7.820873711561426855e-01
2.437161452852940891e-01,1.071903668540336863e-01,1.917532296439669603e-02,9.375484374926033038e-01,6.823146789629472853e-01
3.021589356963493289e-01,1.054594970451587232e-01,9.140512013531183061e-03,9.460503015769663460e-01,6.500187359805790210e-01
2.789698988643191102e-01,1.702358057127869029e-01,2.363404532680246292e-02,9.045907018185510573e-01,6.886263068176212698e-01
2.808937812475225115e-01,1.992293242700828582e-01,1.308403760612784211e-02,9.549121848191362005e-01,7.231313673764618866e-01
1.366558711325144837e-01,2.233495832616798696e-02,2.275221054909608645e-02,9.666232440563197192e-01,7.731917064952882335e-01
3.388084232319741873e-01,5.500623843218237219e-02,1.710227409329850845e-02,9.109519973730648701e-01,7.464936350860026382e-01
2.365829405642624617e-01,7.216204383439209225e-02,1.553495893081913160e-02,9.255597571696170256e-01,7.878595203435764249e-01
1.860784057321728524e-01,9.630476315419100874e-02,8.190478677919587822e-03,9.721184109850814492e-01,7.183346647441840593e-01
2.695593543237134737e-01,9.928803888772541608e-02,2.328655248574625775e-02,9.793590178358865250e-01,7.086222834435556006e-01
1.557219964791590749e-01,1.713828175665349229e-01,1.613323814724492572e-02,9.985867049344445689e-01,6.847127324893570455e-01
2.209651359362992673e-01,1.543413012542348695e-01,5.121848109936349112e-03,9.253223685890751282e-01,6.827093726808656227e-01
3.170467403588724808e-01,4.751464228552710126e-03,5.365690821405664189e-03,9.841439471664581440e-01,7.604164845512091375e-01
3.812668384044706205e-01,9.154933035605439251e-02,2.055265210036094983e-02,9.172102965114167228e-01,6.620538684567963683e-01
3.961335376396372121e-01,1.239966938105736827e-01,8.238727067567792883e-03,9.130878395398642766e-01,6.864070377249513744e-01
2.170585249035495712e-01,9.261872183151166615e-02,1.697476871256290570e-02,9.729203581175620563e-01,7.828842889310194675e-01
2.241980242237041343e-01,2.699840594911476210e-02,1.862163923867960619e-02,9.445872371441154103e-01,7.365381227149480070e-01
3.441444062176858276e-01,8.009734265443899104e-02,1.058731185896993714e-02,9.793923498347001377e-01,6.569881413602498554e-01
1.358993467582623460e-01,8.291948333081748668e-02,1.638627616822824901e-02,9.282564795334395935e-01,7.556382572494678707e-01
3.602370334460344159e-01,3.835546856750200045e-02,9.805174919781493859e-03,9.213193877099699058e-01,7.260023551629675165e-01
2.129867663559746604e-01,1.515051157797197567e-01,2.392630854735901258e-02,9.548798743823050383e-01,7.781782591247023984e-01
5.070253473983014209e-02,6.495873534835289176e-02,2.220340312698334401e-02,9.115310474670931251e-01,7.523650808811894741e-01
3.191337409429284566e-02,1.182084708231546377e-01,1.076085582994938325e-02,9.278749213991496214e-01,6.506669881966683500e-01
3.622150875359296807e-01,1.036303060107947455e-01,1.557628981900679305e-02,9.166237011458289174e-01,6.808608630762381653e-01
2.483863635305062073e-02,1.756079887640613624e-01,1.501265714307811402e-02,9.320047293772442121e-01,6.886945550847417552e-01
1.213823061013383914e-01,2.528097144070480182e-02,2.420046515900148298e-02,9.765498705851548555e-01,7.553348433742474999e-01
1.443417873751631497e-01,2.373833864243856881e-02,1.288057560367707882e-02,9.120742337207846662e-01,7.263971266505141466e-01
7.521461698719374145e-02,6.076361415548014316e-02,1.624455109243133633e-02,9.611868919171371317e-01,7.621171245636745306e-01
1.356602556450533792e-01,8.681177865704117758e-02,2.357413189774874504e-02,9.584766070483226041e-01,7.269300798175194478e-01
3.196151111250617460e-01,6.040990750167576917e-02,8.256221023531162481e-03,9.538130629167286267e-01,6.991076916044901557e-01
7.298939887270359562e-03,1.528742293966535160e-01,1.600971206556676268e-02,9.484247603473561217e-01,6.655490970063033807e-01
3.558573991193744734e-01,4.980790277875063454e-02,7.113458407236592992e-03,9.663860604188265757e-01,6.803933148003105114e-01
3.684591021134854261e-01,1.787017381167670116e-02,1.734997863637001078e-02,9.851810655455756072e-01,7.101170120518522921e-01
1.607002148991741597e-01,8.334616216694536173e-02,1.231366406774009326e-02,9.162036638348841633e-01,7.327181462272668311e-01
6.689993369701233150e-02,1.549024783395583360e-01,2.435272146359201278e-02,9.814131322371593136e-01,7.907956104785933693e-01
2.587605350084397071e-01,1.702618267737615321e-01,1.330818362297052707e-02,9.061475644344052505e-01,6.859580265599751758e-01
5.233952646603966946e-02,1.469356248243068042e-01,7.723752750834136580e-03,9.482124449842705971e-01,7.499127409170025516e-01
1.575504059025703285e-01,1.120194490214490718e-01,2.167999921856808218e-02,9.511465520890859393e-01,6.728818867239952928e-01
4.121661186065171401e-01,1.451141486480861664e-01,2.141733382845828482e-02,9.197585831614162322e-01,7.570629682883501799e-01
4.280542587383803221e-01,1.365965175254684194e-01,1.889719239085568825e-02,9.089673105356537164e-01,6.517011315715969255e-01
3.322329983911171958e-01,4.763895986651710962e-02,1.997623603768456171e-02,9.074910975461972784e-01,7.483879924894424329e-01
1.344024877560087150e-01,1.106010195484355557e-01,1.029430435378813832e-02,9.037233985043288120e-01,6.744826485071786504e-01
2.960083060922537035e-01,1.543512571950479695e-01,1.784107000845562563e-02,9.573593024118982608e-01,6.770486669571235128e-01
3.036193307926414175e-01,6.410701171315251468e-02,5.760397424107872519e-03,9.155474610554605874e-01,7.338361449971866346e-01
1.673840872252057299e-01,1.311406561966693696e-01,8.937802877800691409e-03,9.808704749429941749e-01,7.063117318863069150e-01
2.759412242374623681e-01,9.681460507624090051e-02,2.364558895106173494e-02,9.898952721033391633e-01,7.206957725826255157e-01
5.602159694565108337e-03,1.011286113380589907e-01,1.978470594165317523e-02,9.292408160200116285e-01,6.963333323834387523e-01
9.068573554036157836e-02,1.892095251864978761e-02,9.613450819785155504e-03,9.164466429978709305e-01,7.930200574292488591e-01
2.262628819729550489e-01,1.335772158957705957e-01,7.227661790385761856e-03,9.409611875620083055e-01,6.935984150122833647e-01
7.124930952680892660e-02,1.732717200355494980e-01,2.397838889737003223e-02,9.881570201284559651e-01,7.313071137103250852e-01
7.217404631903293066e-02,2.914482631714669994e-02,7.243753321202655096e-03,9.399819183341232565e-01,7.781533333311267953e-01
3.597745406460520767e-01,7.385502678107343233e-02,1.014140096094496429e-02,9.108336296013622713e-01,7.496271218391231672e-01
4.253380581512667402e-01,1.068482351332616931e-02,8.652679859989142325e-03,9.984668092762505331e-01,6.984165420472581154e-01
2.395108846242043621e-01,6.896745309301829940e-03,5.149276408235359086e-03,9.499675471219272138e-01,7.328655025050229144e-01
3.609609145482550741e-01,1.979420408376770246e-01,1.128269548196087976e-02,9.342371471190912269e-01,6.624486689349091684e-01
4.258479939959708971e-01,9.920083015297055662e-02,2.448357743197525360e-02,9.893620789844205232e-01,7.318529604061538851e-01
6.174463619600434328e-02,7.174828470841403127e-02,1.183806611618713062e-02,9.927403493872692941e-01,7.147083632530313313e-01
1.932973680861166110e-01,5.570053824837876977e-02,1.508609758935547385e-02,9.496804466508655951e-01,7.636900560610166977e-01
1.694136950961836197e-01,1.960225163440468821e-01,1.991871567843562715e-02,9.306716393793408315e-01,7.771854264701175685e-01
3.534114268421337246e-02,5.119790631881505211e-02,1.602160204158432216e-02,9.482633819562156230e-01,6.799424782471158446e-01
3.250366441289453956e-01,1.454159707518109246e-01,1.987183014824613417e-02,9.219281951170187339e-01,6.622303858191145309e-01
1.870912027213924023e-01,5.746786106538083472e-02,1.823271736381030378e-02,9.478238097938931350e-01,7.085835471867253377e-01
2.023412547676821382e-01,1.502741156602690337e-02,1.717126045998029413e-02,9.229431105676104696e-01,7.301225612300821233e-01
6.563870576588004546e-02,1.369720462890703372e-01,1.799297814423490502e-02,9.622202761078511024e-01,7.065202922472534341e-01
7.861753380704242233e-02,1.324538678343109869e-03,2.098328724156502123e-02,9.759889181069679731e-01,7.442841756497120542e-01
3.901474539050162060e-01,1.354739538005533261e-01,1.920382789602208262e-02,9.969427788275554425e-01,7.258476919578612518e-01
2.015445916996564182e-02,5.082494319897480628e-02,2.083549841410383199e-02,9.842570469304383618e-01,7.904939051997634802e-01
1.008936302408499769e-01,1.494747421822287536e-01,7.911952765670627469e-03,9.086134844806553756e-01,7.114086684979390451e-01
1.262934527049326683e-01,1.541802833027792474e-01,1.855347465421080741e-02,9.211522879941659303e-01,6.623741259422873950e-01
2.112947456902805610e-01,1.450973405246900605e-01,1.974043824651066509e-02,9.531691857878705765e-01,6.952902531712216172e-01
2.525849792233474389e-01,5.872204852054467572e-03,1.099932864993669046e-02,9.257590994188998890e-01,7.408840793544867465e-01
2.126213996399359540e-01,1.410435873091099301e-01,2.249154655686564849e-02,9.014365207083300247e-01,6.884037647910629110e-01
3.708547852490239050e-02,1.980389771970968715e-01,1.109423206605400850e-02,9.754790949911020803e-01,6.903482677708451254e-01
1.055333377899011077e-01,4.928244833659895657e-02,9.876642387529947081e-03,9.357772007587570329e-01,7.009358726033526610e-01
3.628994170631301697e-01,5.557347587284237195e-02,2.234193630961022609e-02,9.066100032419861510e-01,7.619212669863583143e-01
2.745255525052589518e-01,1.628917833665273762e-01,9.940396762328534280e-03,9.508836416522636892e-01,7.910199851440942176e-01
2.794849425076036953e-01,3.291896420616003544e-02,1.331004924863600156e-02,9.977208713148389974e-01,7.025564950771669981e-01
2.885171965457312693e-01,1.324561514254057604e-01,1.235845660073637761e-02,9.678538626422761304e-01,6.793232059640738063e-01
3.282853951679579607e-01,1.512502491226151158e-01,2.296123645116544820e-02,9.158766113242678975e-01,7.130955428250654871e-01
2.592853865850090755e-02,8.394971702052079002e-03,1.410471476575928668e-02,9.514295585929697374e-01,7.027759539469439209e-01
1.582749971360907226e-01,1.111986567587800179e-01,1.888617866592431221e-02,9.901722454893485681e-01,7.985037371184764421e-01
2.324572697272601629e-01,1.155995744486407045e-01,2.088077809287658057e-02,9.054243666952088709e-01,7.195802387776989439e-01
1.461978313345528580e-01,6.138513658096705211e-02,1.755807161494352467e-02,9.637893200764936497e-01,7.518925029217796707e-01
3.632814366402030148e-01,1.753925892101059203e-01,2.387388996649829689e-02,9.721272989780898044e-01,7.870682099967279965e-01
2.080236061839491057e-01,3.338719414067142094e-02,2.105015058512016424e-02,9.704011699314509798e-01,7.443592366045825859e-01
3.307412358780736361e-01,7.347474719166624535e-02,1.300413255349726349e-02,9.150170418547084461e-01,6.874067712379781092e-01
3.665146567420214940e-01,1.698850687423185402e-01,2.401623686515366382e-02,9.907278531715261183e-01,7.411115142999921135e-01
2.175555461656006606e-01,3.893790856459251187e-02,1.549149666542668294e-02,9.322271332713072400e-01,7.102814504097674231e-01
3.911979126208091073e-01,1.644534531292073387e-01,5.451546458897917752e-03,9.051742023391005088e-01,7.133524804158211108e-01
2.528761704903646490e-01,1.673476629622318995e-02,1.020026559305793612e-02,9.083220934482548747e-01,7.968986872055607851e-01
3.657676741996666037e-01,9.835658437080802008e-02,1.743459174074533241e-02,9.457577381799698868e-01,6.917886520392279026e-01
1.471134513087639095e-01,1.599080182669497877e-02,8.136298046488734878e-03,9.039982002079047785e-01,7.203402719717466596e-01
2.149924752100071668e-01,1.359028134272413368e-01,1.668136089786407400e-02,9.779552517768264064e-01,6.739800568548800497e-01
2.289753365909638350e-01,1.583296963220644504e-01,1.223196044615059569e-02,9.865823505970318097e-01,6.767816298028233035e-01
4.603629811941428035e-02,1.701218511011137746e-01,1.568770960116547958e-02,9.013373175021305306e-01,7.405226636128751094e-01
1.719790253749609310e-01,1.962711878980537838e-01,5.037496957465057573e-03,9.810013503327243978e-01,7.626523562229072795e-01
3.945378615246690202e-01,1.347311287376177780e-01,2.196842709337397045e-02,9.981206469099397349e-01,7.454689810425267904e-01
2.716270311164744600e-01,1.540433208541640564e-01,1.223850975551056715e-02,9.030368161105749580e-01,6.993925996854456484e-01
7.715032386545904453e-02,1.016458973859445530e-01,7.803168685559060992e-03,9.724967244619616702e-01,6.589427258847530000e-01
1.463690676765205256e-01,1.826346433350441167e-01,1.375831714010159953e-02,9.999094078797636787e-01,7.205395793223038359e-01
8.319769114529822207e-02,1.291079180576930607e-01,1.472354586977668231e-02,9.797118586293954712e-01,7.256404479640946592e-01
1.164912354158761931e-02,1.768267298440173441e-01,1.774805420992377897e-02,9.505357003035137531e-01,7.655977411939728361e-01
3.988805366982274281e-01,4.785495138576228991e-02,1.549124880704559615e-02,9.884822972073125102e-01,7.460434343437932769e-01
1.932809438221978759e-01,9.985081836289480539e-02,5.870471641341253044e-03,9.707932424902535606e-01,7.806887941401480235e-01
1.329325460685172600e-01,1.462339652916969934e-01,2.243024644155529670e-02,9.292451650460396007e-01,7.674474318042637799e-01
2.577467151782689703e-01,4.134162915797397198e-02,1.413017863573922533e-02,9.224319782077270435e-01,7.048816675716420566e-01
4.137901749703708221e-03,4.305661885913367876e-02,6.539755450660178840e-03,9.512544392704620488e-01,7.448332135287047961e-01
1.202714837317491320e-01,1.956305053407218497e-01,2.045656473058370117e-02,9.372990524021610481e-01,7.620929794182690342e-01
3.026013567848249153e-01,8.748746178670400997e-02,1.820308837566136581e-02,9.329467990808001376e-01,7.935320553759117601e-01
2.728872326467138287e-01,3.718127513183056010e-02,1.798875545538443713e-02,9.177924816726884538e-01,7.133528243933369151e-01
4.221947514957476999e-01,6.696131251431969300e-02,1.353828003471121977e-02,9.845286003171698219e-01,7.472422988466704830e-01
2.671334574433009146e-01,8.007785350491919418e-02,1.320994125241976846e-02,9.705014500644877362e-01,7.088995752922451210e-01
2.058500197862973558e-01,1.249939662365740084e-01,1.572677272774685581e-02,9.331321469658743206e-01,7.606742268304680366e-01
3.276545696059392498e-01,1.846799171505027481e-01,6.011888257982065352e-03,9.237667081585186901e-01,7.867989756965836357e-01
3.885276570725787471e-01,1.973314251084961335e-01,1.097915528435841788e-02,9.128137913008635973e-01,7.878839023579362610e-01
3.101785611421728484e-01,1.306880530233114068e-01,2.475788347124747296e-02,9.112512954672352672e-01,6.735631276081265328e-01
4.142176149026838283e-01,1.402845497987472434e-01,1.824384978256151854e-02,9.625478185217090088e-01,6.806144896431318703e-01
3.364802182466780089e-01,6.504400476962121647e-02,1.337868330834644098e-02,9.108817178066925813e-01,7.632394176184698065e-01
3.728578170143664328e-01,1.715745604943010594e-01,9.447262058809059726e-03,9.960212623976967272e-01,7.446514828913602946e-01
4.995064653778035629e-02,4.434186870884266468e-02,1.990418723800466833e-02,9.279135101612067116e-01,7.857660930282432954e-01
3.152053927843349035e-01,2.216974921288255088e-02,1.020580619412382768e-02,9.025804860581831957e-01,6.970700839123303849e-01
1.897980520972411267e-01,1.946779420294325325e-01,8.247402076925907516e-03,9.855329723843184730e-01,7.772031216719395008e-01
2.382815312344370717e-01,1.729635966872859199e-01,8.090298004685745822e-03,9.367587395850300869e-01,7.525663785475790180e-01
2.816099336679310228e-01,6.142538177308853875e-02,1.958526558329464970e-02,9.342965882974959557e-01,6.793184465234899383e-01
4.170506850666892973e-01,1.353589725598287885e-01,1.785620508577434942e-02,9.118620611816383725e-01,6.689741553493459003e-01
4.233839969341669507e-01,9.393665312522671285e-02,6.396121987424611965e-03,9.660422058218908203e-01,7.554085403012911204e-01
1.246499173143113537e-01,6.530251302294870497e-02,7.300856307244050179e-03,9.358793371589433363e-01,6.737692269086402730e-01
3.157802504008660471e-01,5.806806794129867888e-02,1.767693734707154185e-02,9.822994529566723143e-01,7.691493559614722697e-01
3.227429377742302430e-01,2.806946159896039211e-02,1.642232203744318011e-02,9.630618303630129606e-01,7.335642560190975825e-01
1.496454375032979234e-01,1.103142983728920140e-01,1.871998120743626967e-02,9.879912352593965830e-01,7.215300593694184972e-01
5.414013341675081442e-02,8.987274133338406246e-02,8.560778167265239644e-03,9.622561157988076541e-01,6.913293553882129405e-01
1.856624596257377621e-02,1.029250976396889200e-01,1.953175812434334094e-02,9.779278229719748916e-01,7.975768392387290184e-01
3.344802017100175773e-01,4.385607632840149428e-02,2.372192934661099609e-02,9.696539284904724942e-01,7.583250666365790593e-01
2.110811892394526268e-01,1.877835234838763079e-01,1.702100629070882332e-02,9.462592424640666744e-01,7.667095470747316011e-01
4.237967327133232986e-01,1.280796480697777573e-01,8.922600392855677826e-03,9.688673991960551346e-01,7.653066391498007937e-01
2.004736127070771423e-01,1.800205308192840414e-01,1.859087710568213189e-02,9.663617017558343569e-01,7.376023365764895479e-01
4.205263840226774463e-01,2.274496204051833573e-02,1.186163367092128718e-02,9.006703619926124116e-01,7.909548262938317365e-01
1.775661049412516901e-01,1.249473422053788002e-01,5.985754927714428963e-03,9.698637938727852070e-01,7.375732255074015642e-01
3.414896425902282373e-01,1.700429019101880879e-01,1.104677390704996917e-02,9.262159501822846419e-01,7.280068377656224721e-01
3.738746782177595346e-02,6.685323518307886848e-02,2.311170203900263925e-02,9.541822822000031179e-01,6.910565663634301581e-01
2.392930736491007127e-01,3.983349065806129213e-02,1.322278640351950280e-02,9.111332388410855465e-01,6.922603879762510015e-01
3.450836486168756823e-01,5.373923985531831732e-02,2.229330676062184907e-02,9.023022501572339760e-01,7.605325858973065456e-01
3.976970152373322520e-01,5.531381162321000189e-02,1.517318687045583411e-02,9.015119708775570784e-01,7.002151132459408789e-01
3.538881458748781572e-01,8.999259401978350337e-02,1.533955977919200173e-02,9.158194512372935803e-01,7.593066117720017605e-01
1.686044196930374175e-02,6.586675695308698286e-02,5.104326421297886510e-03,9.019892506610152072e-01,7.929060138222238097e-01
1.608893044205889633e-01,5.498354046889027125e-02,1.774208146577944262e-02,9.132397420851018355e-01,7.158961155168138690e-01
2.189164462264219652e-02,1.300539473826224646e-01,7.156276900608405170e-03,9.559173605358974868e-01,6.645988464319463329e-01
4.788210288814538640e-02,1.155344196270500709e-02,1.457496829364108779e-02,9.400272831572995536e-01,7.499819721994154254e-01
2.907061146983506705e-01,6.873239184980627081e-02,1.020633711316197914e-02,9.980748122590653582e-01,6.514284547543228721e-01
3.069877662177185051e-01,1.382606412221545067e-01,1.284765931658629623e-02,9.808694360217202757e-01,7.680505281908445170e-01
3.329261729004476811e-01,3.599410010692018214e-02,1.574154711333601575e-02,9.146775754488630783e-01,7.288479675558078297e-01
3.722808591158793812e-01,4.496464458036956990e-02,5.289282292039457038e-03,9.416789393461055813e-01,7.234598306012982594e-01
3.182160999764227505e-01,4.093265845717057594e-02,1.069167166543245548e-02,9.430970796563320491e-01,7.354163240866531392e-01
3.445739130137451256e-01,1.184295239549578880e-03,2.479223868583729784e-02,9.362116778951286022e-01,7.274612815902073981e-01
2.200543151418679622e-02,9.527978261448297181e-02,6.147982516411192207e-03,9.495589780675536273e-01,6.985665907694034171e-01
1.016155795393170885e-01,8.752799093808515118e-03,1.138786976314736660e-02,9.669874545445464875e-01,6.922263364518863593e-01
2.677941447779804141e-01,5.531502254320512513e-02,1.142842949929296498e-02,9.640889715659652914e-01,7.122946190935842692e-01
3.691357556840491605e-01,1.989658814938023434e-01,1.258771841865525057e-02,9.357099164133553248e-01,7.842363922873349935e-01
2.930553599113763612e-03,1.837608460666696752e-01,1.869561836884690853e-02,9.705045623148522704e-01,6.703055689681765017e-01
2.217759877679140734e-01,4.380008582311051279e-02,9.954875973659292263e-03,9.289485398663432925e-01,6.987146895029875404e-01
2.915562943273263818e-01,6.269048395087260805e-02,1.420538688272105637e-02,9.835467844226379874e-01,6.788450641924106410e-01
1.370152703617506795e-02,9.327721187144175086e-02,1.789727133704898526e-02,9.964372043264025924e-01,7.140705465106073069e-01
1.731815341904034133e-01,1.690382957851894741e-01,1.144644116657177191e-02,9.294736654448895186e-01,6.700247628684756762e-01
3.852273641136059190e-01,1.607265423372251367e-01,2.397545161006509398e-02,9.784688552770430814e-01,7.641193420853348295e-01
2.891218949991634091e-01,2.612204587669015449e-02,2.459345269885362603e-02,9.813425803857727114e-01,6.655201088876862014e-01
1.029554378816962407e-01,2.576532082132207413e-02,7.393471353750223109e-03,9.490763374534878505e-01,7.497893140425906378e-01
3.668431046120905203e-01,8.392971852491488971e-02,1.187639768801620338e-02,9.087747311653043836e-01,6.901565487303535917e-01
1.503054806426816492e-01,1.741489825331406505e-01,9.159441396129506738e-03,9.786181890099283631e-01,7.208284995286494690e-01
3.670848639208014741e-01,1.765349148200049678e-01,8.735791911142303662e-03,9.407478238232519496e-01,6.799981942576311944e-01
1.292468263300104725e-01,2.236580408761950842e-02,1.481959676676558937e-02,9.208071275501752417e-01,7.595335519213579634e-01
2.542473876288708912e-01,1.152851603051447682e-01,1.627654216269757911e-02,9.626650232560779452e-01,7.922413983902487633e-01
1.712872890638208190e-01,3.197936422789746796e-02,1.351304081195198528e-02,9.436938105680764410e-01,6.832617931089494112e-01
1.188999467739237509e-01,1.375397326905537787e-01,1.045109746194721433e-02,9.087572448680182324e-01,7.929729811569242726e-01
3.813331941717318929e-01,1.833702163378523875e-01,1.057243148507279289e-02,9.983674629066706663e-01,6.987910701517151546e-01
8.147768955204177932e-02,9.149908920264313017e-02,2.484256312681461937e-02,9.244661870244145208e-01,7.336770750577852329e-01
3.738417264014236990e-02,1.753347216371824863e-02,2.347354747980501255e-02,9.510965055479645436e-01,7.552384926628364914e-01
1.476866566360882926e-01,1.162715849830145698e-01,6.517976819787143529e-03,9.667288261731024068e-01,6.798902924097790512e-01
3.088671943382324536e-01,8.229481735703508827e-02,1.813101303992251112e-02,9.115089364398691885e-01,7.167145906148941759e-01
3.473881589638248557e-01,1.623688517144581123e-01,1.413755214969688451e-02,9.739410093860758622e-01,6.601741220996075743e-01
4.294609057586420975e-01,6.872854832135116832e-02,1.877628194398324110e-02,9.648288829839125613e-01,7.545580664042030872e-01
1.281393224577897505e-01,1.751045428940452564e-01,1.693921411081106970e-02,9.493752897306801941e-01,7.124924179586717976e-01
1.760070970353200537e-01,5.546638111932219312e-02,2.278504800164835031e-02,9.528329991668681442e-01,7.837466798959387138e-01
5.969632827470967851e-02,3.234600954184850552e-02,6.339766285776500705e-03,9.954795027440327404e-01,6.910987832859707414e-01
2.476200578082813908e-01,6.198959508639740462e-02,1.199195824115411105e-02,9.910897837268963784e-01,7.885401986485891523e-01
4.289618359857914620e-01,7.948242572726554878e-03,2.470988251551169482e-02,9.111983323871287732e-01,6.711559767024267709e-01
3.016779533417625059e-01,5.696794740797402057e-02,8.645706979812334964e-03,9.368752053066901064e-01,7.410449699020825731e-01
2.563463085373364758e-01,1.323634091425241188e-01,7.546668790132944615e-03,9.516771431769618372e-01,6.961712269808268960e-01
1.693263408634496370e-01,2.931431273276187757e-02,1.957944012001150771e-02,9.919975845901781719e-01,6.772672416429931230e-01
3.936631681625030188e-01,2.316162958453100648e-02,2.054870320034926992e-02,9.816563329454045528e-01,6.640905757578748903e-01
2.141772197399199051e-01,2.734467295961573105e-02,1.844547095349320306e-02,9.386482702994414229e-01,7.483463838243035182e-01
5.864340581130338126e-02,1.643278317803180746e-02,2.052391657519850657e-02,9.886210405510645893e-01,6.849751899888868456e-01
1.577473607124282584e-01,1.750524469567449892e-01,1.887443144186344568e-02,9.378157795632123817e-01,7.359221618106571716e-01
2.981450093569200030e-02,1.888789079838091023e-01,7.715413645783535113e-03,9.271192935804309920e-01,7.969128084252916633e-01
8.764900716848729456e-02,1.026566919402846847e-02,1.716443794957014241e-02,9.609892626557599016e-01,6.973942730419298019e-01
8.579907048962335386e-03,1.522542845271645240e-01,2.053753365119065019e-02,9.355901754814803795e-01,6.552416416575093105e-01
1.954570841785701063e-01,1.476931975967223643e-01,2.231033212648935588e-02,9.622407559922585563e-01,6.714233921594631171e-01
2.732177736643209842e-01,1.993849754973980593e-01,9.924704853674153407e-03,9.409684075045224860e-01,6.678983014116756101e-01
1.482724663605514137e-01,7.022626168249257450e-02,7.548615218770771303e-03,9.795769139626882005e-01,7.194925290807854257e-01
1.813437799757638691e-01,5.781628934639283096e-02,2.062180887165159307e-02,9.954310973373913241e-01,7.616975854490941611e-01
4.125007780503230359e-01,9.116334204115562889e-02,1.013096690071330769e-02,9.270309178871428690e-01,6.944666578672787915e-01
3.235921791556387594e-01,1.714584602526889323e-01,5.638589566417746314e-03,9.510010084244281403e-01,6.718764156265765175e-01
2.330274972493840691e-01,1.459901348650418651e-01,2.150427127298608701e-02,9.724432435302589051e-01,7.461150149493390726e-01
1.230680354229730239e-01,9.485313897953305540e-02,1.511982267621720180e-02,9.158519095207149352e-01,6.951770313273863966e-01
3.858116266736149602e-01,4.966800581388877006e-02,1.153266264856843935e-02,9.795906148077369036e-01,7.362755523968349536e-01
1.018566631418029167e-01,1.456761325124058537e-01,5.228582104630983413e-03,9.582971961645427861e-01,7.900679839509128222e-01
1.405720313916544451e-01,1.710508467403970279e-01,5.706548894158954000e-03,9.149740523912082146e-01,6.937020432389789937e-01
3.909888053874449043e-01,8.059029498243068523e-02,2.085246541120589631e-02,9.868229586804087017e-01,7.268737421729403181e-01
2.281735417172960356e-01,1.340485037183758721e-01,1.479411769929728920e-02,9.426701259525809284e-01,7.710217870446824939e-01
3.194544003003119692e-01,8.064219221414303806e-02,7.994440985929203089e-03,9.176619345924649229e-01,7.537577168746443235e-01
2.544295166962556864e-01,9.622019419015548358e-02,1.217011254498036321e-02,9.195396364338650486e-01,7.627217262168779488e-01
2.813254206650734335e-01,1.054571656110278172e-01,8.306102950750458500e-03,9.785506399766324970e-01,7.658854062284150555e-01
1.294354320598601615e-01,1.553694369904333183e-01,7.257631063607732427e-03,9.935716160584978640e-01,7.309874030501064546e-01
1.045486144378383886e-01,1.955236908416572994e-01,1.052615641348287126e-02,9.378249922254149329e-01,7.304093161853397742e-01
1.393492169353574006e-01,8.942886636500824160e-02,1.599017094924794907e-02,9.078828075307232570e-01,7.578334370672671350e-01
6.768443099178823863e-02,6.912068624327358246e-02,9.200132156244537895e-03,9.100823079453858044e-01,7.546472405170333575e-01
3.760808627097563805e-01,7.534461028800587545e-02,1.187342162569534135e-02,9.654478509193851199e-01,7.505086496044528488e-01
1.225129343642989421e-01,2.764392480566114918e-02,1.455861767912919325e-02,9.370751710589675376e-01,7.073202038213995957e-01
2.418789502037710093e-01,6.009080882572682969e-02,1.340059478366303902e-02,9.426131497345793253e-01,7.742813968407316061e-01
3.407570283856494742e-01,1.820303524049244129e-02,7.572555982425793406e-03,9.337047378148438659e-01,6.854304334056333659e-01
3.372605429221811058e-01,8.615095837267018608e-02,5.777312710717763880e-03,9.465538565989578546e-01,6.733597949529068760e-01
1.890677049326187353e-01,3.430409659289872931e-02,5.709174538978778295e-03,9.643549452880064710e-01,7.017743328673552439e-01
2.053143853837053057e-01,6.993494244890732792e-02,1.200358036055734767e-02,9.541139163904786002e-01,6.880746860607434012e-01
4.277270502931256324e-01,1.589219721289296672e-01,1.937604157074645714e-02,9.164241424151478022e-01,7.494773768304734407e-01
2.904023176240013160e-01,4.993960246723806728e-02,7.625105974585413317e-03,9.491288651943804444e-01,6.846526776724941588e-01
3.504798920975716880e-01,1.227670296470717293e-01,2.073960232728851161e-02,9.460613059106341982e-01,7.484734757526303461e-01
3.881956527950504721e-01,1.803351024304739592e-01,1.931348618627673486e-02,9.545737248053640656e-01,7.269834192261183103e-01
3.388760397423865034e-01,1.138189082188798273e-01,5.078869817712224066e-03,9.110670031040384309e-01,6.728675102112889883e-01
8.044193898508049390e-02,3.956472994171012642e-02,5.534957459636902395e-03,9.153527123042735081e-01,6.887594396181534462e-01
2.421712447734184759e-01,6.960847259922491037e-02,8.900664310761034065e-03,9.530244178107947217e-01,7.282590176454835085e-01
4.471259348793975297e-02,1.184834722296291554e-01,6.122418221011701259e-03,9.275435042549633469e-01,7.599657955885548155e-01
2.811035922959553290e-01,1.018156168122108518e-01,1.562686210540611964e-02,9.629031688711346959e-01,7.097377466262013712e-01
4.108449046925709003e-01,3.057534741910385503e-02,5.792545229168315907e-03,9.372751382679160859e-01,6.849248963267060564e-01
2.209620555847477408e-01,8.991247259342322051e-02,2.105291675990795391e-02,9.220734747665435549e-01,6.942617313640683241e-01
1.867451994402721249e-01,1.090702722871394331e-01,1.485924137891620964e-02,9.656394788327328227e-01,6.642675783910095832e-01
1.637654035839200203e-02,5.419921017705692234e-02,1.955908733344955200e-02,9.393907669642515001e-01,6.537724251635349537e-01
4.127432700792355025e-01,1.228766575526305388e-01,2.001405101871682468e-02,9.157612470509725044e-01,7.959693967995281616e-01
4.518815149183812163e-02,1.496185979755676118e-02,1.513527879340465301e-02,9.808808979270290385e-01,6.644614901548873132e-01
1.862293102777933668e-02,6.798479967953784120e-02,2.350725752506932498e-02,9.431758711940614326e-01,6.687331017665975041e-01
1.065625763356186084e-01,1.610510897227373228e-01,2.480481547710616103e-02,9.915070339722643622e-01,7.806446127619464104e-01
2.911255615098606170e-02,5.259767538072293580e-02,1.218429372029091774e-02,9.193400928515402803e-01,7.495257853578887186e-01
1.962455543946460546e-01,1.214301931506125698e-01,7.517282804984671066e-03,9.876350234606473544e-01,7.154108796867989506e-01
2.224016667393012292e-01,8.259591302835207760e-02,1.226476357295733927e-02,9.815909970699069342e-01,7.473535108588774678e-01
1.350925081332625122e-01,6.397556834063411468e-02,9.467077940285402449e-03,9.103915824088231190e-01,7.902477235295615188e-01
2.286204702462612051e-02,1.833102058940953571e-01,1.562011334123500350e-02,9.531681315650317732e-01,6.649065967153559020e-01
4.887655797891825304e-02,6.930908189799632468e-02,1.256775202504802937e-02,9.653682860146446387e-01,6.865566540762998438e-01
1.659523781576791590e-01,4.809850439591665389e-02,1.460898828573581679e-02,9.495482194727254965e-01,7.790450605206111767e-01
2.696670540458399878e-02,1.819509618124138528e-01,2.026375152152003201e-02,9.390263084185935805e-01,7.670959017951660686e-01
3.005233922866528684e-01,1.494429268312271741e-01,1.048041949083704238e-02,9.943842127363703431e-01,7.991385082335786816e-01
8.981181231414434030e-02,1.366781430259412788e-01,1.574949449279450936e-02,9.700820859742219637e-01,6.970863222608288945e-01
1.305887030081809286e-01,1.085745347130828709e-02,1.170322498657376878e-02,9.965869877564490498e-01,7.917329595707818246e-01
1.700799584094038197e-01,2.710978718243938976e-02,2.069921728241322714e-02,9.846230310853191225e-01,7.015533246942506906e-01
1.797255325866644327e-01,1.280296527981229227e-01,1.779073264815392644e-02,9.817131398216155658e-01,7.572639786778240234e-01
1.712443592489428304e-03,4.267713446872578587e-02,5.170094610212215037e-03,9.725632290300010308e-01,7.824114421432379896e-01
4.907818915844124746e-02,4.590195914044146314e-02,1.820102682210436584e-02,9.646079242145266797e-01,6.756173142887542671e-01
3.711259978448366859e-01,1.560485645533785382e-01,8.403240161331647015e-03,9.886862091112361695e-01,6.808457982552800214e-01
1.528983817608589590e-03,5.789906481855158771e-02,1.948947580406078586e-02,9.613409772663062958e-01,7.371437972048520137e-01
2.190037956437234090e-01,1.524587312823128329e-02,1.634677333690916223e-02,9.075288400925192178e-01,7.765737155053271668e-01
2.109963607915922579e-01,8.249957514662360075e-03,1.302965355446349463e-02,9.582563518993301166e-01,6.618424302833167960e-01
1.438973950735636109e-01,8.919241946181227787e-02,1.888132858414516904e-02,9.102835151586774476e-01,7.776321214633855616e-01
1.860392916428268983e-01,1.238085869592445709e-01,2.213186571737560393e-02,9.949301070122427149e-01,7.014680794317644796e-01
3.358693079989046870e-01,1.739081614449687896e-01,2.057487427724146584e-02,9.646668976101286930e-01,7.109339920958752668e-01
3.618763899662162942e-01,2.305007461149521930e-02,1.590758553143815229e-02,9.555646283413357089e-01,7.009791643531334548e-01
1.126895251251422703e-01,4.013789243137096813e-02,1.945388640519059645e-02,9.197821132733088323e-01,7.867219856911531473e-01
1.393483991751560958e-01,1.064303215705867528e-01,1.327829108785507153e-02,9.515767049874780392e-01,6.696191489874259162e-01
1.050251439491547423e-01,7.345756408615304600e-02,2.078052243126257345e-02,9.342531003829341874e-01,7.361411721764514748e-01
2.068613988364069456e-01,9.702495279785343374e-02,2.158103783245636509e-02,9.675386168008640597e-01,6.722162120938688368e-01
2.941178354356307478e-01,1.849008051478588932e-01,7.745876737527974953e-03,9.604409797459356746e-01,7.892891945142261889e-01
9.892048357380740786e-02,1.094334391190727590e-01,9.760627191878926828e-03,9.499307090007058640e-01,7.696896970303429564e-01
1.428856333415378099e-01,8.360900151180311601e-02,1.039977474698316855e-02,9.252741001444351188e-01,6.850728911391616993e-01
4.001350009457455559e-01,1.978985414332492254e-01,8.321634379641831489e-03,9.525743130401121972e-01,6.946667402132230551e-01
2.183622534434501508e-02,1.397791831000772672e-02,1.285070013794841620e-02,9.461696885745224384e-01,7.072272991944016374e-01
1.986701606477739024e-01,1.864905762258632360e-01,8.860664228992246039e-03,9.851265877462325182e-01,7.108126512943154784e-01
3.062583998450176814e-01,1.008307065710311312e-01,1.691078621853218944e-02,9.894337341362784422e-01,7.726014287948083092e-01
6.554477095815637588e-02,1.012475112156604878e-01,7.032308857952318699e-03,9.759249154108409208e-01,7.346800032963786142e-01
2.132345458235171756e-02,1.844709025064386332e-01,1.039838306053512788e-02,9.319639956612311149e-01,7.141923972337592685e-01
6.029010443292968924e-02,1.019574719390208412e-01,1.831041291892713391e-02,9.038089510418153560e-01,7.579166985404529600e-01
3.951751500246629689e-01,8.824301101549962556e-02,1.297090246266698402e-02,9.925335959243878348e-01,7.186797314515710466e-01
4.972446401261944836e-03,5.522522983132260171e-02,1.342925483706815595e-02,9.992012251658669575e-01,6.692360025327186435e-01
8.179012719406993093e-02,1.321045365966667662e-01,2.095850505916778753e-02,9.127020762322508585e-01,6.661233776404292817e-01
1.442062703480551100e-02,1.143593731049725587e-01,2.469023106581973159e-02,9.685616023783202300e-01,6.988935019692757988e-01
4.846004158418520252e-02,4.365474195260883594e-02,1.630135566508425851e-02,9.425146535489720145e-01,7.404305356422758999e-01
2.670440439635390906e-01,1.421731700972036216e-01,6.581343429272155064e-03,9.148520404839080022e-01,6.702261991472351355e-01
1.046630918490678019e-01,1.291732846099914733e-01,7.058059484472719095e-03,9.998101310965566979e-01,7.325201256046111054e-01
2.451919696347603372e-01,8.006944295710162474e-02,2.437001444058832164e-02,9.933228854461774171e-01,6.904414467213100259e-01
2.541938192066681146e-01,1.875783458806563496e-03,1.858469825496943117e-02,9.982608876282713650e-01,7.543120123412437872e-01
3.654077578955152172e-01,8.986964888506135396e-02,2.004938236667638818e-02,9.143896254370145193e-01,6.542394051764556240e-01
3.034057559193911822e-03,2.205565308920093975e-03,1.851527515371082996e-02,9.491924525322994466e-01,7.203535147220859747e-01
3.670954980578753357e-01,1.592469937050892959e-02,8.592352033903065400e-03,9.895774163321363615e-01,6.578396223521348896e-01
2.666020880771718393e-01,8.669137059368599296e-02,1.396724321649523912e-02,9.675158445779040717e-01,6.995761662912981516e-01
7.081695553902681017e-02,1.730205695288021192e-02,2.096160875238731527e-02,9.434601803291583488e-01,6.523362716430318731e-01
3.325901395100368529e-01,5.585742132364608648e-02,2.232725925884146770e-02,9.516694240879577382e-01,7.203648140866897309e-01
3.680058714281612686e-01,1.314427823432347264e-01,9.746710294927442286e-03,9.038601604701056447e-01,7.650523802717017485e-01
1.100790345305334844e-01,6.241445317927438868e-02,1.691923581667641174e-02,9.611517176814292629e-01,6.650330056618917185e-01
3.951624891072501033e-01,1.995320702301805749e-01,8.142038054769068500e-03,9.859715516700262583e-01,7.602834037991040850e-01
1.959622375981242004e-01,1.833441047490812492e-01,2.416553746243503206e-02,9.002793626541282235e-01,7.376292900638496963e-01
2.598690909089949042e-01,1.174766710125192126e-01,1.004408577984975195e-02,9.159964677647723930e-01,7.256907909704030102e-01
4.234146499219690885e-01,1.934224805883511533e-01,1.953270257207793265e-02,9.517990122005322018e-01,7.399224893420363047e-01
1.560989777362165043e-01,1.737354415920719097e-01,9.622258884537087525e-03,9.560964326020865434e-01,7.003845697593793496e-01
3.498453593568284226e-01,6.446080524925693056e-02,1.732107885757083396e-02,9.343352345166425765e-01,7.565509330652434583e-01
1.375932215484091947e-01,1.501696529510765654e-01,1.818528614045313019e-02,9.027934479994540462e-01,7.669498762881158394e-01
3.438626010415996581e-01,2.822952501678552620e-02,1.156856206909505358e-02,9.743600095549839191e-01,7.667335798380316980e-01
2.587148511920736027e-01,1.372257334513694860e-01,2.137667730852102488e-02,9.242925118245143290e-01,6.904189684090532575e-01
9.381659325169720842e-02,9.872528347242151558e-02,2.270741796494901016e-02,9.644577301900801869e-01,7.480860514534779515e-01
1.786171942355823938e-01,4.348361911312118890e-03,2.210139860507990064e-02,9.559146741077647613e-01,6.722143588617914833e-01
1.372656871419679625e-01,5.557173465568378268e-02,1.161596438929434622e-02,9.430838082459925831e-01,7.243129420394400775e-01
3.450850063147610503e-02,1.911210612634454686e-01,1.988680518025308028e-02,9.590289503278365268e-01,6.503943890089276536e-01
1.379911637277022110e-02,6.385046553260766145e-02,1.618981509738448218e-02,9.695038743970662010e-01,6.790380138512511765e-01
1.496393431696806109e-01,3.710943660498669527e-02,1.685256648984023373e-02,9.572244317945961534e-01,7.447601173748908954e-01
9.165649413701740938e-03,3.831875786786945876e-02,1.454850170516923738e-02,9.557525432102682572e-01,7.811542257804694467e-01
7.199424800258148738e-02,9.636343966374785741e-02,1.700522295937743206e-02,9.436077746857086668e-01,6.573542447879037187e-01
3.121036446450227153e-01,1.686871988934364464e-01,7.713083160714999387e-03,9.430034522472114933e-01,7.337829188261495439e-01
3.047711401082591753e-01,1.518423512615359738e-01,1.317694466234910558e-02,9.490965985029413687e-01,7.455162530157546374e-01
3.178509857902171443e-01,8.793354950001709691e-02,8.553435239758919173e-03,9.452077912156039430e-01,7.898586471774119433e-01
1.370587104147608926e-01,4.253664980395515521e-02,1.060211061942851508e-02,9.439024584307014187e-01,7.482715691967435356e-01
3.828183471034913299e-01,1.016691512033603140e-02,7.556290718442675372e-03,9.210370071210414178e-01,6.654549053706108053e-01
2.557533051042040206e-01,9.306343357706348129e-02,9.249912104440401531e-03,9.724837921055569101e-01,6.720116363816720506e-01
5.506530060930277942e-02,1.631402943551201468e-01,2.063858511575432028e-02,9.132952468909504296e-01,7.453646193330496494e-01
6.265530576442414346e-02,1.462067167252684430e-01,1.599672924355340434e-02,9.908710422668323137e-01,6.823429515144849855e-01
2.983379381528419305e-01,8.231155275782281455e-02,5.472862370244699695e-03,9.624846210772158850e-01,7.892458212315932586e-01
7.519294873365148235e-02,1.193458317116024708e-01,2.077048967604231203e-02,9.048900679123275115e-01,7.881030801178829925e-01
2.186285689786965913e-01,8.781305766829732018e-02,2.318936791858981425e-02,9.658998699748254646e-01,7.922983790235820223e-01
4.264712501734168604e-01,1.162242058482453877e-01,2.260858551565275362e-02,9.361514261505817780e-01,6.939428911718290571e-01
2.719262430602644755e-03,1.039835436343162917e-01,2.146033765746643493e-02,9.929764844380645217e-01,7.575424861940475152e-01
8.112735014051918742e-03,1.365123534249066406e-01,2.484432885601874086e-02,9.936075486489708286e-01,7.494520860402275053e-01
4.270332856481872663e-01,1.020340598630916779e-01,1.672803911075865929e-02,9.845928381852846467e-01,6.553405672006658023e-01
2.518100598435569770e-01,1.881815886353441492e-01,2.425175257029809836e-02,9.567848901973952103e-01,6.898347614519420024e-01
5.544437949744213112e-02,8.617760813475555670e-02,2.397688465002855221e-02,9.919177691305210987e-01,6.810150094519202835e-01
3.859426436945061489e-01,4.167344304902472971e-03,1.126477461006878539e-02,9.649808189072859310e-01,7.056212902607510440e-01
3.786831487547799302e-01,4.803833354638792352e-02,2.226867512111741637e-02,9.875129055471110195e-01,7.929580574817838290e-01
2.310299772247799699e-01,1.006207647632245406e-01,2.084945331117554410e-02,9.160053199271142033e-01,7.768402458437507763e-01
2.677487808102645417e-01,1.085737985258437427e-01,2.051597554802171361e-02,9.904180313431203420e-01,6.940136887052416048e-01
1.181973051538759423e-01,1.109245730730986507e-01,2.292561542583844078e-02,9.661590694565467263e-01,7.295047296648985435e-01
2.267294974359021151e-02,1.431958675557463423e-01,1.268380019840615464e-02,9.303273923138722923e-01,6.788399182379992736e-01
2.560695042141807876e-01,5.565498038088805693e-02,1.300109931774763930e-02,9.997813527180899884e-01,6.916150988443907632e-01
1.274499778839853215e-01,1.333158321292539639e-01,1.780104618407273021e-02,9.686883967354473768e-01,6.597504873522327395e-01
2.856934290172910007e-01,1.411024223507233444e-01,1.975609075628684264e-02,9.908416058020729222e-01,7.463909751375255031e-01
3.597491808654759149e-01,8.284486977154444098e-02,2.259474205315229259e-02,9.005585520977017477e-01,7.485381161744493195e-01
8.790873339262181979e-03,8.103165073011808772e-02,2.251690641318563821e-02,9.552338409549185894e-01,7.757752431205165999e-01
2.565612093401770655e-01,3.660603234563350461e-02,1.942679248772519879e-02,9.712532623572702750e-01,7.807327720140881944e-01
1.002193515256596112e-01,8.338348787481937585e-02,2.413785555643045699e-02,9.013736889118711959e-01,6.740089098790584821e-01
3.758981656007308048e-01,1.575764420496954810e-01,8.572572378924845152e-03,9.762559225122849904e-01,7.614561419244481044e-01
1.098220733150244155e-01,1.818856281044269052e-01,2.400679694360172492e-02,9.651448193167646572e-01,6.702061449240999114e-01
2.630203871579944175e-01,1.191290250722751298e-01,6.283829640672431230e-03,9.274759653592696829e-01,7.060572517618716182e-01
2.384690203984433099e-01,6.057469832750546346e-02,1.611243762383836667e-02,9.688944946347748388e-01,7.273304857338831475e-01
1.709554285254177852e-01,1.367756540132865628e-01,6.803939140162445186e-03,9.130901038996943608e-01,6.574204871130614469e-01
2.916993075843116734e-01,1.482890955305047886e-01,1.636001950396272914e-02,9.824037198768806878e-01,6.735145567318181481e-01
3.123551732929211178e-01,6.711034297735181398e-02,1.280219424911438822e-02,9.866225117258503596e-01,6.906674149985057021e-01
2.442163141920169478e-01,1.654830244364197955e-01,6.632188630047737739e-03,9.485476930278496921e-01,6.691313494451284205e-01
3.263631397522595012e-01,1.566547059552967497e-02,1.796233610048376603e-02,9.507442167948321199e-01,7.901144408309499489e-01
4.228859256009702139e-01,3.139989802405079595e-03,1.962395999245683531e-02,9.402054360866352045e-01,6.932478782130674366e-01
1.808678544094453888e-01,2.547118375377846466e-02,8.483708272399626688e-03,9.345333985203799765e-01,7.251757496763371336e-01
2.217561292588927369e-01,3.204566121767443709e-02,1.888873438617538064e-02,9.872898278853448062e-01,7.994801356888530108e-01
6.349577636780478519e-03,1.759068775565965359e-01,8.580950982954659023e-03,9.304873175787540251e-01,7.349964015396865946e-01
3.424962506571523346e-01,8.557135874203489201e-02,7.747928986305529717e-03,9.402850011854392287e-01,7.117243662488127454e-01
2.241786987627313599e-01,5.571140670210596169e-02,7.947265330494914654e-03,9.299916296444512565e-01,7.894688608886428760e-01
1.760154536246824608e-01,8.638594808137706194e-02,1.698156937908669797e-02,9.656712760792726113e-01,6.833746633049913033e-01
4.135687216535079841e-02,7.957333764742582916e-02,2.057581616253206444e-02,9.814218331111582705e-01,6.769251111258062226e-01
3.826626048987454287e-01,6.099087192961538673e-02,1.693787402947627072e-02,9.164335826944141061e-01,7.303046553561175491e-01
1.704581059773987162e-01,2.844201689998110058e-02,2.118702906036490363e-02,9.254742515895232335e-01,7.140952606747085207e-01
2.938275056317555256e-01,1.315271769328022478e-01,1.682954682140738387e-02,9.104107708528744736e-01,7.695479115973198336e-01
6.508151308193667328e-02,2.818427615315141632e-02,2.094642494696973695e-02,9.160183957026892809e-01,6.563015061956550822e-01
4.135047910731029508e-01,1.553094660818621908e-01,2.453045002266601368e-02,9.406881624455715185e-01,7.426588736616830388e-01
7.755151582156545598e-02,4.113591464281027288e-02,1.281919615936449180e-02,9.775876289709138911e-01,7.566018714346814944e-01
8.660351495388136922e-02,1.465428901195290345e-01,7.998843538537893372e-03,9.541617934968914527e-01,7.957875141235950522e-01
3.695036471792592092e-01,1.613116350333979321e-01,7.707936234099153558e-03,9.053276277887163381e-01,6.718644800359753200e-01
3.924979972368884962e-01,2.593987594511569864e-02,1.694955193313196079e-02,9.625086749683978704e-01,6.869364828064201678e-01
9.201123782749630331e-02,1.826240788931281223e-02,1.594206131710684121e-02,9.795304168888320229e-01,7.898664847353863427e-01
2.025445810270011804e-01,1.899649813600783332e-01,8.684707570840615939e-03,9.393467801576562692e-01,7.445943268224951561e-01
3.156693140574540202e-01,9.314631454376356978e-02,2.264209925335346901e-02,9.245012601372166738e-01,6.557073549103267229e-01
3.778188998048339076e-01,1.264168634996246932e-01,2.413496736908377072e-02,9.763937728197087385e-01,6.616016003383669020e-01
1.636136061710039280e-01,5.628827584231783920e-03,1.006431286206603375e-02,9.023906238960925918e-01,7.678160840941502530e-01
2.228013598584051291e-01,5.646332593071164141e-02,9.137658618021340592e-03,9.815591024415734056e-01,7.351211747684623932e-01
3.191963401129662703e-01,1.015741332573178723e-01,9.278437046150944667e-03,9.804259581544200186e-01,7.348123222428311063e-01
3.146573339840492145e-01,1.773574443644913845e-01,1.274843059382719038e-02,9.887985930694207504e-01,7.819798464966928320e-01
3.368898957811903849e-01,5.501644409531088187e-02,2.206454350597892786e-02,9.089479940623624854e-01,6.861646879056843007e-01
2.455016081972148101e-01,1.552630726518852144e-01,1.691921219882235733e-02,9.107758481904625336e-01,6.740646472733030636e-01
4.587987652924856163e-02,1.327803727234816711e-01,6.351068634653398923e-03,9.872752823927143373e-01,7.420708921433121219e-01
3.888045417866791698e-01,2.393888279334325034e-02,1.445958170344134597e-02,9.475262767162199173e-01,7.823634646480825960e-01
3.723306193687210830e-01,5.938165938560731327e-02,6.806633660561852046e-03,9.392338507410864512e-01,6.897875967001427799e-01
3.433837999660648843e-01,4.833494325128533109e-02,1.312428228016880236e-02,9.573293565130366334e-01,7.521941547187028787e-01
4.384100270195295107e-02,8.906298992708382156e-02,1.307040284606634031e-02,9.058583070156440709e-01,6.728568547787411314e-01
8.868647047793312699e-02,1.274315143664692673e-01,1.796705331419291493e-02,9.643716169896080492e-01,6.757863043743723708e-01
3.200045566311826573e-01,8.725053134619283057e-02,1.598907933926202105e-02,9.945083153589397984e-01,7.852265086794106841e-01
1.092710057565502227e-02,4.966277857460939249e-02,2.249509564678172160e-02,9.675719894167051915e-01,6.676947492359562863e-01
4.210873678604229453e-01,1.394798748774268293e-01,5.325503653309447000e-03,9.464535112309183651e-01,6.536518304982792404e-01
1.627950678725870182e-01,1.173097478475864791e-01,2.047997644189298097e-02,9.960880988611489073e-01,7.662410672166176662e-01
3.095850769533632918e-01,1.043434675757227009e-01,5.453166819116834867e-03,9.688516413903414115e-01,7.043764322787771093e-01
3.817679969613705926e-01,1.113294998917497003e-01,1.108579656952731959e-02,9.056960435710066371e-01,7.094987828303196409e-01
1.702962220163852791e-01,4.515822861247088815e-02,2.259326276359126945e-02,9.670046531813131230e-01,7.699786317362293797e-01
1.379078376092567337e-01,1.364057811573987922e-01,1.880828343354243315e-02,9.059695862752942253e-01,6.769903687366022327e-01
2.621499442973478367e-01,7.811260657221488768e-02,8.439933567322865926e-03,9.307229882789967990e-01,7.475490412281553532e-01
2.502444413379137367e-01,7.333009612627390539e-02,1.481569088223885777e-02,9.615683480402716921e-01,6.970292493256452504e-01
1.765210504010379655e-01,3.079710744508733916e-02,1.943808361955971786e-02,9.215616016186863879e-01,6.656402690970266711e-01
2.591613702672469488e-01,1.197706295755388423e-01,2.374686642679058740e-02,9.038189184594299652e-01,7.531244073455132249e-01
4.022786075440262232e-01,1.209302176987548105e-01,1.768642398436407609e-02,9.617953688779886656e-01,6.977996201826404121e-01
2.016176700928098975e-01,6.871982808963914002e-02,5.493508228658545468e-03,9.285857282883011043e-01,7.799906156420106651e-01
8.540239554202083694e-02,1.721101613162412947e-01,1.499403719392567239e-02,9.532964224339198767e-01,7.878553475347851442e-01
1.628213666568086582e-01,1.692461218443702398e-01,8.059232783416555093e-03,9.261145578904621534e-01,7.773577642881429606e-01
1.700718955324478920e-01,2.270180699000383037e-02,5.955591009498426881e-03,9.686428846928811787e-01,6.983527621153192699e-01
5.724562930824832196e-02,1.393126391741737469e-01,1.697021269363168522e-02,9.895701391159703597e-01,6.854873936539485069e-01
7.087187373790405920e-02,7.937311648081943338e-02,2.053843805020848928e-02,9.086564802795642493e-01,7.839200963611699935e-01
2.946771294858875345e-01,1.999432553615156927e-01,5.721211109928086083e-03,9.786318685454759025e-01,7.179420475814691782e-01
1.466359565556192568e-01,4.577970230724583145e-02,2.067178541931039004e-02,9.156095055120349047e-01,7.561609585337023542e-01
4.106514101061414790e-01,5.682431687748339816e-02,1.912775759623017505e-02,9.329409787179311353e-01,7.740746302115951716e-01
1.055030037588425840e-01,8.897915261658977115e-02,2.003973776336722898e-02,9.357365295824956464e-01,6.916529982301734547e-01
4.343861268996877106e-02,5.447431458745197186e-02,9.894567454314009969e-03,9.206309989018260920e-01,6.678646141902185862e-01
3.242534575271106556e-01,1.387066799109163417e-01,1.287190910986858380e-02,9.075234340863037596e-01,7.437241345014928839e-01
3.789644662727662539e-01,9.670071432411463108e-02,7.395016544144379644e-03,9.768486480262812410e-01,7.385288383644837973e-01
1.203106300978682847e-01,4.495488813505849751e-02,9.777819004689328880e-03,9.793627539273275229e-01,6.905300108987864061e-01
8.769579560591005130e-02,1.017684398278259628e-01,1.105579342954860281e-02,9.996833290378023262e-01,7.377060082078014114e-01
8.069367185969639200e-02,1.778687655066426565e-01,1.138873279073572206e-02,9.934604248995326792e-01,7.685535881717514561e-01
2.249432772862337837e-01,1.586867337231605279e-01,8.500797761936237235e-03,9.434642423384822507e-01,7.025016473516191295e-01
2.019507390948647452e-01,1.002669559609373900e-01,8.774235961422866686e-03,9.133388014541773403e-01,6.863476578388358895e-01
1.122996912975951778e-01,5.841002802524759147e-02,2.302940799584320478e-02,9.010700008019525420e-01,7.587501820414335185e-01
2.037926718846392107e-02,3.679740647580303364e-02,2.067787229631211712e-02,9.531517538497150666e-01,7.678808025022691996e-01
2.075597849999744338e-01,1.757981925601922180e-01,1.188955406982874705e-02,9.860566410832848350e-01,7.931434156803380819e-01
4.125535771356759751e-01,1.423232211592405649e-01,2.395287078961921487e-02,9.267903739580520828e-01,6.721378734376206587e-01
2.809307371228925154e-01,1.148604973263442353e-01,9.778454255846478343e-03,9.198941367988069384e-01,7.833896152832292570e-01
2.135723127936773047e-01,1.760074945447800132e-01,1.313640906900101490e-02,9.438953371770821832e-01,7.647648216784853625e-01
4.848689975870531382e-02,2.521636718744381042e-02,2.127050622869141455e-02,9.893532800952233863e-01,7.552849861896332451e-01
1.092951686457729332e-01,1.368153679144115953e-01,1.385772740407253262e-02,9.451673831770445178e-01,6.969580443785567958e-01
1.274580243674788282e-01,4.412575017023316615e-02,9.692506458162920835e-03,9.722712905997714650e-01,6.533289426782231679e-01
3.291007240685034918e-01,2.499491076218141386e-02,1.237070935242976649e-02,9.462526210174693198e-01,7.261325741179163185e-01
3.771089320265216815e-01,9.365609349137969664e-02,1.501442144749363244e-02,9.372958881442944312e-01,6.928654064728574369e-01
3.878043551800021138e-01,7.809119302310639499e-02,1.741288767320674918e-02,9.440912054496142236e-01,6.934731528390036814e-01
4.233799329395734889e-01,1.882935482557119289e-01,1.311212999163046539e-02,9.768400532673379155e-01,7.890707865788980646e-01
4.224353070518443998e-01,6.547192980361146719e-02,1.362608662239948518e-02,9.754406055878009907e-01,6.729453338079813829e-01
4.098366279574640059e-01,1.631655495513484877e-01,1.027887225602850535e-02,9.431758178615400334e-01,7.901348569385830967e-01
3.181169827573739756e-02,1.500165730932006003e-01,1.570694596834823487e-02,9.267617425428665845e-01,7.255710065016109933e-01
6.011342691302842822e-02,1.339168501416487245e-01,9.389124675390927641e-03,9.139127039083745352e-01,7.757418914091405160e-01
1.316161398582181008e-01,1.841596941190518644e-01,2.235052436216151961e-02,9.001369694375231933e-01,6.925381357162865292e-01
2.381933509936539628e-01,8.217699428188708632e-02,1.994734140532603006e-02,9.113257583073289814e-01,7.450880996127102751e-01
4.260351425465062208e-02,7.854456601059027487e-02,1.320557976828368174e-02,9.164655265191897771e-01,7.334882593585125843e-01
3.638468948971191330e-01,3.302853729272036548e-02,1.994455694065695381e-02,9.689937790981089094e-01,7.886249134126751548e-01
2.655884008241655714e-01,5.587665302351876168e-02,5.139918836187460684e-03,9.817915876928755559e-01,6.768947640263631715e-01
2.336743285876459186e-01,1.760755147561132994e-01,1.188978445284793149e-02,9.736945666231209273e-01,6.806854834613719207e-01
7.191855772456789975e-02,9.540204444936223327e-02,1.380602296293577044e-02,9.723232767202355520e-01,7.923446599180317129e-01
1.096465985176846708e-01,6.892931111595138050e-02,1.439597015091394552e-02,9.994320614724119256e-01,6.646946931179157358e-01
6.977385871738869816e-02,4.400629896135205971e-02,1.997462955420677838e-02,9.962597739320990797e-01,7.452023703565995305e-01
3.664793246939686000e-01,9.750708979847938496e-02,2.425614855123427865e-02,9.268847195129237271e-01,6.590846169822880407e-01
2.516337519662625866e-01,1.436164087224412467e-01,1.259994260885606218e-02,9.145100749548357166e-01,6.615486212180905490e-01
3.163705244059227262e-01,5.805171306595800773e-02,1.201199699055749415e-02,9.153298237935688642e-01,7.395723114352583671e-01
1.279980981884010494e-01,1.517855876417181782e-01,1.721030453160792353e-02,9.895606670711283304e-01,7.327051943231088771e-01
1.602673813108708989e-01,1.263277671702587868e-01,1.062507228383157906e-02,9.102346847955784526e-01,7.359539298130389762e-01
1.746827797389829962e-01,1.577249499454011494e-01,7.827006676303784743e-03,9.340144168881420184e-01,7.210478144824914448e-01
3.270464228781909677e-01,5.093101614610755223e-02,2.423081740984397645e-02,9.530346528421071994e-01,7.613539010872407697e-01
3.323394317123896657e-01,1.265746008018760471e-01,2.119059913618044286e-02,9.613450503683187431e-01,7.988282804547348626e-01
8.972300330351959397e-02,3.159332061827953980e-02,2.416999106048255824e-02,9.595732637814874399e-01,6.913671869585533702e-01
4.049201695406444701e-01,7.339559945076271075e-02,9.356657573678333131e-03,9.786407722139924825e-01,6.985159500972423219e-01
5.276113976334146499e-02,1.451476588737174722e-01,5.356184299393411917e-03,9.571693263542766505e-01,6.984574313514821942e-01
3.854363733597374053e-01,1.267020087304072395e-01,1.374523151476212887e-02,9.851046539331427265e-01,7.644903419458779492e-01
4.406973198376818585e-02,3.838428434216687585e-02,2.367217925983162649e-02,9.084630224072185456e-01,7.022023251685592937e-01
1.144875789839124580e-01,1.718101917464132933e-01,7.766506777435178144e-03,9.858965453560144532e-01,7.515105601373975874e-01
3.641392919731535338e-01,1.161684548669119493e-02,7.343710456691967051e-03,9.590003160777003099e-01,7.168831335517893422e-01
7.800209903647151166e-02,1.194479220148132598e-01,6.379055684916841787e-03,9.222932565850350262e-01,7.411707000534518697e-01
1.784206425319770639e-01,1.967802795460896481e-01,2.030035997863949629e-02,9.977743188697866250e-01,7.743523059207348958e-01
1.939896396760301400e-01,1.067694416367069715e-01,2.071853067667078080e-02,9.939734273728829672e-01,7.271088031331308654e-01
1.062160994269569364e-01,1.603336921719247243e-01,1.890752111326928289e-02,9.845725821673712019e-01,7.212759801270058890e-01
3.056951913731382198e-01,1.194410136646313347e-01,6.065836902446722183e-03,9.911596135613471859e-01,6.900461875407954970e-01
3.662225645935454077e-01,1.568345746696755416e-01,1.946576671630407748e-02,9.382141721045306193e-01,7.273856872729675960e-01
3.761927349980402902e-01,1.314632329357021678e-01,1.397257616923374551e-02,9.227804872449589801e-01,6.893618409364405952e-01
1.465692005209846549e-01,1.385352708929682153e-01,8.157888438732099554e-03,9.182903861659231781e-01,7.765355308576937787e-01
2.287348191494723848e-01,4.633441906619042983e-02,1.090252020969204212e-02,9.873759968510917862e-01,7.083296040292376139e-01
1.075663472583644892e-01,1.486223618010106273e-01,1.502293679865921924e-02,9.826631348901087026e-01,6.693661447752431437e-01
1.060176991650123857e-01,4.834406744620182994e-02,1.159302944539362251e-02,9.980938383334937436e-01,6.859951291889540004e-01
7.017799296347544680e-02,1.961474147533750489e-01,2.439498453483184698e-02,9.848252101454096907e-01,7.301872201200885204e-01
4.042681556364238205e-01,4.632965100127973967e-02,1.449483483414398463e-02,9.632365913926490553e-01,7.874431273744628701e-01
3.819472074717937815e-01,4.810011671593360238e-02,1.244301020504287245e-02,9.142281750871550372e-01,6.950842247862170087e-01
3.344868880175799752e-01,1.718759509762889659e-01,1.846330857936073419e-02,9.164847538354230494e-01,6.896579306148967747e-01
2.230767926324357386e-01,4.935418653060100885e-02,1.801090113711829518e-02,9.473699526796375281e-01,7.109839752215203479e-01
2.114707957545930439e-01,7.281965590476531525e-02,5.048785608105348273e-03,9.767795531144365384e-01,7.951631717438220059e-01
2.282608907922916153e-01,1.432133920746263833e-01,1.736947396601485824e-02,9.173275390177751953e-01,7.767829511692031508e-01
2.311876778245713082e-01,3.259096745875788431e-02,9.875379495380674083e-03,9.915517507928852670e-01,6.724501926612037606e-01
1.874275633353091608e-01,3.265527921067294670e-02,1.250467283175843262e-02,9.683790730486856457e-01,7.420629930650396444e-01
5.752282331069694110e-02,9.778532623005717350e-02,1.912697781469688621e-02,9.312309090446420079e-01,7.687796305016052489e-01
5.490979288060193753e-02,4.949565409231265062e-02,1.614772442021391446e-02,9.885759592160550113e-01,7.652015512055356794e-01
4.095151280977981090e-01,4.789593315823768155e-02,1.237310288310193920e-02,9.598630368180940398e-01,7.233268237631924613e-01
2.077911958625443811e-01,2.838545362284023571e-03,8.348207036742480436e-03,9.733158482025126013e-01,7.597747078511063457e-01
4.099251701843260598e-01,7.471946864839164315e-02,1.510964374495506538e-02,9.385442206255557585e-01,7.375379915889476168e-01
7.117448053763718308e-02,6.433186036906224370e-02,1.138732047014406543e-02,9.393550539313327841e-01,6.802167474278304482e-01
2.388447008251314840e-01,7.200006354507410521e-03,2.325855616816150176e-02,9.012617570481470386e-01,6.584080460954763181e-01
9.011070168781032397e-02,1.246254024645190445e-01,1.568693280578101201e-02,9.537902022755009313e-01,7.054249520075506208e-01
1.096161960283120601e-01,1.257043812186674492e-01,2.231927988340825023e-02,9.760796805833866774e-01,6.592908502921309699e-01
1.389341428854569752e-02,1.508929388295811996e-02,1.280362056967022585e-02,9.968824513586603819e-01,7.092520105881338077e-01
5.203097030755065439e-02,6.409127101898116907e-02,2.154874327575921275e-02,9.892226836708237769e-01,7.743318502356140165e-01
3.943279668729249843e-01,1.746883008670841730e-01,6.130738043441572548e-03,9.086991091352755179e-01,7.766441222605372507e-01
1.389376533459203145e-01,1.168512465806711143e-01,1.096238051136029859e-02,9.980520120356808356e-01,6.551110882010027225e-01
2.618874319113597693e-01,8.298297007838559280e-02,6.563518660893987930e-03,9.149480689000850653e-01,6.604303201264241086e-01
2.004910626233981086e-01,9.355528376435509608e-02,5.633003614297478479e-03,9.041114298392083359e-01,7.504800631386867593e-01
1.727935842102243935e-01,4.244771889272522247e-02,2.337724490646237926e-02,9.748929835468225225e-01,7.249998042413300370e-01
2.291791331874632187e-01,1.625644186408776726e-01,1.933737488799359625e-02,9.905886450329151049e-01,6.724037589095586132e-01
8.132550723998151210e-02,1.828869363847425433e-01,1.750220128936941233e-02,9.949782906025189666e-01,7.708294426598140126e-01
4.251110724648983208e-01,1.822221444077586905e-01,1.564985618823665908e-02,9.824976107766212330e-01,6.824744244059632869e-01
3.520540756739571897e-01,4.556294394676763809e-02,1.639108072433683935e-02,9.204906215711380346e-01,6.617223882043566929e-01
3.191526774418200763e-01,6.283731328751492040e-02,1.777380762772906922e-02,9.154002914494411280e-01,7.624260707150013472e-01
2.020977384189855952e-01,3.296393218709782469e-02,2.153159589480206637e-02,9.058968477571452960e-01,7.412188961947946408e-01
6.658428539219812814e-02,6.213302559283032100e-02,1.693777111591056664e-02,9.581969079894123720e-01,7.091664108096985553e-01
3.959656531993606121e-01,6.722826905239746853e-02,1.997161526221764849e-02,9.487221176163040948e-01,7.539089305675301667e-01
1.474550519067611420e-01,1.269880416758624730e-01,1.061956103659469908e-02,9.109283608436371527e-01,7.867071033036804328e-01
2.249576987998458746e-02,3.873962992807680750e-02,2.453523475632944303e-02,9.464827118671562678e-01,6.551273664149971365e-01
1.478911773517596895e-01,1.839599879491809753e-01,5.637944168740578570e-03,9.567323590534486666e-01,7.441519156513003441e-01
3.418220660827343549e-01,2.151679454697668151e-02,1.273153190554630887e-02,9.722954643510498540e-01,6.827250945523339887e-01
2.681420515999413112e-01,2.368724195832277481e-03,2.264099103007407784e-02,9.414197570033421281e-01,7.211206639912075556e-01
3.231097528555447740e-01,1.711340805974761181e-01,8.610459253723803247e-03,9.318352447078439571e-01,7.135971693325054988e-01
3.414695796769599001e-01,1.410501917454438925e-01,7.826761858673158406e-03,9.665679198154130125e-01,7.084969501751794407e-01
9.192852815355276319e-02,7.171661420084370075e-02,1.230861533799827018e-02,9.684223643045545282e-01,6.785534150371193007e-01
3.973030426039743102e-01,1.195044414761134988e-01,1.356389401033655101e-02,9.270428556669818576e-01,7.703974904667473256e-01
1.888975396528398409e-01,4.548527606700744630e-02,2.366788121323455674e-02,9.019823082237127254e-01,7.069280877391550533e-01
2.751368555343265965e-01,3.450954008042982080e-02,2.172239069417642235e-02,9.945690569742519083e-01,7.830794391404720667e-01
1.990463439712319114e-03,9.475867789260584984e-02,1.428179275381028304e-02,9.755286406459172666e-01,7.032002409419736422e-01
4.271550858183953414e-01,7.128437811447121963e-02,2.445950201763206003e-02,9.201104334463353629e-01,7.759570017018730947e-01
1.215045495786225421e-01,1.234307800565231372e-01,1.784556808318128740e-02,9.565665650993865343e-01,7.316699497287032505e-01
2.762507270572659573e-02,4.441168772764526873e-02,2.247317463963782735e-02,9.594947530676070091e-01,7.078437852289688470e-01
1.975944158191644817e-01,1.329226124115631125e-01,9.921139609736510240e-03,9.125988631995679556e-01,7.556048321896994269e-01
5.635389453109591190e-02,1.536054425402598456e-01,1.477928148599965547e-02,9.191657087339558663e-01,7.679981936905133644e-01
6.634815865759997877e-02,3.416059246266640870e-02,5.594344267128665768e-03,9.956706516463788015e-01,7.224036185411722988e-01
2.722493267899601666e-01,9.727798400165278692e-03,5.177603865328977116e-03,9.508010860020897903e-01,7.138130642575305496e-01
1.695658509836300565e-01,8.847788768496640810e-02,1.910906441878928996e-02,9.191442219393476387e-01,7.366128455558483834e-01
3.964747011164928558e-01,1.550307931124949856e-01,7.365872449312014549e-03,9.797574754094008354e-01,7.377745067758577635e-01
1.379181361868620503e-01,1.305051872792543921e-01,1.595616474221635273e-02,9.470573302533472626e-01,7.138218823782030986e-01
3.125312750766935932e-01,1.406744623625036661e-01,1.892014964420039858e-02,9.638412083272693831e-01,7.636494317663956588e-01
1.988116555364553562e-01,8.116502865868031880e-02,5.644691724592785370e-03,9.297501533638579119e-01,7.099582171630711702e-01
2.841191081844606225e-01,4.775416350536090815e-02,1.397482798291364153e-02,9.057904098256280845e-01,7.179497514323739393e-01
2.582693080311598832e-01,1.068239898136372906e-01,1.868303873971679727e-02,9.164944223564044368e-01,7.407977336419269143e-01
2.038243243136102223e-01,4.166877305609018034e-02,2.279461975709700175e-02,9.973036903145985343e-01,7.980273352895996819e-01
4.085762095938835214e-01,1.455195107000280819e-01,1.098460201203312926e-02,9.623588435828215326e-01,6.891029166521154270e-01
1.480241527418760528e-01,4.019632473593593575e-02,2.448433059368660542e-02,9.831085198574405215e-01,6.847929199867287542e-01
7.703403003593793652e-02,5.896139007615395361e-02,2.189082999319394776e-02,9.021519557923819432e-01,6.765330899769473882e-01
2.919023521174463065e-01,1.018024108862780747e-01,1.801270144163708703e-02,9.765462501154367203e-01,7.534166321462201221e-01
3.639372438010928801e-01,9.785527689455550404e-02,1.283851014492262341e-02,9.484952066541864069e-01,7.173641956127612129e-01
1.826885443422729405e-02,1.205690259049988639e-01,1.922220752398997104e-02,9.665307876871197523e-01,7.082909510111412565e-01
1.938924233333299552e-01,8.805147549948348640e-02,2.132386538140707000e-02,9.358205040340774605e-01,6.806135561223303210e-01
3.838772188758629578e-01,1.839751883935081822e-01,1.106599749773114552e-02,9.620868826818890218e-01,7.836707566105007849e-01
3.225863875179101337e-01,1.681468847452404769e-01,2.485660129814058761e-02,9.035619767787758105e-01,7.164759552833579459e-01
4.264855103774825018e-01,1.759435767960910446e-01,2.317238739509278056e-02,9.045588712536710707e-01,7.411539967229493486e-01
2.289765251752175768e-01,1.262737977092840691e-01,1.471002880685845157e-02,9.798836409905147260e-01,6.668794367438792836e-01
2.841381633656938632e-01,1.273665752563004905e-01,1.945659831550790655e-02,9.124465267800440094e-01,6.661958325027351746e-01
1.307640406081711781e-01,1.222305380594737867e-01,1.548017789237563641e-02,9.013983934586137226e-01,6.601031812495994355e-01
4.074927722567107113e-01,8.754194672986979897e-02,2.021861104394052575e-02,9.912456489636652934e-01,7.051019121257440236e-01
1.581579245907540621e-01,6.509909421238525840e-02,2.153964407755962901e-02,9.265531762743537403e-01,7.209329903287867714e-01
3.178210957425636751e-01,1.188085746023252037e-01,5.464451103140850405e-03,9.582382163296438993e-01,6.866867224173855977e-01
1.739471475670861522e-01,6.080835590551611665e-03,6.582640594012985347e-03,9.838916970538504891e-01,7.024516258815964864e-01
2.420203209970266944e-01,2.483829853336803895e-03,1.172934831753454088e-02,9.745907079425428776e-01,6.509390051035655045e-01
3.097867075242433099e-01,1.704767234330529790e-01,2.335227265264699231e-02,9.046627820810932974e-01,7.026632697892092327e-01
2.193327511013309639e-01,1.023838491074681445e-02,1.296547166286779462e-02,9.560948700858843408e-01,6.678757002246271668e-01
3.901400342441791458e-01,1.054342349163502057e-01,2.275024430403848469e-02,9.541797867095439534e-01,6.692576717560834165e-01
1.808801238210305806e-01,1.233825648269793740e-01,1.424867825263505944e-02,9.350080178210462556e-01,6.506759146340005406e-01
2.785938014034864962e-01,4.043607469486468903e-02,1.077705840623146769e-02,9.753562981368351092e-01,7.544570849097660403e-01
1.478734838857232170e-01,1.792504368147645188e-01,2.301290366124990674e-02,9.964005657975519847e-01,7.896925661074076785e-01
1.760992106711045946e-01,3.882905857792662979e-02,1.621341537837354962e-02,9.147186653935913681e-01,7.432318341278235652e-01
1.897814964321939690e-01,1.770184824859682704e-01,1.220968590060082619e-02,9.145224003744362173e-01,6.644303077891864362e-01
5.497121085597037049e-02,1.528350635972740013e-01,5.888140072556335980e-03,9.734736019460868972e-01,7.984474174088755927e-01
4.034945831631386870e-02,4.890784775131459816e-02,7.218662648964478332e-03,9.454416410166278650e-01,7.963377756314770073e-01
2.873531770299591614e-01,3.099808908894262013e-02,7.786206552830609792e-03,9.795218930579716599e-01,7.202351803486233273e-01
2.822171097491694147e-01,6.393030932706078584e-02,1.229672580821212710e-02,9.141077609647070279e-01,6.661803827609443784e-01
2.853882673961308791e-01,8.019216268778467382e-02,1.714665911488687938e-02,9.039857544142210211e-01,7.581108964470807399e-01
9.479805052014726729e-03,4.991115062328576463e-02,1.115180228843859825e-02,9.697934074851640718e-01,7.942202306725156813e-01
1.410885955061935704e-01,1.997794182021302434e-01,6.310552675296003666e-03,9.994711052954110553e-01,7.668049406208039542e-01
8.586042447419547918e-02,4.670081491167663024e-02,1.029617474634667712e-02,9.094798210295700347e-01,7.436304281856471743e-01
3.348269602713813131e-01,1.662963305695885352e-01,1.317363301799220204e-02,9.864337889450469632e-01,7.416247853556615643e-01
3.702104421989398375e-01,3.266443167100408634e-02,2.484539857344658306e-02,9.385289740773414824e-01,7.966877171308444083e-01
1.068258818300172053e-01,1.960686804299135444e-01,1.285973809501877313e-02,9.016789545293106833e-01,6.609679005229653903e-01
2.875072891457861601e-01,4.587916819833388893e-02,6.783908374948879189e-03,9.510021792971210530e-01,6.724334029385939937e-01
5.649664268359973901e-02,8.491602240193485418e-02,1.662229628947866841e-02,9.278854207124820341e-01,7.746217167109522572e-01
1.190404334831350192e-01,1.121542492868134039e-01,2.339280145252579587e-02,9.693403141520180455e-01,6.717669620479638226e-01
6.048277888413697290e-02,2.493685731606257172e-02,2.073391397723500090e-02,9.287830622435092609e-01,7.074944730393544212e-01
1.226304088710693241e-01,1.635471934283411755e-01,2.172436618374473313e-02,9.481700123433046690e-01,6.922248884082126130e-01
2.904619788128401936e-01,5.566242100348514632e-02,2.356463592204660965e-02,9.200565251344189344e-01,6.865167074660589730e-01
3.915302444694733208e-01,1.103047104187310917e-01,1.773087006771075988e-02,9.828101758043560343e-01,6.538582926662640515e-01
8.788211299947577826e-02,1.103771283279561394e-01,2.489845461306997368e-02,9.925431461868108318e-01,7.349376895302217605e-01
2.335519059938585273e-01,1.209254898128312300e-01,5.665631397593016635e-03,9.403335754216464171e-01,7.101859281250191280e-01
3.018967824334324312e-01,1.204171131833862290e-02,2.169679352287124524e-02,9.448880032567982257e-01,7.327385318955517146e-01
4.098037389803076969e-01,3.455513360448200788e-02,2.214021339044523404e-02,9.982683673211532049e-01,6.956762309746256090e-01
2.627159471585975847e-01,3.307725634174948220e-02,2.333400781523930004e-02,9.142115476724663736e-01,7.912191282581394480e-01
1.104408734107463208e-01,6.110820062375452860e-02,1.456338915271698092e-02,9.808619514590039001e-01,7.387020788362291812e-01
2.693301293160786369e-01,2.983791721480963388e-02,2.075511847241200136e-02,9.567278605850241258e-01,7.941810569798400943e-01
1.384907083598689304e-01,1.844623428340836646e-01,8.901607982423596216e-03,9.880734420904188076e-01,7.025008931387988209e-01
4.197590796067426355e-01,1.030779356517488449e-01,1.706260450356428607e-02,9.292428544826911718e-01,6.503434306019483246e-01
1.724610619852002258e-01,1.250914543928342004e-01,1.217290304726922900e-02,9.296157966220343072e-01,7.671898347443660837e-01
2.950484922064751103e-01,7.214014690422604348e-02,1.692347301323951156e-02,9.325819948055407149e-01,7.741068281840963738e-01
1.096463282675938858e-02,5.597298206574839730e-02,1.851121014316600699e-02,9.016631082322955626e-01,6.588055095800504635e-01
1.726263603918100353e-01,1.011322568762103857e-01,1.194137333492357664e-02,9.169892899078058157e-01,7.438053842693479467e-01
3.764211661153574751e-01,5.957027199213189156e-02,9.324765986057439310e-03,9.994586641119824755e-01,7.491526800560180943e-01
2.627875736618624503e-01,6.938553922022309972e-02,1.143375817718669460e-02,9.248948573783932758e-01,6.718600800571348231e-01
1.914514982638738372e-01,9.109742397990057416e-02,1.827914490214885279e-02,9.019917097760639102e-01,7.328786829278872705e-01
4.025171872579264010e-01,1.016410037496867508e-01,1.853748467345621084e-02,9.278540314038495884e-01,6.864798321019915939e-01
3.673592973671612749e-01,1.968784883445859335e-01,1.982633872048197854e-02,9.408390167984587160e-01,6.524677554806774804e-01
1.392305240700404956e-01,4.544119504422616113e-02,7.530732171454120050e-03,9.547787279282383688e-01,7.800366635564177642e-01
2.346112644757346877e-01,9.810725681164679524e-02,2.137034780508923273e-02,9.068566019865426098e-01,7.237542756839696612e-01
2.111346058636665024e-01,3.075283615837845139e-02,1.876295603081910845e-02,9.790428919704765587e-01,7.672548651366066785e-01
2.722148725492759547e-01,7.064984730888655695e-02,5.610101533812783189e-03,9.825501268197057714e-01,7.584339548343663751e-01
1.443337335253061515e-01,1.437448330225744586e-01,1.171195698870101595e-02,9.213160578871701922e-01,7.990557891521794520e-01
1.057639453285660613e-01,3.571796660835434289e-02,1.433422511812954339e-02,9.798418188234978565e-01,7.156930105851789792e-01
3.925362173246249586e-01,1.166889102024585984e-01,1.221234980773629533e-02,9.361426907441257050e-01,7.141325910135766231e-01
3.973421602848591916e-01,8.392350369003344357e-02,7.348337764168262447e-03,9.423110177882634275e-01,6.922633350576755662e-01
3.627855179918889617e-01,1.126432933649012397e-02,9.146925690100140421e-03,9.936388254314016955e-01,7.437720820104822828e-01
4.206497007979967950e-01,1.866819730542104705e-01,5.491227898202650712e-03,9.891904390960016835e-01,7.229168750832926094e-01
3.206013645594863459e-01,8.330702491828438638e-02,6.861543227051256598e-03,9.375110713190488720e-01,7.593141683212503157e-01
3.290422410530978170e-01,1.570013806144821000e-01,1.032600235449089576e-02,9.488110305722602389e-01,7.034767547662140741e-01
3.281511494519728789e-01,8.384638425762826197e-02,2.139940531271461444e-02,9.286523788032993165e-01,6.696267112413989420e-01
2.071806736742494992e-01,1.875347039941781535e-01,1.553275019874400531e-02,9.515434258348661745e-01,7.793653178179181795e-01
1.968179914466225422e-01,5.880359655135060371e-02,1.348995781382212114e-02,9.681907902834943069e-01,7.742070412947027469e-01
1.040570724679223541e-01,8.303389928785168128e-02,1.824325887917098085e-02,9.092667697275631511e-01,7.026500280673616539e-01
2.776274343801355959e-01,1.520139838115980024e-01,1.583021120650010549e-02,9.919841126175690249e-01,7.535527576267999628e-01
1.251183383879015121e-01,6.938979574089053359e-02,7.630278535112524491e-03,9.718873968144680076e-01,7.238604359413418621e-01
1.115998077623100437e-01,7.350705719570069241e-02,9.452467276483791578e-03,9.096752683161571928e-01,7.641458145696650162e-01
2.523774294872074830e-01,1.989698115094304665e-01,9.450447219812151828e-03,9.868988991978842051e-01,7.085198552996768706e-01
1.768824445485435159e-01,1.115672906123800490e-01,1.699905025224684313e-02,9.743682866242832086e-01,7.303458853086844949e-01
9.488948517289721996e-02,1.381867102803594760e-01,1.423248732378692982e-02,9.313126816832748567e-01,6.586724156097121252e-01
3.510880311869645221e-01,1.290489845965683557e-01,1.275170125121707389e-02,9.521433088297878156e-01,6.762364972382122197e-01
3.701844953772873148e-01,1.657569052841579016e-01,1.613278345763576038e-02,9.860130659189665359e-01,7.672648411662654766e-01
7.294309394176803907e-02,1.725031947889068829e-01,2.440231571565114679e-02,9.968125623090278165e-01,7.072348223259316002e-01
4.220517071199943529e-03,1.130879703615916138e-01,1.128386912111753633e-02,9.281077395947632258e-01,6.552658136344385875e-01
1.451997564991013290e-01,5.961665891831347680e-02,1.540390867267034739e-02,9.650558182327324541e-01,6.751454428567920107e-01
3.431321485070428223e-01,5.537249267418922240e-03,1.460740031288231336e-02,9.860246923992760371e-01,7.117397048128422110e-01
3.610055886145251969e-01,1.232662469617997192e-01,1.933286063491689716e-02,9.988166848842945367e-01,7.576869660525158423e-01
6.034317107978511702e-02,1.652682978198583008e-01,1.960580535965832094e-02,9.070718488646312139e-01,7.045227562710846270e-01
3.331901016075289323e-01,9.065742129682025086e-02,1.958141442826081061e-02,9.503621965820828743e-01,7.617778631568303815e-01
5.063708777574523617e-02,3.377652195768200000e-02,9.030391598774896444e-03,9.873665761839481858e-01,7.787090880942625359e-01
1.683368511771510256e-01,5.832833251419254628e-02,1.398186272722375459e-02,9.003158124299528442e-01,7.011704921308569149e-01
4.294034819401119085e-01,1.024877969728610616e-01,2.122349382058275058e-02,9.437235219605443204e-01,7.700563356281637795e-01
8.362146316606031138e-02,1.674995625765556551e-01,1.263060341081287570e-02,9.584198724119632473e-01,6.690320998895284976e-01
6.705037692580173569e-02,3.517887606761570946e-02,2.468510234579857771e-02,9.526490308556614384e-01,7.122925287607489997e-01
1.823813426625744138e-01,1.228178252661933229e-01,1.229573483584398344e-02,9.732772686334247858e-01,6.646343594422389200e-01
2.668377976410705732e-01,1.509203541761585388e-01,1.495333654683936309e-02,9.065522086953980985e-01,6.578791983192163739e-01
4.012144356552856395e-01,1.872734565466298295e-01,1.449051189605093590e-02,9.785416723585843579e-01,6.596791066228170353e-01
4.217722714336716860e-01,2.422403464409302390e-02,1.367327604938485194e-02,9.283170536133483752e-01,6.657128040622455334e-01
3.087583309770829815e-02,1.853519351987469310e-01,2.191262736639243425e-02,9.824229386523956054e-01,7.753588885124598207e-01
6.020093494225138564e-02,1.206920394997214180e-01,8.105504750960270885e-03,9.419487926779258613e-01,7.315515685450535432e-01
3.402265908013813456e-01,1.535736158990249345e-01,1.635329412827966206e-02,9.042918591802996398e-01,7.921082281665516867e-01
1.171011933241991321e-01,1.170116720414253811e-02,1.737203154710847269e-02,9.963914765671381124e-01,7.307000451968770349e-01
3.806002465282287139e-01,1.017234829724784351e-01,2.202442616138741704e-02,9.780549290497047021e-01,7.443066998465580619e-01
2.856214473512782015e-01,1.249033051420779528e-01,1.718400319852217070e-02,9.347816032282350029e-01,6.776725941710739498e-01
4.898142022131050932e-02,6.205993413469520353e-02,2.420040695575561424e-02,9.270027368218363151e-01,7.310871530950562303e-01
3.581550632323990402e-01,8.689839141214927842e-02,2.244335424521858025e-02,9.588963728450053958e-01,7.077953823204991002e-01
7.665688702346454275e-02,1.113053289206400176e-01,1.197479896705462912e-02,9.987294602823910683e-01,7.897153013210556072e-01
1.826795243175714789e-01,1.109570400148230107e-01,2.219812890581669002e-02,9.290166824179747485e-01,7.900881823672688542e-01
2.378873343519525563e-01,9.330443555960778179e-03,2.416955628186911315e-02,9.948271116746152387e-01,6.797747918753361818e-01
2.158286779554393908e-01,8.845687154919958106e-02,1.014394361849172560e-02,9.330387119618589464e-01,7.430196295907549597e-01
2.953638907988995199e-01,4.354981280365394919e-02,1.720417613328817028e-02,9.704097765257799768e-01,7.457263704456467135e-01
2.810026092589104629e-01,1.834223205389846068e-01,1.063607824684270967e-02,9.381734357792039791e-01,7.343802619187027592e-01
4.265860203715355348e-01,1.953394180345434938e-01,1.799134558164435307e-02,9.085052224008648425e-01,6.686494561992724073e-01
4.297519990571765924e-01,6.062973237406175248e-02,6.872856090940437576e-03,9.936189365613289359e-01,7.481022978261293588e-01
2.225610837306899736e-01,3.586189405296069665e-02,1.968376043738115019e-02,9.163927994716596359e-01,7.698627927386301195e-01
4.184040830621064966e-02,4.468132603872027736e-02,1.339639657190685659e-02,9.944691467997598400e-01,7.017839050779695054e-01
3.132447752575801547e-01,9.607269881523780586e-02,1.674614357352873645e-02,9.103306825928855206e-01,7.271827552916235726e-01
4.199888895549167556e-01,1.750266142235225031e-01,5.517248050469963049e-03,9.266947444956499247e-01,6.674491919523917183e-01
1.375620202928497238e-01,1.005072067725902851e-01,1.890882910420656551e-02,9.920923498694556031e-01,7.896033067230542324e-01
1.988586120243191480e-01,1.202302028134423148e-02,1.491982708270486735e-02,9.658540862907573077e-01,6.664306779758479848e-01
1.832293007458306033e-01,8.937234939915657955e-03,1.750502015375684020e-02,9.189483435841695469e-01,6.812565660002370960e-01
2.305881730492269355e-02,4.625079817894686696e-02,1.131335944752348208e-02,9.592093311455281990e-01,6.947717713700052311e-01
2.894014409948578170e-01,1.687114842442763440e-01,7.916403468428288154e-03,9.180391208035554307e-01,7.738685358773033096e-01
1.525818711843726916e-01,1.246746309494936589e-01,1.370857883992284212e-02,9.874442067670341494e-01,7.550983880753532329e-01
3.388220022169144419e-01,1.130286129034720061e-01,2.387958242572726583e-02,9.049828607338522568e-01,6.510521657004654239e-01
3.579795122959720244e-01,6.447494892394578514e-02,9.555880533076106798e-03,9.529777697777498391e-01,6.775342320739116131e-01
3.533080074504756918e-01,1.859556556041912778e-01,1.851678024070503234e-02,9.063473025829462681e-01,7.625226768787852771e-01
1.797497131591085651e-01,6.690447074746436185e-02,5.996870880690828055e-03,9.695022751067625677e-01,7.105751736501219051e-01
1.389430976813458840e-01,1.671539381179364125e-01,1.936199570533856870e-02,9.935797235193667420e-01,6.539320298700890266e-01
3.222441144771664989e-01,1.792848000772009343e-01,9.768743736029861929e-03,9.831066449671653773e-01,7.945875317480037836e-01
3.447960671185281711e-01,9.718366763001121122e-02,1.403034120458664796e-02,9.371727825152634805e-01,6.726849369410843327e-01
2.117494445018960614e-01,1.789635646266677926e-01,1.235506201189548112e-02,9.236904905479759176e-01,7.265699960070242103e-01
3.841103073810739899e-01,5.608385419081837742e-02,7.256806866347109697e-03,9.121027492386882818e-01,6.872474146467265621e-01
6.273683061770149449e-02,1.320282518104718972e-01,1.191163905023551531e-02,9.873623987382532663e-01,7.606203980338039905e-01
3.781205064736938848e-01,1.850478595635286772e-02,1.200249916586371146e-02,9.081109129047412187e-01,7.665089148570932709e-01
4.222485494493706526e-02,9.531290860438638990e-02,1.544211278059503395e-02,9.628829191577766844e-01,7.095830605287339887e-01
6.686244896142935767e-02,4.424902862951123755e-02,2.444703065879974893e-02,9.367267469496707299e-01,7.487674432188548002e-01
2.300173656945289913e-01,1.348989230818997340e-02,1.440035045021260604e-02,9.995778318370963644e-01,7.863610376819728520e-01
2.996542800040104260e-02,1.741376107446525627e-03,2.328852311265267733e-02,9.508823313518345310e-01,7.722213677738909432e-01
2.365424650064734333e-02,6.562567117172087017e-02,1.423115317125110690e-02,9.548790949703410691e-01,7.122346576467372126e-01
1.222541247087668200e-03,1.183165883128158014e-01,7.150866017498789390e-03,9.917888785014851161e-01,7.162214080844957476e-01
1.881798470088388853e-01,9.159083918258031920e-02,9.603057905518803949e-03,9.969636903250822524e-01,7.830317411040531583e-01
3.333136450743665602e-01,6.105209040537972615e-02,1.315035352115200701e-02,9.583636461094540149e-01,6.551559200639515135e-01
1.594565227008382102e-02,1.982488061244739863e-01,1.150737545940369588e-02,9.796182074742350032e-01,6.534217358470739700e-01
2.808185131738519802e-01,1.879654829559559148e-01,2.231658575064983385e-02,9.634766749108446549e-01,6.808693012347533102e-01
3.541216191715439998e-01,2.600500806066187789e-02,1.857291204393102593e-02,9.427400463993618196e-01,7.741432467028015463e-01
7.307236403990670370e-02,8.360637790703046024e-02,1.656616903837346971e-02,9.057315357274696721e-01,6.729819781425800951e-01
6.400454223838242251e-02,1.301205398647285738e-01,1.482459102473381030e-02,9.717743873541783151e-01,6.927918927422529460e-01
3.702836176832099979e-01,1.469646687084574244e-01,1.294541236578133567e-02,9.700262772360649377e-01,7.443603035210264451e-01
3.541204576685906269e-01,7.390805882698858742e-02,1.724384879664022860e-02,9.116702306688725388e-01,6.776364215092071097e-01
2.322060177273361781e-01,1.495100807343341942e-01,7.492143308887620062e-03,9.230068874956366409e-01,6.954674511865360786e-01
3.524367482171175681e-01,2.570585256922498091e-02,8.250663764338113729e-03,9.732128186874705600e-01,7.200369090684788365e-01
4.079235721510825197e-02,6.703071242628323712e-02,1.106232706793399898e-02,9.149711977594540135e-01,6.842163925651907341e-01
1.702325711957256293e-01,1.435702019754251102e-01,8.423692329221488598e-03,9.690935034432737183e-01,7.988620525966899644e-01
3.175151515696339466e-01,1.255108752618146473e-01,1.854197438049633509e-02,9.717977191204877352e-01,6.745169025981901934e-01
1.114468905499802764e-01,1.676048327574693464e-01,5.495366428124905979e-03,9.353343855939926232e-01,7.774905657380379864e-01
3.237491042919941053e-01,1.032454751076386165e-02,8.203549833335002650e-03,9.258181849779427708e-01,7.205149747248078551e-01
2.172926212836591431e-01,3.570395184678665929e-02,2.305216218997606717e-02,9.373039411103613050e-01,6.693685519580282461e-01
3.228641088297919959e-01,1.065042187212132674e-02,2.495086296444173901e-02,9.359196621392894544e-01,6.677729235743871117e-01
2.003475646407943955e-01,3.923073062559305491e-02,1.475180955656186024e-02,9.607019805704581916e-01,7.250444084076282936e-01
1.588309619551597496e-01,1.852279315954066807e-03,1.490740146043516637e-02,9.743848299718863570e-01,7.030280257203815886e-01
9.503217386933326960e-02,1.013378500340943872e-01,2.046797524474876576e-02,9.861752634850363686e-01,6.851903448669490748e-01
9.039473747562144779e-02,1.061345647180828439e-01,5.723791552411501733e-03,9.029992284002114067e-01,7.938408705748624117e-01
3.233895577351288964e-01,1.319204644997929721e-01,1.354042963801956392e-02,9.726551557369369494e-01,7.195069610949786920e-01
5.201253930656905139e-02,7.759757699300764977e-02,6.996557636299196095e-03,9.314186018289160041e-01,7.893216472058491862e-01
3.788642819759546060e-02,1.638330446351617250e-03,1.301852765312971894e-02,9.838642010710472174e-01,6.745999589097227966e-01
7.662899559449383446e-02,1.351043397271197988e-01,2.467643682257749868e-02,9.075716959741011447e-01,6.775199100845018529e-01
7.622365341373248115e-02,1.180392646183460459e-02,2.007266561606722149e-02,9.551174510173066068e-01,7.394041536413678006e-01
3.541131701841599977e-01,1.733679157327310538e-01,2.470091751370435962e-02,9.548673589754013147e-01,6.904813463925234540e-01
1.719593414704371215e-01,5.508143553879535186e-03,1.992097251341203371e-02,9.326511462175228750e-01,6.777406783416890512e-01
4.258766482076469795e-01,1.065645495280698740e-01,1.716220143613176805e-02,9.970306597353365552e-01,6.642028078119966983e-01
5.986362959217271518e-02,1.790886585947186471e-01,2.008441665854486871e-02,9.106923151168687669e-01,6.614406005460745641e-01
2.813685852225729644e-01,1.149254255819672499e-01,1.818183345941969467e-02,9.136397233534921947e-01,7.629752578120140294e-01
1.935049585893365010e-01,1.220749325622420695e-01,1.428132059803816772e-02,9.644259598188275051e-01,6.923244719554725313e-01
1.695618978030447310e-01,1.366405588191437481e-01,1.085092668010420071e-02,9.514299224643653075e-01,7.967628729961452327e-01
3.764111213942012979e-01,2.535936069836293785e-02,1.540356118668709945e-02,9.264467128552047459e-01,6.774681691218686908e-01
4.195305320603834320e-01,1.353104930613013568e-01,1.016986947802861127e-02,9.304271796457441734e-01,7.031669975035772513e-01
3.754564933141226746e-01,1.761906215205502335e-01,1.473352692884290563e-02,9.157023308708819309e-01,7.062362929223500174e-01
8.349699130607207698e-02,1.948699457342280006e-01,7.922708118421720874e-03,9.867764138911873095e-01,7.250229189105245053e-01
9.572230819863269957e-02,8.916734787231106463e-02,1.630790197940081704e-02,9.569518873139690740e-01,7.805953803469181107e-01
2.824556941317821757e-01,6.955646548383183358e-02,9.905673816242095003e-03,9.244834576153831973e-01,7.752155314946280740e-01
1.250168565227842421e-01,1.509086135036671050e-01,1.087216207883139399e-02,9.393420757709343150e-01,6.514934496295693434e-01
3.161970811048687713e-01,1.090319833309675995e-01,1.498056283564776908e-02,9.906685054304883442e-01,7.113882600437394510e-01
2.439944591973375598e-01,5.220362623655106643e-02,8.250525060431616181e-03,9.886841161653062704e-01,7.741905096560873778e-01
2.373398616823828577e-01,3.525941910897089498e-02,2.424759767271838368e-02,9.069106691113207885e-01,6.500296711740065625e-01
3.564466307558391001e-01,3.487582981795599862e-02,1.393888630785752175e-02,9.654100138279703147e-01,7.300459358327365811e-01
3.058185590776087981e-01,9.237623028462425834e-02,1.204558459253502259e-02,9.152971170969723680e-01,6.889213431999803294e-01
1.240186118383813929e-02,3.485475671751437493e-02,5.583932101851618937e-03,9.210883365548256929e-01,7.119152823863150736e-01
2.221796983564073083e-02,4.924069858285668767e-03,2.186508726224465834e-02,9.864207592246416745e-01,7.130457049818212933e-01
2.590685761036307100e-01,1.136566621896830873e-02,1.751667830612768650e-02,9.895190317475958119e-01,7.087631661076272405e-01
2.095764004419561899e-01,1.860470242466401858e-01,1.332810309682594396e-02,9.082691915893948975e-01,7.837925183316895028e-01
1.126192171421433047e-01,1.551930689086701565e-02,9.910655986769514175e-03,9.873923329478693223e-01,7.304695413454301844e-01
1.806034614580498965e-01,1.556295742561095152e-02,1.990274837350770529e-02,9.728493552843224812e-01,7.855620085741977787e-01
3.261435267363971824e-01,9.078650066117295581e-02,2.390949151483334409e-02,9.775710363266698621e-01,7.590113610982026637e-01
3.556163269182519571e-01,4.977495618467148164e-02,1.261619411304040414e-02,9.791815327645810862e-01,7.026680106461008490e-01
2.417646961248289539e-01,1.925760765823270604e-01,7.697521367584625636e-03,9.507233271737995928e-01,7.240345522323432537e-01
1.663235072876971810e-01,1.822861820600630567e-01,7.183894945454747175e-03,9.946907642988201959e-01,7.084787807307937335e-01
1.171289106814009107e-01,8.154390648558215715e-02,5.127239446677718700e-03,9.200359603980595713e-01,7.742861417300482829e-01
2.249030239600097458e-01,9.029757236383559316e-02,1.987910881543443822e-02,9.504965107517543421e-01,6.781396717956446052e-01
1.360275863641194349e-01,7.564761696203847752e-02,2.462790771803341147e-02,9.318552579888405019e-01,7.904618423392327786e-01
2.429968137932586314e-01,8.535357211982516970e-03,2.485635505507136425e-02,9.822431242802507345e-01,7.370636741377873946e-01
2.912838720966345329e-01,5.927652101168703197e-02,2.068394508685851216e-02,9.082700712128777276e-01,7.417636930952126173e-01
2.934798148442038443e-02,2.541202045278484131e-02,8.243675565920871584e-03,9.433678486924268469e-01,7.275202100377957670e-01
1.457942494758565112e-03,2.137169567300942902e-02,2.455418911826243167e-02,9.773477656245329603e-01,7.331744715567376502e-01
9.206689256267872046e-02,1.126114530143411813e-01,1.155626886003901892e-02,9.312340911557739354e-01,7.501513124634241469e-01
3.847454325213570669e-01,2.065420668499888882e-02,1.167239218985087305e-02,9.240476284270449092e-01,7.482552882651289927e-01
2.782587374250518608e-01,2.148333343525745884e-02,1.874673905784877970e-02,9.262549154794896822e-01,6.821220633304946324e-01
7.477099098098280439e-02,9.662222924905036758e-02,5.980983741489027776e-03,9.713590107406545604e-01,7.373660241309611951e-01
3.829232396223324342e-01,8.901419065940512076e-02,2.151539459815118502e-02,9.286782675838830547e-01,7.031939661032664546e-01
2.026110983832688506e-01,2.838932224134150736e-02,2.494594552975488294e-02,9.402683545462979797e-01,7.455545458704317952e-01
2.052433636151454188e-01,1.885355936963737083e-03,2.050139556179834954e-02,9.545668087439177496e-01,7.321751870401878026e-01
4.023474939084990543e-01,3.940191391180093011e-02,2.063352982414666525e-02,9.940760078946692113e-01,6.769519900568738979e-01
2.651979094665286862e-02,4.794255858222611077e-02,1.280627341133101955e-02,9.794347559886928956e-01,7.602100876308554023e-01
9.331147981572024408e-02,1.602494402781646510e-01,6.318427780313138481e-03,9.185281664224017595e-01,7.185520171219235142e-01
2.522958984913759029e-01,1.831722317549157875e-01,2.085334868468846636e-02,9.883084232534435909e-01,7.327162328429206450e-01
8.486371261067975069e-02,8.178293510010598011e-02,1.694316173809600964e-02,9.844767433185203087e-01,7.508964297387219489e-01
2.925170869506428795e-01,8.160031857369459685e-02,2.318677378244168863e-02,9.745224519554869236e-01,7.479307660875705865e-01
9.284559212545295814e-02,1.427837754682134974e-01,7.319258003336650761e-03,9.516905974771945331e-01,7.623393230135067089e-01
4.353834038689135405e-02,1.257574811252331060e-01,1.110246126188216623e-02,9.069814955257311517e-01,6.810127592964676513e-01
8.979663348592024918e-02,3.764389715198842440e-02,1.221312307446772993e-02,9.711505241389165599e-01,6.665586850606035618e-01
1.823529007027147042e-01,2.243013533687641253e-02,1.866559417089383097e-02,9.518342170422826598e-01,7.503769362011516453e-01
7.656333034525127090e-02,8.808476624035511959e-02,2.075490326206310202e-02,9.309774925817956293e-01,6.853977419998523724e-01
5.878287869211599320e-02,1.134008442693898444e-01,2.422040817168840537e-02,9.009938000018273829e-01,6.671907302824739983e-01
3.700609291879256024e-01,2.860281302860304478e-02,1.090814316648308982e-02,9.231048980776348500e-01,6.696856239214111772e-01
1.384504003432450725e-01,5.936142518828046999e-02,1.487272817128494629e-02,9.605690177579392364e-01,6.969200185849271367e-01
1.557654765163307975e-01,6.188265628968440263e-02,5.579218601625968166e-03,9.112306586331956337e-01,7.987680572073867502e-01
2.471100567602665596e-02,5.299834200380864474e-02,1.005975756217775824e-02,9.655418706611712532e-01,6.735890490030628230e-01
1.543115684823812284e-01,9.269149199206641598e-02,1.248007016239280689e-02,9.819672088822011258e-01,6.947804843447702439e-01
1.146022790709576716e-01,1.309596532796279689e-01,1.687612413050896404e-02,9.318178340736251730e-01,7.881101227823215094e-01
2.628980938896272601e-01,1.023685868395824844e-01,1.441690987198348053e-02,9.081985539454964229e-01,7.944962094711204292e-01
8.911243770146247412e-02,4.108985588722149918e-02,1.228950119553994663e-02,9.139698790426218356e-01,6.843265041727277787e-01
3.821087793639585950e-01,2.148487036243255238e-02,1.748155933058683290e-02,9.357908932534905189e-01,7.820679045575986699e-01
3.998269803744891049e-01,1.645522221168413679e-01,2.157231354234000892e-02,9.813434252758427290e-01,6.708376916784520860e-01
4.382752352884299041e-02,9.638163186083935352e-02,9.833622659695784307e-03,9.634278719712755512e-01,7.642304616950773566e-01
4.707586824779962098e-02,1.336569764264156426e-02,1.185751758520824616e-02,9.867887648096185238e-01,6.519512240971057082e-01
5.047504194961383722e-02,5.236617843026204755e-02,1.909847299374039728e-02,9.994427112631124599e-01,7.109929443861440213e-01
2.667952109571238295e-01,1.610027218984468045e-01,2.055881197517060721e-02,9.202566202899159498e-01,6.871002810076082268e-01
5.332468564592821730e-02,1.505935386299364354e-01,2.150793743469294611e-02,9.694821436236793488e-01,7.556012021238684984e-01
3.666720143920842445e-01,1.752875099465781850e-01,9.186624377940573807e-03,9.466516700062936884e-01,6.524084197032776755e-01
3.245824799083558698e-01,1.208154773743367327e-01,1.578533922488831176e-02,9.493478060946820563e-01,7.197352559077300205e-01
3.526980001841123480e-01,8.515828093725295866e-02,2.300022197050568748e-02,9.325581403560804228e-01,7.545093537117403271e-01
2.266799660341029532e-01,8.590036451333568635e-02,1.283900910182983468e-02,9.342512214999411091e-01,6.570057309875274587e-01
4.285745237417168396e-01,3.960600885409580607e-02,1.359766180443111247e-02,9.676281948397768007e-01,7.846100273194959174e-01
1.995111916304518479e-02,1.305089933420585102e-01,2.469645887801371828e-02,9.620802917196016324e-01,7.041796111094673627e-01
1.731426696358426276e-01,1.174286824624779513e-01,7.261052920650108711e-03,9.318503570627433286e-01,6.747898748363364563e-01
1.399688309742459225e-01,3.181801787433834183e-02,1.911203978923272165e-02,9.118580918819085834e-01,6.838196744045691444e-01
4.079689189477229694e-01,1.772469210890295910e-01,2.200368254081783853e-02,9.578241287308202345e-01,7.008358893170695270e-01
2.484733511954673457e-01,7.432517245880881918e-02,8.015870332680348140e-03,9.739396344964885710e-01,6.797562652733438737e-01
3.468559241757871447e-01,1.089801433869263050e-02,1.928906472014474752e-02,9.558621790214509861e-01,7.265868130872804587e-01
7.407637207950458491e-02,6.624830323517698349e-02,1.439476444020884593e-02,9.003650673456641274e-01,7.449397604749034008e-01
4.208340477332883078e-01,1.741014862276036024e-01,2.205781769349286769e-02,9.282315512473803265e-01,7.150145163324986841e-01
2.149163656099392083e-01,1.834743605864951332e-01,2.314904633671812512e-02,9.778579339635011802e-01,7.140548224842683256e-01
2.127853207201070573e-01,9.858928503466707349e-02,2.244969806309147012e-02,9.742548205276738704e-01,7.672549279053053617e-01
4.175095485461215450e-01,1.913116480746101800e-01,6.287702751580255545e-03,9.010410252541493081e-01,6.951525069436828019e-01
1.643341829621552119e-01,1.751731200331832494e-01,2.013710553629948635e-02,9.470296232760178068e-01,7.434153250860863205e-01
1.715382355340919762e-01,1.652209127027458591e-01,2.343055149971658840e-02,9.437318172650339676e-01,7.839382377565209392e-01
2.518589095033177960e-01,1.720823028717590186e-01,1.742696881341862167e-02,9.652281376290942072e-01,6.832271547644018783e-01
5.593456992500059344e-02,7.699320702159587193e-02,1.701752120956980321e-02,9.124980040064998299e-01,7.429851095036685837e-01
1.387457337306857441e-01,1.515373192103531830e-01,5.900107747962219859e-03,9.621415232882269963e-01,7.921957670082176994e-01
8.388637032896099910e-02,1.158904616121537168e-01,2.212066044411876986e-02,9.946918020161050755e-01,7.294692882433182479e-01
4.530861253692428092e-02,1.442171163463210337e-01,5.928071216583230552e-03,9.371749534615250177e-01,7.965346585545696190e-01
3.725760361160075917e-01,3.637943540857415531e-02,1.127019212769347911e-02,9.337356417659757879e-01,6.965069066277195242e-01
2.538230702686872231e-01,1.465473884432134666e-01,2.351726130574431292e-02,9.028273514371878417e-01,7.346440838999297451e-01
1.548706275654739006e-01,1.915608944046401918e-01,2.399490285459024430e-02,9.057395058955431955e-01,6.966553626801429422e-01
1.763191628903197916e-01,6.123000115390448556e-02,2.483801080951845291e-02,9.931572446929718412e-01,6.505579137601100737e-01
1.861216525818751300e-01,1.972461034671698088e-01,1.452804571225772487e-02,9.975501846538689099e-01,7.995962150668487478e-01
2.726209991400803112e-01,7.629682694626885309e-02,8.548590927620216759e-03,9.005641700436587405e-01,6.860090102055914629e-01
3.985840689487781252e-01,4.074497590718554468e-02,1.475888973658167833e-02,9.900679686343164532e-01,7.959652977855098399e-01
4.011624568328455154e-01,2.334495973024744084e-02,7.046258501660985010e-03,9.173960030680821109e-01,7.479549239970690877e-01
1.689500592186545802e-01,1.572074207443473759e-01,2.245072217939939746e-02,9.561358718656429723e-01,7.855900413422859385e-01
1.422535951674431531e-01,1.114102546749371064e-01,1.621074466533009573e-02,9.678140923528749662e-01,7.950804120580450274e-01
1.944989485794744177e-01,6.211912743874374587e-02,1.309011798333510612e-02,9.359058710560579364e-01,7.351743809512975014e-01
2.446437848538232929e-01,1.220816235889578272e-01,6.590614049616087995e-03,9.528988091770717039e-01,7.999537016451887528e-01
1.991198840119419999e-01,6.708813638035994453e-02,1.310481353633261015e-02,9.627542188155305825e-01,7.650994863913055388e-01
2.836052128113646931e-01,9.022319370836329178e-02,2.232383216780218019e-02,9.193926299384793666e-01,7.285721834140360675e-01
2.388371810299186049e-01,1.726701610248651542e-01,1.906811864954425367e-02,9.994256621585682066e-01,7.482414926286329315e-01
1.385869695317586414e-01,1.339651288949738062e-01,6.649110350219331576e-03,9.203881835585485671e-01,6.791407035989899255e-01
1.493185156721693885e-01,1.527179661012385836e-01,8.198143994523517109e-03,9.010338464686619142e-01,6.516548932160525220e-01
1.634163058631245558e-01,1.171152167424456825e-01,1.284616981415009213e-02,9.944284592104748466e-01,6.885184021410712951e-01
4.160046057898774546e-02,1.982882117282386003e-01,7.027501653718373070e-03,9.429127700864142758e-01,7.152456292579860708e-01
7.224086930559446562e-02,4.904060319188764672e-02,2.368082383986542042e-02,9.398619718926478628e-01,6.842078880292631338e-01
3.112158211203706615e-01,5.319594098304413626e-02,1.804584089261751859e-02,9.275671318466323090e-01,7.271053846979297353e-01
1.679224892429723170e-01,1.941922880892824402e-02,6.896460026078901281e-03,9.025831926791167970e-01,7.486916213337000414e-01
9.303721922830161806e-02,1.112498809120714000e-01,2.076114924760921396e-02,9.264568193380151584e-01,7.483690773650056860e-01
2.423864641366137718e-01,1.230584880452652158e-01,1.236811857143885890e-02,9.393300342565982231e-01,7.840646645799693726e-01
3.251264637211002673e-01,1.454663530068651400e-01,9.897412891064417961e-03,9.520329248866722383e-01,7.949478644724814469e-01
1.114341934461643285e-01,6.775373926390294843e-02,1.639969883879382334e-02,9.457644220121982359e-01,7.836042520039833148e-01
3.556928593452863829e-01,3.439103571140412954e-03,5.267442662410826495e-03,9.879036207704022798e-01,7.430262439020389742e-01
3.988995847791462768e-01,1.268136778805756815e-01,1.430795320208510038e-02,9.911329861930149310e-01,6.808646231886693601e-01
2.572822529726776497e-01,1.997404030115561557e-01,2.187609986190339195e-02,9.317154921815715696e-01,7.915176738754891028e-01
2.879785457073876231e-01,5.961532140420850584e-02,2.356115191971136849e-02,9.959554593875459272e-01,6.762290592150960178e-01
2.355509984859075617e-02,3.760295604133492842e-02,1.185109408832879518e-02,9.864934172120354283e-01,6.727141073765697810e-01
4.066280332483978577e-01,5.707162460744429067e-02,1.784873176330088740e-02,9.927634816534749440e-01,6.976353991858152970e-01
1.693759509996608792e-01,8.565767948063239545e-02,9.536468767376671957e-03,9.706330882387796954e-01,7.360408342007432880e-01
3.973532718339893854e-01,5.093167286156037588e-02,1.620426141969418324e-02,9.198271843325541708e-01,7.522208947978706872e-01
2.493813581178540573e-01,7.004504504813845178e-02,1.008055452306378177e-02,9.195227792657774124e-01,6.519939016018454492e-01
2.981464703787544378e-03,1.280031409772931783e-01,1.642713017254905997e-02,9.908651563083943348e-01,7.667033407579625370e-01
1.753451770975392177e-02,6.966056938168033175e-02,8.434442345864618523e-03,9.507045459934443388e-01,6.762529323630863676e-01
2.928996676323964987e-01,7.981573001194727790e-02,2.382465113521486932e-02,9.890467307153737453e-01,6.944727277269532317e-01
2.423845779338993089e-01,8.966221297053524053e-03,2.273834952814583407e-02,9.720547879189317397e-01,6.983130088693477733e-01
1.238241556140589478e-02,1.836705578229510805e-01,1.173836498897679742e-02,9.212512304335067626e-01,6.998668998348114290e-01
3.199443233644033158e-01,8.197030602305588332e-02,2.053325777849885139e-02,9.384759820062953395e-01,7.640551403314207457e-01
3.665703496026789243e-01,6.630055969092407686e-02,6.910082614643891022e-03,9.967825215022507734e-01,6.561416543303270066e-01
2.139630999664632605e-01,1.821035505283151792e-02,1.980721817410847907e-02,9.019582761443504237e-01,6.794776727588479615e-01
2.008099419132623742e-01,1.272024598636415371e-01,1.064918259225408267e-02,9.714583863092743909e-01,6.533478846728671963e-01
3.347963690055189880e-03,1.729011651024872365e-01,7.712835373517246129e-03,9.978779697075206290e-01,7.667449185067649609e-01
3.384727266597540862e-01,9.189486810427662661e-03,1.856382435807227282e-02,9.104146945923627943e-01,7.975583507547685524e-01
1.428771926340792198e-01,2.990922100584106694e-02,1.439613635638778422e-02,9.271992854946878859e-01,7.489320738899847285e-01
3.779895928867094690e-01,3.013157594835525963e-02,1.560279203460887901e-02,9.547013120681191456e-01,7.385208771378217740e-01
1.610429920624047440e-01,1.208526962142107974e-01,1.541059568275841840e-02,9.843764927746698756e-01,7.862099320082754916e-01
2.434184236605726748e-01,1.843248700409554075e-01,6.188959642120390667e-03,9.506511869837728224e-01,6.882430979545224314e-01
1.169766271375115019e-01,8.811590504603641905e-02,6.027604981853540086e-03,9.059596046994571328e-01,6.599693457707007660e-01
6.989238609893011489e-02,6.941748319057627903e-02,1.702335007896193728e-02,9.127184323331153371e-01,7.264954857458323367e-01
3.334354905505896860e-01,1.534022964337415640e-01,1.747729284710833331e-02,9.375943368832564406e-01,6.890523054760743227e-01
2.140373154250548027e-01,1.487712432893746328e-01,5.943491130302291925e-03,9.322540673760548735e-01,7.176622422021353698e-01
2.311533192897155531e-01,5.010447171616472239e-02,1.256878663775635660e-02,9.219678631179211159e-01,7.184449775872714383e-01
4.151634440436645090e-01,3.300444609926932865e-02,1.725702559120854962e-02,9.840128736185790315e-01,6.978247736102104470e-01
4.143757823433039111e-01,7.220419645065591363e-02,1.813361311506152609e-02,9.026881683748735341e-01,7.229486872374580875e-01
3.680704702103311243e-01,1.553450750530996072e-01,2.156551518553103189e-02,9.829344247777077603e-01,7.070227820824852571e-01
8.148438659619940128e-02,1.393176145930806742e-01,1.341464567193761601e-02,9.921680173645762713e-01,6.669589005172815721e-01
2.559429858553777803e-01,1.335048875648848499e-01,1.596515562293937540e-02,9.630111024551064602e-01,7.800088561108670104e-01
3.777252451772255548e-01,1.660562834724775838e-01,1.657120751217634400e-02,9.625350398587764200e-01,7.551910571645339409e-01
1.616450287365942817e-01,5.614893215593735887e-02,1.124090566600638094e-02,9.149017712985482165e-01,6.561963297499761039e-01
4.437454518636595180e-02,6.859706136843250757e-02,6.076508048832232091e-03,9.568317738210831980e-01,6.673679637906959616e-01
3.489030850609264878e-01,9.425550671226020499e-03,5.084518524102092998e-03,9.375174393938062734e-01,6.644771706068036687e-01
2.076765635343716387e-01,1.738804093849031507e-01,2.172250832237049983e-02,9.229049761520196071e-01,6.592615320513242061e-01
2.431244598740875951e-01,1.169035172495134500e-01,9.004636450447727619e-03,9.583329555855530923e-01,6.588585163760821706e-01
4.223399031203552423e-01,6.032633608485497845e-02,1.760509328318271213e-02,9.001190467062346601e-01,6.735668499404300347e-01
2.614937036819569571e-01,1.481388975842374417e-02,1.654094957287839326e-02,9.276412791542159031e-01,7.771804112794892250e-01
1.833161564507574948e-01,1.449584911293294864e-01,1.299266153481037911e-02,9.656042024288438164e-01,7.742349944297264308e-01
1.597232938064478414e-01,1.499987663902631607e-01,2.166986617401267523e-02,9.455040610507341459e-01,7.674719712917578152e-01
1.801586765485855834e-01,1.335695517708894997e-01,1.896803191386758208e-02,9.145640540504449412e-01,7.422059759807859702e-01
5.179320668364889579e-02,4.155241321839917706e-02,5.454829268783458612e-03,9.001318111749957440e-01,7.585240329820451821e-01
3.419479895611383102e-01,1.827299956432123784e-01,2.053388146713369319e-02,9.270439314069965908e-01,7.607721816260459846e-01
3.603805321622406410e-01,1.508784457851543859e-01,1.513997636003524411e-02,9.549059305955127641e-01,7.833969305461501165e-01
1.230063707319924010e-01,1.318935083932100960e-01,1.194038578165693837e-02,9.534545565113625720e-01,7.598514544453648378e-01
1.313287492978660043e-01,1.305378407609357194e-01,1.953769313023355839e-02,9.131071899371919764e-01,7.604688962031448396e-01
3.760893959676348541e-01,1.809671823182366079e-01,1.872131259292538971e-02,9.613697143016687319e-01,7.706121759070225785e-01
1.128328252149288918e-02,1.857331194863276469e-01,1.121176475737898151e-02,9.998924378225074738e-01,7.334532283891448401e-01
2.242762433761406882e-01,1.195318461840377544e-01,2.466077742995763031e-02,9.584866906261103603e-01,6.819543185063914326e-01
1.999168815983639325e-01,8.391721278154713748e-02,1.797416973423506675e-02,9.527638175709254309e-01,6.626813716353587846e-01
2.970643841491592552e-01,7.338306193232382868e-02,1.711559424907787424e-02,9.622633123592916338e-01,7.128565340572848852e-01
7.109503936411597225e-02,1.639966893750637866e-01,6.397607269635441178e-03,9.879670890260733307e-01,6.637528507529094624e-01
2.877138878011209489e-01,1.292764626270323791e-01,1.058637560689474830e-02,9.945999344695635180e-01,6.753956047331497459e-01
1.626188893783219735e-01,1.637594002047707345e-02,1.393948004652883002e-02,9.041033515752658900e-01,6.535760017643652553e-01
2.664286398347764373e-01,2.929501658999041427e-02,1.761251408619352726e-02,9.204993802915153456e-01,6.950309436554764631e-01
1.820075923542087068e-02,1.801369931258644252e-01,1.525527261460755610e-02,9.115764064005964507e-01,7.954996733603028058e-01
1.990809675921545174e-01,1.770151314727956837e-01,2.026065866942782651e-02,9.772353785702639906e-01,7.068396908996615879e-01
2.250456335184376488e-01,1.904146572907963186e-01,1.025135424935803841e-02,9.045562858951946561e-01,6.861338909076621917e-01
9.294602682478925182e-02,8.614234249833642443e-02,1.904313990564968778e-02,9.902634946991130116e-01,7.105174215707347196e-01
6.089854764284278327e-02,1.570281206205007274e-01,2.133194093782325024e-02,9.020555364903131146e-01,6.952007780310016649e-01
8.185547599227729898e-02,1.658167804355500097e-01,2.030099951165906594e-02,9.602546812949124266e-01,7.510815234392541617e-01
1.486365224891763037e-01,6.382368426180043408e-02,2.041693169176066885e-02,9.275576193980267226e-01,7.451700141738620831e-01
4.253155405183275256e-02,2.992220453420130558e-02,2.277014114524330765e-02,9.470563524941061351e-01,6.541014361655744791e-01
4.074001923680002912e-01,1.994082459661954132e-01,6.683570849609790296e-03,9.441885914004882752e-01,7.266984733710177835e-01
1.747424523817056041e-01,7.013621546518630095e-03,1.894383142748206142e-02,9.748893270723982818e-01,6.554299531513155808e-01
3.480479594753952965e-01,1.198698478235771664e-01,2.437356402232922215e-02,9.496642101059917795e-01,7.516044899621412423e-01
4.190249458136952043e-01,1.303922425621600878e-01,1.647301299749076228e-02,9.421220830126550982e-01,7.903712495940887761e-01
3.563543512117507694e-02,1.366760790519600255e-01,9.346326239687851450e-03,9.730277102584354854e-01,7.861231818091128920e-01
2.805662017441124534e-01,5.186992104984885360e-02,2.497507611548425988e-02,9.925806919304855924e-01,6.808568168136389653e-01
3.748344982119807822e-01,1.445942696154713103e-01,8.493545856429578211e-03,9.793922401523567078e-01,7.613967721582090009e-01
2.730865721717264383e-01,4.406351309297184410e-02,1.171115394749718680e-02,9.736717031502554187e-01,7.689598956560848020e-01
1.850522060623300546e-01,1.659786128945848205e-01,8.441243768343355269e-03,9.487722081135652186e-01,7.796551299664076229e-01
1.859317574266755313e-01,4.460421814284227376e-02,1.429025737500136395e-02,9.900215798281331026e-01,6.889398006200782021e-01
1.640062209715697356e-02,1.396444997861394366e-01,1.337752019221916458e-02,9.486313457421688966e-01,7.176252268958240865e-01
2.303437223030991021e-01,1.568992836809612046e-01,1.482481793021145702e-02,9.930285785315536851e-01,6.832256643554885933e-01
4.272299456215575275e-01,3.860020434197556499e-02,2.355966800110859127e-02,9.802922262421609467e-01,6.536464185816787120e-01
4.122855286419597198e-01,4.835931103888795740e-02,1.456648771668450290e-02,9.150260235610129245e-01,7.488518941797436268e-01
1.833126917328800620e-02,1.560416440081390244e-01,1.529252652427288278e-02,9.046992172727352788e-01,7.147195426839718646e-01
3.037869145570504248e-01,1.811379535535561844e-02,2.273364211836936127e-02,9.740855686866065621e-01,6.872175320845350655e-01
1.304571278129833256e-01,3.896142954086616317e-02,2.135515988029664664e-02,9.685839161600338088e-01,7.770655920949418594e-01
3.883823468112326260e-01,9.165065033179313481e-02,9.794440624508883586e-03,9.602088879581975878e-01,7.243520959968804407e-01
2.035422590928049127e-02,1.861062038202093427e-01,5.258519104577003868e-03,9.976239280017346056e-01,7.991986515818886305e-01
4.024899897627535750e-01,1.128136891437090950e-01,1.758999184404102384e-02,9.545403047771960914e-01,7.690036740408451310e-01
3.602770940849562842e-01,7.814789179343688275e-02,2.189699647675040148e-02,9.347899867101363558e-01,7.803816799603879861e-01
5.140937998636604944e-02,1.956956742222728529e-01,1.605700225220800179e-02,9.564965850822579885e-01,7.659998373196508226e-01
2.666464070912135526e-02,9.327854993803642858e-02,9.223538400256903885e-03,9.028411752505456356e-01,6.658887348425932551e-01
3.590895879962555104e-01,8.731325976380893694e-02,1.982710181350613721e-02,9.579264234570299408e-01,6.597543500980506126e-01
6.782004084809455102e-02,8.291721906065697978e-02,1.839078565222539846e-02,9.902430205041022893e-01,7.872618158921695919e-01
2.304713076266484417e-01,6.312383444875245553e-02,1.630065074817105622e-02,9.004330068518140440e-01,6.707295782059703448e-01
3.938545440299663913e-01,6.581326713777929660e-02,2.226672348041967495e-02,9.845303812178116676e-01,7.086839226011391046e-01
2.444352407126597071e-01,1.378795749259701109e-01,2.068484705878065669e-02,9.801928894099113387e-01,7.414866517333896789e-01
1.714130863318415465e-01,9.126283871034347739e-03,1.835904182845560575e-02,9.106103129796085938e-01,6.817847524852993502e-01
1.919118875323626572e-01,1.366815284036174694e-01,1.829517338046436625e-02,9.846830493121717653e-01,6.837927565561665588e-01
2.807726623196066598e-02,4.103969512704869205e-02,1.824405268596549640e-02,9.763545265733409861e-01,7.199362013437065055e-01
4.165947458641258705e-01,7.745739263769409189e-02,1.550329489833127822e-02,9.491046457559845217e-01,7.041342637189891285e-01
1.342706453997845051e-01,3.016125553950606969e-02,1.427843289287693967e-02,9.245213938399773346e-01,7.514863500529707085e-01
8.223693792765428279e-02,1.109974577704214982e-01,1.919200918997439331e-02,9.288100415847851954e-01,6.612614293280941746e-01
1.237142924895295731e-01,1.461407385454757957e-01,1.720988962940462122e-02,9.612274925471990805e-01,7.233138004216730366e-01
4.147161006084444379e-01,7.157645963521656884e-02,1.479961124601086170e-02,9.246303999375496963e-01,6.761389876573276059e-01
4.144871694635500481e-02,3.351989893051233321e-02,7.533227078220832568e-03,9.325355675673968614e-01,7.410087513501122380e-01
3.730730043750067892e-01,4.607461080430393791e-02,1.903857577306330984e-02,9.930838431150307288e-01,6.674319937640514899e-01
3.046650306982210954e-01,1.638044707865889404e-01,1.791997141155930728e-02,9.729328616506253136e-01,6.796447799794120836e-01
3.570782278592230519e-01,5.426209827691063498e-02,1.184496851947007198e-02,9.736074049716980650e-01,7.705833474264970340e-01
4.196600448178275378e-01,1.551658160092342087e-01,1.212646332430153580e-02,9.955936422121679508e-01,6.852750485057020891e-01
3.622843472167380230e-01,6.690868195443601396e-02,9.934447682705046037e-03,9.005794019803126105e-01,7.605598008190739279e-01
4.057110286981988612e-01,3.855777831424955088e-02,2.423830512730037676e-02,9.244485843372651779e-01,6.909594049532287174e-01
5.545522516330458201e-02,1.457344033658587723e-01,2.220402725737445279e-02,9.657973962960395564e-01,6.852541257850747192e-01
3.423932944566301373e-01,9.424046086556614465e-02,1.622098058824433461e-02,9.438271533937141466e-01,6.948732174321901045e-01
2.350948727607694855e-01,7.224173003686475136e-03,1.303306293117028475e-02,9.112804948132371408e-01,7.821397976634123506e-01
2.341596102892602171e-01,1.920285414495353227e-01,1.973650527392846812e-02,9.781233686071661992e-01,7.095748489005092585e-01
3.866373562415003629e-01,3.040293556934937913e-02,1.555456352251994440e-02,9.047072534079927397e-01,6.865640794825961235e-01
4.179038381994391593e-01,7.132798831416518881e-02,2.451702067830227941e-02,9.543851112189488672e-01,7.304959210545369785e-01
3.033756405855246308e-01,7.757413236414575919e-02,6.102452278443091030e-03,9.562464331542517293e-01,7.078462117677704057e-01
2.081805690833953004e-01,9.839654995242425040e-02,5.685714681069502577e-03,9.635961319610654163e-01,7.685296279657495289e-01
1.967972550398916498e-01,1.573033604444999678e-01,1.637222035946746604e-02,9.315626302721813357e-01,7.985668427469542197e-01
1.667404851487449824e-01,2.211965655350226108e-03,9.065584453778134655e-03,9.023600941231811889e-01,7.289861663998751240e-01
1.561259836866722706e-01,1.865619382158788808e-01,1.708608327100384974e-02,9.888983286080682555e-01,7.177623346479273803e-01
1.689564350826210648e-01,1.295519025803992252e-01,2.062846057094354715e-02,9.929204794828455638e-01,7.014553097470829224e-01
3.950413792276277064e-02,1.901791269506381832e-01,7.762195223697456771e-03,9.481988726904065912e-01,7.960008098405206844e-01
3.422008057672799169e-02,1.636605179458806847e-01,1.381216448379055800e-02,9.020640353481528262e-01,7.224924914007023746e-01
3.355641630212217175e-01,1.856398053985601759e-01,1.877334166898710424e-02,9.580871160223448646e-01,6.766995289904074173e-01
1.923652710627770102e-01,1.205991096361999360e-01,2.167727141345942438e-02,9.315929851662921868e-01,7.953823858077014863e-01
4.002636455856422026e-01,7.210448759255778939e-02,1.492688180072714726e-02,9.182485576833696594e-01,7.941323188999036553e-01
2.636428126868056165e-01,8.913989855960714748e-02,9.123071738120432789e-03,9.168952656381205157e-01,7.153587578502614841e-01
1.609049635711607210e-02,1.319484297664384742e-01,1.671598511171265913e-02,9.179255440333167204e-01,7.022279019549435564e-01
6.857751342519868842e-02,8.595944009350092729e-02,1.409034137449998933e-02,9.330841000579311872e-01,7.520656170032953280e-01
8.929669120258024173e-02,1.466028839100900483e-01,2.043850854008971707e-02,9.280620215692674257e-01,7.743386196178415615e-01
4.195907544631643504e-01,1.927775519992588546e-02,1.611152128405896056e-02,9.836424832453189993e-01,7.247798198425291494e-01
9.482411301905135925e-02,1.661673431479928631e-01,1.058845689940861659e-02,9.495314707390024589e-01,6.996219486579550173e-01
2.222591851275740049e-01,4.163353928875883347e-02,2.008785839442376459e-02,9.427647492465047740e-01,6.952091016294520420e-01
4.026199036736441417e-01,1.888455742954197880e-01,1.535494025923919356e-02,9.145833557114468881e-01,6.989898090821626830e-01
4.202156811332593001e-01,3.195361418751631322e-02,8.550931045566549996e-03,9.875890793121163691e-01,6.677049410183615308e-01
1.023986267795406191e-01,2.670367502437717006e-02,1.626144646283989026e-02,9.054822205793788825e-01,7.667930654532812973e-01
2.207146916876721529e-02,1.625633460068911795e-01,2.396640119691745979e-02,9.239531358874480960e-01,6.657439795278704553e-01
6.689518615869839702e-02,1.639216637128998733e-01,1.911032521875472359e-02,9.621472275735317714e-01,7.097471742400779382e-01
2.816791736339742044e-02,1.480131245563682252e-01,1.097606722915957927e-02,9.702312428010368972e-01,7.752415005711297269e-01
8.470829942861231310e-02,1.921455623170362226e-01,1.921746350585716231e-02,9.801156574819147593e-01,7.106158843537849767e-01
2.449164076079024810e-01,5.483738610839779259e-02,1.065212622004357845e-02,9.410291301470107284e-01,6.942142696888928821e-01
3.924405336108303111e-01,1.655030990590672380e-01,1.585377675082523877e-02,9.346740086641417422e-01,7.922380585704901224e-01
2.314669011048718639e-01,7.105606547864075362e-02,1.553191527575105771e-02,9.288551617962927942e-01,6.689815630299515981e-01
2.695495198239056256e-01,1.079423264882988093e-01,9.947817578236074765e-03,9.568094671077727043e-01,7.827280854176712488e-01
8.760105094049314145e-02,8.967440591056442811e-02,1.195762399759636024e-02,9.348635615145362010e-01,6.593115198105207186e-01
3.444503732690816777e-01,2.164154512047840057e-03,2.384362909572091543e-02,9.328094240675933735e-01,7.120294119278854916e-01
2.660314417488952032e-01,1.153179765142923890e-01,1.001197072830867230e-02,9.016890853435396425e-01,7.447581583246800641e-01
3.717146997236789319e-01,1.497536716650266497e-01,2.102054087261972029e-02,9.948315987541607175e-01,7.055057576212521164e-01
4.080536929054813799e-01,3.573592433147898539e-02,1.834741160024280088e-02,9.060594244320540058e-01,7.301909631442188298e-01
1.502494327995780865e-01,1.863995165167144641e-01,1.565258265051528916e-02,9.270871518310939141e-01,6.806002499880773327e-01
3.985841611170348048e-02,1.065495083442822705e-01,7.750297389303269051e-03,9.921419627340696268e-01,7.353551776200255574e-01
9.792352294629967646e-02,3.647095462706761299e-02,9.091415054127555129e-03,9.735348195262345516e-01,6.701838075348857116e-01
1.888340316749341496e-01,1.295435666124601648e-01,8.579552471808079422e-03,9.578139804187439932e-01,7.694144474134364531e-01
4.067025766326990421e-01,3.919261899455345893e-02,1.673588517947504836e-02,9.660813913195372971e-01,7.375684870163194962e-01
1.632949137981951349e-01,1.364313631077194652e-02,2.446766393436956150e-02,9.097060052812795394e-01,7.222898172228279234e-01
3.316617086624437105e-01,1.373777332414292118e-01,2.254478525549989676e-02,9.808647343655222395e-01,6.582000193749621975e-01
2.328645009412538824e-01,2.302828177779340374e-02,5.505037658591544966e-03,9.250106761782602716e-01,7.249661503875083346e-01
7.942496251488893877e-02,2.213727222691063215e-02,1.047453248924693110e-02,9.956213977878870525e-01,7.345354145541860280e-01
1.385949370310307349e-01,1.482487690731808527e-01,8.145149178740443419e-03,9.231374603794019196e-01,6.898501270110747319e-01
2.812193186747892204e-01,1.198524440840616212e-02,2.451355683795803514e-02,9.625364416231825260e-01,7.516385511362333460e-01
2.896541063198193044e-01,1.621440666305429823e-01,9.712204691956301608e-03,9.545324492012169371e-01,6.615147723070281538e-01
1.875119313810807986e-01,1.594336029709177149e-01,9.026263700775877946e-03,9.143103093968668604e-01,6.813033622172743886e-01
9.908896354204718704e-02,2.913729218747543662e-02,1.741750587164518638e-02,9.362927167816812446e-01,7.606322775986352758e-01
3.106980084109381424e-01,1.041577488081168040e-01,1.612373167149572933e-02,9.781292754738932782e-01,6.720833328389036465e-01
7.344653485185463626e-02,2.022847270281952908e-02,9.517029675624698315e-03,9.212588073999108396e-01,6.868323229433924704e-01
4.028312978101393216e-01,1.268816727374114661e-01,1.840729729074484441e-02,9.962857314841953027e-01,7.476283021856576783e-01
8.161063540664850735e-02,1.352307258113876615e-02,6.940144225893783367e-03,9.295483638647606961e-01,7.593262555716668860e-01
4.703700365515126741e-02,1.889516904082267079e-01,5.387381320617843153e-03,9.626721659480086402e-01,6.577233881935148352e-01
2.144908643147475091e-01,4.233841633854674991e-02,6.648295814126936251e-03,9.618867039589864554e-01,6.689884119878323210e-01
2.238867775890587275e-01,1.368960365337803797e-01,1.229736451951545309e-02,9.470778242165165395e-01,7.169177008764894277e-01
2.190147604398670067e-01,2.652999345104490106e-02,2.450032655749635052e-02,9.655360464165759771e-01,7.389192417248294786e-01
1.883303529263621323e-01,4.270969321702852706e-02,1.594493997618727857e-02,9.743576943826771641e-01,7.180671851518416471e-01
4.277755890239019476e-01,9.073898012779076094e-02,2.009452206030934440e-02,9.619002971340888664e-01,7.470604989217637382e-01
2.096143828356796246e-01,1.150461321269617282e-01,1.142991504463118646e-02,9.559994619333979093e-01,7.633989359782938910e-01
2.060390831373875020e-01,1.997737848379449177e-01,1.938678130966658281e-02,9.606627408072763163e-01,7.924315771261853936e-01
1.819376409045467824e-01,6.159319390097883588e-03,2.432362396244715230e-02,9.401955920401959821e-01,7.024821069694171527e-01
2.966824876692758517e-02,1.062569509173305268e-03,1.215521780564106542e-02,9.070873167131550119e-01,6.744657152756698970e-01
2.553783947631853013e-01,7.072305184827465396e-02,2.498118869470049991e-02,9.159698379182782402e-01,6.896126006432305999e-01
9.879817428374526589e-02,7.386511719268155918e-02,1.776819902063332332e-02,9.606704043039694385e-01,6.722246667577687074e-01
2.745342525182624116e-01,1.768836099836277043e-01,1.997182824929447792e-02,9.927173892417442413e-01,7.091368462959374286e-01
2.280755517589670017e-02,1.826039269917630881e-01,1.004334477696300007e-02,9.025740548571182797e-01,7.808850898852348621e-01
4.220150664375377225e-01,1.762244702955044484e-01,1.786181538354483442e-02,9.544035197062196163e-01,7.020589845416534969e-01
2.022031788964363530e-01,2.949257134672350969e-02,1.522012502924774760e-02,9.252061433009189928e-01,6.723234053333895233e-01
3.857080544124096289e-01,8.300886220103362301e-02,2.412805290954872159e-02,9.561739905484513136e-01,7.283949323034454304e-01
2.050157433169290111e-01,1.494311472967096155e-01,2.309350095579031092e-02,9.749657357733702012e-01,7.987915724990211075e-01
2.688192116834112536e-02,6.320960248906404289e-02,1.293345197850154574e-02,9.735453132169592516e-01,6.782271828003139102e-01
3.537296112742431831e-01,1.329843676735996960e-01,2.393739503076466879e-02,9.724885797818133559e-01,7.666812427635083527e-01
2.790708200272006279e-01,4.819142977502731406e-02,2.269625105500019599e-02,9.778923465939437509e-01,7.735038415361454867e-01
3.363737734092224763e-01,6.536043233420080201e-02,1.680767700738278539e-02,9.072610686820957726e-01,7.102007515251502756e-01
1.846848714453066531e-01,1.722255002203482988e-01,6.642358175790805640e-03,9.509577833917952638e-01,7.429327157996787889e-01
2.746748632818106772e-01,5.085129818171003208e-02,8.215804813190754480e-03,9.261778485372148539e-01,7.148560176126783627e-01
3.683222426287446338e-01,1.929004932900877378e-01,6.537484893476004644e-03,9.921270561002413224e-01,6.893490404809957672e-01
2.717270749920397410e-01,6.194565262643254161e-02,7.159862292981220358e-03,9.782879222019471577e-01,7.139178200108540207e-01
1.501519893446025267e-01,5.682093854832193786e-03,2.453904748786155457e-02,9.107544847358389761e-01,6.642935204945107364e-01
2.852251959830997552e-01,5.172527985671152712e-02,9.243345984323046716e-03,9.243246129030180391e-01,7.560434170491339145e-01
2.892254469154348917e-01,3.506978350644172904e-02,1.881709164681326027e-02,9.455220255498144599e-01,7.743789547443956645e-01
4.130918069153421412e-01,1.018585662772924089e-01,1.773056515365539418e-02,9.962908621806425558e-01,6.961099900055724987e-01
1.601213859413760932e-01,2.343049719924414701e-02,1.762289729706007640e-02,9.109673184121052092e-01,7.349715236569973609e-01
1.833600782635622650e-01,1.255837265718365292e-01,9.134079991920597552e-03,9.567972368542130290e-01,6.848222798059154792e-01
3.494007503492483901e-01,1.751049150407424371e-01,1.658693188769218979e-02,9.341287513174558743e-01,6.691190675259217624e-01
2.179720330246359972e-01,7.314125747894341389e-02,1.751076699169903245e-02,9.646340341732557722e-01,7.495427847668240107e-01
3.169898569466494953e-01,3.453005114177548629e-02,1.640810633290222184e-02,9.648706727022704488e-01,6.701161394761868673e-01
1.982153602505909995e-01,8.060497416109818625e-02,8.723249345513573241e-03,9.240591486684018863e-01,7.672968603809251498e-01
9.344741583764849813e-02,1.574073974686747979e-01,1.946121194149418032e-02,9.785809400306065831e-01,6.907631823126386683e-01
3.206924485530536217e-01,1.187060471418395213e-01,6.464863238330220523e-03,9.091262471334807804e-01,7.727770089503991358e-01
5.726556758024056032e-02,2.112749945219302358e-02,1.682400023639243902e-02,9.818138871087332964e-01,7.052756861585640635e-01
8.619239165493115806e-02,1.079002437110796464e-01,1.372518664802626492e-02,9.211966858579494488e-01,7.053263888964477202e-01
2.699079176144255077e-01,9.414899090966305506e-02,1.000573186266147385e-02,9.589579298491652803e-01,7.625859141008726194e-01
3.215787442823979103e-01,6.609533894821113809e-02,2.114777978052277685e-02,9.347309726902770510e-01,7.265398661953207382e-01
3.848211034662926133e-01,2.292195861461133674e-02,8.517851333443678813e-03,9.609779826621894783e-01,6.801466139614811279e-01
1.179396073914175391e-01,1.962412751884347051e-01,2.365963519795901901e-02,9.267417848274377423e-01,7.775612822080153475e-01
4.850070693963781654e-02,3.603262065875786901e-02,2.269130056642374230e-02,9.568963671950511118e-01,7.010229813853640080e-01
4.111440169352079121e-01,3.935583526735834947e-02,1.221175094324165877e-02,9.008198260213564623e-01,6.654165141257601945e-01
6.724750476149911338e-02,2.997095572834493696e-02,1.110305861717186642e-02,9.374454457617201752e-01,7.124001567384317113e-01
8.579913538724034949e-02,1.144684147010886915e-01,7.749733668378042985e-03,9.826389379062189233e-01,7.360942644754518982e-01
1.259803355765817812e-01,8.929024532205738496e-02,2.332655631867911958e-02,9.463006586505507967e-01,7.414828000908646466e-01
2.281088908772773149e-01,5.066187922328464072e-02,1.755063717646544036e-02,9.499261098989966179e-01,7.753411767955731282e-01
3.797321678286194602e-01,8.645525322128411183e-02,5.635671642868063554e-03,9.621576837913993208e-01,7.312110235690212345e-01
3.272742437511129143e-01,1.350308483612818744e-01,1.521998829123220875e-02,9.434209598833982469e-01,6.835565724601024851e-01
3.047995905984904885e-01,5.705840576822740484e-02,6.715978956587738760e-03,9.867076727723813612e-01,6.892499496103862144e-01
7.615246361022556809e-02,1.831339094300457049e-01,1.647501369905683688e-02,9.403324669848188710e-01,6.651260882441604183e-01
1.544458489246429422e-01,6.196290119836345839e-02,1.517923436641625129e-02,9.942552434243250303e-01,7.603886433854393223e-01
2.062357132911848412e-01,4.043762713374780132e-02,6.656920910054439991e-03,9.876938023324258742e-01,6.658912319749636932e-01
6.424573404531633281e-02,1.909590015276901032e-01,2.131721186233545909e-02,9.421087782658985610e-01,7.408718948412194027e-01
1.183013422123425085e-01,1.623015614135177032e-01,1.024634354332555272e-02,9.365800874598637638e-01,7.395421091069920294e-01
1.332749444957701812e-01,6.928438734384964603e-02,1.582968728333397981e-02,9.676628018900168549e-01,7.678255335463036735e-01
5.560148908315783872e-02,1.684449383776313314e-01,1.778077753261068927e-02,9.755306748674061890e-01,6.611944549528131487e-01
2.370528278286425095e-01,1.042440355816062064e-01,2.424609067150333350e-02,9.185861577324587746e-01,6.804367015266756802e-01
3.034570963088787376e-01,7.000374715395149550e-02,1.487623385759691969e-02,9.241045203186482038e-01,7.864343565534708258e-01
3.100066990357346064e-02,1.680827063183036596e-01,2.334631544575847123e-02,9.146252516648493147e-01,7.358355244193018896e-01
2.074018106563912389e-01,1.506808483060236570e-01,1.209714682695397711e-02,9.760691878188318960e-01,7.186535319665118271e-01
3.365686027698840399e-01,6.027709368597806289e-02,2.214874403299989941e-02,9.714401864979085310e-01,7.621514398193423023e-01
3.218877653205997058e-01,1.217290245363367857e-01,9.716524539028334809e-03,9.189053814318376423e-01,7.853795676633738010e-01
3.506663582778455357e-01,7.450865448043965389e-02,1.914959524870835442e-02,9.536874786154343475e-01,6.894514455424323174e-01
1.932952316301904117e-01,1.209342539517239230e-03,6.772239875099930230e-03,9.764239359203399360e-01,7.852213443217015421e-01
3.530189884525002375e-01,1.924013325386556006e-01,2.472100713367318681e-02,9.947028662743372385e-01,6.663041939061130625e-01
1.042830675509216071e-01,1.103761861384945225e-01,2.407872799724736224e-02,9.178522654131031633e-01,7.966524571594817417e-01
1.557877308481140644e-01,1.200880877314908501e-01,1.384427277034755432e-02,9.304329779889689567e-01,6.747277737649415297e-01
7.665654228323676156e-02,1.203783937097816920e-01,1.547870435980507053e-02,9.348339783639073586e-01,6.899354552903441684e-01
2.015508674148573098e-01,1.105776507030611644e-01,1.695549724636044239e-02,9.624977359133208843e-01,6.644890910137462026e-01
1.691937496162251586e-01,5.871952110994510532e-02,1.050075119379340061e-02,9.136418850208987141e-01,7.705514760329901236e-01
1.043577329417399308e-01,1.943436488567031883e-01,1.848942870410325359e-02,9.193429069251393138e-01,7.976348093062518574e-01
3.235139242600053033e-01,1.247120140905417091e-01,1.897123893209031950e-02,9.780436837391985883e-01,6.945464762854652863e-01
1.356402652358963679e-01,1.345133507502383474e-01,1.550152984650551152e-02,9.542053665856070621e-01,6.988417940602691392e-01
1.180330576325635261e-01,9.150375870609292472e-02,7.954813849704353568e-03,9.160386231528457879e-01,6.918469855070004115e-01
5.715195193486238140e-02,5.828441869766573524e-02,2.338371887783200279e-02,9.388432748008225248e-01,6.732242150322388374e-01
1.892545100730359808e-01,1.380544745281093999e-02,7.300901646912305240e-03,9.134494195331732680e-01,7.681166325108039761e-01
1.309718257712025602e-01,7.069580911700935888e-02,1.758344337421022946e-02,9.362690001236841919e-01,6.591079760013683897e-01
1.594180489352755303e-01,3.604338842441003055e-02,7.061771932195102033e-03,9.400199295211635331e-01,7.951661195711424712e-01
1.022428256642170796e-01,1.327555653831453686e-01,7.922014182658452391e-03,9.112110411625395923e-01,7.890973286763572903e-01
3.283937051327373013e-01,1.759217730757411668e-01,5.410766280576580212e-03,9.059833426186042482e-01,6.677658627926369439e-01
3.999714360151737091e-01,6.124821679088481019e-02,1.226728167713519134e-02,9.881601890257530885e-01,7.294285776815724320e-01
2.146127648464327964e-01,6.724364245739526680e-02,1.779165128844075947e-02,9.887648089640218574e-01,7.989277037966505679e-01
2.768463236132171490e-01,1.344025362619733210e-01,1.543088439465744102e-02,9.002578875212650100e-01,7.778928873572640290e-01
3.730169066642768927e-01,3.070501541400603648e-02,1.849078302496971402e-02,9.641204096424136338e-01,7.572700588937839594e-01
4.294979144161395479e-01,1.859580479088621396e-01,1.850037721741905686e-02,9.093679007538979508e-01,6.533691418161353681e-01
2.641985719490979601e-01,7.340550942407113311e-02,7.803474879884773029e-03,9.810141645531318400e-01,6.602566168052362849e-01
3.827153911456036561e-01,2.113868973942815976e-02,6.146748068434311658e-03,9.879562392153751205e-01,7.691025647664039289e-01
3.907929377723703968e-01,3.576211697920766291e-02,1.750716280869339669e-02,9.616615155370226153e-01,7.064667281286453049e-01
3.405326882694699742e-01,1.866164691254841579e-01,1.806448609950485340e-02,9.613155457202942067e-01,7.502647816188572349e-01
1.987395667703642788e-01,5.017673838543498105e-02,1.613407470283408779e-02,9.371481509053724013e-01,7.608772440564737227e-01
3.581506618185280322e-02,1.327914919624260115e-01,9.915249326481415798e-03,9.249468969362861781e-01,7.133276266287633671e-01
7.780583283817418989e-03,3.207687948411475781e-02,2.121530433964508022e-02,9.499270829153246831e-01,6.715072626051169502e-01
2.057190716783746653e-01,3.962623677740676614e-02,6.513720309925141727e-03,9.133717223476554015e-01,7.080041754618817684e-01
2.130609348863510000e-01,1.759684055610955533e-01,1.764623578642718696e-02,9.672224894860913524e-01,7.806572663477907570e-01
1.757584643932151025e-01,3.045861080040980495e-02,7.408230717587442615e-03,9.470086895379719039e-01,6.996628668547968388e-01
2.447437937039953770e-01,4.731366760519553454e-03,1.808895432866459291e-02,9.177601506030931278e-01,6.593974163891860307e-01
2.378777997175992032e-01,1.007454047157289867e-01,1.335451575646992919e-02,9.588314252789282843e-01,7.938697125777173236e-01
3.599069946030252765e-01,1.726826358393240002e-01,1.936206110875342973e-02,9.795327836585728809e-01,7.521015363460803460e-01
4.761389729951057137e-02,6.587221803770933193e-02,6.043844049538693933e-03,9.588799461667131263e-01,7.311285127906349546e-01
9.760121875927900426e-02,2.650429185849639477e-02,1.610165976960736128e-02,9.529661411656544789e-01,7.743661020021856967e-01
3.411991359736814555e-01,1.964639350835619414e-01,7.897557977601592921e-03,9.847717478130809665e-01,7.116741017145644665e-01
3.647220160389478272e-01,1.356709872683932727e-01,1.864763263220947306e-02,9.010755385000830398e-01,7.977673691015894075e-01
4.277795876433522770e-01,1.702874357576831255e-01,7.399112626233648495e-03,9.616747627834629775e-01,7.786359604096735332e-01
3.754792550300590781e-01,1.506755161934558163e-01,6.471666459038516450e-03,9.409692183194567905e-01,6.920817112483986788e-01
3.827666740340300300e-01,1.399502125238488437e-01,1.926245596367225088e-02,9.193566148657669190e-01,7.056571980766459529e-01
1.358552673882291728e-01,7.752824935905314185e-02,6.270638691365646410e-03,9.979577850086099877e-01,6.913614446297668970e-01
1.733128409900224765e-01,6.554365864752423332e-02,9.490616358630321950e-03,9.403813829147189551e-01,7.489011264272358304e-01
1.160085099680163989e-01,1.436747605830003549e-01,2.149470394251344271e-02,9.335262812442223224e-01,7.458997896601107236e-01
2.611024418246750134e-01,1.436258886272687996e-01,2.119376615616452852e-02,9.169008439740646832e-01,7.283758810269076456e-01
4.037474969548194292e-01,1.901670884257695704e-01,2.208251515561552095e-02,9.997765951245484173e-01,7.948760561859247176e-01
1.488509403134840037e-01,1.141633037518161448e-01,1.152199779177427372e-02,9.856051356029676969e-01,7.208412932266534678e-01
2.399537644271421410e-01,5.962960005174703509e-02,1.556096057500418531e-02,9.069972418674950854e-01,7.675583591294847796e-01
1.281125414645450933e-01,9.841623106676501698e-02,2.046694705212303775e-02,9.565753876127183197e-01,7.487142675765005029e-01
7.384418874849152381e-02,1.231290495284579206e-01,7.739710300221610065e-03,9.147401210875466537e-01,7.277277410217002362e-01
8.473459229220328681e-02,8.591923011580558656e-02,1.948781758431436528e-02,9.715781415012947342e-01,6.563142660817097296e-01
2.585855280685774374e-02,1.584354915485501059e-01,6.949726987893092671e-03,9.484083429260437015e-01,7.486242535730197600e-01
4.082469213709714051e-01,1.173380292309517126e-01,2.326501217253735404e-02,9.110388964199276352e-01,7.463892626414337927e-01
1.738353520497731008e-01,2.877709797902459378e-03,1.774620365023251919e-02,9.557038891264290070e-01,6.687310991888822942e-01
3.588378626689043838e-01,1.143981377581696907e-01,1.486610625379511733e-02,9.910675651102812678e-01,7.693872463040999365e-01
2.932903437838774718e-01,1.270871534024303473e-01,1.469458509334328408e-02,9.341194682333152643e-01,7.200491125167562956e-01
8.333417824535563345e-02,1.831369890572700776e-01,8.627240956898207802e-03,9.050805614761978646e-01,6.986219021607212865e-01
7.627330378242867803e-02,8.333061305917352501e-02,1.191834744909307450e-02,9.945207111264644517e-01,7.735939078768949706e-01
3.493429384480237210e-01,1.153190641950003203e-01,1.954247330634298341e-02,9.141799188009450683e-01,7.015056439246736275e-01
1.145613238557815217e-01,9.552449269216041483e-02,1.581887241708777175e-02,9.475052000881233338e-01,7.432776186925740269e-01
3.927993438081475719e-01,1.067996292653081991e-01,1.558612408200525656e-02,9.544677127848284481e-01,7.426872202184738869e-01
6.108376861179147521e-02,1.439351006313029785e-02,8.904917890911587600e-03,9.237087463181257174e-01,6.579208973859900222e-01
2.917369956009673859e-01,1.795594498390871985e-01,1.880724623907368068e-02,9.177418032038139328e-01,7.134250445862073686e-01
3.504092928172706234e-01,1.821720556264934954e-01,1.284067802122700747e-02,9.113138880614859438e-01,6.834168124897934682e-01
1.019249906303116987e-01,1.100638623586839143e-01,8.655066768770681984e-03,9.069955282353973081e-01,6.799355992851584540e-01
1.194929589228668348e-01,1.117545476284681621e-01,2.387569503192658524e-02,9.508126547680344487e-01,7.482442832940815469e-01
4.147786021537175349e-01,1.245365115284695345e-02,1.513597493731210289e-02,9.842020776834315976e-01,6.517114992928630945e-01
1.145123726935018960e-01,1.199921521108316125e-01,1.556073295024730865e-02,9.126758771366600964e-01,7.953618467321744712e-01
1.854515744071205119e-01,8.640120618595333035e-02,2.462743820429612318e-02,9.700619028445498504e-01,7.093086509007231477e-01
1.865491895009750434e-01,1.420996824166530226e-01,1.232812274340986877e-02,9.412620770423599792e-01,6.948205292667357647e-01
1.095519077198342378e-01,1.037785840251890385e-02,2.386041369124899253e-02,9.035224238970586130e-01,7.879961599906186720e-01
3.338143760815118211e-01,1.424666488631684824e-01,1.889850722270959918e-02,9.535972310004721120e-01,7.230008213160268316e-01
3.321233682453075819e-01,5.809187094263046358e-02,1.766191265489599690e-02,9.252008266133177061e-01,7.421487877227916918e-01
1.632984281020040396e-01,1.306893607601684881e-01,9.688366038849611367e-03,9.605254093040502816e-01,7.543776122955442309e-01
3.592689643736347582e-01,1.257980690871124685e-01,6.035113447755801989e-03,9.349323010838871406e-01,7.807116910226695738e-01
9.240914685717202537e-02,4.614145544181427749e-02,1.375567676570277689e-02,9.666452318262959142e-01,6.694612984725584193e-01
2.847177761434139046e-03,8.865001669803708462e-02,5.203419239914502253e-03,9.918503362931029299e-01,6.622479768638035447e-01
2.460307983219129080e-01,1.672910185516116033e-01,6.420050215407669195e-03,9.244544562081459249e-01,7.990566176502109652e-01
4.274593643820703837e-01,1.215127370753600194e-01,1.690653511388745880e-02,9.939840468987697353e-01,6.513325702439105580e-01
1.757840891573349620e-02,1.467892209370388196e-02,1.948943666146054840e-02,9.204308860250332014e-01,7.562292130422538783e-01
9.023117362092958338e-02,8.913885743284510887e-02,8.358966638485539405e-03,9.070694882223363509e-01,7.416598042937931901e-01
2.236143816269591245e-01,6.304252029680548763e-02,1.965000825347547678e-02,9.192700987388079392e-01,7.328826532563750273e-01
3.484645759348494742e-01,1.286874901034149032e-01,2.399451653189503889e-02,9.814916699515547904e-01,7.678741938770140552e-01
3.919902017719783388e-02,1.232982243177569159e-01,1.986352161452393378e-02,9.677556245264542500e-01,7.988709421453188408e-01
1.705556664625656749e-01,3.069222200517966303e-03,2.069430439150065845e-02,9.970834153261430854e-01,6.570328732240890979e-01
3.214955184702212310e-01,1.219314063742741316e-01,1.901425160536743611e-02,9.709827310424931079e-01,7.421795738964770406e-01
1.603920364063291248e-01,1.472350811430024053e-01,9.494748809095024389e-03,9.412631265036633943e-01,7.575166502808576841e-01
8.201082438404912189e-02,1.539772764479135359e-01,1.221779884311672074e-02,9.892430974132876420e-01,6.958908959259527682e-01
8.486770995313595856e-02,1.273617830760227082e-02,2.398533925539634779e-02,9.958128518208460012e-01,7.839292077381396773e-01
1.769109295865325393e-01,6.142802500486392592e-02,1.822421157940237388e-02,9.791654920960105590e-01,7.185489262174568070e-01
2.066699250917272968e-01,8.483343854975325393e-02,2.078049467868144443e-02,9.556639585835100537e-01,6.746717692927920451e-01
3.707183852430699922e-01,3.677456985118745386e-02,2.437389237689354879e-02,9.825765781305563218e-01,7.781611724030450539e-01
2.765262875656692154e-01,8.472604036183696563e-02,9.628738410253315227e-03,9.179044707334281794e-01,7.914388430636966065e-01
2.971824384871501468e-01,1.515477762929287597e-02,1.143373334653106921e-02,9.900350022929386151e-01,6.649272377553115954e-01
4.227014965889041020e-01,2.353023931840326696e-02,1.789603305668999167e-02,9.999558982486536074e-01,7.627521300731829879e-01
1.776808358891177331e-01,1.340702578058404759e-01,5.487149475680146507e-03,9.665140166455346016e-01,6.822521328747830349e-01
1.740390389938760440e-01,5.325191977087084111e-02,1.642438154667411401e-02,9.195889039580008584e-01,6.510083326503532941e-01
3.971158491543734792e-01,1.425697636484349329e-01,2.117376759028997621e-02,9.144436662195322141e-01,6.890920734328083164e-01
1.064806268251701493e-01,1.057359707531693033e-02,1.720886747648250545e-02,9.959414405600347520e-01,7.782364752831121280e-01
3.140907406639297794e-01,1.129779075556570783e-01,1.090786567792221759e-02,9.871352821368325481e-01,6.711775815175599069e-01
3.247118762955797378e-01,7.889828405378121468e-02,1.948208166672123556e-02,9.748678851564767101e-01,6.696003324497691311e-01
4.295105090409508108e-02,1.595973069911776065e-01,7.920632493598912111e-03,9.949119253615411607e-01,7.608571559300234544e-01
2.018712730425475388e-01,1.570063644609068221e-01,2.289546938557033770e-02,9.503403752868391230e-01,7.109539457846957289e-01
8.704130019694668319e-02,7.573636884904412503e-02,7.018300620809108867e-03,9.887746403002364293e-01,6.722729108801903664e-01
8.052599203226634694e-02,1.249200888034551621e-01,2.226982267524869885e-02,9.162820313988379040e-01,6.845000564723258130e-01
1.999822593885738908e-01,4.628222489507813342e-02,1.495618855472465036e-02,9.182809718107363128e-01,7.691902887478406781e-01
1.251653445209598703e-01,1.165009603999036247e-01,1.357294006975603637e-02,9.512343045660389684e-01,7.434903185087029520e-01
3.425099320314985984e-01,1.717167409555696994e-02,1.501323521150862636e-02,9.332509660844524602e-01,7.641393158849748568e-01
3.903624984065169334e-01,8.748625253960340409e-02,9.004126061858424082e-03,9.432519268014657454e-01,6.646659858482056871e-01
3.453671396687088557e-01,3.736280862608372388e-02,1.415371159117627398e-02,9.798196986300533595e-01,7.187156424274568911e-01
1.151272443546943886e-01,1.767928552362130201e-01,2.199439631797317149e-02,9.053407470942259616e-01,7.695659376171998245e-01
1.186036548924129935e-01,8.953526277539952671e-02,2.101910484437598259e-02,9.720843834280229467e-01,6.898689126302647301e-01
1.102784622003935150e-01,1.185639759788694458e-01,8.260970689826585903e-03,9.088229268453366094e-01,6.753783452564042777e-01
5.893134320812527110e-02,7.271599020567207083e-02,1.846841956258123488e-02,9.847501050280420554e-01,7.072675840725788365e-01
4.058894999164920914e-01,5.845946601272077742e-02,2.213674529930850787e-02,9.201899806535674964e-01,7.000069960758171783e-01
1.734785054093827550e-01,4.138103682924518245e-02,2.139535177237618727e-02,9.734938920347995239e-01,6.778209168323305889e-01
9.739178458017982987e-02,1.824624449507369073e-01,1.351264886594362793e-02,9.591879398987689376e-01,7.930917388034388615e-01
3.642218806680364573e-01,1.600936907029635869e-01,5.961856806922316912e-03,9.385622107072847387e-01,7.224647606833161095e-01
1.722547848401921045e-01,2.751896774177514660e-02,2.362338845947498447e-02,9.267536250418915156e-01,7.412114534164887525e-01
1.606511196604696115e-02,1.495982503820678655e-01,1.291770231696123816e-02,9.057459316266409655e-01,6.681660363124393154e-01
7.047293363709178360e-02,8.428762463029398910e-02,1.221953274512687510e-02,9.353380206913006756e-01,7.415052632197269844e-01
2.752383960127969265e-01,4.063934337153401501e-03,2.019029888957625876e-02,9.200528756601176195e-01,7.332984039812695531e-01
3.368663626196695682e-01,1.061450967548681901e-01,1.027944430984045060e-02,9.135912503951982844e-01,7.897893991659549195e-01
9.149085266165785102e-02,2.687924157688835469e-02,2.169495846334584116e-02,9.738498122589134276e-01,7.118475201608065461e-01
3.945627077951749939e-01,4.277692830562534326e-02,6.521031216386312564e-03,9.212514991013200927e-01,7.673093150714326294e-01
3.660777645023785554e-01,1.395121513233945065e-01,1.981422401432421723e-02,9.223158047716168983e-01,6.956271467693183608e-01
3.649553434922037098e-01,5.217126539109803035e-02,2.431578980883063526e-02,9.340481451754043540e-01,7.368410534491821595e-01
9.866663197686285913e-02,1.784857521665215163e-01,2.491537593748347282e-02,9.462653159621768895e-01,7.890455595866296967e-01
2.267993913087475513e-02,1.317767819264098195e-01,2.347608720128332646e-02,9.513712744289700707e-01,7.437606966138344822e-01
3.731246984380283682e-01,1.666244134972510171e-01,2.241524810812619076e-02,9.664546268840412679e-01,7.566738025649762944e-01
1.321882981288454162e-01,1.234227181277066376e-01,1.057760448915460311e-02,9.588522047837927387e-01,7.813976787803885715e-01
2.665151275234425854e-01,1.739010686133811712e-01,2.433296725259528198e-02,9.481683879726642283e-01,7.888136544963200159e-01
3.270257931076132052e-01,7.297525032940789524e-02,2.355793187628705751e-02,9.393940214637470643e-01,6.812412312804601022e-01
5.603780790127055322e-02,1.102789748002303699e-01,1.568745014050373227e-02,9.265786211929234462e-01,6.793757047443778063e-01
3.359796540886715310e-01,1.036621896884223765e-01,1.304155308787359122e-02,9.709942613683039125e-01,7.325714190363179501e-01
4.036214158942972308e-01,1.808543509075161426e-01,7.185345071163765085e-03,9.317501320393747344e-01,7.993274564459542653e-01
3.134728603052094886e-01,3.381816631311409388e-02,1.681268155650249632e-02,9.849581393525895789e-01,7.235228484966169660e-01
1.902845590981594170e-01,1.160340918741517985e-01,1.901091897044395254e-02,9.586162455887986544e-01,6.996357444655141311e-01
3.770949215244805419e-01,1.511318076511690978e-01,1.307993166363058055e-02,9.633944278528180361e-01,7.305891912399633537e-01
2.272793233011277947e-01,7.463990234619841124e-02,1.312059121261063832e-02,9.508790230877733896e-01,6.596593661173553169e-01
3.205067280333875335e-01,1.736487233985793133e-01,1.646622781428607601e-02,9.928556064652047652e-01,6.765810155464870856e-01
3.529970499153411434e-01,7.522993864846908019e-02,5.555681918143235733e-03,9.421595568617744387e-01,6.723380626019764827e-01
3.224723776688735444e-01,3.548844321928730505e-02,2.415731792773498018e-02,9.426968453418812510e-01,6.541873317606577976e-01
1.244897418246580512e-01,1.172256227256013306e-01,1.079811414193418764e-02,9.893014495771830230e-01,7.583318454567926636e-01
5.155503348860153434e-02,8.469303399742518501e-02,7.817817235377602300e-03,9.604906920960171179e-01,6.988211818792735563e-01
1.032472290963237921e-01,4.022830831718905362e-03,5.109767922691807809e-03,9.449148715724140501e-01,6.752804466863134847e-01
2.167333479645715266e-01,1.489787990620713987e-02,2.213783082771426935e-02,9.262151114516731232e-01,7.268365655788435742e-01
2.177637996637381002e-01,3.986015886111141798e-02,2.226414751599338493e-02,9.245044445051917581e-01,6.985166608958097711e-01
2.509544258559365804e-01,1.540966619441123120e-01,6.906132090354202141e-03,9.801434313755236216e-01,7.089526656197119303e-01
1.704986883080451820e-01,1.785158636907159257e-01,8.044826057776019793e-03,9.279466077623720333e-01,6.973297725592716434e-01
3.385764026420618467e-01,1.095825339288302724e-01,1.395804462515536082e-02,9.005737690303365905e-01,6.505975271538247950e-01
3.927429588989521658e-01,2.200752704031056980e-02,8.714083461326311425e-03,9.019460639298323423e-01,7.532493296628387514e-01
1.068450479426931721e-01,1.073493714961273604e-01,1.971642273673513898e-02,9.978402611596564054e-01,6.666035718101089858e-01
3.169684603941099743e-01,1.712654866587920710e-01,6.160794914114447150e-03,9.559837936622944676e-01,6.828713595594454455e-01
2.918499247418241405e-01,1.501460481953953430e-01,1.599418664771732126e-02,9.489024631859395154e-01,6.785475565345747695e-01
2.254058241908261095e-01,5.892853457577761772e-02,1.265583130227808210e-02,9.917876069108330084e-01,6.997050943248060983e-01
8.187947033201474489e-02,2.565423124838320940e-02,1.429892967384503027e-02,9.351687398990292666e-01,6.740296519244534101e-01
3.421546389319823911e-01,1.802356582526863649e-01,1.349514235391203673e-02,9.794997559655232999e-01,7.020428186281931771e-01
4.131086765347692369e-01,1.709636605798099951e-01,8.063183650693073884e-03,9.721809812780138893e-01,6.864896518711601781e-01
3.106677865282201356e-01,1.168935766389993247e-02,9.405629706171245163e-03,9.477096482321838433e-01,6.591822669758616859e-01
3.947619385524399060e-01,1.649112234750882977e-01,6.296153978208532051e-03,9.774631897458690988e-01,7.805844465754744332e-01
4.232154786626918797e-01,2.034531491920296004e-02,7.305711505981424617e-03,9.965778387592637566e-01,6.958371660648067225e-01
1.520297392486331944e-01,1.359344304700536854e-02,2.455789644837829896e-02,9.200607375787070996e-01,6.642923219564571546e-01
2.747979042053985133e-01,1.519615785321056511e-01,1.059573623354503891e-02,9.017509414501021503e-01,7.282289568428185200e-01
2.043171444467354603e-01,1.077258137630666551e-01,1.114051078679128420e-02,9.821454406264299442e-01,6.684913277553204969e-01
4.242637324043256886e-01,8.349505679397346836e-02,7.542126608642420876e-03,9.403587072844813433e-01,7.659639802185270741e-01
4.124355649931398665e-02,1.808685769992283698e-01,2.010328408993503069e-02,9.544402493515008468e-01,6.592366914859759675e-01
1.779088382335093643e-01,1.680214108414830043e-01,2.348285620374564175e-02,9.222462320732531804e-01,7.196953924916347223e-01
3.766062501021842923e-01,1.246707083786426432e-02,2.079501074133302194e-02,9.841788761852876544e-01,7.915739495173668150e-01
1.228580122158751259e-01,1.236013611462933037e-01,1.725231658868343551e-02,9.721206249072711358e-01,6.738453580487619998e-01
3.389631329240763713e-01,1.546812132382842098e-01,2.126465831221152625e-02,9.953366628194798560e-01,6.802053015358247023e-01
1.652139768327297031e-01,1.105476253752154664e-01,1.308460465865717015e-02,9.475251871599684739e-01,7.400697367092824441e-01
4.214107936128778653e-01,1.966180943161614791e-01,2.218994710161375020e-02,9.976565012760827411e-01,7.969781107393010267e-01
3.800342998257705274e-01,1.375234534248621077e-01,2.097037699276364103e-02,9.510855392973898148e-01,7.078753622428390901e-01
1.302664334372619637e-01,2.172445952670803634e-02,5.034492885126380830e-03,9.621422090862772336e-01,7.472967639165810638e-01
3.314128457077398227e-01,4.046130438799074025e-02,1.475588269835034078e-02,9.674127439821690322e-01,6.728475594172451668e-01
1.455114573044722637e-01,1.654228786186929534e-01,1.029233152158452388e-02,9.489771455720175108e-01,7.462095699896453826e-01
2.611296584524645525e-01,1.993545779557157338e-01,6.724658327353909282e-03,9.562780190968924732e-01,6.878993097432339887e-01
2.834882496407222230e-01,2.056951410760555002e-02,2.192392085495549828e-02,9.223307064701490310e-01,7.419931411236996288e-01
3.568964304977674251e-01,2.096553425116463171e-02,5.158993686022446054e-03,9.362363058132908700e-01,6.632991812125413889e-01
1.148941073838438340e-02,1.529140237745134079e-01,1.960327004110720694e-02,9.701993245092248586e-01,7.287453532557993663e-01
9.544773530433656172e-02,1.380650206159137264e-02,2.476384241994372334e-02,9.038988960017934060e-01,6.856107492009860804e-01
3.064127407425002447e-01,1.464346309690464643e-02,1.464039533412471450e-02,9.700413119967274955e-01,7.522563054994120257e-01
2.427514686599314964e-01,1.778744801189228453e-01,1.242481059882869290e-02,9.303775644542489065e-01,7.621504680602473325e-01
2.136145785482903847e-01,1.602895126513717294e-01,1.711665908949426898e-02,9.271835836374222595e-01,7.772213795839095773e-01
2.468507142772361634e-02,1.764310767730120910e-01,2.109395655295344396e-02,9.693488464352610912e-01,7.988593053378623132e-01
1.504103540049647192e-01,1.304521670244179754e-01,9.805039875505575792e-03,9.214945162720756811e-01,7.189032169479848688e-01
3.721279994896681265e-01,6.518474796583283160e-02,1.001402858307072485e-02,9.961683435889314708e-01,7.505891625810986456e-01
1.425302708845780503e-02,1.813563248762254387e-01,1.714356028173693799e-02,9.990679033713071311e-01,6.527635574378183314e-01
1.710711449715043853e-01,6.044598146991192467e-02,2.379759641708610943e-02,9.458100407851458558e-01,7.857630549959316868e-01
4.064686154107614580e-01,5.582665705151502317e-02,1.096879951517526833e-02,9.401418335842293139e-01,7.423614718292869119e-01
2.282783511981127667e-02,1.773936834193614864e-01,1.253509326458026110e-02,9.079037456398733053e-01,7.132017468909855884e-01
3.226237671981491695e-01,1.364836959061483668e-01,2.486666602920579311e-02,9.778218683794180910e-01,7.151469114140975858e-01
1.115158123420936370e-01,1.792387448571393094e-01,8.524443304130316021e-03,9.162723996546238148e-01,7.636993469540593882e-01
3.727751889939254770e-01,3.202435656154050542e-02,6.539363367506081416e-03,9.933047860476080793e-01,7.750205005303841821e-01
3.210631629735676285e-01,1.905070627553606399e-01,1.679510477761212220e-02,9.990592738955210717e-01,7.711855514472277795e-01
3.809675182982376618e-01,1.229356891833650878e-01,5.485339768432660051e-03,9.122409780081711661e-01,7.265876979570535799e-01
9.363173509501311609e-02,1.339389737745921016e-01,8.608664625496453490e-03,9.683005882092707850e-01,7.056719956352047740e-01
2.289245918171815275e-01,1.828980554849638784e-01,1.744418361380936297e-02,9.465991991567727082e-01,7.918309042123303776e-01
3.353068057935895130e-01,7.676984196423110307e-02,1.819024801382666118e-02,9.541145854210519861e-01,7.451299287155315199e-01
1.064051897448468481e-01,1.441954239444765695e-01,1.520850499295239508e-02,9.179574679654781688e-01,7.315480113491317216e-01
9.999016495963607143e-02,1.284277836037723275e-01,1.267496092458766585e-02,9.723520899444914045e-01,7.397478398042439673e-01
1.266113527046397458e-02,1.577627910543260847e-01,1.652395168843696568e-02,9.166612720965120475e-01,7.444799762279423749e-01
4.122030611154690605e-01,1.794916155748281505e-01,1.786771506066477458e-02,9.885299977743737809e-01,7.569609326160355867e-01
3.055972415434334288e-01,1.363321102305888322e-01,2.106964092583301501e-02,9.453974614343161331e-01,7.329777042561749223e-01
2.736553918703693022e-01,1.446027134610980772e-02,2.085501656419695010e-02,9.634868099367545069e-01,7.813033031686218433e-01
3.201737360361510687e-01,3.744492882410627166e-02,1.829601531029895548e-02,9.921791107048328895e-01,7.789571321410574400e-01
2.290619421203434758e-01,1.908416582711497389e-01,2.288465166456931515e-02,9.737939504802537449e-01,7.163386616979257049e-01
2.052614092477860475e-01,1.937614442020680339e-01,2.176050507190837799e-02,9.540847883449969924e-01,6.752804168188305534e-01
1.938493314419904578e-01,1.935152494259741451e-01,7.664920164358803890e-03,9.402677647843360464e-01,7.364983570656651324e-01
2.757484219924621338e-01,8.323080679623477349e-03,2.413358882646966797e-02,9.462135121993704434e-01,7.431109283196773996e-01
8.745850444333239104e-02,7.710718542193424618e-02,2.283484604635840909e-02,9.341673059610539065e-01,7.285069360930602755e-01
3.819771801613791040e-01,1.521748680936112208e-01,1.141854359015919557e-02,9.946183825252404853e-01,7.835866719910949962e-01
3.492417672530647166e-01,1.508242749279083417e-01,5.403688372140788912e-03,9.252857844147649446e-01,6.639530385536549506e-01
1.509627893129225074e-01,1.809587208504174344e-02,1.707951893516574879e-02,9.409346282596972033e-01,6.931127757252800725e-01
2.492233883325729593e-01,1.222882885308142903e-01,1.376835153732776026e-02,9.778223924651076038e-01,7.798684769483927859e-01
6.150071167855627324e-02,2.943105408963063441e-02,1.999133325172263928e-02,9.364341672626064206e-01,7.909119969533309202e-01
4.181365403635135536e-01,9.914865724069088504e-02,1.549199529017245003e-02,9.886610896438119411e-01,7.138887612053853582e-01
3.883409629933916030e-01,4.869745446738318190e-02,6.529808705018935386e-03,9.243072640147048658e-01,6.788965972761407119e-01
3.964940302881569956e-01,1.157907317521080642e-02,9.893748405095516979e-03,9.031344841709404436e-01,7.130494244764902234e-01
1.434979474647807562e-01,1.692386567979530659e-02,2.265047512253059309e-02,9.628751112251868749e-01,7.184249668136204470e-01
7.355878946724511702e-02,1.822676969962517546e-01,5.753793914301002198e-03,9.508253457735130754e-01,7.279354067243826165e-01
9.185025812704714077e-02,1.491845468761052729e-01,1.973339338796574124e-02,9.933058079890823011e-01,6.911529620274426966e-01
3.961059675834355254e-02,1.864329723728171406e-01,1.083887015902864660e-02,9.423132325895962058e-01,6.968941110675234141e-01
5.252746031349388167e-02,9.452799653437699012e-02,1.405279606084994248e-02,9.135590257958193794e-01,7.483381447019138433e-01
3.158964516529867012e-02,8.324520729160805876e-02,1.562010863823217258e-02,9.329745537246350029e-01,7.432691226494959613e-01
4.256340966888907396e-01,7.232305120791703013e-02,1.000162714614402128e-02,9.393211809960423375e-01,7.493153772673002422e-01
3.277074616533257045e-02,1.236451121143659210e-01,1.803920885995325546e-02,9.583131813825804812e-01,7.065927474796371843e-01
5.786055272815644052e-02,7.096031800729539485e-02,1.886884436195752565e-02,9.274500491089175958e-01,7.004685257749838634e-01
3.558922215084259211e-01,1.495083735624192500e-01,6.701189593415502258e-03,9.550313320173805520e-01,7.027308009459408700e-01
2.499230529827226044e-01,1.604621479169565657e-01,1.247854151702841238e-02,9.908045865565964228e-01,7.926764728234503288e-01
3.332249807602435943e-01,1.752930740924468489e-01,1.988754602412583228e-02,9.423730349798573602e-01,7.092867654716484838e-01
2.716612513344690005e-01,4.931738511881018222e-02,1.943275119682263616e-02,9.651569493937631750e-01,7.409198594506888336e-01
3.794531051711186875e-01,1.058773878091827103e-01,1.589206687810478316e-02,9.228898587125796693e-01,7.284264780749808432e-01
2.749025694110737161e-01,4.546547872923793060e-02,2.055349559736028425e-02,9.801327045046022146e-01,7.814332723991739282e-01
2.249916648554517451e-01,8.473608860647886820e-03,7.152897860796865286e-03,9.269670630360059560e-01,7.053675201169218312e-01
3.067696186235975842e-01,1.418572355297977039e-01,7.364225356890601558e-03,9.579802793505556302e-01,7.151216666534255806e-01
1.929314905188149465e-01,1.102472735130898135e-01,1.814978600592689548e-02,9.300247469732685346e-01,7.764191433173316392e-01
1.494613800261311853e-01,1.450615286310636687e-01,1.886667735790257747e-02,9.067402350061847249e-01,6.741436421044858518e-01
2.016229021011411437e-01,1.843695936990088699e-02,2.129053710642140815e-02,9.319662740561031056e-01,7.391441821812950730e-01
7.380735108728252170e-02,1.991097096333264704e-01,8.620737555465140742e-03,9.212030660711348906e-01,7.099862311465706677e-01
3.427292720853546415e-01,1.988753648224593773e-01,1.533543318862210306e-02,9.892673768402628909e-01,7.978687338387842054e-01
1.128419221931202393e-01,9.353496527519902792e-02,1.821662594271164851e-02,9.266162114638143432e-01,7.582076175200930246e-01
6.686503337859335538e-02,1.733456843215833709e-01,9.473991476580300580e-03,9.974423181768922175e-01,6.515834394209192304e-01
1.066851117250042918e-01,4.947014260530580715e-02,1.533855731187981630e-02,9.492345811724864912e-01,7.759210850669966408e-01
3.622480951102908797e-01,1.477756660834361191e-01,1.776890048781192000e-02,9.221064966567649179e-01,7.554769484271968150e-01
1.426563558114267438e-01,1.759659455058996125e-01,9.288990229553605732e-03,9.391344133165695496e-01,7.341441373373964741e-01
2.953153940180311965e-01,1.631185869500749452e-01,1.251126820500282795e-02,9.183431117497588003e-01,6.854192713826475769e-01
3.683997315513121151e-01,1.625430415699903319e-01,9.326776202714159858e-03,9.833683253845453276e-01,6.723974975611535232e-01
3.435246211084307111e-02,9.314229978568415447e-02,2.305885808857197419e-02,9.119969269306476001e-01,7.442599344287627039e-01
3.291954698213804265e-01,1.641779996079757997e-01,9.735977638599836032e-03,9.873527751495413396e-01,7.159910409220646699e-01
1.329884850766038795e-01,1.384502577912388177e-01,7.416692519715939458e-03,9.045917048452087883e-01,7.792430468346694949e-01
9.393099423495430977e-02,2.735782823069667080e-02,5.703106230542874175e-03,9.299607931529333404e-01,6.893560355416507024e-01
2.965387231023250414e-01,2.372269640883950884e-02,5.899069448227003964e-03,9.139886720242776930e-01,7.456279971269373918e-01
3.913027511525573043e-01,1.546125050509933319e-01,8.831724699336337969e-03,9.685265545920737074e-01,6.873264554988526287e-01
1.275632405376176115e-01,1.254673536658118260e-01,1.716417022613904789e-02,9.512321730993040791e-01,7.454475618639933021e-01
2.450297025098728543e-01,1.043558473210841192e-01,5.352997490222452873e-03,9.939339572847870619e-01,6.572516963323570272e-01
1.253388348414318509e-01,1.815450963789168315e-01,1.073487849514294379e-02,9.366180761080649120e-01,7.087561140221576572e-01
2.387885162766375802e-01,1.322584810173725034e-01,6.163337826465986428e-03,9.040749093500494160e-01,6.759028423798627561e-01
2.677788111507120594e-01,7.983320227257173496e-02,1.307317540598335395e-02,9.761659063195133879e-01,7.408900994335212431e-01
2.628338817909871006e-01,8.337242982706058458e-02,5.971534756597151813e-03,9.579500649675717350e-01,6.975092079766598285e-01
2.685013925767379961e-01,1.214436278026994054e-01,1.715083553241655845e-02,9.827435305244414110e-01,7.657298926515124782e-01
5.894923086131783480e-02,1.522947816525833387e-01,1.876848531038030621e-02,9.426138572073607946e-01,6.671891540645027430e-01
2.985288614527026874e-01,1.133063080828757008e-01,1.962675099287526995e-02,9.738181161356450621e-01,7.334319600378863546e-01
2.904679028871157698e-01,1.022434155616167711e-01,9.486867972925101117e-03,9.171065706149468255e-01,7.390516794412482771e-01
2.938303044310428547e-01,1.456532398281821794e-01,2.237000323923486744e-02,9.999526554831841274e-01,6.533156149580099381e-01
3.277626712490501470e-02,1.413476454315002462e-01,1.880576334661852866e-02,9.173646974869109627e-01,6.553978566275747708e-01
1.926938633956714608e-01,1.662390212820986368e-01,6.133004385996407640e-03,9.829800627658865642e-01,6.962360258492027443e-01
1.764760716476180546e-01,1.344780546918158612e-02,1.381533417402854361e-02,9.212438168962726603e-01,7.413613159117868889e-01
3.819922648293243295e-02,1.512354742843138034e-01,2.035512986744962560e-02,9.782507984594167594e-01,7.943944992743310340e-01
9.639584106773178840e-02,1.032383297393863197e-01,1.121787853440459407e-02,9.861252417027472905e-01,6.636175264982995259e-01
1.901729690413577478e-01,1.586393088659722450e-02,1.263117547814529562e-02,9.876640906209768200e-01,7.554744159816209059e-01
3.197068069291172931e-01,1.361229956057344315e-01,1.759207654593085771e-02,9.475718446913176107e-01,7.539074183184165667e-01
1.026996310264205042e-01,1.435914986063866194e-01,6.109617602317956274e-03,9.428812973116625917e-01,7.504211365255215593e-01
3.569627114435870441e-01,1.052018067393922091e-01,2.433870081015834796e-02,9.833791130130736802e-01,7.274221012298303091e-01
2.351474645822298204e-01,1.589659965523028129e-01,8.489620212194556870e-03,9.579489222950814398e-01,7.950238925915216193e-01
3.272209029442009198e-01,6.074937361723100476e-02,5.533439992925206705e-03,9.621276831488528858e-01,7.252662707733021907e-01
2.037265168515116909e-01,4.117953648775578984e-02,5.106459640808405295e-03,9.236067121208622055e-01,7.757445618798812781e-01
2.151543227061338270e-01,7.079605639691241570e-02,1.299108749998791404e-02,9.446157014202606339e-01,6.893780904311995750e-01
2.668596180438656540e-01,8.260005214589953570e-02,2.268506730950755473e-02,9.369448888066786996e-01,7.709462748960282941e-01
3.990993909031385622e-01,1.394907868780315974e-01,2.139524158435858123e-02,9.665321559088033698e-01,7.994818600908399908e-01
2.119875974261383744e-01,1.692584676377673070e-01,2.324091596499390164e-02,9.196483280019196460e-01,7.865128981660640672e-01
2.277940838484568131e-01,1.444627198256566436e-01,1.567564638657797937e-02,9.405751926722288880e-01,6.956107578127918023e-01
2.592566973533101393e-01,3.562352425485069973e-02,1.397492467750328579e-02,9.848732058998157513e-01,7.769236213772598987e-01
3.173939939007243694e-01,7.387719987525122323e-02,1.271721952213589017e-02,9.546445677088531978e-01,6.642885684543079483e-01
3.182379392359452330e-02,3.252432897610782470e-02,5.928361515826117110e-03,9.896043977324812113e-01,7.516561339419579602e-01
2.222299111259260218e-01,1.376581157120522203e-01,2.319042512610307305e-02,9.232527443956680679e-01,7.013219349480029896e-01
2.076027917693926694e-01,5.038620376516193128e-02,1.492352184569455120e-02,9.439903336598269856e-01,7.488005134393397322e-01
3.964028582379177101e-01,1.055519996375175185e-01,1.410134862103020262e-02,9.500416223195105037e-01,7.118373511369198159e-01
2.127143230071903424e-01,1.585741387957421977e-01,1.530334974028234665e-02,9.400567407306186229e-01,6.513549724737983659e-01
2.019095093838679800e-01,1.345169157094014134e-01,2.088309036228401180e-02,9.684493562347530338e-01,6.846914831071926333e-01
4.137837950813871291e-01,6.037642414236141231e-02,9.489421719651279161e-03,9.148719811593470919e-01,6.563579349287473885e-01
1.942973028847781725e-01,6.724048337265182973e-02,1.919801357989846594e-02,9.519400390171858239e-01,7.140904884199776870e-01
7.859942060817674825e-02,1.310194930340033426e-01,1.921539481708065683e-02,9.138772350476009887e-01,7.760106930092275368e-01
9.405701668368318669e-02,1.103440821186488924e-01,2.199105564516365754e-02,9.629197488787555326e-01,7.606995138462617767e-01
4.183545394656189992e-02,2.018230400653883705e-02,5.173671969277400008e-03,9.830248133274467337e-01,7.683368279366098452e-01
1.243727452087168943e-03,1.749243262654356923e-01,8.407910864702640430e-03,9.019997046693564169e-01,7.710799473207093913e-01
1.863046885692067334e-01,1.030100363626721000e-01,1.442093704089510847e-02,9.456936221703934331e-01,7.057909682065213186e-01
3.310050673769369678e-01,9.519884162629561886e-02,2.201080774922957103e-02,9.492703591810295327e-01,7.259038594240098119e-01
3.156571039611295593e-01,4.048942798982020641e-02,2.430233723255968356e-02,9.720254210653137550e-01,7.262676755128102402e-01
1.479195866742273255e-02,7.602176997513693246e-02,1.689737229358802620e-02,9.074719931975036014e-01,6.669812775404109217e-01
2.455226656418401099e-01,6.723214760070472806e-02,9.242679508460402427e-03,9.406020781270095776e-01,7.397213183192411501e-01
6.718746080238120755e-02,5.487640088305594660e-02,8.691693916492913147e-03,9.785481231172555860e-01,7.580269668500503322e-01
4.047217261640551067e-01,1.139139083547078546e-01,1.778887907972534835e-02,9.532144561510874636e-01,7.416451728669941623e-01
7.279958484735291058e-02,9.299279669577613372e-02,9.201382941188092010e-03,9.749846188113261425e-01,7.618948902064284212e-01
2.698282243922195955e-01,1.779503393776187825e-01,1.606174847841772280e-02,9.364009780271658201e-01,6.678336902187285151e-01
1.409562573683803555e-01,1.883274514323850235e-01,2.169623858287804408e-02,9.920087681885855213e-01,7.642113419501266325e-01
2.762298088387071249e-01,4.467521241639008794e-02,1.279639296924180158e-02,9.077345258219514657e-01,6.812210155052714766e-01
1.778589378830882362e-01,2.092098032467489335e-02,1.256944379483858343e-02,9.091164405802797388e-01,7.815240234259299701e-01
3.268868694394433394e-01,1.572821727460621544e-01,5.722806737821475344e-03,9.528485904909046456e-01,6.867396968526193746e-01
9.996134476565100846e-02,1.989774193240831934e-01,1.008169156849109821e-02,9.470823849035652220e-01,7.237988575535660996e-01
3.895847049002175710e-01,1.728564139009766965e-01,1.896382919238548750e-02,9.638467527464901208e-01,7.230899444984951741e-01
2.155899395554280451e-01,5.715783021628209962e-03,1.220782490264392915e-02,9.229056134739218598e-01,6.903275480588020319e-01
3.253639603688138759e-01,5.100144659058673813e-02,8.165978345798439314e-03,9.226028290976875379e-01,7.042564376629392164e-01
3.655342521111263898e-01,9.625113131211521927e-03,7.115354675206542537e-03,9.749109567769703721e-01,6.778395123613387696e-01
4.294974740996113094e-01,1.643350960311921460e-01,6.901067563014178126e-03,9.291765200704673600e-01,7.355151046187824448e-01
9.707269053980807638e-02,1.166999882821709578e-01,1.818266866235790369e-02,9.727291735160001895e-01,7.869542038000221229e-01
1.240768454187221315e-01,1.032299896922437149e-01,1.725242957587097212e-02,9.640706985079580127e-01,6.974911358542476014e-01
1.084357942079800519e-01,1.113355265173089914e-01,1.537042011204169806e-02,9.083327153329173731e-01,7.262093914657187232e-01
1.137718014965467539e-01,5.123780048062163972e-02,1.500652896318278862e-02,9.711129639736073571e-01,7.792820917862974817e-01
2.508687941203928684e-01,1.207260354586337098e-01,8.062737053757432909e-03,9.879515374605924993e-01,7.178748570418209685e-01
4.272211624295666477e-01,7.102728714341969250e-03,1.501208449520174612e-02,9.816646257347622084e-01,7.746890492686879792e-01
4.258292993627916245e-01,1.295563330701970939e-01,6.198755532007597935e-03,9.008861865889775666e-01,7.169585997754804874e-01
2.269857162544300089e-01,1.471523322055873495e-01,2.351716917205375762e-02,9.539713906138623800e-01,7.160363700066310066e-01
2.751426732035450740e-01,1.349322264786536052e-01,6.160551080052137016e-03,9.913337211773421975e-01,6.735859943269013606e-01
3.699273632479889717e-01,6.709138614413183432e-02,1.347060389787837001e-02,9.598725674199166669e-01,6.687468236639920738e-01
4.012284536765536869e-01,1.654263201103809977e-01,5.011421128063444676e-03,9.290326070653102120e-01,7.417245116441731900e-01
8.845620912437433814e-02,1.433932554263789294e-01,2.072300877566489105e-02,9.194544641999797818e-01,7.741000287018081627e-01
2.277444017163122725e-01,2.653116726193129743e-02,8.323403770712601429e-03,9.684947529354962503e-01,6.703109730275290667e-01
3.582870964497887334e-01,3.983369988712469334e-02,2.349832035643356284e-02,9.771253934712873512e-01,7.865140919160482635e-01
1.310736908762398234e-01,1.277845742224694991e-01,5.879554957211290643e-03,9.912584764917400371e-01,7.038319702796504984e-01
1.896780792241202218e-01,5.859381057764920242e-02,2.141574669128853969e-02,9.905716583533105135e-01,7.137885809781232549e-01
4.238314525486513995e-01,2.476715534780115496e-02,1.813275625631176335e-02,9.339280166115716542e-01,7.841680103027194315e-01
4.235850328932536657e-01,3.183882963682854728e-02,9.994714377717810183e-03,9.603876931505783698e-01,7.844444675482109552e-01
3.897198218182629237e-01,3.395781892753973324e-02,9.048392184611897537e-03,9.101519185858993888e-01,7.287288315367358438e-01
3.435343399312367207e-01,9.608039045685806689e-02,1.215355866754044833e-02,9.094462550163797676e-01,6.915147416680011982e-01
1.164569848100836663e-01,1.218697052324699825e-01,2.156805766350710155e-02,9.071468566800546807e-01,6.757909208507264509e-01
1.386446817748234195e-01,3.610405269602857958e-02,2.223913096670911138e-02,9.927144246087912238e-01,6.907370071145819690e-01
2.357843388768912363e-01,1.427868254622809974e-01,8.505707590486515091e-03,9.152432426227493645e-01,7.670941096437687845e-01
2.415734936871032079e-01,5.692150889280416654e-02,1.206896079368661306e-02,9.482326198488628677e-01,6.986886203320474831e-01
2.178607095041817376e-01,6.300006954039820417e-02,9.749827678045077523e-03,9.433072364794407028e-01,7.541842191549513741e-01
2.741315500840952879e-01,4.547622559374740747e-02,7.452856952757958356e-03,9.324771109626655008e-01,6.792801233419395457e-01
1.761705767095521902e-01,1.572560210526950109e-01,1.792898775057856151e-02,9.537730652351436023e-01,7.217755449033349535e-01
3.223957134883636000e-01,1.920029527544385439e-01,1.191742046471070543e-02,9.002790890473588714e-01,7.028159324088233406e-01
1.440929184592144308e-01,9.900746988694045236e-02,9.507680895526681580e-03,9.380149338319597740e-01,7.255418484980346028e-01
1.428604316899852456e-01,9.364097644966446615e-03,2.231995547003952710e-02,9.479344060469654387e-01,7.354917936380265253e-01
5.557993765159421201e-02,5.285329396866970258e-02,1.996635861807133025e-02,9.803304386205300425e-01,7.986402446951668121e-01
8.195753810240635762e-02,3.245200793265036465e-02,2.047522297392685015e-02,9.700963429301645569e-01,7.849842570783803763e-01
3.658734570572624301e-01,1.687096946855515534e-01,5.783917823665603135e-03,9.849761804017956868e-01,7.543799716286286872e-01
1.924551232510094134e-01,1.788594349920782922e-02,2.330260898462132441e-02,9.376298235265121406e-01,6.730615205795628109e-01
9.875528043116570120e-02,1.933287718969883828e-01,1.649476755948470555e-02,9.140905527797388297e-01,7.878542834508828197e-01
3.267573319096042095e-01,1.181142415483005803e-01,1.507605609369037578e-02,9.401056463933052942e-01,7.838879106062000002e-01
2.386579029754326842e-01,1.040302176277584922e-01,5.211706920555623027e-03,9.963059633925007708e-01,7.830055145111358694e-01
1.007592890059290369e-02,1.696227738614181912e-01,2.295324420868209356e-02,9.214327594057268866e-01,7.218525296529584301e-01
1.367190651974508064e-01,6.481976636999776248e-03,1.587780940972001106e-02,9.174755362974063022e-01,6.756060066591585977e-01
7.693360537105531360e-02,1.556533971319949139e-01,2.150306924681070694e-02,9.944337276159075367e-01,7.631604822453382786e-01
2.823694573616385983e-01,2.420420506813479589e-02,1.811021921476587554e-02,9.949923084810212703e-01,7.082772558485636027e-01
1.189883164303784796e-01,1.683148416891459831e-01,2.093387227021760791e-02,9.149236854429916299e-01,7.016852434538353167e-01
2.886216828106581700e-02,1.063060676283345135e-01,1.885863497115604706e-02,9.769452861551198852e-01,7.086173018838916038e-01
2.456711036580011207e-02,1.316475106965826758e-02,2.341927804671653512e-02,9.429742504185770757e-01,7.338605836198719423e-01
2.505610108242886658e-01,1.668157627214635619e-01,9.509683726790993386e-03,9.492215716004921422e-01,7.000278246116238279e-01
1.031936249705444827e-02,6.435509297179077201e-03,9.042002094658142808e-03,9.498688146458146297e-01,7.534880916497177505e-01
3.651318165353820699e-01,2.853576788582709578e-02,1.925083123890243900e-02,9.968371561118343216e-01,7.471585693615494517e-01
6.766536416137124144e-02,1.597670802414991598e-01,1.502789601166937966e-02,9.184661114250088909e-01,7.263293920740351295e-01
2.612169577988393554e-01,9.350935364772031133e-02,1.698322340669740013e-02,9.773063735252818240e-01,6.580959847528242701e-01
1.917711640166099019e-01,1.763963521666119250e-01,1.917084938382454182e-02,9.005674108359608132e-01,7.904814023556758773e-01
1.909833026084861718e-01,1.274504252854256336e-01,1.594856394000005242e-02,9.628610106908805921e-01,7.117544424680585236e-01
3.180097407245967289e-02,1.250822221197112061e-01,2.075386895332392498e-02,9.652677976699060025e-01,7.174179791428830777e-01
3.453807153410404784e-01,5.915478612027096073e-02,1.137734711871704954e-02,9.753706209450687670e-01,7.184048768364749149e-01
3.841195159591453412e-01,2.760242418679497572e-02,2.217980887199384396e-02,9.925962362806125538e-01,7.047541937357704178e-01
5.726150307834010182e-03,1.922733057884398467e-01,7.153527058512014480e-03,9.753835105655639381e-01,7.511881865927014790e-01
7.762119137406350844e-02,2.185474013953563749e-02,1.768007953922373643e-02,9.732143985839508682e-01,6.520876543735774078e-01
3.887748969932603993e-01,1.062731094146399519e-01,2.280265015053595246e-02,9.253787516320974849e-01,7.810262493966018127e-01
2.367327598912249420e-01,5.524114957612127202e-02,1.005388255803409299e-02,9.992839709171479345e-01,6.653658537904341141e-01
6.536697906848214223e-02,5.356399205270949426e-02,1.153669349847825931e-02,9.468408810923926167e-01,7.999570512657226962e-01
8.799710416932914059e-02,1.193226576412598078e-01,1.110883556985477888e-02,9.417450102279223412e-01,7.442123943765082128e-01
2.841340987777219440e-01,1.597888893185949177e-01,1.628527423550067688e-02,9.501877573277093258e-01,6.599369711157025975e-01
3.119464167439085500e-01,1.556587170834244638e-01,1.325743631130297043e-02,9.394056455753683199e-01,7.343655589140262174e-01
2.581541008807922144e-01,1.738915361495171619e-01,7.159185699898047706e-03,9.593637571225954730e-01,6.996961688698422055e-01
4.099006549824735224e-01,5.928764484456105349e-02,2.282574443512920201e-02,9.349624589785026085e-01,7.929564834689351027e-01
2.129532859709023507e-01,9.368452496129969775e-02,9.093532583173483119e-03,9.239944848944595668e-01,7.633206507172827227e-01
1.298166503091439383e-01,2.857580070784966186e-03,1.568160021977059448e-02,9.927994901795739180e-01,7.260522002972654709e-01
2.057329183796166860e-01,1.496246670041367355e-01,1.689609791874523148e-02,9.927828479970811637e-01,7.144666099261212100e-01
1.552968399829761093e-01,6.116627931631433285e-02,5.815036872950834004e-03,9.496245412780688344e-01,7.993803298684305503e-01
9.727441795744042052e-02,1.127372131207671213e-01,6.914246553086744566e-03,9.962147343944303124e-01,7.501076127441141939e-01
2.071823396692008823e-02,3.469075612187069030e-02,2.443379420859103507e-02,9.415717159844357864e-01,7.270894613586861288e-01
1.520991597394382722e-01,1.640605019197313719e-01,1.829024680298764818e-02,9.387378868466618176e-01,7.096916176130443343e-01
3.061946101674794529e-01,1.636371716363772821e-01,5.671303540928538875e-03,9.916906135714174120e-01,6.986874286160843495e-01
8.909817433458144809e-03,1.756131300358381442e-01,2.088398441305997638e-02,9.632917003023173663e-01,7.558129135702444934e-01
1.894075821653459779e-01,1.014146242423784317e-02,1.517085618554971094e-02,9.762517369996882577e-01,7.381828272359041154e-01
2.772800332219935160e-01,1.984992832452277534e-01,6.503991441569512491e-03,9.412743831564021058e-01,7.772277252955899218e-01
2.628633628357777696e-01,5.030810347349921885e-02,1.861504196095582417e-02,9.407001664476015712e-01,7.330341084955062092e-01
3.341821789962591271e-01,6.257730352342254221e-02,1.498703611736936989e-02,9.083303704878100682e-01,7.373497085197716627e-01
3.487129580180531319e-01,5.061781010889877808e-02,9.098396022218464829e-03,9.966743884613773474e-01,7.216034742264770818e-01
3.063217971744173762e-01,5.423900697493994755e-02,2.255404544177639151e-02,9.227958966842105815e-01,7.643931419436600372e-01
4.510021164609750305e-02,1.109796098646256834e-01,1.082759716600508251e-02,9.494267063633931025e-01,7.122488264147777137e-01
2.047846284778707115e-01,4.872229831645213949e-02,1.069113270906615551e-02,9.114610271846070866e-01,7.777909407094872885e-01
2.598611557621841039e-01,7.936049096868055819e-02,1.045547163584557501e-02,9.646953613354366519e-01,6.990567141732200174e-01
1.063478306492547376e-01,1.314657099061998513e-01,2.034911554178102377e-02,9.390875450247767597e-01,7.538937569571448893e-01
1.925472977046712580e-02,1.673692145119676511e-01,1.912237340761064122e-02,9.767661874092428143e-01,7.839456348649478379e-01
9.692024765582411827e-02,1.388555585531090208e-01,2.306291370940715194e-02,9.528378654487965616e-01,7.653610795544182333e-01
1.961496983433020647e-01,1.192702461126773222e-01,9.586784391685594653e-03,9.129479315184937382e-01,7.013912213773927373e-01
1.785761068744237678e-01,3.039798394567267206e-02,2.072729191085616665e-02,9.010740508594946574e-01,7.559508504426160069e-01
7.679013498935234605e-02,1.634070047067152365e-01,1.646091153056191900e-02,9.212448682300304892e-01,6.810477221914961188e-01
3.546742678112184133e-01,8.417702710614698158e-03,1.117359219305335757e-02,9.724346494820456099e-01,6.587247619177714064e-01
3.981195808880548248e-01,5.357414098382511786e-02,5.709082648155013040e-03,9.828514127600863626e-01,7.687072609467276996e-01
8.737842887361482735e-02,1.235472446946027716e-02,2.137895099702220164e-02,9.341335035659614761e-01,7.712013672847498613e-01
3.997867807783380689e-01,1.338183661413080705e-01,9.821427430267128111e-03,9.535925071232854711e-01,6.534396408373396303e-01
8.662351486152573485e-03,7.430584543610938009e-02,1.763486072429839083e-02,9.240013290458556350e-01,7.921692520804961557e-01
3.978089007912795627e-01,1.307576481577684968e-01,1.597735872119625256e-02,9.880443240919960513e-01,7.168849740357754463e-01
4.093774509447095089e-01,7.005916090141446617e-02,5.088990772935677968e-03,9.965207145909181774e-01,7.857908221153084849e-01
6.170249233831911345e-03,9.169240542909934399e-02,2.488687259879525035e-02,9.752940023726940355e-01,7.682261788467360519e-01
3.283352783172249212e-01,9.213424102306999597e-02,2.128658711600257825e-02,9.088886720591831114e-01,7.850980291713068882e-01
4.172164746324628082e-01,1.007055007984137759e-02,1.472942541273363978e-02,9.437118580618919506e-01,7.750063449675603788e-01
3.896320518728269011e-01,8.661507874285470643e-02,1.860682740484766173e-02,9.990505681749977107e-01,7.960993054380236522e-01
4.174346591531753470e-01,1.285718082599253409e-01,1.453188473181545384e-02,9.229384829313265204e-01,7.443651501913680635e-01
2.370887839442872569e-01,1.096643969690113268e-01,1.989172542557461620e-02,9.670471670175478929e-01,6.840888270578753261e-01
3.452898401083157043e-02,1.598146948937916381e-02,7.686570916377881771e-03,9.938563481427656887e-01,7.084344696099481586e-01
3.655595658583605245e-01,1.339431411516630310e-01,1.392701990468060702e-02,9.773203388263387303e-01,7.627818872928622262e-01
2.643323217420659454e-01,6.246368822813692934e-02,1.171074354145720114e-02,9.608860155664279423e-01,6.735453918204592494e-01
2.647220632567759968e-01,3.872525753025396738e-03,1.419310486988069678e-02,9.506705158895563113e-01,7.894763504268529353e-01
1.800017986293763750e-01,3.196351585976479892e-02,1.400945305720728562e-02,9.928814362337032851e-01,6.807918370443397649e-01
2.463202079275558232e-01,1.000143718059953446e-01,7.861878995583887128e-03,9.394733367107694910e-01,7.813962107269416535e-01
6.688572522794312969e-02,6.276993014698366291e-02,2.452977141418058102e-02,9.901268999884552668e-01,7.225585917257881796e-01
3.183613413968784944e-01,1.391822197369566305e-01,5.309842855762561022e-03,9.431052929007570640e-01,7.760930222557012037e-01
3.318242485381166229e-02,4.889004163758712412e-02,5.201458896347976694e-03,9.756545023758828039e-01,7.937443546216669255e-01
3.140759490617867633e-01,1.547864375265585735e-01,1.246882637067315766e-02,9.915713899267476483e-01,7.133221178113587913e-01
3.652117433060623752e-01,5.800895909740200890e-02,1.740752698693635164e-02,9.550642908628219629e-01,7.544906811376855815e-01
2.036890626751654276e-01,1.245518778092987305e-01,8.593064536298565537e-03,9.309879848334258190e-01,6.840076405114028368e-01
2.197172270384741555e-01,1.600440596699848617e-01,1.566388007808322200e-02,9.050986719658674629e-01,7.701178575017808559e-01
1.349399230835715835e-01,7.772566960010603154e-02,1.945543935926957735e-02,9.809259963504775026e-01,7.729888473924662051e-01
4.168977324182770450e-01,1.031418342127862070e-02,6.881212180803022993e-03,9.622009920693417317e-01,6.942868556049194284e-01
3.155103995860449317e-01,1.075536586907172992e-01,2.468844816031866979e-02,9.263045647825496332e-01,6.536211143706035509e-01
1.592960893658479926e-01,1.990864032473555756e-01,1.173401295478588777e-02,9.877411653161589644e-01,7.146807877669737463e-01
7.599236869395917249e-02,1.938293814090058242e-01,1.784830827574497916e-02,9.920302763775801225e-01,6.755000801367818664e-01
9.519964505469717675e-02,4.498341659488947625e-02,7.214397163731513588e-03,9.887166079512875738e-01,7.727826620403309699e-01
2.000226607412114721e-01,1.513836053754262223e-01,1.918972777442653002e-02,9.601517898356183300e-01,6.891645917025734924e-01
4.053618437348509573e-01,6.964541453219312561e-02,2.180912694124972212e-02,9.976581607169293653e-01,7.915539188819791239e-01
3.159487823314338639e-01,3.289422355643521062e-02,7.105702846612447013e-03,9.874805631201768463e-01,7.957713441615333894e-01
9.333956796885527207e-02,1.335170254198961570e-01,7.517263087401324616e-03,9.104260404945659912e-01,7.863253886105692203e-01
3.697517262367072677e-01,1.006728771758270274e-01,1.062094828774455373e-02,9.981105975959344567e-01,7.399421716559261286e-01
1.632480243711531831e-01,1.083068809734797910e-01,5.238716307506586199e-03,9.548806372669851328e-01,6.901142005978874172e-01
3.663888164008304860e-01,1.656511397848662026e-01,2.472102588674459853e-02,9.920035903557972157e-01,7.710887622249553708e-01
1.046891275339051769e-01,6.797219150159719558e-02,1.696768149905299519e-02,9.760341434832682239e-01,7.552393071812022463e-01
2.664054025206802345e-01,1.337518571515769472e-01,1.715178899927091022e-02,9.647566675355419008e-01,7.965752520575394291e-01
3.985416393868699281e-01,7.387210192556244170e-02,2.417924339303272399e-02,9.326672381656363475e-01,7.065878010974357970e-01
1.116365299244036907e-01,9.502055419505408412e-03,2.164058508638854253e-02,9.027030023584334817e-01,6.588151998751580196e-01
2.982655073613317831e-01,7.622500635993344209e-02,2.128485861936698850e-02,9.276736252442083774e-01,7.997579493258419880e-01
4.245571139616146628e-01,1.900568581776228005e-01,1.179004739803251288e-02,9.685820322873595067e-01,7.757395459158313855e-01
6.560666522724850624e-02,9.716923393559499800e-02,1.169726786929290926e-02,9.863114906871579546e-01,6.832234532447823971e-01
3.892458271058931579e-02,2.253785693053676764e-02,1.083475919625293687e-02,9.002346597115479243e-01,7.588441798849481223e-01
2.902297375588261397e-01,1.378775390458689409e-01,1.193391523552639680e-02,9.207973773786822802e-01,6.501035262597167907e-01
1.467467215843340222e-01,1.927124905939857358e-01,1.239017522719701100e-02,9.673067715402087208e-01,7.336713586825370781e-01
3.156388079026758997e-02,1.816811040623071694e-01,7.800073779611867500e-03,9.283635104320406839e-01,7.044257361502442860e-01
2.049061100720661888e-01,1.148202067238195956e-01,1.211895725404187052e-02,9.141702854053616045e-01,7.071999561856440186e-01
3.243676215672570140e-01,7.587986812535771342e-02,1.393494070489455228e-02,9.081936098223523102e-01,6.866779709258113984e-01
1.233175097781159801e-01,1.165548560333388439e-01,1.118694677493317115e-02,9.637878996824555955e-01,6.912267823450016779e-01
1.447351104497028029e-01,1.633702813776506668e-01,8.306939363150956518e-03,9.594859817028345006e-01,7.182002995784226851e-01
3.638050428775510547e-01,1.723862310616724181e-01,1.246820796356995324e-02,9.858613572149669269e-01,6.872217553216664054e-01
2.241108503601783875e-01,1.639499331035458030e-01,1.461815546432871857e-02,9.314837667245264852e-01,7.199659920304157801e-01
3.625320146179765168e-01,9.163979930990581724e-02,1.941456773334256786e-02,9.136718618335553099e-01,7.366021580855683926e-01
1.925010921296513577e-01,2.465273992447576668e-02,1.922475522949340654e-02,9.799155088690184590e-01,7.566667134278765028e-01
4.098263443092843850e-01,1.142655119210164993e-01,9.053900621666484058e-03,9.988185924852333031e-01,7.515718476024226824e-01
2.801908789889090423e-01,3.212933677863968190e-02,5.733107903364742693e-03,9.360389540618219151e-01,6.862983909656785730e-01
5.072061322195800526e-02,1.313070844567334333e-02,1.107599043614138426e-02,9.865349614239929954e-01,6.558784385642170145e-01
3.807048919492975192e-01,1.002348988523433237e-01,8.142726097179016007e-03,9.762545470760862765e-01,7.749022799139696493e-01
2.108947668664122588e-01,1.314193165592789647e-01,1.291576958431388256e-02,9.911585294758747944e-01,7.808469264446890046e-01
6.176311726037624072e-02,1.709753139748722284e-01,2.458692238305208722e-02,9.424372476580928915e-01,7.968334279599907921e-01
6.650406741796949239e-02,1.567842752369064119e-01,8.621427418104420093e-03,9.101301504823824384e-01,7.939567335854281760e-01
2.959520581621349899e-01,1.715908620385531158e-01,1.137747886845937896e-02,9.118356206364929273e-01,7.450721040039476328e-01
2.132280538695111721e-02,1.522536853933572354e-01,1.950228632639144574e-02,9.763198420458042426e-01,7.841407555912367489e-01
1.239487251480258928e-01,1.409446399843217457e-01,1.518365565723843458e-02,9.863331839498368225e-01,7.172012628982082916e-01
6.096887631157341808e-02,3.017376258999227012e-03,5.878562871467698722e-03,9.457016740937050914e-01,7.681003459587565363e-01
1.902222173058149279e-01,1.255943600500328827e-01,8.233800363226434493e-03,9.059570889237146263e-01,7.933001813385076595e-01
1.787577681855810063e-01,2.497587902368442192e-02,2.370499109546391966e-02,9.066706040359789887e-01,7.694417835811496742e-01
2.248849904815191925e-01,1.267475933417567049e-02,7.063299854780569556e-03,9.598600350062423958e-01,7.123648048927700982e-01
1.209639851849854675e-01,3.212601826902542618e-02,1.770185574419411503e-02,9.918624350214970686e-01,7.066638870600148170e-01
1.474669984323801614e-02,1.648351401269083083e-01,2.084651297681823154e-02,9.399583513705916937e-01,6.937314131280983842e-01
2.645716397035947076e-01,1.490260292269042774e-01,1.030878125449847735e-02,9.650619815199156237e-01,7.050595286470741074e-01
1.613250232365287251e-01,1.898057086358372614e-01,1.950156006277380116e-02,9.542007768956771718e-01,7.730864992688304405e-01
2.804227144594799159e-01,1.958162754714317111e-01,8.397903580603605089e-03,9.889757844452061741e-01,7.552250481827865736e-01
4.761813047503116875e-02,1.787635132884224376e-01,1.069500549667580687e-02,9.832387611642234848e-01,6.874818769312587285e-01
6.910485421147591692e-03,2.745228414442283521e-02,1.123644061768415067e-02,9.199348560169403610e-01,7.567302692874126047e-01
1.075182323427905928e-01,1.757981654440710917e-01,2.492869981128447224e-02,9.677543098559718837e-01,7.069093199059988120e-01
1.968588015644484046e-01,1.678887898229404207e-01,9.291445904359145469e-03,9.847503185809538540e-01,7.336658760554968239e-01
1.700568769182724538e-01,1.743460861120797734e-01,7.584149292671700342e-03,9.930249381812539244e-01,7.055553909154019809e-01
3.486197962123170901e-01,3.118543780618179481e-02,2.351382874962820724e-02,9.589927140525221771e-01,7.282444029328760671e-01
1.630923493587214668e-01,2.424157372689019277e-02,8.238613876407055100e-03,9.175911235160516544e-01,7.594705842638818094e-01
2.285592660497208495e-01,1.848379670372322647e-01,2.258559839258810625e-02,9.558232084084445912e-01,7.596695975930748412e-01
2.556181891577004595e-01,3.559150317776640232e-02,1.800913255293380005e-02,9.665819011658350890e-01,7.629773868951642557e-01
1.036566701605317817e-02,7.435572447747763880e-02,1.653722996141037543e-02,9.272489061520067244e-01,7.086558193235293901e-01
2.219922186670150732e-01,9.174098504931799125e-02,2.002677423093153844e-02,9.973001482125689598e-01,7.535743164370031222e-01
1.489326102821014464e-01,2.576406303808332493e-02,1.951997914296100048e-02,9.229326251308074269e-01,6.858067447170623776e-01
1.817291747761162202e-01,5.106223318476934940e-03,7.210523788366274972e-03,9.911352521731038312e-01,7.216142630629798216e-01
4.402329395446236138e-02,1.988240034836561143e-01,2.498932220813378235e-02,9.425180757524642683e-01,7.374660375204915574e-01
3.368300226632687799e-01,1.754547917221572773e-01,2.383779452897457490e-02,9.000554164832904602e-01,7.529723280908038330e-01
4.052914235968561596e-01,1.825552479407768214e-01,2.293183925723832686e-02,9.543289073349978668e-01,7.867993987631376474e-01
1.055332405009840394e-02,5.762805078515158275e-02,1.744578267884813738e-02,9.628285865917346475e-01,6.957152954809686651e-01
2.589889152460682631e-01,4.480021297634237398e-02,1.545582662664628237e-02,9.869363353208298051e-01,7.767928871967439974e-01
3.286891048667056059e-01,8.574744507690990059e-02,1.572557167763336677e-02,9.540563238470263219e-01,6.966686378013996483e-01
1.231824555308025648e-01,9.121055442662336088e-02,5.298738884564648845e-03,9.094129382152731367e-01,7.327864128552991074e-01
3.388613459063199995e-01,2.114288333983886312e-03,1.498939003890886051e-02,9.926813559306277845e-01,7.742149771137198933e-01
2.722803167787432588e-01,1.560713693994067452e-01,1.747539135319839745e-02,9.565354790925473250e-01,7.584724407904536170e-01
3.996107692442890102e-01,1.993367405902614631e-01,1.817412417549896936e-02,9.271531191972178787e-01,7.794304503315995225e-01
4.218510640707685555e-01,1.062094831503157949e-01,1.164278930102626008e-02,9.898858616488493967e-01,7.722321788774560991e-01
1.916648290544436042e-02,7.826348030747780349e-02,1.442564700587099097e-02,9.120913472367034869e-01,6.914520892901805382e-01
1.918782994805856568e-01,7.915762675101946366e-02,1.772621213325148784e-02,9.097482839013362188e-01,7.989405007567716988e-01
2.356577608710556104e-01,2.011934930224803728e-02,1.356611020550363422e-02,9.535009093800581592e-01,7.905497648310609859e-01
6.395284704608290849e-02,5.396620185443834483e-02,2.424270397967050530e-02,9.624884227806209669e-01,7.145261931857435078e-01
1.452666212533381684e-01,1.009244249382916098e-01,1.910884219704000672e-02,9.510959167391472846e-01,6.570814213533314740e-01
4.247007550875220860e-01,8.693775222580477080e-02,5.025474925017810006e-03,9.928992047112432662e-01,6.955245009783694865e-01
7.962865770920250774e-03,1.094619144028789320e-01,5.465589629645059913e-03,9.262820834726097630e-01,7.754228795894640980e-01
1.951259026239607619e-01,1.699640640788439294e-01,1.880600406936748861e-02,9.990235075876061632e-01,7.926305629248251439e-01
3.624988327171061453e-01,4.582321823722278892e-02,1.325290195091005305e-02,9.019349334445987409e-01,7.747507931389824298e-01
1.399536417065747329e-01,6.505172000356078919e-03,2.178941898424532550e-02,9.118533994660152908e-01,7.095114854906894308e-01
2.068335576819607946e-01,8.606863611265409136e-03,8.460308189725240444e-03,9.185676306027412696e-01,6.584804749529497014e-01
4.205816249430434084e-01,2.769959225606481723e-02,5.276538281045837532e-03,9.079575727054526313e-01,7.276374266014311587e-01
2.047221628480769551e-01,1.145261139760761077e-01,1.276164700227424599e-02,9.438217866429015057e-01,7.064573763294736963e-01
5.716524291084808945e-02,1.618287771975470413e-01,1.972128208614898001e-02,9.865372175712119329e-01,6.684458580767127511e-01
2.318851992488176611e-02,1.774743819168456971e-01,2.443455466755137251e-02,9.820759326880130757e-01,6.658780019583658838e-01
4.065837095767378950e-01,1.273875271930192954e-01,2.267307758702110862e-02,9.744756856047617211e-01,6.729555325484144479e-01
1.150322382950031835e-01,8.122550723772779813e-02,1.468149223874277640e-02,9.007409401935457804e-01,6.808735510076959763e-01
2.172434159161923395e-01,3.174842692307333625e-02,2.125634566392733266e-02,9.865706026756227986e-01,7.630679614048208048e-01
3.991105765259653215e-02,8.088224954925234134e-02,6.406609157352281120e-03,9.396499091955214933e-01,7.072555205751062113e-01
1.827480467162095612e-01,6.715061164764893342e-02,1.644544695169766757e-02,9.731637754523878581e-01,7.155407195292768918e-01
4.000152677583032057e-01,1.741351502905704174e-01,2.348596826028940404e-02,9.726918684463728981e-01,7.397572002474677166e-01
2.165351742676725755e-01,9.785715610471083792e-02,1.292770294981479898e-02,9.177521027218535909e-01,7.940200216148024515e-01
4.176169801231986445e-01,4.601298409095123942e-02,2.420201259326231272e-02,9.515394847584326410e-01,7.634703573350507533e-01
1.120404883748444547e-01,5.847141229634020276e-02,9.413701934582106162e-03,9.926180958946073662e-01,7.468568920821802015e-01
2.174499078329890367e-01,2.815756274399511608e-02,7.112676190667870449e-03,9.263048630081880397e-01,7.615748200411727176e-01
3.697387096862005396e-01,1.837985043647571148e-01,1.549524672163402061e-02,9.715027848001535071e-01,7.578938781677881931e-01
1.933002601035560819e-01,1.101882340105724001e-02,2.314493743962448696e-02,9.958051039293870366e-01,7.535373891491415899e-01
1.209000832616113352e-01,3.556403462622950880e-03,1.122558437489488276e-02,9.360631175629392509e-01,7.244610679249785523e-01
3.679989309062712266e-01,3.741479777184687772e-02,2.100320638797904815e-02,9.387633672691652054e-01,7.350270620209968797e-01
1.682625821463492599e-01,1.623639295642145264e-01,8.383945317605619174e-03,9.452562509208574104e-01,7.192237199673420234e-01
2.286802918648404293e-01,1.051698905395851702e-01,1.991140792001879281e-02,9.809039241669443854e-01,7.092437745570496777e-01
4.199301114920974687e-01,1.255428141880202964e-01,1.614053882774862253e-02,9.439284721736160844e-01,6.906152107634380144e-01
8.100133345026561127e-02,7.218860340773122775e-02,8.500339507887444759e-03,9.486245956007375302e-01,7.032819801893586131e-01
1.303008731529596564e-01,1.466691912428483985e-02,1.936174498875217406e-02,9.222317489770277543e-01,7.142794425964481553e-01
1.432885842996133377e-02,1.713754743359414690e-01,1.927512226912854801e-02,9.988345065352191021e-01,7.369069107476728941e-01
1.690983775514126319e-01,3.918696015295608515e-02,1.530870458286880814e-02,9.892354153969897812e-01,7.249812645804520894e-01
8.687869172090474656e-02,7.578780908477822723e-03,9.509352752853493518e-03,9.600254313028457887e-01,6.661923431415889274e-01
2.927349872899854266e-01,1.149681230507055563e-01,7.645877844899930977e-03,9.960560071459918507e-01,7.009960483185890823e-01
7.878690581055067255e-02,1.757455485653561592e-02,2.414510096919578533e-02,9.686997766747380556e-01,7.064290202902445692e-01
2.904946707821181029e-01,2.005660852010700962e-02,1.811625076518310479e-02,9.959105632519162921e-01,7.560388947669638426e-01
1.140309586932172908e-01,1.602750292650225172e-01,2.118482967146768231e-02,9.161535866739629608e-01,6.999338126533182214e-01
1.533884508379947109e-01,9.883030827428110343e-02,1.893941058100483132e-02,9.225457406903081470e-01,6.511933723376956973e-01
1.506612197279045273e-01,4.906018199718146372e-02,2.158947330384577978e-02,9.885182463638394479e-01,6.626504934995062213e-01
3.084865008201884140e-01,7.037665824854423546e-02,8.249816394978468428e-03,9.419874391626620325e-01,7.245497626955345050e-01
2.011324738863491668e-01,1.461189547897911445e-01,1.493900449094088742e-02,9.371157704102568431e-01,6.782743256408556576e-01
1.559972276078010478e-01,1.420447480656376535e-02,1.834249541004586911e-02,9.754335356384010725e-01,7.241933616918849737e-01
3.667751464679239737e-01,2.417964257070877310e-02,7.067797997904358767e-03,9.630325660169359869e-01,7.361308058129183429e-01
2.463668184000759598e-01,1.236361449631233622e-01,7.999138986568166826e-03,9.344071599767242997e-01,7.900156853854032324e-01
9.273342232826105314e-02,1.217873751589543529e-01,1.767965188501893076e-02,9.397860587552726575e-01,7.483369886523230097e-01
3.871391583236398204e-01,1.945199747225390130e-01,2.237411608507640370e-02,9.408383758300153943e-01,6.546561083950149795e-01
1.479969769984318118e-01,7.553534676983447715e-02,1.820832357883195307e-02,9.126331328069043902e-01,7.071095777427267581e-01
1.772215296351044994e-02,1.395044780832565764e-02,5.724096269121512967e-03,9.229553929470178941e-01,7.690185456172308198e-01
2.131834960850403082e-01,1.079699495350759653e-01,2.440865834180646135e-02,9.537530281602504267e-01,6.890843683984892998e-01
5.416942535513657314e-02,1.280310155405962880e-01,7.790138018124901156e-03,9.781827152278499415e-01,7.887459607250362215e-01
1.033021043540535561e-01,2.878095437146356919e-02,9.651244671049795387e-03,9.419048284429221152e-01,7.293516062845456505e-01
3.215105643828993220e-01,1.110195327335041504e-01,2.449934563809448573e-02,9.383352799585958914e-01,6.638671537733309425e-01
5.709252793844066948e-02,4.035565720999465672e-02,2.042065993306749899e-02,9.650516153530517283e-01,6.862505810270420614e-01
3.471790722478813040e-01,1.691012815183326190e-01,2.373153360757013219e-02,9.157253863880212563e-01,7.859448798632994171e-01
4.029332266081791514e-01,1.671971376609821258e-01,2.113239385616059660e-02,9.380750324417103103e-01,7.987189626762214445e-01
2.612022710750082632e-01,8.649619010368991834e-02,1.803468950006400021e-02,9.208136236196994284e-01,7.794523838851030728e-01
3.057440933777937353e-01,1.933818949120480191e-01,1.069105997726011933e-02,9.651646234327915241e-01,6.981015026977882565e-01
3.071286556502820786e-01,1.959750010154985844e-01,1.153762883399050802e-02,9.112364014916077837e-01,7.653228518765148314e-01
4.269146136690208371e-01,2.672096670057628326e-02,2.394542146088739568e-02,9.447822819602442745e-01,6.833341465394383585e-01
1.475199144844961952e-01,7.417504716166106737e-02,2.221251232311289431e-02,9.596182057092408346e-01,7.076783431172192218e-01
7.086546048311936907e-02,1.204639725392822880e-01,1.218980896884653067e-02,9.833675442878240247e-01,7.545752192901046262e-01
2.237227437782439154e-01,1.788272410670743370e-02,1.246534835241407645e-02,9.724551276426105506e-01,7.953352008776842785e-01
2.297641684178028110e-01,7.714844525901327910e-02,1.095388780551769491e-02,9.942863121013862937e-01,7.158797415172111211e-01
7.732445747904598266e-02,5.297324471930156542e-02,1.152260285250007905e-02,9.679878407252945349e-01,7.243754631550005652e-01
2.640239407484858414e-01,1.904579939723741178e-01,2.221334932577571572e-02,9.349189634900180179e-01,6.830252793426582203e-01
7.059510661557483018e-03,8.290557874346263234e-02,5.210137131796937181e-03,9.231723882514422108e-01,7.104834114124047861e-01
3.989697446528610580e-01,1.527715008509550054e-01,1.372105242219049531e-02,9.056582403658840486e-01,6.594527911543466292e-01
1.145023651853212393e-01,7.795436733892258108e-02,2.385679357055815741e-02,9.277587616709966900e-01,7.787878843440259047e-01
1.797132939939228777e-02,2.723060201334825958e-02,1.585272710365617788e-02,9.136848688846700428e-01,6.535001883821300872e-01
4.743901039271367082e-02,1.727671545020086630e-01,1.400891580287806984e-02,9.369224777741681498e-01,7.525286876890028287e-01
1.040667988119663018e-01,1.082966463717667874e-03,1.124739609399176207e-02,9.702578139252605594e-01,6.909832552181250920e-01
1.185057463319934001e-01,1.213223392091555483e-02,6.478252597238077018e-03,9.692034024213145305e-01,7.214164148049743153e-01
1.507548978452559821e-02,7.351249677351161249e-02,9.489729560550257820e-03,9.318166429363942127e-01,6.922337660149636696e-01
1.208432144311098050e-01,1.376927528482285723e-01,6.809168198737424946e-03,9.508552370616087934e-01,7.100106002040357245e-01
8.377200495570383265e-02,6.899915476286437588e-02,7.533988594308565177e-03,9.216771569801799346e-01,7.320166829628569349e-01
1.634283778694084754e-01,1.419625070657401858e-02,8.270330882525395860e-03,9.502976718534018596e-01,7.461340117148291817e-01
1.662369593257107814e-01,6.425016671309562166e-02,1.104058864168556975e-02,9.510081876230114251e-01,7.910429214648675433e-01
1.464343207186351303e-01,4.975119093904230294e-02,5.220333599910709395e-03,9.301296838918402532e-01,6.998301352663471864e-01
1.416793460346720268e-01,2.078540163821393331e-03,2.400287771186495472e-02,9.259467796240590243e-01,7.377286269460627821e-01
3.949471815099677569e-02,1.074255807228999687e-01,7.476381853539491515e-03,9.979574463981681909e-01,7.852583220812366926e-01
1.181292231712357046e-02,2.421253703409302974e-02,1.266297744719174084e-02,9.537123511098754003e-01,6.935347711925513581e-01
8.770703476712415902e-02,5.821176147053656186e-02,2.259055119429561470e-02,9.562076631577316466e-01,7.797574971688221446e-01
3.256026043617279986e-01,1.285967762142604942e-01,7.131359403815245440e-03,9.007794090368062001e-01,7.936332644584773721e-01
4.260573894214313984e-01,1.452980220757724705e-01,1.467208503508241751e-02,9.181840781635450810e-01,7.771240558440370982e-01
3.993377290995941409e-01,5.342766974434848964e-02,2.189567195082791490e-02,9.356621961820023037e-01,7.354790752012395627e-01
2.173101035257027358e-01,6.650954054198157661e-02,1.613925248068280235e-02,9.965980742518768531e-01,7.583173309989942323e-01
2.291524341287337896e-01,5.013493838736558794e-02,9.206871908455201842e-03,9.175241734287057360e-01,7.221598802826565411e-01
1.359554931163764468e-01,1.914208314629222141e-01,1.971019062825162677e-02,9.303289711326867550e-01,7.395883706674603042e-01
3.330200191755545158e-01,3.891342567049316248e-02,1.862682125735015681e-02,9.990156993784978789e-01,7.961711100467409041e-01
3.290806191231062661e-01,3.745294012310158155e-02,1.224371813093848640e-02,9.481108642335895897e-01,6.876680834233317441e-01
3.631928414028687269e-01,8.956202387047487723e-02,5.925903231627503362e-03,9.318407775470226584e-01,7.688820683810966283e-01
3.851714636174634054e-01,3.867196548091326319e-02,5.157293797921878170e-03,9.634358920486820743e-01,7.259349724632204737e-01
1.873358274886518793e-01,3.218498280083602336e-02,2.150785766254343506e-02,9.496302284516443537e-01,6.765309880147809540e-01
3.299896187179877649e-01,2.008002800251601147e-02,1.143114723118137180e-02,9.957449091641458194e-01,7.465303071056665907e-01
3.469450546534318947e-01,1.283940783735416369e-01,7.755397972118092433e-03,9.083195047992045357e-01,7.688640359802615398e-01
1.333291780515348246e-01,1.228043687254773142e-01,1.537102452325964097e-02,9.790547920517661540e-01,7.353133728985054018e-01
3.996449226786383258e-01,1.303824154837152915e-01,2.341666591450180385e-02,9.279086378462985119e-01,7.756149201487488876e-01
4.147250463241219237e-02,1.548867015938698577e-01,5.169617290447954365e-03,9.806669330990231970e-01,7.048802921130481458e-01
4.275414778610483468e-01,6.594524454572259220e-02,6.122870813528289748e-03,9.847720340582866161e-01,7.870652448481163521e-01
3.313689180901549514e-01,1.837663229887724070e-01,1.334089865170144662e-02,9.849222858023398697e-01,7.472480149979491282e-01
4.101321838413638649e-02,1.469077176026824527e-01,1.851931813510126687e-02,9.866695698888422461e-01,7.704738987397344863e-01
2.825225190370452832e-01,1.611370091276561889e-01,1.452200917534100452e-02,9.718127506783090785e-01,6.909477687287461922e-01
1.566296728822360804e-02,1.444714706015155226e-01,2.295096876930809507e-02,9.142404146714860902e-01,7.169192467854375028e-01
3.314102013115544643e-01,7.233267344107979779e-02,5.881691110749562822e-03,9.051902593498777350e-01,7.864426117610218148e-01
3.438666333917347329e-01,5.732346512446435255e-02,1.180281739287487169e-02,9.340765243780857485e-01,6.576343325752822544e-01
2.594339985762310619e-01,8.508089684622381632e-02,1.202695778777441646e-02,9.495069858611077107e-01,7.105972570344770700e-01
3.685931081322087466e-01,2.030904174613833504e-02,1.180254451972683437e-02,9.302620900739553278e-01,7.670477987080753790e-01
4.299192721217481167e-02,9.080481981162348559e-02,1.475371824246781219e-02,9.742206933925595669e-01,7.615722035267002976e-01
1.193713282355088751e-01,9.585055635952726555e-03,2.081154090389221098e-02,9.722443477767924724e-01,7.777434246154050212e-01
1.786821567632556618e-01,1.785246045411704660e-03,1.135765232805634704e-02,9.971924501113744732e-01,7.609085502018115843e-01
1.921446176325416338e-02,1.863682889554638678e-01,1.988966413264405333e-02,9.400573090499410034e-01,7.920638223753510010e-01
1.932847015680302649e-01,1.381780352569906833e-01,7.929309425581428442e-03,9.785727660809763195e-01,7.247389333025069380e-01
1.147765726722907997e-01,1.128075424661278275e-01,1.621449711267900634e-02,9.741199970740306302e-01,7.436434755279937026e-01
1.694833201916520204e-01,6.887930584518851818e-02,1.250176051331090138e-02,9.988749517242293541e-01,7.771558637840340067e-01
1.833690291246994619e-01,1.145370649223297621e-01,1.578421604591141378e-02,9.773615251209364363e-01,7.552536424784521696e-01
3.782676336662169070e-01,1.784235794913280326e-01,7.154995007444988134e-03,9.283574530702062289e-01,6.653085078310504441e-01
1.169762763563571561e-01,1.308236466548290677e-01,2.406925693521817095e-02,9.015272399127733927e-01,7.050494678892187395e-01
3.844158022192806778e-01,1.208939175927473408e-01,2.312428233603555996e-02,9.968166154478778074e-01,7.328886197497808119e-01
1.837415439047123122e-01,9.258069609136393430e-02,2.152792608581257858e-02,9.716069043844747233e-01,7.632076315792353238e-01
1.416295121777199906e-01,6.979370909952074820e-02,2.285565646776103674e-02,9.812606627935848147e-01,7.315351353227860232e-01
2.165776691647776364e-01,1.400108756704206425e-01,7.933757403629723010e-03,9.793244154428752957e-01,7.666323862075687945e-01
1.802118698496582017e-01,1.962152072621470567e-01,1.507443546039331783e-02,9.735761089993169026e-01,7.756414214694362652e-01
1.114127223006576711e-01,8.552678101059743576e-02,1.135818317513046655e-02,9.751474468584175881e-01,6.897692405442772401e-01
2.166494303375127162e-01,7.904883559882595889e-02,2.274771882608317419e-02,9.929458184773868323e-01,7.424147259743170135e-01
6.612294349081861145e-02,8.619458100064346373e-02,8.788753649989329564e-03,9.914111281928473796e-01,7.335665566221174494e-01
1.519779455568524562e-01,8.568324964189458215e-02,9.398907102839446775e-03,9.379226745839983614e-01,6.840975878982301639e-01
2.437240041114848432e-01,1.981343299003305303e-01,1.873428912710021696e-02,9.030961523632847765e-01,7.234817133855246940e-01
1.783521368432493259e-01,1.416488732443587917e-01,6.777993181753363613e-03,9.038681593496067368e-01,7.322852426853077024e-01
3.544584028907916684e-01,7.247770539290775138e-02,1.964734353833279615e-02,9.446638364523468612e-01,7.726009812808797284e-01
1.111336356985863083e-01,7.492897239151780076e-02,1.036254576628244800e-02,9.834979529900407247e-01,7.191484061963420160e-01
4.170320073185033172e-01,8.672858802406709089e-02,1.821870730534294602e-02,9.847611226615521351e-01,6.621373973713924332e-01
3.376457469452296967e-01,8.305725328509490357e-03,2.246075572721320870e-02,9.404389581229924966e-01,7.230943937348310868e-01
4.160974081529155710e-01,1.060354640022287548e-01,1.719222746469981078e-02,9.301611625347967482e-01,7.756926416564648985e-01
3.605605820222004820e-01,1.624648093530301762e-01,9.253674665722180434e-03,9.506601444431546089e-01,7.356883178491319120e-01
6.196258419035470533e-02,1.324529908482946217e-01,5.983310510784331862e-03,9.832543206869936991e-01,6.978297841553326997e-01
2.268513788824209065e-01,4.048574850554678001e-02,5.892279433901317920e-03,9.636496119677168126e-01,7.881456421976388294e-01
7.392078559299207485e-02,1.458788140342956174e-01,6.776237640280157945e-03,9.139805813659535039e-01,6.733477076939092809e-01
3.520195342770933711e-01,1.441722626600740464e-01,1.659635824939431972e-02,9.362233943658557767e-01,6.990316478739954098e-01
2.516055619996339643e-01,5.324530391415042280e-02,1.196435708081302479e-02,9.555425915191537722e-01,7.155702035944370154e-01
1.140197558591125732e-01,1.249520567145300937e-01,9.862139547917963406e-03,9.538262431287172216e-01,7.606966831888815062e-01
3.997979589910765075e-01,1.225788575912653000e-01,9.386131155943824508e-03,9.830634020088707681e-01,7.753620188188641293e-01
5.041481687181783439e-02,1.681177371473801252e-01,2.397163063806198244e-02,9.932171763840657031e-01,6.587840714367799722e-01
2.428969710891936973e-01,2.807839005485481335e-02,7.376331517841488300e-03,9.100463094175256229e-01,7.688053730695392218e-01
3.103263979520252125e-01,3.977286239779302679e-02,1.109628821545309389e-02,9.224407590345888863e-01,7.580792622875995868e-01
2.624602251561323693e-02,9.770793124979325339e-02,1.442954524038386407e-02,9.392156910639422041e-01,7.841978457217725351e-01
2.574802382454613459e-01,9.784884629569098879e-03,5.008990521485108191e-03,9.296398081451028306e-01,7.850664486238313478e-01
3.510216214336673857e-01,8.370324532273960838e-02,2.341906374951449252e-02,9.408290494958443384e-01,7.666288337990673218e-01
2.996921788534489747e-02,1.578555893579449421e-01,6.981971815202077727e-03,9.040721228615231642e-01,6.785304026395531096e-01
2.207522346047430251e-01,3.059416440281564897e-02,1.864941201372345009e-02,9.066013270162814885e-01,6.970807259984076465e-01
1.119210294258094623e-01,9.252979865036844997e-02,1.757730954324976738e-02,9.838361477937074273e-01,7.904479548272747014e-01
2.853945897093390083e-01,1.979640774431064842e-01,2.118127710209474421e-02,9.102581784111887231e-01,7.397259949780786714e-01
5.191259047682446337e-02,1.016780826715480146e-01,1.802775461124304923e-02,9.824075111994750031e-01,7.308141101583931487e-01
4.029950637576474315e-01,1.001664410002960220e-01,2.038774834431959088e-02,9.306512001803035616e-01,7.873564160065997797e-01
3.848385615556199624e-01,1.121999231611094522e-01,1.342497217577055119e-02,9.309223369888856014e-01,7.811297861149497646e-01
8.078302612667923044e-02,3.801486969621550166e-02,1.477408989103246376e-02,9.100747028126807692e-01,7.591244229974571933e-01
1.396810643926298667e-01,3.028561265450291362e-02,1.903324204328838906e-02,9.013263381483498371e-01,7.823378456239316048e-01
2.530954041261554432e-01,1.357935711939065870e-01,1.636853442110102266e-02,9.355288608445385679e-01,6.670752465793226005e-01
3.090487424160934249e-01,7.975759517124826614e-02,1.523077100533439671e-02,9.835356906293982737e-01,7.636315949899862288e-01
1.908994305037507722e-01,5.869141901487967550e-02,9.111168121090987282e-03,9.919955464538061651e-01,7.948460303295302731e-01
6.804897712125830556e-02,7.246932364059619457e-03,1.016216521612750903e-02,9.061585556130329344e-01,6.573465188422107364e-01
4.568099084143190797e-02,1.693640489385180303e-01,1.216994482118786969e-02,9.030908063805609398e-01,6.834568477685951660e-01
4.298993295362535383e-01,7.433444303121716085e-03,5.185687708470063453e-03,9.158800620130334025e-01,7.690952583298128475e-01
1.963460600992560368e-01,1.502466416925805626e-01,1.334726899160473823e-02,9.766289808685695295e-01,7.280070746645979085e-01
3.753161203847056870e-01,7.701572324071762066e-02,5.055369515278256357e-03,9.204882766023474439e-01,6.629927531811892205e-01
2.079393059858901105e-01,1.201388742904253848e-01,1.630030871842673423e-02,9.230810374394465834e-01,6.901937043734032162e-01
3.966914269362353807e-01,5.028792213734230299e-02,1.908057537944697971e-02,9.888942697891289768e-01,6.986089399883971263e-01
3.864877520899520635e-02,3.192453358018255277e-02,1.624297263230252766e-02,9.874949038758534803e-01,6.981594082768923792e-01
4.991423308252236624e-02,1.071442121661545371e-01,1.887039946409751687e-02,9.670289219420168392e-01,7.816509124203248060e-01
3.998122085336922038e-01,1.394279212958745851e-01,5.000263371124149224e-03,9.164013780481479188e-01,7.493054686037062817e-01
4.074745163242127211e-01,3.990316569408416947e-02,6.188839465686190797e-03,9.381149189651571962e-01,7.602375917553518825e-01
1.360137849626408824e-01,8.783543053908028642e-02,1.896924881751110500e-02,9.236177406159105097e-01,6.520355133332828013e-01
1.533657365203710266e-01,8.948633908798774017e-02,2.105800295913541273e-02,9.671845581843129258e-01,7.141268004440648465e-01
1.951011507441111625e-01,4.397985066681309868e-02,1.935403141778788833e-02,9.779931054180628358e-01,6.976730942098290367e-01
1.795333607488677485e-01,1.134448398041740802e-01,1.826024485107103149e-02,9.142133722017555808e-01,7.777888103360260930e-01
8.252939764666697431e-02,3.004120166955843302e-02,1.914765327623120170e-02,9.897955832907019413e-01,7.930804480879778406e-01
3.864030397099916803e-01,1.024400854903974312e-01,1.979179851592331729e-02,9.462825907183837204e-01,7.135011274380508306e-01
1.096689607027211549e-01,2.357287076183390076e-02,1.948754996735138634e-02,9.795005854494948094e-01,7.959590921856948276e-01
3.035618636659125347e-01,9.762293936217235346e-02,1.976016955376679735e-02,9.051637608541962532e-01,6.521538806065652061e-01
2.980978574830336902e-02,6.300821192023581263e-02,6.480394148303616347e-03,9.360581187019437754e-01,6.988579106312908795e-01
1.762432122569624129e-02,9.099701212422546537e-02,6.265431029892494855e-03,9.014780947697325075e-01,7.662396766894925548e-01
2.814503727354989437e-01,8.731612252919165873e-02,1.222239886458877968e-02,9.718484731435649282e-01,7.040149445712550191e-01
1.464378028989286873e-01,1.816786914408999865e-01,1.555193429097591340e-02,9.079450970231185414e-01,7.881443495566875512e-01
2.821920794768805751e-01,9.849718439133609005e-02,2.025238107843455385e-02,9.338285791026444960e-01,6.827697338747196198e-01
4.133509573042822710e-02,1.638812818714980024e-01,1.169415637582025061e-02,9.781748680638806537e-01,7.693500090992166918e-01
4.084862419839053738e-01,4.590482618943133447e-02,1.050234153267269599e-02,9.748966478432914418e-01,6.802553378603787282e-01
3.221127062971379518e-01,7.106447613221751614e-02,2.062896616237059125e-02,9.640289620372842760e-01,6.795657376509256498e-01
3.769186429680678740e-01,1.594278674600499435e-02,9.986737029079900685e-03,9.694020638841388537e-01,7.168624037574912178e-01
5.954586768509518430e-02,8.472881116947723890e-02,2.141682753628926933e-02,9.651231325103573067e-01,7.917410882495499180e-01
1.383490556550409645e-01,1.340712775279112867e-01,8.542670994400772266e-03,9.641275959006830876e-01,7.378182442853522538e-01
1.590196464445216007e-01,1.677952397877698620e-01,1.218947045744953744e-02,9.349654640041399345e-01,7.452549342310370584e-01
2.314470661322051426e-01,1.136170674480318915e-01,1.302151218852780692e-02,9.028165704076855924e-01,6.514599008702924854e-01
1.283565802826807378e-01,1.283744612490226311e-01,1.099020894615285876e-02,9.441825849815780325e-01,6.584922806947648422e-01
2.701058839925479446e-02,3.627614844577268377e-02,5.067138277740253216e-03,9.045459651590345151e-01,6.600401038491535699e-01
1.592488253363749384e-01,8.404001608454437361e-03,9.710185156424957706e-03,9.468867395123642394e-01,7.729463261991849077e-01
1.102016559751040348e-01,1.585459408902858969e-01,1.175307117757747391e-02,9.464078976729757287e-01,6.855278182637503104e-01
1.665602340377191626e-01,3.424060328081599686e-02,1.127249789053325416e-02,9.178721537263819785e-01,6.993257276958113611e-01
8.549564378399125697e-02,1.914273757101773304e-02,2.071110992954414490e-02,9.784261630369186502e-01,7.414929167943471455e-01
1.133535446882715098e-01,1.875749018604124796e-01,5.947355250729460287e-03,9.704209341910431386e-01,7.375931476479978821e-01
2.699625540454432815e-01,1.927407514477761374e-01,1.277897399310481442e-02,9.559539540700944249e-01,7.115794246352661334e-01
1.675179950339899249e-01,1.236352010288964409e-01,5.750309111588825309e-03,9.925908580121687308e-01,6.506450309052258518e-01
1.491694756697120872e-01,7.634881726477139863e-02,2.361295132258018833e-02,9.287187113210211287e-01,7.174403862576224089e-01
2.300455164378979733e-01,1.668146686518463540e-01,2.080418874062192960e-02,9.262032221464994164e-01,7.608323923580034842e-01
3.321281720220441436e-01,4.173927190774707335e-02,2.464323198476027141e-02,9.183435815552388748e-01,6.852858972988182806e-01
1.635343532732736471e-01,8.644907315850670904e-02,2.320321063392037295e-02,9.544439787781699991e-01,7.562537015410727426e-01
2.530458623064555934e-01,7.204644250111975901e-02,1.131625544232168698e-02,9.205357182698580276e-01,6.522729229725917621e-01
4.155009262829476024e-01,1.826272981575946530e-01,1.883166824661160546e-02,9.868895578401618573e-01,7.862011706471798700e-01
2.249294689566437300e-01,1.840357056570924577e-01,1.113108174956816895e-02,9.304309770483804032e-01,7.925058811483686183e-01
3.913031603260265778e-01,1.305262993384096182e-01,2.276422375859248060e-02,9.490931010236061116e-01,6.503692225136838978e-01
3.414855558060071461e-01,2.303728791426568057e-02,1.321505739934682871e-02,9.529510764930162470e-01,7.186727620709768560e-01
2.619031442791422415e-02,9.695636514200220435e-02,1.251775083808464271e-02,9.307646547435498574e-01,7.120732910358004153e-01
1.850834158603111845e-01,4.982034487858729571e-02,2.328137488466667029e-02,9.738419621069688281e-01,7.762825033879260372e-01
3.005785969756242793e-01,1.770982169737119194e-01,2.173480575239708848e-02,9.692072936233756542e-01,7.311082386984903980e-01
4.242994104402777467e-01,2.854215700422417859e-02,2.432827106728603292e-02,9.760811028221244579e-01,7.417048204904076458e-01
1.976434289082888984e-01,1.180774489628076337e-02,6.329761711488936932e-03,9.605920469790993899e-01,6.803759004629633678e-01
4.080495982037122410e-02,1.411813776764655748e-01,9.866777560777199169e-03,9.460182292259877723e-01,6.615597001995621174e-01
2.421019359518202796e-01,9.120392891866242746e-02,1.101715495734091263e-02,9.448917096542516214e-01,7.538496645773937743e-01
5.529586682117896418e-02,1.678346126330138299e-01,1.348704121909524017e-02,9.716534561618466181e-01,7.431013987954142586e-01
3.234018913598597500e-01,1.585129660269304214e-02,1.446260091897072150e-02,9.377035241055515780e-01,7.748493100974916947e-01
2.187934319111027037e-01,1.604141503889606746e-01,1.082944856133476012e-02,9.437259781112186108e-01,7.767025171163083330e-01
3.113520570338558779e-01,8.429615815987508143e-03,2.080900846290056894e-02,9.163671119222034367e-01,7.446552910959405303e-01
3.739562237308866610e-01,6.585932370877437339e-03,9.464882889701129592e-03,9.679630456321379750e-01,7.307542074425432688e-01
2.708186993628313721e-01,9.280183459447491345e-02,1.893034626598226119e-02,9.076924749234793754e-01,7.871012403517776423e-01
2.637364722496148839e-01,4.503696664644971093e-02,2.203536631184194877e-02,9.990512160880481440e-01,7.701896203778476613e-01
3.247106567436018332e-01,1.191500226942995982e-01,1.707396478319172725e-02,9.143737577169616104e-01,7.823637492451367415e-01
3.624131956231942953e-01,6.137581848082616746e-03,1.208317851785641744e-02,9.382978396118426545e-01,7.993761347410990314e-01
3.738240743128341537e-01,8.042518930232727889e-03,8.757824843933026751e-03,9.237780632898281441e-01,7.105258681649768704e-01
1.662855394795693942e-02,1.457025507382161689e-01,7.686923888073919978e-03,9.290658125983841664e-01,7.575401993436126080e-01
2.396056373262516193e-01,4.282286733597002321e-02,1.988349478298123349e-02,9.322453249304064604e-01,7.532101722847367453e-01
9.377953390314956728e-02,1.316270076084860019e-01,1.438263995167032155e-02,9.718336639054379056e-01,6.761214069999200715e-01
3.700883871453850560e-01,1.502345101386509674e-01,5.926391023347353168e-03,9.176749273154448661e-01,7.454822899539564895e-01
2.791626069522419318e-01,1.280690197926851945e-02,2.467679013885240580e-02,9.263856542179340625e-01,7.142133913818355939e-01
1.812754435049159507e-01,1.541810369383836143e-01,1.842606365977980318e-02,9.101206090270443916e-01,7.175953385170567023e-01
8.169671386405970293e-02,5.441582237429592322e-02,2.188365102853954622e-02,9.331459998714076720e-01,6.770206984781085291e-01
1.464411355196055531e-01,7.851964568174990555e-02,1.376377342634023046e-02,9.941241743360521577e-01,7.617109019203953668e-01
3.029206309577563427e-01,1.824119926676802395e-02,2.410877241616049896e-02,9.380108982683337260e-01,7.546911484517384583e-01
8.867024489579304614e-02,1.678873666896057160e-01,8.990500418482545719e-03,9.777338304046532258e-01,7.298435208503245564e-01
4.114708355016191005e-02,1.125850284788270372e-01,8.702722458776322029e-03,9.461703938000094460e-01,6.735078786838732956e-01
3.819643372796193703e-01,1.014283902915872754e-01,2.280669469540717864e-02,9.449599684312031123e-01,7.335297178035690147e-01
3.288462399698701133e-01,1.937424073696483728e-01,2.283434128011456454e-02,9.823970944003415084e-01,6.650200133220530718e-01
8.671202525233888403e-02,6.756664622819348598e-02,1.498038970998084515e-02,9.026819453573774465e-01,7.009058039213384994e-01
1.264016521314664243e-01,1.782650780088625153e-01,7.515727107079572464e-03,9.864886499209479798e-01,7.058536764189069501e-01
4.180181059891499573e-01,1.442178883318562532e-01,1.110432916406543791e-02,9.485208451600186663e-01,7.825138088810967840e-01
3.048111448196613726e-01,1.857770990345955497e-01,2.008304676068935549e-02,9.351127185184059387e-01,7.123343113166578089e-01
2.629139398077308121e-01,1.816526084997295010e-01,2.191983816002606930e-02,9.906834950958900432e-01,7.397704802938696034e-01
1.329726202469519170e-01,1.982149312001878771e-01,1.195309495489634173e-02,9.339859351773535101e-01,7.812168481855976676e-01
1.293246868474380307e-01,2.720367365539435797e-02,6.224673636337356951e-03,9.977697355086195818e-01,7.138639158133445184e-01
1.795563241810886959e-02,1.594072620262274309e-01,1.831453363145561092e-02,9.936356499282954502e-01,7.825555280106097911e-01
3.135187209009285825e-01,1.610943766345531436e-01,1.978994082876587082e-02,9.267923212216742090e-01,6.704691968789959766e-01
1.952217154940346505e-02,1.292303321075188860e-01,1.348029351727385305e-02,9.340602719823681843e-01,7.047264735739939834e-01
3.083797906452706399e-03,5.649333068940220332e-02,1.666195223235738751e-02,9.812167546017052100e-01,6.642090873599697520e-01
3.139533926923600560e-01,1.930645060540347180e-01,2.474742995048166694e-02,9.195610082264726870e-01,7.341394443921926971e-01
4.080668418169747791e-01,4.168000544015170589e-02,9.899971987193188772e-03,9.731951564071522620e-01,7.935923090611703978e-01
3.255398074750162074e-01,1.004155002933293656e-01,1.645955387598501893e-02,9.129151147008522926e-01,7.485427752981897997e-01
2.033336417778584537e-01,1.047759354510180707e-01,1.721920827125284978e-02,9.205605526745965772e-01,7.439113426023122866e-01
2.095134120616145290e-01,3.320403962237172824e-02,1.598214392048926194e-02,9.500505809588667416e-01,6.917237948364707290e-01
1.881025253164661792e-01,1.447832356443149449e-01,2.238259115887591619e-02,9.745881726816423285e-01,7.896660137934683465e-01
1.402721331903331314e-01,1.868456567186771444e-02,1.710015063844232824e-02,9.739428643551182319e-01,7.207302177163542600e-01
2.248153978857254376e-01,1.389264579904954944e-01,1.515780044782579980e-02,9.608922272246744889e-01,6.900503079568729436e-01
1.859637606135383647e-01,1.698744837618367531e-01,7.460300533223463218e-03,9.272112673895905877e-01,7.981549970649511883e-01
2.576140205374923275e-01,7.052988859139751321e-02,1.906418398586851026e-02,9.415377864143419373e-01,7.134685900692109284e-01
3.862935145349695176e-01,1.421747409112408544e-01,7.642147229894007653e-03,9.246214266584160679e-01,7.057248473614317064e-01
4.278590400319146059e-01,3.219802762142211228e-02,5.531397867284473802e-03,9.277017425040796628e-01,6.552441900948251519e-01
3.478087135977144667e-02,1.693438512891228542e-01,1.477062326126924591e-02,9.323224020698566150e-01,6.767442459717024628e-01
1.660292097717154525e-01,1.904543080120917331e-01,1.644890544295464843e-02,9.598847711033522412e-01,7.713787032608421246e-01
7.852295798396126403e-02,3.138604500645560819e-02,2.498108122747760146e-02,9.207594888551166035e-01,7.224042656903225668e-01
1.520596833140539506e-01,1.386800353204941105e-01,1.924653588910572866e-02,9.042569519184098237e-01,7.932312090387790837e-01
1.243259249572734593e-01,1.016603882147486398e-01,2.197180640455154849e-02,9.692454651799162768e-01,6.625828704835372562e-01
7.587642946789217857e-02,1.067683670346433605e-01,1.192776078061510633e-02,9.021806400605820730e-01,7.423915163597647471e-01
3.287886269177335841e-01,1.415914540015369705e-01,1.517829365159934982e-02,9.970784817859068561e-01,7.579976221314973506e-01
2.139078706737421731e-01,9.825935936795102132e-02,2.448537981323711116e-02,9.350285510246670873e-01,7.431774689696906133e-01
3.953563547711898551e-01,1.204649520115256417e-01,1.334777104285552601e-02,9.006581372319182321e-01,7.294816340188783332e-01
1.498215815296921605e-02,4.694930286286406323e-02,2.114580849604768067e-02,9.884585311414521014e-01,7.367447480508066970e-01
2.973356763362367677e-02,7.632281270123743300e-02,1.551978235488992233e-02,9.599804533336827594e-01,7.534324387064630368e-01
1.740043670771176110e-01,1.731828296642289045e-01,9.479237030601281658e-03,9.817392294841006395e-01,7.794895315456293883e-01
3.543897045333192775e-02,2.287059981802873690e-02,1.660837274421765597e-02,9.435024715635965675e-01,7.004516966427029034e-01
1.137109968619635786e-01,1.199174769257943390e-01,9.361240567406430707e-03,9.354181883013933385e-01,7.189481120662502001e-01
4.240067597798715116e-01,3.767312538474315575e-02,5.060539797514822594e-03,9.655189443047930142e-01,7.453864379925756456e-01
9.064367161089943725e-02,1.694613799867510373e-01,9.717920309466866746e-03,9.406000874891128349e-01,6.971323928489671085e-01
8.599251106578691128e-02,1.162297468168564107e-01,8.862876647101808336e-03,9.556208598020921041e-01,6.768174298920043297e-01
2.470918469133591977e-01,8.120670775138395803e-02,1.241842354398867490e-02,9.277822878114744265e-01,7.949253135167200224e-01
2.146412667502642369e-01,5.071511005671177491e-02,2.277193807618576454e-02,9.332645406730775139e-01,6.792093333194356708e-01
2.500080295000203789e-01,8.793209513873725958e-02,1.275706147197351592e-02,9.082190763221721364e-01,6.849099643103376822e-01
1.626194343514665297e-01,1.915648528584267263e-01,2.190375254981982364e-02,9.781371986718365719e-01,7.428029150723889362e-01
3.556810523949323066e-01,1.023326486589804935e-01,1.611226040263162573e-02,9.348850826973896799e-01,6.616052464882254958e-01
6.045105656881655937e-02,9.442841680827218642e-02,5.152294084451339122e-03,9.974999145431124870e-01,6.551071480722809870e-01
1.847804450659887576e-01,1.495084888865615136e-01,8.774734258064303613e-03,9.259758824118792253e-01,6.596020405708022949e-01
2.969078329825133311e-01,7.643036709554944241e-02,2.362556090416072924e-02,9.475052680269525629e-01,6.684895468678653252e-01
3.734734328813639759e-01,8.605736602627801768e-02,1.708346892395437230e-02,9.305532200538391141e-01,7.143795293201280483e-01
1.595462191270490548e-01,6.805259858275219953e-02,2.359093717144547867e-02,9.693925374915673965e-01,7.743890965196736920e-01
2.445628620112199336e-01,3.103303131054888780e-02,1.120240040606905810e-02,9.808365919620420925e-01,7.012957839643291225e-01
3.066103640811518663e-02,1.430480336263274810e-01,1.933124756565485561e-02,9.487010730517877466e-01,7.141297121971129647e-01
7.406688879997461172e-02,1.747331518628411351e-01,2.044050319794519718e-02,9.366927557406211635e-01,7.400376639253800626e-01
3.066027169796311375e-02,1.812129371993103644e-01,2.451399205472511167e-02,9.744751319063846839e-01,6.953216638435641972e-01
3.132609026673658925e-01,1.762797846695181581e-01,5.363529663379214101e-03,9.191455044064025248e-01,7.148806818151971498e-01
1.245777265817983454e-01,9.090497668516059337e-02,2.404474430246492447e-02,9.599466338212132577e-01,7.079467530296541522e-01
3.114867294922983865e-01,5.752917224843606681e-02,1.283180435208330222e-02,9.733624460272919388e-01,7.012825312475030604e-01
2.948486170956478303e-02,1.279468261705638821e-01,2.175984811489733994e-02,9.269269611379072904e-01,7.082589754223056477e-01
3.710330063751716145e-01,1.909862774693003029e-01,1.589425836442167825e-02,9.655699340114018980e-01,6.516676565618094719e-01
3.594424549896583221e-01,1.456830789855524111e-01,1.629299086066730851e-02,9.735226145086925964e-01,7.829391002182377601e-01
3.915043076857125520e-02,9.947486375644115641e-02,1.218755776372900182e-02,9.117416629484073054e-01,7.966020196173037027e-01
1.119154127013301595e-02,1.380729063281762037e-01,2.156945180756395311e-02,9.323907484339170049e-01,7.793744287124207970e-01
2.514790076927421458e-02,1.547350445784249906e-01,1.028027141675666792e-02,9.406306047934188674e-01,6.508613411081363154e-01
3.672073442799488330e-01,1.839345830042860841e-01,1.484482772357213071e-02,9.775957397059897858e-01,7.626328320041932951e-01
1.016877968032632723e-01,1.528799350404586865e-01,1.620348997534950750e-02,9.567505132912540455e-01,7.359650258880070517e-01
2.362092533611629408e-01,8.720492057154521914e-02,1.985042186854976687e-02,9.449561473136910417e-01,6.641262366511625492e-01
1.838587631642443487e-01,5.544769717463134129e-02,1.443270674083074051e-02,9.318772448670896713e-01,7.899288702319396949e-01
3.422804507520702533e-01,1.004764512811886640e-01,1.860565797678987582e-02,9.004061367224883705e-01,7.664325693833955455e-01
2.107373713309176888e-01,6.630741097648888693e-02,1.470588192695950619e-02,9.020220090963587678e-01,6.717944429672140227e-01
2.157835006436847058e-01,1.886101539448749864e-01,1.818641273917189286e-02,9.240446225736258512e-01,7.946062144540244621e-01
4.253204420454581025e-01,1.020852028465424888e-01,1.848286952416296550e-02,9.116690605835092720e-01,6.689298129215960342e-01
6.540557984543129977e-02,9.493921085683766636e-02,1.918883121058487587e-02,9.119586597027775632e-01,7.182019817763924951e-01
3.573719897220045683e-01,7.029104741281771984e-02,2.146599587720652083e-02,9.602739624066446433e-01,6.738463598988759795e-01
2.320064086406657677e-02,1.282419910680284714e-01,1.581445121919834718e-02,9.605455323220194463e-01,6.725286192586856782e-01
2.059113221468044375e-01,1.044902044455686130e-01,8.865563277397865011e-03,9.044772109437343444e-01,7.951708607561915887e-01
3.812376394672670754e-01,2.668073565675305181e-02,1.859281683238110661e-02,9.593935251800413955e-01,7.358184172088511055e-01
2.863767912441680386e-01,1.739723543552684215e-01,6.542361669843237311e-03,9.145818594033702231e-01,6.888762376539504517e-01
2.949570717080710058e-01,7.244355359661588944e-02,9.379100449223680414e-03,9.377225734807239643e-01,7.664599056299800095e-01
1.139631140880322940e-01,8.708310756167268740e-02,2.084315057329598486e-02,9.989683859667581878e-01,7.812866598953761565e-01
1.805685854940638768e-01,4.192774427605223952e-02,1.370140288660131808e-02,9.522005363220449325e-01,7.876405905181668166e-01
1.582632762410926541e-01,1.111262433159599522e-01,1.496088335302434014e-02,9.034188013362345337e-01,7.899477456450307855e-01
2.246991371577795049e-01,1.407089574232880114e-01,2.474793836967060373e-02,9.347658201679208689e-01,7.858372744632943219e-01
1.992957820316336170e-01,1.763518988045619795e-01,9.703449716978358036e-03,9.670898158836765957e-01,7.458398593889856709e-01
1.412393929552284155e-01,1.126992532948026954e-02,5.391054990718691271e-03,9.224597884635090672e-01,7.013699974710585483e-01
1.320511827072319566e-01,1.946930500301762845e-01,7.227452190356881828e-03,9.964449236958576872e-01,7.888351516158323973e-01
1.086158905200474006e-01,1.410597306620509916e-01,9.890037193216592859e-03,9.425293697890915201e-01,6.683744792000578805e-01
1.576052689135613583e-01,5.757543819789196632e-02,1.951840048792938265e-02,9.021087306742711087e-01,6.753199722576226360e-01
6.532489403371201375e-02,4.169047624777924566e-02,2.051644063969523812e-02,9.540566164612959144e-01,7.150741310743541357e-01
3.751327455595331317e-01,5.992149581226499655e-02,1.630977908028227730e-02,9.676189624352536933e-01,6.925497413319772200e-01
2.593092190965403110e-01,1.752694245816220353e-01,1.010092797396322864e-02,9.455991177051735752e-01,7.423599221335807075e-01
5.839437657976399160e-02,5.898664446599412997e-02,1.543483789053647429e-02,9.928170839773866607e-01,7.857952884446934849e-01
2.986656543756615600e-01,9.310140577688991170e-02,5.299151118678684276e-03,9.901932167465605783e-01,7.236546989558672038e-01
3.646489147711304835e-01,1.414418727942042819e-01,1.863601885483592499e-02,9.138960073152757602e-01,7.330805890127798374e-01
1.029028033104190665e-01,1.745259828810532265e-01,1.728595110818335889e-02,9.079948167344457088e-01,7.134700593471638985e-01
6.560765497068621332e-02,1.320556613068747387e-01,5.435930787630871390e-03,9.312308997430790436e-01,7.561353739963908582e-01
4.696803310379631113e-03,1.508687301103501244e-01,2.134023267265591425e-02,9.608132662267686586e-01,6.651033169769321463e-01
2.127039536943211087e-02,3.549203246289516639e-02,2.026853070324243639e-02,9.601595314315339857e-01,6.572884828889842268e-01
3.280058284222064913e-01,1.756041577105366402e-01,1.116447491136626259e-02,9.271643099725023207e-01,7.462007711649745190e-01
4.245029364458866583e-01,5.586811754000402253e-02,1.770753301264612126e-02,9.951100546777000844e-01,7.302317817731227567e-01
2.025365834232266404e-02,2.654725464724662712e-02,1.702985926929946256e-02,9.307331716715534498e-01,7.111037043529067070e-01
3.219224414452739325e-01,1.952726137777932025e-01,7.863605584537405532e-03,9.804199436101156406e-01,7.000988962818758266e-01
3.182886914577186255e-02,4.112634516537803930e-02,8.865186022287316683e-03,9.831980180584701801e-01,6.577711166064688086e-01
2.550249818836730631e-01,2.819374204551731988e-02,1.866412272456259222e-02,9.098435018927342188e-01,7.520834243620997395e-01
3.253562961617140203e-01,1.255781591202555225e-01,2.367103292540017126e-02,9.232552912180852500e-01,7.132201303731076081e-01
1.550986864278594557e-01,6.445376674972295994e-02,1.652568641397506380e-02,9.215191507950243333e-01,7.167902059279425142e-01
5.690995356474742861e-03,2.753649183091817082e-02,1.635626291119089692e-02,9.919651316774800165e-01,7.840167277117837674e-01
2.563362320618077228e-01,1.206231023259593388e-01,1.793363389407677186e-02,9.351104923938935443e-01,7.606321823785218150e-01
4.262439454720718945e-01,1.520380602172248796e-01,1.381156600356257813e-02,9.836471333391507699e-01,6.829164723039937712e-01
1.115178743977146836e-01,1.588464764672241625e-01,6.083440870026875051e-03,9.478018002177275303e-01,7.485749744782674853e-01
8.229175791331558298e-02,3.194700760144220109e-02,1.293007693449394271e-02,9.457219044194020707e-01,6.698382977755487078e-01
5.416420799125791496e-02,1.118165465200485070e-01,2.300504420235779598e-02,9.903421357593243934e-01,6.791095801778215257e-01
2.392046609371240584e-01,1.629219957656106721e-01,2.109893600783097067e-02,9.440901407194427497e-01,7.571223861098652641e-01
2.568749476255572373e-01,3.305631527341286457e-02,2.354847137154130951e-02,9.744851917230926697e-01,6.688835627374846160e-01
3.408841891461026341e-01,4.232876810236430726e-02,8.056631702648212046e-03,9.424377501790367484e-01,6.920290927056467201e-01
3.240684343831986558e-01,1.479868088903846376e-03,1.511915514077659048e-02,9.101869736576312375e-01,7.847090401975309604e-01
3.839003012670924031e-01,1.054021971226623416e-01,1.669456309625887494e-02,9.053094794497448250e-01,7.607473217422319189e-01
3.466764875888472819e-01,3.974165767552823719e-02,9.198510199859490089e-03,9.208240176978698122e-01,7.894189276461529570e-01
1.070775786410816666e-01,1.451242725696529345e-01,9.019404785379402101e-03,9.722268036227104115e-01,7.822750012941805942e-01
2.394714066917014994e-01,1.924805572679035570e-01,2.064065865285604623e-02,9.373649720100494243e-01,6.968869132962969282e-01
1.285897304511458006e-01,4.254234231081498174e-02,1.843703834104413325e-02,9.454107581387525272e-01,7.448566151721555118e-01
1.424779278275945527e-01,1.301703053409430100e-01,1.794375073630320380e-02,9.101876398517548816e-01,7.068043517182660551e-01
4.008041343996684436e-01,4.315505783024376624e-02,1.033974915966029764e-02,9.623037599788060170e-01,7.545656497439164889e-01
2.935333432737745607e-01,4.583364936961095877e-03,1.513538848494413655e-02,9.803448210401951579e-01,7.022685532476369286e-01
4.190992872847243977e-01,1.519522846487023904e-01,5.461399069786557203e-03,9.624683244004361704e-01,6.501976057820089139e-01
1.798554782523413831e-01,8.736693065352767185e-02,7.598921052008558719e-03,9.984614081825305965e-01,6.640907322757678699e-01
2.315607189688559386e-01,1.894105854414159795e-01,1.536501725521582581e-02,9.016341391512471271e-01,7.656518489334160904e-01
2.099725151441449167e-01,1.073228905465377081e-01,1.119344551263825628e-02,9.015669827250520907e-01,6.626007867158392184e-01
4.702614767767884785e-02,3.233909092616111397e-02,2.431339513793033189e-02,9.500005603115040387e-01,7.399134024860364311e-01
1.025451556519128282e-01,9.050511391765830860e-02,1.442969446534021413e-02,9.266408058877056986e-01,7.786667768538788614e-01
2.273559986993228532e-01,4.137546716639728395e-02,6.671283127137013665e-03,9.686510405351004271e-01,7.611651855263169564e-01
2.990357690205967811e-02,1.757278252646283234e-01,5.356846945106248647e-03,9.793210153553132402e-01,7.120158192229311123e-01
4.005971676735134990e-01,1.384897329966174317e-01,1.950515747695342680e-02,9.102435908782999796e-01,6.812906322939730197e-01
5.412893955370607496e-02,6.890652212628602113e-02,8.430134761006277677e-03,9.917338202746235343e-01,7.883806231612742188e-01
8.593374021285314635e-02,1.060362442386209442e-01,8.756247380101181421e-03,9.029922937806100780e-01,7.349599522677590091e-01
3.293228050696750953e-01,1.342265574543926587e-01,1.347614445281342110e-02,9.688403927794496662e-01,7.108130088900583843e-01
4.258491842761558122e-02,1.567886856124396378e-01,1.028121178306929187e-02,9.384500766257288795e-01,7.913086548534917775e-01
3.872193047350105943e-01,1.694929476423779821e-02,1.733154159492378971e-02,9.667439212809882942e-01,6.822526615807866790e-01
3.123257164399677599e-01,5.481249557054110842e-03,1.471385014447527603e-02,9.097636321610896859e-01,7.163422808680433018e-01
3.043834769970046872e-02,2.377608673680807472e-02,7.229012029544601078e-03,9.937080319438789111e-01,6.662968563745259587e-01
2.978023892915450666e-01,7.960426572434003978e-02,2.069481695818897043e-02,9.937408339840018145e-01,6.687320391349307336e-01
2.719686445914953343e-01,9.387461540633632029e-02,1.351717708828496095e-02,9.519400814176112169e-01,7.097894383995253520e-01
3.259029066454250945e-01,2.815586441255582897e-02,1.721668639178601176e-02,9.509584534065145256e-01,7.549490533977649687e-01
3.562968787179250918e-01,8.281947444202145125e-02,5.078846650653634845e-03,9.634808187813704849e-01,7.008340916231274864e-01
3.091723916012835138e-01,8.888293448600427527e-02,1.752800066873074283e-02,9.580068950547537820e-01,7.534396958904503450e-01
2.524696306712469474e-01,2.270890277181985412e-02,1.065699714061868822e-02,9.543546566827511013e-01,7.707785703878589079e-01
1.393367636715826252e-01,1.834153320789510822e-01,1.488741486419986951e-02,9.589191148885933824e-01,7.816366871980005016e-01
3.001304009250395644e-01,1.202300395899538188e-01,1.095441207642579469e-02,9.858630172178669548e-01,6.567079256080605720e-01
4.115408098066044018e-01,7.831857056080014645e-02,2.492521489284485817e-02,9.611066779580784702e-01,7.660597482459637897e-01
2.530468438468870818e-01,1.018745295109691335e-01,9.616846294232470060e-03,9.195834354796744714e-01,6.720713183336027852e-01
2.860039485582949181e-01,6.352529980729254566e-02,2.325719202978513214e-02,9.913912040379208035e-01,7.547393439949001692e-01
1.885279301037145194e-01,1.710118752972740186e-01,2.335933263659834003e-02,9.215960618582845765e-01,7.057493698400002513e-01
3.253758273797788814e-01,1.154279932721322399e-01,1.342001305868735506e-02,9.165161694791025271e-01,7.561689946542292651e-01
4.289993113132747893e-01,9.948426706431515165e-02,1.108006231046712586e-02,9.997057829063861201e-01,6.820736366761995795e-01
6.980702002505878578e-02,1.822661952160239407e-01,1.262071093797582227e-02,9.213416694453028244e-01,7.467486078351492917e-01
8.783186490711403227e-02,1.677579599485794770e-01,2.478678174783596061e-02,9.100093358659407938e-01,6.688271130592911007e-01
2.324187984670230689e-01,1.627475763937440423e-01,1.737592454675212367e-02,9.562007210869301055e-01,6.754618321485210686e-01
2.075100454252513660e-01,4.589623164213699202e-02,1.589560475641276990e-02,9.827193743674993431e-01,7.421692887746840217e-01
2.462034375533823649e-01,3.147149918220299575e-02,5.718357626788545846e-03,9.060750719863301939e-01,7.005157237475541088e-01
2.205276647371313611e-02,1.383292074228368029e-01,2.195686060794051556e-02,9.490104175218273541e-01,7.555667109670712867e-01
1.744345997657625880e-01,9.425980901193778405e-02,6.676109116143980234e-03,9.068502340456989774e-01,7.527739153104031633e-01
2.510976744261255722e-01,1.370588298784118642e-01,5.939447340687627024e-03,9.428691117889282935e-01,7.432450985382618169e-01
2.520470897098289753e-01,1.523648191901121607e-01,1.049716172235983999e-02,9.343960128770325557e-01,7.595810811851476663e-01
2.829962695986322774e-01,5.976738796160543932e-02,1.451577210115036556e-02,9.137129418133056458e-01,7.690902860995496582e-01
3.099726764421427694e-01,5.764543619143893544e-02,2.290577920008800977e-02,9.931021023430215422e-01,7.867134923707737038e-01
2.762237502332274830e-01,9.867548168537855491e-02,2.080157598165677246e-02,9.634886979452363942e-01,6.620773744222639978e-01
3.400143136620676354e-01,5.543631339177297612e-02,8.952642890116858931e-03,9.843056300578206796e-01,7.357323522167674712e-01
2.690223122796898125e-01,1.337917599272237246e-01,1.244159056854553073e-02,9.905944529181509584e-01,7.623165250430601336e-01
2.315907872284607150e-01,1.495993587302626437e-01,2.060480529237765368e-02,9.930185330988487991e-01,6.825412185004816612e-01
2.610582679928708516e-01,9.493575026459563637e-02,1.554184894938194852e-02,9.748114616369378815e-01,6.895431714465418693e-01
4.441195433717957941e-02,1.450361533541300041e-01,8.489838840481584922e-03,9.306948315234196967e-01,6.900446516503131456e-01
1.181841559712480672e-01,1.025770762450844698e-01,1.292110405356666769e-02,9.828932618855353853e-01,7.358499457211777894e-01
2.272545059023382830e-01,1.428614726714348415e-01,1.751871609019413703e-02,9.520182911482070187e-01,7.049255852698490532e-01
3.755115154073323525e-01,4.576868131134934070e-02,2.446451349617669718e-02,9.271653921826770173e-01,7.499142110182398513e-01
2.923131176475490256e-01,1.480297661406753673e-01,1.823624109712818075e-02,9.385773809993920302e-01,7.415359522951905369e-01
3.978506566444406367e-02,1.433096806679465540e-01,5.323903244627939055e-03,9.301223530773108372e-01,7.485667749654573155e-01
2.550859537406494626e-01,5.405453570278635073e-02,1.910016553265056483e-02,9.466204040003027842e-01,6.878476425213839729e-01
9.612559669631545733e-02,1.116382272169948314e-01,1.001729614914461004e-02,9.781335138120912376e-01,7.651057063734495456e-01
3.158931041493621139e-01,1.712070219070059296e-01,2.224317828427629928e-02,9.484867341842533328e-01,7.496053326153041541e-01
3.559721257262525307e-01,5.065500674751535759e-02,1.267779816452277095e-02,9.267858578090981680e-01,6.695974418947177043e-01
2.555927409410985729e-01,1.474599770189206072e-01,8.992300755086005820e-03,9.087403074679031301e-01,6.800259278613599578e-01
2.546945595834834708e-01,1.908393767122305296e-01,1.435894373020469086e-02,9.855756087129599052e-01,6.951447719459697971e-01
1.462557291374392276e-01,1.733821420317554207e-01,1.010395948630011045e-02,9.417368606776345130e-01,7.904062261758096897e-01
1.924412590782017263e-01,8.090249645337496687e-02,9.716429769957011728e-03,9.441922545374618059e-01,6.989524795406349966e-01
3.717024837867831666e-01,1.218343388646395548e-01,1.646523601546985918e-02,9.763721570232571922e-01,6.529818623997979410e-01
3.113044219849101513e-01,1.983622567162880712e-01,2.034692541701758894e-02,9.849726495864810083e-01,6.712438606488274617e-01
2.239743200095166697e-01,1.141190448637679766e-01,2.169908748319751210e-02,9.511144907974670160e-01,6.548257735476219477e-01
1.589716937005511421e-01,2.389049288364295323e-02,1.295339740940782206e-02,9.632367833808587188e-01,7.104258866214825385e-01
2.261290772578981867e-02,1.004072020097342144e-02,6.336075271938785766e-03,9.239156700538984079e-01,7.695730101454556493e-01
6.235017516901921603e-02,1.582725874390616683e-01,1.467949996931106754e-02,9.935067945566026237e-01,7.175653670883505031e-01
8.380780631239000134e-02,8.530203675496739191e-02,1.367562954056771723e-02,9.567921268061742035e-01,7.758491202189720104e-01
1.611815400579714452e-01,5.011576523520969162e-02,8.939578965060788335e-03,9.719604890495192606e-01,6.571293982041106485e-01
4.060376245957217911e-01,7.018673410152845293e-02,2.292289802288240488e-02,9.114213054352571231e-01,7.204584296217145800e-01
2.177108063944031835e-01,1.517172004427440046e-01,2.448296506041377704e-02,9.636920952357717063e-01,7.680613058194132314e-01
1.017464300382101283e-01,9.358421979113200340e-02,6.034943760661628381e-03,9.368949782403532822e-01,7.512083326480926138e-01
4.636680897098953424e-02,1.738313990126494346e-01,2.091492759714864980e-02,9.450062975178490365e-01,7.779238305710700629e-01
1.461330700546715766e-01,1.472501921667621616e-01,1.791433115883077354e-02,9.682162032342402913e-01,6.910752085864363403e-01
3.509484426514034028e-01,1.948288159386395990e-01,1.022872516331816035e-02,9.796327543208445121e-01,7.251276194432073607e-01
1.654540583731078929e-01,1.778122495911788337e-01,1.770312236565626043e-02,9.349365238335032302e-01,7.515317867513342520e-01
3.324049907836153506e-01,5.165489514541582450e-02,7.572863833669490202e-03,9.873236852234630323e-01,6.752734934238181497e-01
3.453604347584310341e-01,1.321527873277081044e-01,6.388130165949945302e-03,9.218990304191695406e-01,7.723710072015556038e-01
4.854211020074407357e-02,5.088063871100632039e-03,2.486978150104520932e-02,9.562898233262617786e-01,6.967205076186459012e-01
2.621150338768902244e-01,1.982302381614900744e-01,1.772739716917320213e-02,9.151265480334739300e-01,6.639960955873542847e-01
4.124522111862065077e-01,5.294021565171672106e-02,1.006445249066467013e-02,9.289249772394386762e-01,7.648551936022941478e-01
1.735172341336246316e-01,1.332942236310932227e-01,1.400067911807531887e-02,9.895411469397259463e-01,7.557526969597970767e-01
2.285501418229655621e-02,1.699815706187134956e-01,2.400176364595681122e-02,9.011556776074954866e-01,7.825519629926659393e-01
3.970968541206298941e-01,3.293246788286632171e-02,1.377450136773619369e-02,9.915611188645446772e-01,7.838112118155686758e-01
3.800928347945951580e-01,1.697279892192853634e-01,2.300889064004688414e-02,9.328402033913860691e-01,6.917788676872366205e-01
2.249986808526617810e-01,3.436887492373662690e-03,2.237618395956923398e-02,9.695795419877084598e-01,7.462044162826729776e-01
2.379165886275801389e-01,8.895345047899608226e-02,1.188312632181686562e-02,9.091718294434167902e-01,7.998684494257988220e-01
9.183693309095758428e-02,9.493548688369655986e-02,1.892018008154205261e-02,9.641271462336641340e-01,6.865709822691608011e-01
3.525443741286494181e-01,7.544405193848845170e-02,1.820997007565184830e-02,9.909461279765188202e-01,7.209315002837927144e-01
2.148994164702222320e-01,1.176905645137994588e-01,2.042423741239683677e-02,9.555201925399983143e-01,7.865249546960763061e-01
1.553357411615674186e-02,1.830536273918237922e-01,1.231858328534971014e-02,9.362121498283475507e-01,6.654619462289894649e-01
2.940134163166200354e-01,6.607083374575753454e-02,6.044729969962654888e-03,9.793577620096194369e-01,7.892374846334292426e-01
4.087628997453608970e-01,1.162727175461184120e-01,8.420784822250219903e-03,9.712725424371593252e-01,7.232233391842665116e-01
3.567055603583268453e-01,1.756150426229212413e-01,1.733107375347518395e-02,9.117692560921936140e-01,7.839561182858002519e-01
1.199180021503215704e-01,1.548260836251742489e-01,2.050200373794706932e-02,9.665701536876636357e-01,7.432057116240320394e-01
2.387646143640313745e-02,9.105919696293703763e-03,2.012097269071191907e-02,9.664655846084879709e-01,7.507153320534617480e-01
4.044107559788794326e-01,1.886153620614048065e-01,1.667363170230061475e-02,9.751921167359698384e-01,7.659478627141990126e-01
4.029999089733918849e-01,1.028273394746393246e-02,6.695162914297850265e-03,9.316306865140256965e-01,6.600704137976252106e-01
2.294061721568209644e-01,1.181629364004915944e-01,5.345772543716249478e-03,9.401277981640796533e-01,7.441652508559459811e-01
2.765541696070885624e-01,1.154953704427178068e-01,2.064283514644145445e-02,9.960038056535811535e-01,7.885905867157788629e-01
1.994554260449367400e-01,1.574916559097609137e-01,1.598752868379725578e-02,9.573456920777793089e-01,7.934185585939935725e-01
1.810793424853674727e-01,3.054016731794655798e-02,2.065424205463015778e-02,9.508504977098144462e-01,7.952482166005029329e-01
5.224337901341245122e-02,3.669470802047805624e-02,8.255769229587777217e-03,9.986849692202097728e-01,7.468749318901906076e-01
4.250699339691019207e-02,1.506692796149337599e-01,1.314846341542287231e-02,9.229557631896055936e-01,7.449930272187297309e-01
1.008420909240844293e-01,3.075144572991339587e-02,2.338338574155946273e-02,9.397936910058819482e-01,7.328697600165940962e-01
3.599188802084075101e-01,9.441958028606227404e-02,8.431959824943314336e-03,9.759883561595789070e-01,7.411330038727533820e-01
6.356205701560671550e-02,1.465979699519754653e-01,6.230538076250886556e-03,9.713100581286044921e-01,7.418176895574741803e-01
9.825372167141090129e-02,1.305971438277535590e-01,1.806934767563496760e-02,9.966700643075881993e-01,6.563612402782533772e-01
2.363554314492270214e-01,4.291023303650594312e-02,1.689072681243512786e-02,9.654300340803084746e-01,6.633306928900131183e-01
9.329129255557971900e-02,6.148809147853102897e-02,2.404061011715466836e-02,9.313094973248685626e-01,7.429124857646374203e-01
7.101566774393067161e-02,1.938260057449671669e-01,2.312936842109751881e-02,9.397651967054675426e-01,6.971324645057728198e-01
2.426626676884257872e-01,9.028545341082190590e-02,1.998860780441142140e-02,9.089712924016789541e-01,6.952138227514851332e-01
1.589120132575480293e-01,9.847037810839728150e-03,5.383144757565043979e-03,9.923720258322079601e-01,6.790160958972455418e-01
2.696223336255612613e-01,4.469739499380019632e-02,1.460773936813120413e-02,9.128668022746192490e-01,7.701604954151133331e-01
3.923360910353221320e-01,6.914458284270570687e-02,2.292203873074077913e-02,9.545703724076447516e-01,7.946492755580945033e-01
6.577605338564401771e-02,1.998983914546225982e-01,1.367302176228954447e-02,9.401395124617467625e-01,7.441637004794954269e-01
3.928630400598044359e-01,6.123561794790680773e-02,2.424291439225989553e-02,9.134223613032738109e-01,7.918129843409633661e-01
3.881681960244320884e-01,6.252773907726450094e-03,1.804975961287965183e-02,9.292992253624797749e-01,7.825826234765581590e-01
3.566785732511023044e-01,1.030713939335118623e-01,7.189142550855882538e-03,9.633569015904125399e-01,6.826890467649546768e-01
2.718216585243105610e-01,1.763747160982143819e-02,1.518544150373367027e-02,9.031251491110865448e-01,6.730288851765307001e-01
2.670429160527198476e-01,5.553945214044864881e-02,1.891234271290295407e-02,9.965989533351292673e-01,6.817380178292919979e-01
2.752222311127591747e-01,1.984842520426939039e-01,6.307379444792413949e-03,9.909095617970050673e-01,6.644314075798362085e-01
2.972225914724418439e-01,1.412230652671007392e-01,1.189299064141534877e-02,9.084601446326503460e-01,7.374318750480438611e-01
8.070864055751358901e-03,1.108265922729120140e-02,1.934162126107972710e-02,9.868353548353889781e-01,6.923975064256344680e-01
4.120217164599186965e-01,9.028865699976740267e-02,8.141427246140682181e-03,9.328571218548247224e-01,7.869375042127144670e-01
2.522240136687337042e-01,3.515586501314101053e-02,1.196679796541045074e-02,9.067504448525773864e-01,7.420111659840853413e-01
3.362488451036388937e-01,2.546598662402213553e-02,1.879820644934468085e-02,9.306112834291895286e-01,7.039415833653097643e-01
1.628539089573247944e-01,1.178260172564116054e-01,2.051081803728227806e-02,9.808887494217285452e-01,7.976960947946573066e-01
6.318404769876465217e-03,1.016255220384029295e-01,1.537023587650841044e-02,9.665831452167922277e-01,7.929791743837806273e-01
2.196761690869944439e-01,1.488304502787861361e-01,2.413715055400019599e-02,9.238559600670388505e-01,7.667922852963801050e-01
2.185845611865335214e-01,1.785689394181400880e-01,2.350661717597992903e-02,9.719176476570241530e-01,7.687525513159452206e-01
1.884684046856128226e-01,5.008968962890072985e-02,1.446874107815570437e-02,9.707821114510539751e-01,7.965905197286735628e-01
1.467386162355309165e-01,1.846754053444240318e-01,8.205488202226447758e-03,9.742861363506943873e-01,7.400684333959940409e-01
1.081753916703707546e-01,1.040803627382650004e-01,2.045863127767916928e-02,9.540656667663739432e-01,7.820029773997781986e-01
2.273167511592914247e-01,5.250814871883831975e-02,9.862791507862879448e-03,9.818945652120703027e-01,6.597241583449986457e-01
1.619943219285089608e-01,1.693113817824192513e-01,2.185642619998210204e-02,9.641362217956913616e-01,7.331093779181483416e-01
4.171007778283679079e-01,8.070453687775477197e-03,1.674288682310196702e-02,9.125399209744392559e-01,7.253774509202487453e-01
7.518581503201358929e-02,1.123423661171191607e-01,1.288186012795493329e-02,9.810255987755335250e-01,6.556585793331273226e-01
1.381365285120203235e-01,1.446026854709633602e-01,1.612766717165088279e-02,9.323768105044466514e-01,6.630427977986199650e-01
1.271090420266409726e-01,5.671555974407251066e-02,1.565617536915854535e-02,9.705034718197294019e-01,6.532758386025310227e-01
2.340796366052255439e-01,1.728348915950803644e-01,2.349465691799835360e-02,9.675131706091806283e-01,6.941022506729669361e-01
2.151912302419094480e-01,4.881662810823899495e-02,9.287260995231257088e-03,9.335912521036709988e-01,6.580266844274414995e-01
2.771646596670131468e-01,1.681349822636160896e-01,2.356316905103352996e-02,9.161683658488681825e-01,7.134739527141202853e-01
4.085507595763351874e-01,1.663044780265899095e-02,5.626820829197109672e-03,9.694958087940357405e-01,7.719119617059376770e-01
1.233598456768690982e-01,3.282559078181783441e-02,2.038406563066153324e-02,9.849023353079410237e-01,7.420744712654724351e-01
2.981990032103934984e-01,7.681593219647972481e-02,2.339336261423130559e-02,9.838231316934534787e-01,7.510684868444952311e-01
1.174224708922377153e-02,1.709570470468376735e-01,1.288104381973059070e-02,9.626504841866365680e-01,6.547260030664454611e-01
1.135646548027249292e-01,2.977248766022970797e-02,6.461343739905344927e-03,9.227407269734785311e-01,7.759289540383801365e-01
1.999357633105383059e-01,1.752122097190540739e-01,2.109335062987420170e-02,9.316209967302950812e-01,6.719285569074486819e-01
1.429676425840668494e-02,4.671657379594595233e-02,2.185729711383470331e-02,9.754627680939376155e-01,6.953976314048730956e-01
2.659801985775110955e-01,9.104917132031122018e-02,1.172514775976907057e-02,9.410853929706928245e-01,7.275190842400079960e-01
2.919952510043328231e-01,7.119414644780722168e-02,1.537186571371812124e-02,9.732497418468180062e-01,7.894990146519738072e-01
3.213479056655220156e-01,2.450711909629018845e-02,2.118938136020299262e-02,9.309449992593126222e-01,7.997223752560194132e-01
2.226104625776522683e-01,1.889176381643088987e-01,8.840859545002389963e-03,9.006318246536731964e-01,7.673991025432115309e-01
2.600922612758308494e-01,8.819747985969049464e-02,1.757951512782539999e-02,9.603490064656324821e-01,7.593971335591204186e-01
1.709119927984710241e-01,1.383759210098827186e-01,1.361261319031638328e-02,9.600916355105401090e-01,7.291523496068047505e-01
1.869755094531532977e-02,1.154782676561421917e-01,8.488315045085270336e-03,9.627554682779996265e-01,7.498441006998742830e-01
4.387934612726609312e-02,1.008414674535892813e-01,2.162880414501919257e-02,9.268185635768482200e-01,6.716636263142531371e-01
2.819932514824280978e-01,1.236989470878129549e-01,1.149361664399853496e-02,9.811070950311588934e-01,6.903794180862273810e-01
4.280932235222980053e-01,1.797701189342833794e-01,2.368852231310032697e-02,9.487466838830365123e-01,7.976964295245627667e-01
7.779589601054060638e-03,1.401631627631278187e-01,1.637867739639603873e-02,9.762387908984847540e-01,7.969422534718307860e-01
2.402033201385181949e-01,1.069635358115890167e-01,1.529019962769476854e-02,9.611093464376264661e-01,6.984458591994220367e-01
3.231827549866173044e-01,1.293920061725293003e-01,1.346611888438718069e-02,9.416070814802320887e-01,6.861572858857338808e-01
3.556864012179539736e-01,1.216724618212952913e-01,1.301341779712610752e-02,9.679626846640612126e-01,6.844277112226128112e-01
2.348929026245125951e-01,8.719112028977631101e-02,2.135932549674207995e-02,9.574977356012055463e-01,7.227296575256300093e-01
2.669439554989810892e-01,1.253280380159596252e-01,1.855001698972252172e-02,9.510711133397887762e-01,6.835649869686658553e-01
2.998950015227834220e-01,8.927039023266855611e-02,2.047380262246844759e-02,9.648560525919307462e-01,7.472744948826042233e-01
3.694965211184817466e-01,1.517652611965105702e-01,1.342168319222417083e-02,9.085938976366929598e-01,6.612229717030903009e-01
5.346221146000919994e-02,1.938135842209348370e-01,1.022874449405470829e-02,9.910261089355428821e-01,6.655515833628840028e-01
3.983321622019164177e-01,1.920132061419486391e-01,6.737304370563639185e-03,9.335082046082360252e-01,6.915401412403701098e-01
1.216146612362353427e-02,1.643264214985711291e-01,2.053311979968089340e-02,9.224692963587030059e-01,7.666164850067642700e-01
3.597296931608855997e-01,1.207500205148375472e-01,1.330552861035408374e-02,9.771796357676177935e-01,6.984934308563017780e-01
3.392164299411012246e-02,1.501170656260773784e-01,1.518447184193365967e-02,9.231221887092518896e-01,7.206225173425777619e-01
8.449550277851165803e-02,3.643161075625332701e-02,1.438686470394090824e-02,9.995769623201059551e-01,7.484933069013772755e-01
2.670588797505890968e-03,9.632467300547059574e-02,1.362275712738480332e-02,9.420492541563443289e-01,7.682809882959461545e-01
1.920151266749614560e-01,5.220364823328151049e-02,1.867799154135699538e-02,9.296624408663143324e-01,6.960663531836979168e-01
1.444401082617612908e-01,1.695501240760071901e-03,1.717468231517217322e-02,9.062065072626073192e-01,7.596454116746333973e-01
7.221095902793472909e-02,1.933807773597431279e-01,2.444107597288611156e-02,9.041804177363820250e-01,6.929101106526999176e-01
1.945176789848757914e-01,1.729058638085164412e-01,7.778078152984633543e-03,9.095140561140367952e-01,7.466699312549909262e-01
1.736171088808668717e-01,1.032260250755154402e-01,1.647038626465433669e-02,9.005032828812111756e-01,7.176320211192037668e-01
3.303265830277601345e-01,5.157630533568235975e-02,6.264803268046279829e-03,9.327089979405940312e-01,7.889941729025904404e-01
3.841529013040438922e-01,1.389020668296481187e-01,2.115836837416399871e-02,9.310454400100806049e-01,7.973140079331690888e-01
2.809513510080781096e-01,8.752541582543557630e-02,1.732622666502186409e-02,9.430091745438589079e-01,7.661184661535438423e-01
5.437205676367874718e-02,1.608665571511171954e-01,1.356757631985075832e-02,9.232922923241098090e-01,7.873196503465147433e-01
1.277226509305259272e-01,1.999041039260089359e-01,2.104471309287892292e-02,9.062741157944119719e-01,6.704756363036287192e-01
3.928135493410480628e-01,7.046743889048415199e-02,1.410005216983156381e-02,9.071162527952948418e-01,7.481695936321872686e-01
3.906709750038445117e-02,4.963620565213150426e-02,9.555721906268944965e-03,9.182146375305183517e-01,6.797551912358612558e-01
1.755411550986645530e-01,5.420911527015689207e-02,1.445001522220673920e-02,9.316589526869114568e-01,6.915452757458673272e-01
4.053344816511634807e-01,1.957590289045372037e-02,6.416635932746783851e-03,9.147992050215512094e-01,7.284234861823442042e-01
4.088352169904093669e-01,7.941519310353092886e-02,2.295722219278775039e-02,9.365117823614429460e-01,7.612980903565998991e-01
1.774061629539748497e-01,4.467585490664952724e-03,1.961916749468922347e-02,9.922220153362197870e-01,7.582241111293217539e-01
2.873132649943840877e-01,2.376471592285384765e-02,2.020631572430055603e-02,9.261603009529616459e-01,7.804189012935565106e-01
1.969438616938655462e-01,5.506745370726139760e-02,2.248986608036884771e-02,9.168399317012646543e-01,7.338912278189880789e-01
3.242345714181906202e-01,3.281269240598666537e-02,2.083145177630167308e-02,9.664776253002231865e-01,7.889513980084361666e-01
1.454839086729636105e-02,1.466996608006443381e-01,1.363705180506879708e-02,9.490881037960698929e-01,7.831832893530490391e-01
6.284341688726277630e-02,2.201535338271216544e-02,7.372728030508993169e-03,9.047254015809257366e-01,7.773586234220736246e-01
2.644912867202040552e-01,1.733328268998804156e-01,1.246729559961905556e-02,9.787807331166389346e-01,6.844280161706524090e-01
1.007649205880742777e-01,4.500178623847962689e-02,2.368169428759444792e-02,9.715342971853776488e-01,7.297171989780795176e-01
2.867364363864647325e-01,2.260953277734197367e-02,2.398180982462759514e-02,9.977298361740341015e-01,7.604354895565366146e-01
1.516746358808969963e-01,3.011222241820446944e-03,2.035741731047591152e-02,9.938306619562295996e-01,7.964153761766885609e-01
3.813709444368353907e-01,1.433257958601071302e-01,9.088611661427749289e-03,9.584248293625243775e-01,6.517470910605666079e-01
3.524622764052341983e-01,5.206673244176986126e-02,8.888997169283213359e-03,9.686021293580612257e-01,6.990671800917648282e-01
2.124274162295075596e-01,1.023902224224171875e-01,2.259543021761440881e-02,9.409506823986827362e-01,7.013525378878773253e-01
3.325719923636940023e-01,2.321159328775899630e-02,7.838318460222495898e-03,9.888467186529046327e-01,6.932801854672785424e-01
1.173181531948537804e-01,1.970738887240136017e-01,1.668274954664978466e-02,9.552808825199348153e-01,7.726136449644418480e-01
2.130374442522890710e-01,2.595156307492110445e-02,1.256503364558135549e-02,9.325551326335045355e-01,6.567607154965106053e-01
8.571980024934633402e-02,8.297325940173376491e-02,1.104022015922353009e-02,9.009491491909582539e-01,7.039152125012695382e-01
3.703201662955063478e-01,1.704782509645587363e-01,1.854764051353961080e-02,9.586449764976999743e-01,7.567526912414053175e-01
3.540960075078499747e-01,4.973250274760095818e-02,2.419138153303875688e-02,9.525433890514894975e-01,7.110109578660475105e-01
3.880222077474615450e-01,5.412738528388851000e-02,2.055267476480597197e-02,9.811877177863103094e-01,6.716095375538374546e-01
3.774376249452072729e-01,1.618914036622558505e-01,1.472325186203107816e-02,9.187004626306636279e-01,7.416278709138631742e-01
4.126667964235232744e-01,5.539459178121053373e-02,1.381423016404432699e-02,9.815401267847341238e-01,7.283915354590428937e-01
9.895624337009623073e-02,1.571390907867782887e-03,2.315328376644773881e-02,9.015283610255563351e-01,7.972758254173804016e-01
4.007526207511903360e-01,8.615483037750001905e-02,1.656214196947507905e-02,9.587313377699732131e-01,7.622789328681813803e-01
2.460504590900070010e-01,3.494506726016523030e-03,1.493278046132390582e-02,9.396852401244881747e-01,7.979263981768526248e-01
1.822503910008872741e-01,1.820486644820440147e-01,1.865671739062845988e-02,9.331520521342392405e-01,6.779528961674002874e-01
2.414004013702175100e-01,1.287208316116649764e-01,9.743076342590528682e-03,9.433295967166720475e-01,7.642392513916853591e-01
1.479764110029691826e-01,1.170198389780272019e-01,6.274709751497594031e-03,9.223591486199073097e-01,7.327457329549875720e-01
1.247892399862484542e-01,4.111631266161026171e-02,2.210222880970688294e-02,9.183425653099975827e-01,7.568764248801826966e-01
1.045238509923598347e-01,1.402892909002986244e-01,1.714523401398913849e-02,9.805106884001449918e-01,7.201327193761833945e-01
3.636160747710740632e-02,1.357736740919908147e-01,8.297542024501376387e-03,9.227758300230647359e-01,6.818586229569375545e-01
2.140263408761434172e-01,1.303225121114762533e-02,1.096095853001494494e-02,9.736971994496366190e-01,6.568604995197686591e-01
3.818497588812577170e-01,1.762884596313039343e-01,2.479867025179061796e-02,9.711360544442632081e-01,7.757432385990042922e-01
2.713351948187109897e-01,1.163032592230312939e-01,1.768847264927310772e-02,9.033400415707002473e-01,7.722212522879989827e-01
2.244985464522268326e-01,1.587009093266834314e-01,1.772224281934245069e-02,9.881072420187545502e-01,6.743809600679504523e-01
1.848663619296431748e-01,5.331990035364000263e-02,6.443273264174440365e-03,9.789355130093380097e-01,7.467771349315761586e-01
2.002282976900753575e-01,2.528751215093737528e-02,2.437983468487863598e-02,9.796067249423384693e-01,7.606600550798242599e-01
9.077998210836694948e-02,1.407874650641701419e-01,2.285565779117441562e-02,9.809191052219027318e-01,7.336437493071785720e-01
3.540394913158387280e-01,1.589826545647772815e-01,1.595564884526440991e-02,9.582553229075063683e-01,6.975843354644157834e-01
8.610629124777553767e-02,7.782067319023898422e-02,1.118777832901747191e-02,9.993380866887762171e-01,7.821418853278691019e-01
3.084311626360172753e-01,5.714762787945936763e-03,1.896110456772183428e-02,9.179152140477455646e-01,7.463660956312145878e-01
3.270335699318494549e-01,1.638325509061190621e-01,2.166748788943738402e-02,9.072335930941675119e-01,7.580326268020776137e-01
2.476188190298979908e-01,4.201268735975769580e-02,2.072242819646507098e-02,9.704167472379422454e-01,7.478171794253498650e-01
3.711954148556214084e-01,6.846735643760015755e-02,2.454094744095757646e-02,9.293937237395686335e-01,7.581933007377632538e-01
1.258606012013288589e-01,1.260179705476489331e-01,1.773710797333885245e-02,9.608233223930052747e-01,6.717600717401666088e-01
3.792137879131883271e-01,2.089098912304924310e-02,1.142450863117730649e-02,9.391701612938843091e-01,7.883891597466969881e-01
3.139170871681014607e-01,1.532715746155416739e-02,1.495855226137067159e-02,9.333524158501003143e-01,6.928716196937753091e-01
3.436636761097953685e-01,6.115050543479577660e-03,2.132634335901233136e-02,9.893248624594872531e-01,7.754826834544936709e-01
2.861046953872177778e-01,1.834113321876516267e-01,1.030685174430754844e-02,9.142043458611932572e-01,7.840076306145371543e-01
3.640811542886968621e-01,6.296516610946246983e-02,9.628165098879828965e-03,9.188985654393648783e-01,7.476835409990062464e-01
4.270394121058658232e-01,1.324711042083092372e-01,1.949669160652941699e-02,9.667840852870080992e-01,7.397451143133118023e-01
1.812498645910699813e-01,1.978578145545306921e-01,1.388854853030821457e-02,9.782601012765129722e-01,6.663572316757371272e-01
3.501698283114056953e-01,1.342207079188267593e-01,2.133140790379445262e-02,9.832214491984921922e-01,7.154331839119443259e-01
3.204247168332364226e-01,1.054938643753798311e-01,7.873671723179778703e-03,9.231149716342251788e-01,7.417466576972212566e-01
1.952813010904557167e-01,1.046630667699304795e-01,1.171392926298813440e-02,9.882113418289454332e-01,6.622803908724159694e-01
3.986611208852476329e-01,7.600651254265479440e-02,1.036199813180202489e-02,9.609550656424555859e-01,6.667193017216316298e-01
1.702087237866431180e-01,1.203561515350619893e-01,1.895736296132546905e-02,9.823218418914043681e-01,7.990221882660814012e-01
2.435848780825058957e-01,1.917994865195951637e-01,2.018658426653299059e-02,9.068521940203220222e-01,6.998351226443891848e-01
4.644927114912250632e-02,1.578207627059637075e-01,1.412005391773112767e-02,9.356894335985421751e-01,7.024598730936746360e-01
9.785755825442821187e-02,8.542109678961426478e-02,1.456058752797871267e-02,9.524863984490669067e-01,6.877293725899837895e-01
3.616586571589833210e-01,6.715652097747412674e-02,7.640637655782590160e-03,9.576957032582286145e-01,7.469029654241415850e-01
1.711211180935754972e-01,1.768227743950011865e-01,1.903656187626105029e-02,9.099071554073706602e-01,7.209613830210195307e-01
1.700620743591457484e-01,2.802137929969216942e-02,2.484635267198494896e-02,9.538658244602176151e-01,7.685646436060256104e-01
1.065258568037760756e-01,1.700674661358960726e-01,2.055843681663618860e-02,9.665486433093024576e-01,7.268742247783680499e-01
2.119008334136079363e-01,5.176027550712414271e-02,9.462246463752561204e-03,9.361595085764672364e-01,6.523123970425573903e-01
3.466954764194170036e-01,1.434102179194076399e-01,1.746245479188471283e-02,9.500739244280630436e-01,7.224031085490193460e-01
3.850254065249342772e-01,1.614378955741911925e-01,1.089913621328505999e-02,9.292566421644059549e-01,6.582780935892161844e-01
3.107909134695488462e-02,9.592230693543105091e-02,5.603531058325659543e-03,9.870500271871985865e-01,7.740179570722141023e-01
2.475980937020095252e-01,3.926451125231259637e-02,8.596457113116670601e-03,9.599206606690026122e-01,6.670487127477051637e-01
2.014602748258115250e-01,1.691087809490127158e-01,7.051871445276827050e-03,9.551273896135895614e-01,6.825431022448723573e-01
2.645269138523070884e-01,7.413416066560964135e-02,8.918651071363883215e-03,9.944357425877710099e-01,7.189947864192243188e-01
1.928812696836474661e-01,6.481537183602134600e-02,2.091208842898006903e-02,9.664931523660109658e-01,6.792776083100622309e-01
1.720186281461150990e-01,1.024932202883344912e-01,1.085664268060863510e-02,9.279823441539428730e-01,7.308829940295548111e-01
2.034368256322509338e-01,8.758216197967962080e-02,2.014079901890223831e-02,9.641753081193948915e-01,7.191047636670058196e-01
2.506776262365016383e-01,1.369273911907061270e-01,2.397725109685541756e-02,9.961623456653221353e-01,7.928783916375934382e-01
2.159217975326322425e-01,2.830236386616041128e-02,1.648546230135549545e-02,9.023558255927298655e-01,6.632560344986920819e-01
2.035499694878571963e-01,8.770224115552673061e-02,1.470817884020109156e-02,9.626591007010993906e-01,7.365098072402825879e-01
3.518513479720166148e-01,1.784486604338156035e-01,2.000254351180527634e-02,9.156834960886449659e-01,7.580599414465976071e-01
3.208829882410409451e-01,8.176479178505363654e-03,6.941802797861800454e-03,9.816459511066388810e-01,6.691440513583785110e-01
1.474513740037317056e-01,9.201032829751196185e-02,1.356424174969770441e-02,9.640684529641256884e-01,7.454693191636102556e-01
3.444475834140724446e-01,1.324458613106568317e-01,1.497649189864121502e-02,9.936989492969566795e-01,7.796358581254739795e-01
3.672161370029305427e-01,1.776545063213550990e-01,2.162102620796755442e-02,9.669577862097430421e-01,7.681333465142234918e-01
6.684815610552773124e-02,1.191634591597019732e-01,2.128435320462598868e-02,9.017218893157644688e-01,7.902756035643587751e-01
2.509707760824955169e-01,1.650723699766263874e-01,2.196530719699962483e-02,9.510353844400833978e-01,7.580878545111418010e-01
1.233988452540627084e-01,4.531551277289800478e-02,1.895745855735403787e-02,9.903668063616155592e-01,7.090980244508476860e-01
3.181049261065639899e-01,7.120907780934405962e-02,1.561111614369675368e-02,9.232303004171329430e-01,7.880677076886216659e-01
1.034389062948751076e-01,1.884843225116805132e-01,2.155758642686764551e-02,9.082896404179885419e-01,6.838035151422201530e-01
2.890321118702306458e-01,1.773090475054445725e-01,2.246564830510539360e-02,9.719887869221841559e-01,7.375553417787521493e-01
1.104484774487249493e-01,1.120326435550522137e-01,1.460969185317627372e-02,9.502508566939119605e-01,7.648486917642004501e-01
2.202806745114456177e-01,9.562217922117420554e-02,2.471323815777543356e-02,9.047595261394701938e-01,7.808421750493219626e-01
4.079693347360464073e-01,9.076241089943724860e-02,2.249636249958357481e-02,9.279915232439424067e-01,7.874813196640866320e-01
1.645809339978104024e-01,1.269914265183619273e-02,1.520939330842815962e-02,9.326748647643094969e-01,6.627463474223544981e-01
3.766918104782160936e-01,1.785830436873568072e-01,6.385751906942127576e-03,9.667861477987501617e-01,7.589088754181293472e-01
4.243992253364707867e-01,1.638117521746517702e-01,9.489841017437924964e-03,9.471600220710766349e-01,6.806156440161523768e-01
3.763110141374150230e-01,9.179397780084555536e-02,2.052797158752569726e-02,9.487190326561085740e-01,7.668679162230276347e-01
7.215652675131407900e-02,5.660855457117520972e-02,7.223085139973694710e-03,9.806603699594577117e-01,7.551034597900413425e-01
3.526333761805849343e-01,6.924120067887958030e-02,1.439600132638526458e-02,9.278417098501463567e-01,6.772028537900465217e-01
1.479209049814077595e-02,2.550895658870500765e-02,1.709704384209454961e-02,9.672572741575309330e-01,7.749245258629292588e-01
1.697265081070030712e-01,1.446361585198387978e-01,2.256693656741030549e-02,9.367557304828725284e-01,7.192683206027842280e-01
3.745446171533635682e-01,1.117773014544166804e-01,2.194227725786960029e-02,9.418370047546604784e-01,7.315784227851566124e-01
2.964746992740056042e-01,4.758658114215409685e-02,2.028555842119465769e-02,9.555902413170760390e-01,7.957105630315199907e-01
2.295456433279496888e-01,1.249781088434602505e-01,1.315388485222397999e-02,9.695646804802292573e-01,7.484938381278948283e-01
1.673936667604442041e-01,1.958668126367399676e-01,7.844985086845942396e-03,9.945195260899374334e-01,7.382844717537166979e-01
3.494753900357527310e-01,2.535663195975966164e-02,1.839298619115695838e-02,9.269011162558272732e-01,6.525144158545651552e-01
3.054005552937867352e-01,9.223851711444022716e-02,8.625772449769452885e-03,9.103745219642075392e-01,6.798822252640909225e-01
2.019458821151238481e-01,9.933760536350322301e-02,1.622628966817231747e-02,9.428791922672603576e-01,6.539848131574906853e-01
3.838757806629440328e-01,3.419264555093668584e-02,2.461356364926688828e-02,9.546715998817673077e-01,6.999968638574224356e-01
9.964769964419328829e-02,1.067844619884656537e-01,1.600619551614549177e-02,9.228003604039223262e-01,7.016762529540986337e-01
7.409795742905007920e-02,1.215894744510699205e-01,1.791113734520894882e-02,9.890495773964751436e-01,7.295495105587765927e-01
2.767628148991064796e-01,3.231156322488056704e-02,1.855150943832347896e-02,9.798847015879557087e-01,7.534652670488776183e-01
4.179855730190594754e-01,3.179005590276640092e-02,2.160776715351010041e-02,9.493663913442194069e-01,6.769017757844469907e-01
1.070730699486044657e-01,1.714133944111174701e-01,1.369961356214097550e-02,9.450063933035588448e-01,7.402481631214613556e-01
1.081085925626115579e-01,6.296609989733892299e-02,1.495019802104995479e-02,9.040741256704613038e-01,7.875464411793360320e-01
6.084500577577947600e-02,1.264363440286475626e-01,8.519440278491798718e-03,9.536889732776276940e-01,6.777511784238812176e-01
3.701817652123882141e-01,1.257278420593676005e-01,1.729359775475004107e-02,9.595747095423887707e-01,7.488632045398045944e-01
9.812454483646232406e-02,1.679950042409443789e-01,1.091516012648778393e-02,9.891631781452450145e-01,6.568383711877860964e-01
2.168635879649768727e-01,1.482390316150731802e-01,1.515249497777399271e-02,9.501098065746482746e-01,7.296721451436686268e-01
4.260842930629457626e-01,1.682747102542173079e-01,2.033114387019795827e-02,9.157377422678129042e-01,7.612308885658669588e-01
6.208446495556687976e-03,1.254177431404824572e-01,5.351398093639732519e-03,9.180056901223349053e-01,6.551062671785214953e-01
2.397325328291306790e-01,9.044197494228481404e-02,1.627831053168746211e-02,9.159867418523430782e-01,7.000498086713802248e-01
2.207719993204217412e-01,7.931973774130186838e-02,8.468900346213795172e-03,9.938534874055561241e-01,7.816935478087984057e-01
3.473949244799564018e-01,7.642692356562573452e-02,1.058766679567707363e-02,9.793389257360407552e-01,6.838219693700058333e-01
1.534157804681413051e-01,8.426022648392240966e-02,5.694265601739958646e-03,9.824766126320053639e-01,7.584311831593545383e-01
1.770364429676888340e-01,2.673254117860029630e-02,8.389255203718044146e-03,9.840433518810454139e-01,7.418357410891242010e-01
7.304539367691251228e-02,8.536771582963023630e-02,2.473258786574303661e-02,9.095634642589925933e-01,6.745531498939242310e-01
3.188097343717524734e-01,7.849953653332161774e-02,2.497045522398624179e-02,9.702176856181612408e-01,7.612561270972747485e-01
3.376401220417156179e-01,7.879761000328062981e-03,1.939695839779295022e-02,9.704336712522024788e-01,7.298121489548297092e-01
5.962856461411818187e-02,5.575102030994166791e-02,1.723713709542387326e-02,9.224821707930744852e-01,6.668038701089424869e-01
1.697930847409900301e-01,1.506294879733031666e-01,2.054013906198530123e-02,9.490665770239237187e-01,7.924057104897905823e-01
3.840562430105909919e-01,1.160111687105154499e-01,2.293108544370323423e-02,9.662430884118484720e-01,7.237943043715301394e-01
2.161420406912690877e-03,1.614273318544500180e-01,1.538610119130816301e-02,9.897336436912630431e-01,7.617621252204505033e-01
1.291676412971092536e-01,1.089949208317722157e-01,5.705679988354024450e-03,9.110425510929983650e-01,6.826550398288603327e-01
2.391131402875429635e-01,1.709626693295782374e-01,1.918791641160105463e-02,9.892193154006635458e-01,6.705774814106528758e-01
1.443262657941199734e-01,1.594173528207416257e-01,2.469205004144845242e-02,9.922414966593838814e-01,7.611960164194878642e-01
1.177073861572201646e-01,2.055862945830717881e-02,1.016105911943922593e-02,9.923609834824047571e-01,7.510736267837573310e-01
1.983560810234782090e-01,1.954242672351824972e-01,1.426931130922199850e-02,9.004834892105177957e-01,6.911161531555839455e-01
7.887341337905862115e-02,3.934741933364428561e-03,1.222548802102562358e-02,9.220998772754819273e-01,7.619425153273573503e-01
2.282092283716185555e-01,1.197707695479940937e-01,1.280934988459726809e-02,9.691245236025370913e-01,7.257488391527754379e-01
3.041725502433739181e-01,1.587097903540357069e-01,1.942799987750713775e-02,9.321739780988277380e-01,7.022895884971109837e-01
2.478015346776274164e-01,6.704693383032979404e-02,1.256808779512100238e-02,9.061083291515863447e-01,7.680337726219490513e-01
4.094390293830976052e-02,1.201153886671344345e-01,2.382168250917453614e-02,9.762942080549270596e-01,7.425174121313312670e-01
3.632512954770308888e-01,7.306238363864221708e-02,2.079316907527120964e-02,9.028592192465086930e-01,7.260902548957994806e-01
7.606549228213242697e-02,1.306238002649287924e-02,5.552940501753902448e-03,9.446021327932143663e-01,7.659660645126444845e-01
3.291043482621741623e-01,2.683842298776850134e-03,2.137097764067449543e-02,9.947576090755488876e-01,7.317242539709014615e-01
1.556824325228398087e-01,1.987754399212647918e-02,2.045714844877317279e-02,9.440232826364084451e-01,7.907801649400383326e-01
3.368046183160678941e-01,2.058350922988931575e-02,1.532987456762466977e-02,9.911887285402806169e-01,7.727083539181216487e-01
8.949107556089333504e-02,1.225670657013562398e-01,1.493634793492827281e-02,9.409004245929220023e-01,7.037281359110295620e-01
8.107804248533938274e-02,1.056471809615401464e-01,2.171053806933906719e-02,9.346686109101959294e-01,7.197378875819387956e-01
2.142240880272998915e-01,9.163719673445527847e-02,1.349570578326069956e-02,9.107382802599023330e-01,7.935999603043082384e-01
1.512955030559665071e-02,1.386923736448811006e-01,8.189246865865969921e-03,9.358090909027199089e-01,7.842806592190875170e-01
9.765255833762101489e-02,4.348401265477230479e-03,1.125797665698065331e-02,9.336986490021806917e-01,6.786778306451467513e-01
3.116012561870853959e-01,5.492571280173045439e-02,1.030404806714978715e-02,9.846551185976984977e-01,6.911455749235023704e-01
3.602375121930275204e-01,1.557011535262379509e-01,1.862118059302900544e-02,9.919915174215986342e-01,7.046630779042958315e-01
3.565692112932068031e-02,1.820854441969065873e-01,8.577467000816905648e-03,9.021930085753330220e-01,7.819773554215856404e-01
3.794113373489467755e-01,8.822898265127873674e-02,1.789544872865614020e-02,9.098256410547000961e-01,7.891125967842896882e-01
3.431348805388138024e-01,1.721531204755480729e-02,1.431933894527523746e-02,9.643228467090183553e-01,7.703510361203899093e-01
3.740945628582881266e-01,1.599470191064691071e-01,2.179321858823563690e-02,9.484742888090494928e-01,6.913562669090393964e-01
3.006258499143222851e-01,1.771489162212739887e-01,1.469997486434936051e-02,9.296878635047096662e-01,7.830597209952847582e-01
2.902116658691108464e-01,8.331839386805017789e-02,2.359607869138765843e-02,9.259907059716327993e-01,6.549321688911048378e-01
2.262649971049465747e-01,4.942769553013513090e-02,2.300938255771175708e-02,9.224674589518619960e-01,7.134205221335777614e-01
2.810457193067741333e-01,9.750361976366112016e-03,8.705751582080456172e-03,9.525450869258137443e-01,7.066442948497606569e-01
3.952980460990735967e-01,1.186254815570763343e-01,1.872332704703767378e-02,9.017479936487160508e-01,7.302859408856861023e-01
4.412393860776791382e-02,1.820640286219373516e-01,9.292494982415504950e-03,9.738884376468958104e-01,7.340960835852243793e-01
1.364629609959731038e-01,1.358997170785448128e-01,2.146608612460915513e-02,9.300388007890730835e-01,6.838106730265188782e-01
3.208318367262901621e-02,6.413247098105213928e-02,1.771446309073138395e-02,9.426831451235571091e-01,6.806833554178635115e-01
4.063214187639924702e-01,1.289347765337034157e-01,1.088235388563302264e-02,9.527052197842058590e-01,7.705349887688233146e-01
1.920188849137374476e-01,1.665816130821570762e-01,9.982472567670128832e-03,9.211359602727648976e-01,6.614295196759765183e-01
2.907227779200848294e-01,9.569018181054211869e-02,1.359155310090860019e-02,9.883702647423702192e-01,7.239929065793068164e-01
3.618405076723538727e-01,1.641299495095698835e-01,2.101445942922262194e-02,9.682093255178267910e-01,6.787469609896519263e-01
4.261391064248135629e-01,7.899002565660447062e-02,2.092323218078903299e-02,9.870296342069666551e-01,6.979350837681467246e-01
7.040467439288200513e-02,7.035263004055836156e-02,5.667524511098709535e-03,9.475450605264235104e-01,6.915941628758012216e-01
3.439909078531200870e-01,1.170147365498322573e-01,1.104574430941800134e-02,9.432460457989410019e-01,7.562783338920806564e-01
3.817044233006599008e-01,9.347259712120177533e-02,1.345701926939435120e-02,9.237142568509141283e-01,7.184030904941824947e-01
2.196753666902563976e-02,1.954452721717555574e-01,1.671164026888486559e-02,9.544840361207459489e-01,6.949162751669155647e-01
3.245048503196110157e-01,1.037614952821067776e-01,7.990540176293980251e-03,9.593163573317906589e-01,7.747027996970308195e-01
1.531771627933200819e-01,7.764923375428829655e-02,1.170566041057849622e-02,9.419923377041837798e-01,6.628692711936203796e-01
2.792480235408153488e-01,7.959177508257871125e-02,2.271194041135917580e-02,9.145382560312639297e-01,7.649540968210460923e-01
2.215266761006729757e-01,1.100400501720102120e-01,1.453095026827299144e-02,9.273104462295603811e-01,6.872469136850447580e-01
1.124294261451672383e-01,7.162749556363087744e-02,1.988286452086878917e-02,9.014251509517366978e-01,7.877028833940173946e-01
5.900996429971001184e-02,1.448584137910222669e-01,1.469557012992680003e-02,9.319138767817913838e-01,6.508338628054323172e-01
5.117036299527035620e-02,7.675192261262654692e-02,1.429965152800927175e-02,9.580758976624206280e-01,7.334995006039009002e-01
4.532550595694293666e-02,7.744473291852337071e-02,1.743851050167008129e-02,9.955711097837005585e-01,7.433397476041391227e-01
2.746119272177338644e-01,1.237776766259841288e-01,1.018729024379235078e-02,9.177896796389428680e-01,7.365950498970350591e-01
1.517552552504018437e-01,1.310852766650598411e-02,9.996041986125000015e-03,9.055464530527479461e-01,7.722522938298519435e-01
9.393574499031927261e-02,1.314156287049140781e-01,2.478707709783218097e-02,9.296311287871462659e-01,6.668246012125716993e-01
2.978187047708323876e-01,1.014894712145787414e-01,2.237984018638444761e-02,9.156797698168602784e-01,7.123334006438876154e-01
2.956584637138142679e-01,9.115219674304168851e-02,1.975509792899289227e-02,9.695518996894055830e-01,7.795605159529961359e-01
2.323031974211520190e-01,1.441313451508823285e-01,7.742890781110665400e-03,9.005749164526666295e-01,7.833102932793487572e-01
4.020969034354500149e-01,1.518929006189673470e-01,5.604494223695332886e-03,9.980867092272879271e-01,7.247516604858148526e-01
1.663427052883697244e-01,1.694059118190794078e-01,8.508250083941858860e-03,9.855666675262351184e-01,7.336950340805119541e-01
3.595852146745266986e-01,7.558582104267201618e-02,2.375461929015040136e-02,9.490670592075378664e-01,7.645862660734851213e-01
3.323480600291221776e-02,6.608050075842283877e-02,2.132579540497975962e-02,9.920942219806907492e-01,7.669415591447962255e-01
3.183875393425183997e-01,1.431540781974093846e-01,1.546152024977152928e-02,9.628059332657277203e-01,7.832121949258792348e-01
4.250439405338979904e-01,1.167791669689487444e-01,2.437561182736754789e-02,9.993764876689169574e-01,7.765786098774565271e-01
3.641906347874734329e-01,1.267285077240115077e-01,7.931642058046020280e-03,9.278306201409467491e-01,7.121634969296442019e-01
2.496761645840154531e-01,1.115490585140612306e-01,1.618300880012073922e-02,9.996906142617513202e-01,7.474629989707485267e-01
2.698826415963518910e-01,1.547659116175670591e-01,8.664442527974196978e-03,9.180247292122072356e-01,7.224852886792600959e-01
1.525612167084501591e-01,3.881813680993848048e-02,1.112857209608611800e-02,9.353418367639040332e-01,6.676942199630198083e-01
2.924991586327265747e-01,1.115867144155379548e-01,2.380270037926451171e-02,9.935324080340094399e-01,7.732521380007594258e-01
3.314996193847892791e-01,3.246225599978233567e-02,2.236557033097366989e-02,9.370542285253719017e-01,7.402645294550760369e-01
4.292400183995593310e-01,8.204313591890739776e-02,7.035975712611721236e-03,9.209836377069866575e-01,6.587007805708868791e-01
2.122665913931857384e-01,1.331347708597988844e-01,9.990876111218769534e-03,9.059487105473229551e-01,7.515302418513458704e-01
2.729944421680673486e-02,9.912125005451991044e-02,1.689014939164101142e-02,9.148958209722106716e-01,6.924651553845653229e-01
2.566230608635926558e-01,7.653871579776407030e-02,6.227055746816487561e-03,9.355223440321185358e-01,6.603897813075021439e-01
5.206136034235032267e-02,1.771090302817056317e-01,1.600169294702874848e-02,9.421232052468708762e-01,7.409883372025467541e-01
1.060042036855712161e-01,1.547923171849981960e-01,1.668982871588021305e-02,9.542451134420240066e-01,7.598312981193865445e-01
1.420465819501612881e-01,1.057318662150746186e-01,1.081934362660919025e-02,9.813587994527180891e-01,7.275926441482238882e-01
3.146118155806681416e-01,1.900605779794221073e-01,1.086245960250246771e-02,9.013414849818384145e-01,6.508472410355139459e-01
7.985368514387673755e-02,8.544869259756378288e-02,9.581585375401414917e-03,9.841116131230577269e-01,7.365324105413905142e-01
7.210801419536923274e-02,1.578265125900331078e-01,2.371352740392085670e-02,9.577249343023108707e-01,6.509913612976939712e-01
2.028966003199698248e-02,3.441931172048216803e-02,1.277742281398154892e-02,9.756478058284502319e-01,7.889612451945677840e-01
3.756199326958148954e-01,5.787270294500879847e-02,1.670538126227780890e-02,9.756979220707524547e-01,6.900957736587578495e-01
2.985138270487500134e-01,6.827903068545701504e-02,1.103149148507029040e-02,9.903202679307285816e-01,7.806509905245536673e-01
1.813703374996176662e-02,2.205832978820013515e-02,1.905328008829808642e-02,9.093380208834348499e-01,6.518163932925306048e-01
1.313739911875115574e-02,1.008591582001375220e-01,7.028825421172850765e-03,9.571515288356404749e-01,6.645824765738255202e-01
2.406712731877990452e-01,3.925976669117264145e-02,6.432830861893279462e-03,9.909029528394820430e-01,7.177112456903985693e-01
1.222072581519990375e-01,1.272029920004820736e-01,1.988567521163772667e-02,9.719206314038218997e-01,7.637911068579004148e-01
2.569956043352974451e-01,3.882837955503064264e-02,1.953335916630699956e-02,9.096584911496538028e-01,7.913842550750955773e-01
1.874451913671341119e-01,2.557774521051579472e-02,1.030002672281324534e-02,9.613964310879756781e-01,7.281642222752644500e-01
3.971010892310992135e-01,1.938482587921860067e-01,1.210093425449376703e-02,9.799880909200944235e-01,7.033191070499894559e-01
1.244700674184268246e-01,1.319898208564101449e-01,2.414521002665644817e-02,9.274861786305699241e-01,6.566831809875771642e-01
2.923533630602853095e-01,1.873537320269892115e-01,7.086605899906285935e-03,9.632493235016713617e-01,7.375564207608067413e-01
2.418929968437905434e-02,9.848767060665317152e-02,8.662941330933419948e-03,9.840412221394143621e-01,7.070065646747800692e-01
4.110641691670489650e-01,7.647090149611474735e-03,1.360076729946466459e-02,9.523866955908154575e-01,7.863700227012562216e-01
4.217449537326830589e-01,1.152998629158573513e-01,1.064197812111050342e-02,9.194187200845426178e-01,7.220088834260001143e-01
3.180630158480409198e-01,1.121074484803059879e-01,1.798017097264414249e-02,9.549682122116743832e-01,7.648170474694664378e-01
2.005761503007728874e-01,3.980145581382200232e-03,1.881203445893368797e-02,9.588003933154948255e-01,7.772315792322344041e-01
9.537718547139512060e-02,1.723871668359645004e-01,1.552776167780190245e-02,9.402852772234060463e-01,6.647416417516631704e-01
3.495695099663768679e-01,1.243741654426685217e-01,1.722394602805539868e-02,9.679616624527597191e-01,7.161269461634367506e-01
3.168959076760725635e-01,1.491935427058530828e-01,1.366841664040689686e-02,9.433332894688394310e-01,7.840576146518468681e-01
9.621828297164713995e-02,9.929030012534541261e-02,2.020774507450331936e-02,9.877405087654473892e-01,7.136682947479537908e-01
1.945713611934669907e-01,1.240620851437443384e-01,5.841969956925394634e-03,9.791625467512181658e-01,7.347731415451078663e-01
1.995407443234007705e-01,5.223650875247631831e-02,1.125782673311761725e-02,9.804771865849150059e-01,7.809655920948271879e-01
3.555301259382921963e-01,1.947777957859608000e-01,1.868860082789788185e-02,9.526076705273285317e-01,6.848890380034688974e-01
2.943693695793188070e-01,8.074328150198537002e-02,1.159290215750764970e-02,9.196347820590671240e-01,7.841872494235195834e-01
2.769188761786836595e-01,3.330299764618819408e-02,6.570705608858988869e-03,9.724421819108332032e-01,7.095542631784423904e-01
2.797759642796464608e-01,1.212716825655083680e-02,1.190026856933550613e-02,9.068921351579432022e-01,7.389549992988597715e-01
1.170316640550834453e-01,1.275982146839888531e-01,1.922989543577326502e-02,9.517574936152987108e-01,6.992059223098779919e-01
1.604641304668700807e-01,1.966925903841147127e-01,7.439697305066355314e-03,9.052979081481518087e-01,7.290678580639384787e-01
2.058912045234693317e-02,1.792631048724100673e-01,1.949262728423309041e-02,9.528418687357012029e-01,6.573928704533753553e-01
3.385977472634010832e-01,1.407188089297963240e-01,2.050911432715151264e-02,9.685922169128905468e-01,6.597889962858145552e-01
1.867562343078501275e-01,1.981289878695793039e-01,1.770601488845397961e-02,9.419198246419298037e-01,7.122084142906378590e-01
1.890042551905690427e-01,1.448428241463791954e-01,9.884680971162886076e-03,9.416903166554320137e-01,7.002427885150368514e-01
1.062578376565258692e-01,6.851097355687779666e-02,2.110590714390122788e-02,9.122793850274160121e-01,7.423687715412662369e-01
9.084430374609499259e-02,1.206424084789744638e-01,9.288850035569307453e-03,9.301849605298360135e-01,6.556865250565709902e-01
2.531756077851135545e-01,1.687356185462674657e-02,2.311641904342701115e-02,9.444273720585006915e-01,6.751503004605337033e-01
1.007652435223769100e-01,4.511481555428562690e-02,1.913291398284164280e-02,9.863562138630226350e-01,6.814387841188688233e-01
2.854559732158423041e-02,8.409050694976995255e-02,6.094398532941194650e-03,9.897979902339076874e-01,7.160737652794700869e-01
3.302606814558053938e-01,4.116188021904600841e-02,2.098574237323326194e-02,9.953580102007585362e-01,6.870252143568429393e-01
1.625053873603309884e-01,1.907467019508059525e-01,1.512867080719814891e-02,9.100263697126680373e-01,6.706494028711595945e-01
1.641210654928016155e-01,1.991239078221852532e-01,1.405297792626102743e-02,9.296210811268887930e-01,7.396360510673657407e-01
1.860355427702744813e-01,7.481624810421141913e-02,1.341022385396973757e-02,9.462912918753347835e-01,7.615807966704832843e-01
3.506542292420722351e-01,1.421365682293625476e-01,1.713260132881833792e-02,9.641743824390052175e-01,7.527902100195833501e-01
1.386390283581815375e-01,8.214637540198486965e-02,1.949157001565922712e-02,9.702798489599493426e-01,6.914270142841282274e-01
3.261975346296116518e-01,2.876233167285507583e-02,2.291953231449121373e-02,9.786016288618916148e-01,7.781667254550446167e-01
4.040647366944240537e-01,6.804844269271960455e-02,1.045889625894450697e-02,9.495873810060153630e-01,7.417733269141103536e-01
2.845124560517389156e-01,4.744096804441698401e-02,1.761552545820847457e-02,9.556584266626895197e-01,7.422000051511136176e-01
1.861911838249435680e-01,6.628756586107653614e-02,1.872685222936259705e-02,9.960570689051544413e-01,6.819272677574685915e-01
3.218017912299191430e-01,4.378931599114559148e-02,1.849594279573785194e-02,9.240028279789695986e-01,6.863319331004230639e-01
1.974379716233443938e-01,2.335667869259103538e-02,1.486001295565939767e-02,9.803759742884174955e-01,7.212125326157157179e-01
1.787892993053924184e-01,4.426825744312017086e-02,1.282045096407402260e-02,9.711818034357454499e-01,6.856731546560876911e-01
2.263464771726811098e-01,1.812456493341387254e-01,2.024757634134183304e-02,9.140089836728105821e-01,7.532116604728065212e-01
1.373028816331870461e-01,1.795911347952921719e-02,1.100019608081602776e-02,9.926491692718104609e-01,6.962831768383637154e-01
4.572334278412051173e-02,6.562657210729166968e-02,9.161063247964862724e-03,9.855356156126447997e-01,6.727874230942023637e-01
1.789715103707248678e-01,1.061615290060244354e-01,1.591658387520247797e-02,9.779504652896726657e-01,6.727420780660209321e-01
5.413460200447053200e-02,7.154801857949301402e-02,1.035221715324353975e-02,9.126773583753559071e-01,6.690841668066741521e-01
1.770793921552866190e-01,1.040038119087585700e-01,5.664663255290780172e-03,9.139670531092850547e-01,7.159625118449561842e-01
2.399245664005701661e-01,9.640591986636439653e-03,6.031514867646108578e-03,9.683198458198574166e-01,6.504560054521434376e-01
4.002750967372224467e-01,1.300653570395111924e-01,1.890021052773749322e-02,9.107270015179098621e-01,7.313558432453796110e-01
1.653938001843523881e-02,1.131322815096559853e-01,2.446291691984146463e-02,9.113315605902829741e-01,6.947454384379325720e-01
2.676056563893340345e-01,1.365122869050836296e-01,1.409376767252150039e-02,9.400279466954108987e-01,7.328718246440322215e-01
1.973683950728831460e-01,1.138843053496201713e-01,7.941222511694684405e-03,9.005377888775621953e-01,7.903138120162375158e-01
9.692023999575700988e-03,8.814281290270697955e-02,2.136166421058706411e-02,9.721483402815994657e-01,7.803571415275225576e-01
1.080561674777110320e-01,7.067816691652241412e-02,1.022871793947439586e-02,9.540206993174826788e-01,7.364644759907683635e-01
5.183017326020986776e-02,4.606060282985546817e-02,2.491252923207761330e-02,9.078174149214650601e-01,7.127105468958088164e-01
9.400468851878979182e-02,1.005134776345159159e-01,1.626528331654120141e-02,9.543582748462342558e-01,7.547544006623759794e-01
1.187906344447338947e-01,6.184438023123887788e-03,9.652650971202013375e-03,9.054087872876928067e-01,7.884708998936782454e-01
1.731604178789622195e-01,6.631992479176583577e-02,1.492009539048688022e-02,9.070696105998232728e-01,7.234320601909325354e-01
2.279578998067339213e-01,1.358965864193413531e-01,1.170762543659297286e-02,9.485466190151453647e-01,6.648961586127978274e-01
1.424707394419637459e-03,2.263469089758549449e-02,2.058943969253895431e-02,9.499823250515645467e-01,7.649132300635985704e-01
7.044195570972980325e-02,1.351535722158618905e-02,7.116317716161115262e-03,9.338994772893203233e-01,6.515718730841576489e-01
4.113997942617550474e-02,1.307835424529817103e-01,2.214005434065096506e-02,9.621771458311831893e-01,7.646957719461010550e-01
2.368098882837170460e-01,8.015716950732770796e-02,2.034673788528269453e-02,9.387358402654790712e-01,6.627374905829854779e-01
1.421731194021447486e-01,1.605631822733268321e-01,2.222727607802975000e-02,9.586960579012987482e-01,6.659924861549431085e-01
2.362626287588940610e-01,1.875249494902934688e-01,2.289987492083329912e-02,9.349784937399634455e-01,7.672560305017289695e-01
9.616219663293679165e-02,1.914510502927828373e-01,9.595556458861623922e-03,9.714966964658975357e-01,7.534282557343108255e-01
1.139439290357390638e-02,8.569297792494166843e-02,1.542011614457241414e-02,9.579286117459567818e-01,7.342854694004956606e-01
4.048464006449358776e-01,5.360111763073142910e-02,2.199844440332754739e-02,9.160043546842228102e-01,7.730877789065291328e-01
4.746418399007843597e-02,1.221141340097531419e-01,1.254775944232222953e-02,9.686268855177719850e-01,7.777052766115645221e-01
5.542240287557650968e-02,1.260103922597190507e-01,6.208151535912649621e-03,9.783935922533458784e-01,7.186268383484430977e-01
6.386858857285027113e-02,1.248466422791034425e-01,1.083268713077033089e-02,9.065874067956082305e-01,7.994448030581806641e-01
4.219676287931140024e-01,6.503394413005735009e-02,9.838406229496218097e-03,9.609960595300609532e-01,7.036369909458661809e-01
2.659762430329283278e-01,1.368659554704330233e-02,2.240125237378209205e-02,9.790429656013072135e-01,6.757261649931197711e-01
2.628143892809519100e-01,4.279096292629419596e-02,1.427692698818296482e-02,9.114652897778603435e-01,7.768964664679838261e-01
4.242935284514491867e-01,3.172946617642451173e-02,1.867088474892626346e-02,9.901652419735030852e-01,7.123355419338995853e-01
3.894023201882689661e-02,2.565616881087873571e-02,2.424238299383171119e-02,9.414798786252756013e-01,7.811749476842921869e-01
4.190608829006420288e-01,1.853303808932430519e-01,1.098375704770407531e-02,9.737839821098718263e-01,6.591749516735606607e-01
8.852163987168354398e-02,3.755681548819617219e-03,2.022399115054791460e-02,9.899049846829267585e-01,6.666578167259962218e-01
2.682976750281131917e-01,1.207696901080280161e-01,5.455282430374428469e-03,9.989637150870283033e-01,6.560408991835944281e-01
1.812158495148976367e-01,1.895472853522872370e-01,7.082323506230564156e-03,9.583925064031290075e-01,7.403016440453615843e-01
1.657153279817094593e-01,7.265057237133144830e-02,8.237301800065561369e-03,9.704273928503154290e-01,7.747796271674749491e-01
4.005033879176894129e-01,1.058925197453200462e-01,1.124836673745016960e-02,9.251699674117419558e-01,7.103991175413008063e-01
6.501869550087001348e-02,1.394609490315567857e-01,1.305974430258756772e-02,9.290046372185386536e-01,6.636043174506536246e-01
4.287426057517084721e-01,6.411676923698952923e-02,1.454031781464508802e-02,9.850769426902594716e-01,7.060203241146429942e-01
1.636446512082743165e-01,9.605274555374258838e-02,9.906626925667950251e-03,9.398243903652339082e-01,7.022069198509595100e-01
2.793244337681898282e-01,1.636034672162176573e-01,6.324306392202719111e-03,9.822433954428038128e-01,7.465207887146172450e-01
4.162319878063615031e-01,1.493257773907724628e-01,1.855046183680486571e-02,9.050596814538452994e-01,7.478227443194500612e-01
2.571085061258018140e-02,1.618814328870752939e-01,5.473227070685288999e-03,9.218253421792912405e-01,6.654535575877029707e-01
3.969088116949067713e-01,1.974806925619035369e-01,2.118941269717449644e-02,9.170094088970153212e-01,7.130265166288290990e-01
2.445910843170132631e-01,7.469516751229962614e-02,2.358309650302402999e-02,9.527067469702457103e-01,7.463771790228148628e-01
3.031862610813270131e-01,1.496711613242188432e-01,1.920737827319268787e-02,9.080530547556630028e-01,6.888291813785052398e-01
6.500001488724344023e-02,1.209541288532946096e-01,1.691921034549663874e-02,9.343870437421307740e-01,7.110620429792716690e-01
2.298232078265128320e-01,1.336543486770180866e-01,1.814037058657265791e-02,9.986245109850596657e-01,7.420542397467528861e-01
2.899373836171295626e-01,1.482349070617539621e-01,1.804444093235188507e-02,9.794217136700371640e-01,7.104306051867352867e-01
1.967300948693155027e-01,1.501965320723166464e-01,2.363410272133001019e-02,9.760591412919961130e-01,6.546291457348352161e-01
6.748864140749832874e-02,1.772632847096691222e-01,2.428611742387934772e-02,9.135114699440542996e-01,6.833923993144258580e-01
1.057270832117123693e-01,7.051501337197502162e-02,1.353423283816443390e-02,9.364559106582013293e-01,7.664121371698285889e-01
3.675345073362108472e-01,1.310427898662702151e-01,1.734158352296836375e-02,9.680587971287254456e-01,6.872756118125046276e-01
1.578805592525523230e-02,5.677779588777431830e-02,2.105614107468344737e-02,9.021625237243396933e-01,7.726567169096921761e-01
3.051018316511084905e-01,1.193191723182780578e-01,5.020763143442750001e-03,9.433976490976128115e-01,7.200361738552736313e-01
4.297383256647320238e-01,1.504838528942136489e-01,1.554031833655431308e-02,9.928589789222774797e-01,7.209381705795917528e-01
4.210205329802877566e-03,1.584092161461664316e-01,1.805752679635395236e-02,9.082339806899607515e-01,7.655774322997066506e-01
7.008859792975422054e-02,8.460477609483542383e-02,1.934410899475163398e-02,9.906259338706000506e-01,7.074940269523842806e-01
2.902079050831546936e-01,1.022353244170706027e-01,1.237578818792562166e-02,9.194521624521035941e-01,6.857720888228556744e-01
2.673606803711440355e-02,6.743612038286439514e-02,1.091288841223184494e-02,9.189107223344131770e-01,6.657548565076150116e-01
2.540199030741634445e-01,3.463823296138647534e-02,8.642851331358170075e-03,9.195435958763543693e-01,7.507864814253152330e-01
2.944360444276930555e-01,5.284296363331390800e-02,1.615631098105368979e-02,9.931256082303211441e-01,7.204913809689325044e-01
2.533147833409361005e-01,1.825152639750650674e-01,2.338606864504243210e-02,9.603744994393662582e-01,7.714110321050190455e-01
1.576642375960378151e-01,6.248493893945387956e-02,2.291956301448096547e-02,9.750788945296873234e-01,7.186512062861459826e-01
3.001341049782680903e-01,1.949771073755764417e-01,1.219931854315384895e-02,9.366407606084671267e-01,7.122216012672261121e-01
2.559523096179289747e-01,4.905413895786096823e-02,1.015710279876405261e-02,9.873250935973111320e-01,6.948278126112106268e-01
9.007634682829156192e-02,1.448911464087279111e-01,2.077587645341554337e-02,9.581937135914937453e-01,6.799141809410537141e-01
2.425851481980120794e-01,1.152067554207953093e-01,1.949960036488376444e-02,9.599834933206541354e-01,7.745655416972697660e-01
3.793381961525998936e-01,1.396771398554349231e-01,1.510679662274984694e-02,9.752321052078136709e-01,6.642817056420149413e-01
2.870714795612030468e-01,1.291476313752270288e-01,1.278060519077715146e-02,9.773642623339161561e-01,7.853191585027469168e-01
2.033985566719604121e-01,1.416429681359202553e-01,7.475958074903499631e-03,9.681863571586289963e-01,6.540363726856025517e-01
1.389595801309945478e-01,1.812038626386563434e-01,2.070277178184473307e-02,9.118909933595875650e-01,7.283378502848313341e-01
3.784518384871875946e-02,1.131304297164338057e-01,1.734928887163394648e-02,9.866726592733224832e-01,6.587492843226626649e-01
1.059450399536233101e-01,1.450190779789504655e-02,1.253763359476033415e-02,9.260899116085263838e-01,7.669410681964450305e-01
5.799117074270184954e-03,5.489426145493301462e-02,2.337575952133599116e-02,9.996194158342919245e-01,6.817244786088669795e-01
4.242625186182097385e-01,1.419355771013440237e-01,1.819345412823724500e-02,9.385507931768592993e-01,7.348883864354803785e-01
9.644488616322943741e-02,9.932085096715900785e-02,2.358477733687492500e-02,9.119997297598927410e-01,7.874669153886416639e-01
3.505817794120248965e-01,1.101618445413176939e-01,1.448824920679287961e-02,9.316086502589195906e-01,7.473888403418639248e-01
7.334865429433581885e-02,1.197195106206780102e-01,1.409235648127859716e-02,9.573534243600697602e-01,6.767479947460873779e-01
1.226648931807912124e-01,7.714322532392942078e-02,2.374478580628159446e-02,9.391446238202419972e-01,7.695016653132351614e-01
1.804409699489693264e-01,1.550052094924831980e-01,2.419582856487066669e-02,9.828681688969220787e-01,7.162219410212524728e-01
1.401700299167485952e-01,1.449834418954131510e-01,2.421534637757772473e-02,9.682206295420476838e-01,6.519765107514134961e-01
3.434924986739804065e-01,1.431455830264296569e-01,2.137794787814885702e-02,9.213450565604084375e-01,7.230147455161752834e-01
4.118504720386165219e-01,1.433467246329540035e-01,1.424812289648677219e-02,9.538853304963295088e-01,7.718727015895010535e-01
3.765013334862140071e-01,1.781812423291953273e-01,9.205985885381176223e-03,9.787532000198234661e-01,7.144936446250419460e-01
6.688490492058755954e-02,1.194831631092116153e-01,1.266881762555656550e-02,9.891233751552563902e-01,7.637642075719989210e-01
3.341994421538455051e-01,1.934473676998947067e-01,2.376594983035577521e-02,9.394944334908041927e-01,7.558288826801607962e-01
6.446922580772120048e-02,2.471934419373694389e-02,1.227108590160599921e-02,9.924464720151439101e-01,7.185368476007427674e-01
3.928404947151414861e-01,1.267598363421790220e-01,2.013434853647074960e-02,9.035969459619471733e-01,6.984923877538171677e-01
2.231699089618201515e-01,1.436683826412233078e-01,2.346008702182215966e-02,9.676691202179767970e-01,7.589810002343234663e-01
1.453074867763271827e-01,9.596686177991754774e-02,2.440784325762859405e-02,9.781984744842191493e-01,7.053377626607548745e-01
6.836393835636871141e-02,5.835346890493035843e-02,2.395348293750712218e-02,9.425141380642055866e-01,6.755130660092977246e-01
6.066098828792978494e-03,1.104574530895087170e-01,1.610115195444552019e-02,9.010974475918825943e-01,6.981294592291968915e-01
1.073692594225195557e-01,7.358478837784984683e-02,1.483760149301740702e-02,9.687035160269477085e-01,7.815258789392072192e-01
3.931146071476828152e-01,1.819156901424954786e-01,2.475281017535972683e-02,9.342564242537990671e-01,6.925083668206079013e-01
3.430254804847855943e-01,7.200169009411772070e-02,9.363584091606137055e-03,9.151812954692514213e-01,6.852440802267104614e-01
4.170415006250586809e-01,3.596569154772368687e-02,8.750605233695252227e-03,9.157108776515811011e-01,6.700130106095844029e-01
4.422669256106903646e-02,1.157014388929251264e-01,2.426364595491670162e-02,9.769164055831320859e-01,6.582766766851586571e-01
2.550446809639321799e-01,7.980252568469350938e-02,1.878389643648339241e-02,9.187389424212440980e-01,7.965038531299447611e-01
1.113175533592031669e-01,2.008373081536736493e-02,1.572608019596315881e-02,9.484098298142166206e-01,7.305165240890916234e-01
2.339219917763627754e-01,1.134036278485837657e-01,7.640995856826113784e-03,9.970389359656558481e-01,7.594466690931046537e-01
1.384751459067222468e-01,1.080314358219745946e-01,1.526480498032658367e-02,9.758818697868341108e-01,7.659460170303058479e-01
1.226067210544003749e-01,3.546622024000582740e-02,2.388442307043110030e-02,9.547193648714733527e-01,7.028475492080709097e-01
2.471796345685523255e-01,1.199299956230087394e-01,1.705782646697343377e-02,9.528275352624200334e-01,7.698358865241832216e-01
7.964349144203279607e-02,1.139044357976403271e-01,1.309257244879069582e-02,9.167327441546617717e-01,7.942226366630074086e-01
2.022582444610381280e-01,1.549489119852766050e-01,1.602206002930256848e-02,9.446423575015273633e-01,7.612642775360801695e-01
2.801984617038908998e-01,7.295241603868424241e-02,2.272290174035569016e-02,9.144899653906335413e-01,7.567599689994168877e-01
5.599010939542294063e-02,5.050314520906422355e-02,2.325697322270655482e-02,9.083582115231043641e-01,7.148350679873030078e-01
4.002249422061918138e-01,1.902927575071843291e-01,1.300176331305790550e-02,9.109137235959234857e-01,7.761980188713192286e-01
2.179558960658195266e-01,1.126822870337748500e-01,1.716122004868644163e-02,9.606611156651778671e-01,6.633256062685024546e-01
3.525774999383828323e-01,6.400851817951880643e-03,1.058405225365661485e-02,9.193552982761856729e-01,7.624525568362923167e-01
2.815254297364361835e-01,1.643216251382369208e-01,1.402170592316952930e-02,9.149345514991084061e-01,7.042990313214285703e-01
3.055904037844720533e-01,4.015485412286921851e-02,9.397652735662858151e-03,9.867130962096987146e-01,7.348960873696687157e-01
3.082201736859275232e-01,1.574212272115228517e-01,1.562944523731150254e-02,9.122012963234452654e-01,7.839445654845541567e-01
3.764178558393717622e-01,1.413273230040369977e-01,1.656480269929324137e-02,9.705635113908799294e-01,7.407529339931713253e-01
2.642367316351304507e-01,1.937939311283683186e-01,1.175673472261546185e-02,9.417000262147396938e-01,6.538372295543699586e-01
1.203551580884761468e-01,1.931502810173107154e-01,1.044236601277296478e-02,9.579079737764959468e-01,7.583907268284644232e-01
4.368963678928112354e-02,5.560771430649623370e-02,8.020512132629038435e-03,9.023355414497008509e-01,7.893536759305459505e-01
2.610815157441107037e-01,1.535234666634602840e-01,7.790873324123195540e-03,9.000019239516579006e-01,7.463017917965839576e-01
2.946535281757927532e-02,6.405416207020486752e-02,1.922922231428235429e-02,9.817248544018923884e-01,7.792130116189360800e-01
1.045148907748084527e-01,1.262103898270892643e-01,9.432760071454066725e-03,9.475441158509766426e-01,7.737943633012901445e-01
2.704338219422012385e-02,1.199514709059640444e-01,7.359540422131209680e-03,9.071306936449192726e-01,7.791938424475943759e-01
2.364727756838172767e-01,1.185415960861176815e-02,2.497743379528577501e-02,9.343456103190548312e-01,7.016150604038412508e-01
6.978505560049039214e-02,2.031168217236157311e-03,1.019833003778114131e-02,9.506354436250785689e-01,7.211245290663022001e-01
2.628647400369600318e-01,1.249503890436709161e-02,2.292096630856264514e-02,9.135493476846999750e-01,7.772050257544598217e-01
3.402811411403418029e-01,2.646046745881647927e-02,1.718371907503834714e-02,9.546337949777538023e-01,7.865597862397183393e-01
3.535868292111289390e-01,5.227284577820696942e-02,1.930140333613630105e-02,9.528750719837264516e-01,6.720262248889620205e-01
1.337941649910421582e-01,1.814840894252699177e-01,1.621837822999270748e-02,9.602835166344225737e-01,6.772298569387226186e-01
2.365014945259387991e-01,1.042079023939905813e-01,8.616223901199378254e-03,9.810261805255438006e-01,7.020244400082401581e-01
2.425316160770479845e-01,1.595814560293169482e-01,2.194103142905205403e-02,9.412778813386861732e-01,7.655446742269037541e-01
2.038686011441374624e-01,1.678240386693344299e-01,2.155945532973568488e-02,9.888560028460071649e-01,7.812471735886842295e-01
2.820438594212241190e-01,1.472536766195177149e-01,1.199370930700534993e-02,9.474673752909937852e-01,7.370360212105018238e-01
9.112737612029589429e-02,7.888563975969381525e-02,2.027701392822927814e-02,9.457148964214312503e-01,6.669902263089846350e-01
4.210953497827347181e-01,1.729080193743555705e-01,1.586080516688855718e-02,9.655685698403979611e-01,6.955622344950749270e-01
4.307624582201001473e-02,1.486679009108632099e-01,2.318098281120129639e-02,9.617521215324783546e-01,7.785534509716447449e-01
3.567358695761381204e-01,1.488871372376054381e-01,2.105648742607935803e-02,9.011434938758926538e-01,7.021332467405022593e-01
2.558671784020595807e-01,1.804132911059483091e-01,5.819915396040616258e-03,9.982430590224194988e-01,6.654210864634093614e-01
1.060426865461041313e-01,1.201340310190790600e-01,2.258551944382516594e-02,9.942693586144467632e-01,6.953102699169617651e-01
3.208945752832685905e-01,1.061863115624731568e-01,2.437132835956979868e-02,9.281285942496555474e-01,7.710059528449713095e-01
3.724230424546386836e-02,1.781423489618179923e-01,1.984312405250207578e-02,9.558583340165751618e-01,7.240219299528714014e-01
3.332252509785279537e-01,9.143788390467517957e-02,7.398270616941361039e-03,9.770485173589649186e-01,6.757359163324911933e-01
2.541036603422527906e-01,1.625025685097397365e-01,2.114751779674240578e-02,9.920467824097958243e-01,6.968948558869907384e-01
4.851188659205628306e-02,1.171542572851673805e-02,1.794978085247171673e-02,9.585906640124499667e-01,7.930371919510410539e-01
3.510788656662682666e-02,1.256698946808104678e-03,1.177652635043960512e-02,9.018940132938182419e-01,7.147936232147940050e-01
3.231087870442423959e-01,1.061302054312670134e-01,2.268061102385333580e-02,9.680677947537245087e-01,7.162398882209140005e-01
1.266695038901461401e-01,1.564876686945966544e-02,1.631133376906345606e-02,9.093078068899038691e-01,6.729604403066320462e-01
3.825104939791345582e-01,1.953320596771596640e-01,2.205855862038804543e-02,9.671177773537600331e-01,6.956831456921427348e-01
3.279293260219455219e-01,2.094733633919956123e-03,1.840227497168485729e-02,9.587427602030633711e-01,7.722029199410069822e-01
3.005236149839001780e-01,1.439117776632306278e-01,1.077032207409856293e-02,9.640669627914809636e-01,7.679298461604895376e-01
1.205219965797504622e-01,4.943355446145791809e-02,2.450037391722073229e-02,9.189257698985401346e-01,7.153248198414572379e-01
3.051371986602741115e-01,1.935428490491391817e-01,1.642011095879116964e-02,9.493609862811955846e-01,7.840478393235686960e-01
4.077553566568637988e-01,7.692678847495133809e-02,1.533510483652917797e-02,9.617956794466728798e-01,7.070388375594234276e-01
4.027916894497406836e-02,6.429401826509165314e-03,1.307019256506510019e-02,9.300292911414163033e-01,7.796494369732901442e-01
1.409237734195298297e-01,6.360217316347763564e-03,7.726884061553747178e-03,9.181623261423498272e-01,6.547348325877053732e-01
1.016744018830238877e-01,1.111213009732130302e-01,1.872425760072323267e-02,9.222680738886299689e-01,7.020845435344565955e-01
1.697043076578860221e-01,1.973556838272249592e-01,1.361598396011627979e-02,9.858016669109779251e-01,7.782602717029754036e-01
3.194607089323430182e-01,1.959749334740981674e-01,2.369225020711284227e-02,9.464543520295001233e-01,7.851964342211492642e-01
2.044500674314908284e-01,6.811732148556388922e-02,2.430194337237796820e-02,9.661073376976553329e-01,7.634636061830574194e-01
2.458434300255856464e-01,9.705802618859049602e-02,2.035281710699901950e-02,9.514888864148994818e-01,7.504798725343551080e-01
1.357724469856088634e-01,2.099070535376540425e-02,9.849895274050703142e-03,9.834127251874081876e-01,7.723257364193449881e-01
6.161309558036613676e-02,1.049131943423546182e-01,1.931959361607932593e-02,9.508494867147285756e-01,7.561337282333194798e-01
1.155145353942855363e-01,1.203406182106063621e-01,5.408435019301109821e-03,9.093325312921630710e-01,6.881331431697768064e-01
3.698028492328124250e-01,5.096127145665289154e-02,2.152801005616785529e-02,9.197984693533153289e-01,7.199355351042295847e-01
2.594368767638131068e-01,1.228107727471195870e-01,1.487237134181058212e-02,9.013265415172021511e-01,7.491057496829239826e-01
1.631571408016132541e-01,1.800388575875545294e-01,2.373479299770372974e-02,9.831524283059727143e-01,7.381704135677457090e-01
3.398696661645670414e-01,1.190111351272625777e-03,1.255520082651930165e-02,9.663272833307684495e-01,7.827646410684591105e-01
2.865223852315585892e-02,4.655782108728095253e-02,1.026347208967688662e-02,9.759201918121664932e-01,7.210766960581742602e-01
1.099192767187034542e-01,4.277399310146368788e-02,2.490112677512078612e-02,9.715020234696251089e-01,6.766981067034809616e-01
9.971425309059854525e-02,2.565335440373157916e-02,1.561355743024150575e-02,9.824479688736696970e-01,6.821873056119323042e-01
4.237213971701672688e-01,3.405414133468327720e-02,2.226365084820876306e-02,9.986969503117253399e-01,7.769084838288936590e-01
3.039162918464941576e-01,1.255565965277121443e-01,2.322114328042017631e-02,9.653471329910573440e-01,6.513081431334668547e-01
2.660301667106897416e-01,2.143618363997788767e-02,1.536937425562846793e-02,9.252265602960438873e-01,7.803695542995250367e-01
3.138550111328873571e-03,1.479677901951236274e-01,1.411427851038375356e-02,9.101390042209844822e-01,6.583382128405977918e-01
8.006899089654881396e-02,1.775174955211183125e-01,1.605771909544700254e-02,9.589747928394652954e-01,7.087487702134108725e-01
2.736472146854505572e-01,1.853909571114954469e-01,2.195479005762828242e-02,9.770757061280812561e-01,7.700264341168443494e-01
1.638995910606345918e-01,1.323749870496204739e-01,2.429320463201599389e-02,9.561571714201280159e-01,7.111423065233598573e-01
3.975162845983171156e-01,4.028188571608958685e-02,1.156644218739432371e-02,9.303554768054950186e-01,7.733522280581078823e-01
3.290666900118141558e-01,1.797401853244167194e-02,1.977260764239693533e-02,9.719734847905736608e-01,6.650448251788675380e-01
1.929277672329674509e-01,4.717296580759292729e-02,1.070748954579918942e-02,9.447972496069664272e-01,7.267313339652780035e-01
3.225419253639180139e-01,1.924294799712234771e-01,1.721906082663010942e-02,9.286589101292324067e-01,7.373711026998513995e-01
4.194484549214490543e-01,1.925066951483917210e-01,2.109579176436541040e-02,9.841084488024410826e-01,7.836302895855862261e-01
1.987607737969308841e-01,7.700185789975007300e-02,2.272972649322586858e-02,9.576518781118207313e-01,6.640432109508790370e-01
2.766436059041808004e-01,6.583251667841256982e-02,1.397432368558493634e-02,9.283447997886290493e-01,7.007901027924496873e-01
3.951071198612955970e-01,1.024921058695540121e-01,1.239511365131783054e-02,9.328604334318918445e-01,7.489022142345258537e-01
1.076814300135183339e-01,5.904593020201274328e-02,1.006903224021775747e-02,9.571665115384760947e-01,7.969895122790117137e-01
3.813333449628333871e-01,1.959528278794571143e-01,7.668343408363751876e-03,9.422923593991952007e-01,7.772411485936785436e-01
4.284667920560956272e-02,4.502305661489090782e-02,1.229835137287348112e-02,9.160519118134401451e-01,7.769742592543834592e-01
2.791842651821003218e-01,7.445939375437095331e-02,2.243955609495694795e-02,9.610469932392080583e-01,7.275773794137182504e-01
3.368375685189314850e-01,8.644480426433548415e-02,1.337619032421276388e-02,9.689110066052245562e-01,7.346448683129748192e-01
2.646660680592907711e-01,2.588774059315127052e-02,1.134586331622444016e-02,9.000108796283434742e-01,7.787870141120978307e-01
2.135844309814409481e-01,7.718214052725584640e-02,1.978264489172829738e-02,9.536869316093382620e-01,7.804438379385139068e-01
2.658419058681192881e-01,1.714894133002927146e-01,9.311689432518775733e-03,9.577161479882566608e-01,7.703411848208168156e-01
6.606373106638172010e-02,2.893183928989493531e-02,1.012573604975364888e-02,9.332064054228967898e-01,7.727856912776863707e-01
9.347983473166367185e-02,1.172203682144112719e-01,2.371817296676605180e-02,9.338731259038134391e-01,7.819444788501324073e-01
1.167868185572707024e-01,8.192079047394335012e-02,6.631793852344334411e-03,9.317658882329320491e-01,6.670672896637894755e-01
2.574473371302863356e-01,3.493680849737349631e-02,1.329262360486846428e-02,9.445328068327986104e-01,6.938959065357456213e-01
1.905755606366352217e-01,3.454896725391958575e-03,1.653502384789608606e-02,9.811939878859299302e-01,7.964170300930412116e-01
1.058801364264251588e-01,5.539531739449014835e-02,9.605214312292113116e-03,9.469026067092929377e-01,7.317164239945993520e-01
3.797252034900248652e-01,1.330396317890238447e-02,1.062024968469439321e-02,9.993648706681060867e-01,6.764695790062538183e-01
1.614124694857928255e-01,7.597692578805030628e-02,9.436907294973290172e-03,9.376158674766833512e-01,7.254583449799291150e-01
1.923476075496232951e-01,1.622317612841698009e-01,1.190371144121283101e-02,9.699262256167304752e-01,7.468676262955387113e-01
1.767617618395186663e-01,1.442173669146448733e-01,2.297011510156896780e-02,9.548965671390763355e-01,7.742332975906486281e-01
7.905352781372687598e-02,1.895293586286516396e-01,1.363174693143330216e-02,9.762288621122553467e-01,7.718265089035202253e-01
3.148679896195700767e-01,8.597606805007676489e-02,1.335658033046863494e-02,9.888364569009763239e-01,6.573862239998625734e-01
1.933885945133400619e-01,1.418524783197787076e-01,1.273161760348778641e-02,9.511683293120317684e-01,7.180287480458612537e-01
7.974300143976213034e-03,1.334030026983020478e-01,2.428231453875148715e-02,9.494479209178646739e-01,6.530853584280512658e-01
4.145618783123529161e-01,4.419221432849365638e-02,7.345988724396313244e-03,9.942719029893519744e-01,7.832234185499376000e-01
3.509625893744324765e-01,6.141291854129904415e-02,2.243750841878732957e-02,9.933659572630013646e-01,6.760859113277937205e-01
3.114069629053836108e-01,1.064360771461543009e-01,1.154322135455950957e-02,9.996996729593227160e-01,7.437312042751458296e-01
3.738404124524489225e-01,1.595348064821784650e-01,2.413023183410707012e-02,9.156475915287795031e-01,7.355927556920600630e-01
3.900203117967810384e-01,9.290073415812359625e-02,1.130454492487317775e-02,9.003568723635277937e-01,7.438294151964298662e-01
1.457830840389241767e-01,4.632056569892992887e-02,6.657487265126409669e-03,9.437310302073104173e-01,7.345124934247112547e-01
2.631012730407636946e-01,1.986996723657936115e-01,1.540083768705031650e-02,9.733340163360048036e-01,7.573383016049911598e-01
2.621785501491998849e-01,2.400018246438002587e-02,9.557311586198206921e-03,9.072856010128800275e-01,7.439164949034750007e-01
1.156715579197460930e-01,1.912218925907742395e-01,2.005979630946751885e-02,9.373601632173386156e-01,6.635450370156221744e-01
9.621751587079183099e-02,1.620002113976672653e-01,1.814611236655908760e-02,9.581459476787602680e-01,7.050151926511161182e-01
4.986621231736047821e-02,1.679398103422625188e-01,1.872938315844753510e-02,9.212547425051166305e-01,7.319890153901977836e-01
2.838457900481582419e-01,1.591885990352083780e-01,8.869789772212732445e-03,9.731141997778236519e-01,6.987796138847266469e-01
3.360142471522045704e-01,4.242601731961977846e-02,1.917260529770280914e-02,9.229537654975751293e-01,7.640496327210326566e-01
3.274488282127946404e-01,1.268838931016531280e-01,1.122662053960674783e-02,9.840672015213818291e-01,6.976846572582487971e-01
1.366821368123539993e-01,1.515932126777354283e-01,2.497348056120142490e-02,9.348273337677956984e-01,7.743026261454559744e-01
8.905647584957175622e-02,1.493914726282286332e-01,1.963535326148012697e-02,9.598648447397110095e-01,6.720100581472225887e-01
1.956004825570328010e-01,5.504150873827144685e-02,1.680823014817025771e-02,9.544154007100006387e-01,7.654088847478812685e-01
2.355829744431790496e-01,3.704275816497260704e-02,2.234235558431096197e-02,9.296446716477604344e-01,6.775198161177783396e-01
3.952883778985104013e-01,6.629647379899529513e-02,1.678623399438854136e-02,9.439071623809356382e-01,7.292022920618244086e-01
3.762991331835692232e-01,9.648905159510097473e-02,1.605499733551066927e-02,9.845973091892192830e-01,6.980786559445883999e-01
3.939890241284840777e-01,1.151823686656716361e-01,9.746312056107590827e-03,9.548344285625897099e-01,7.456001653965559361e-01
3.657625632233352797e-01,1.675531221015129357e-01,1.856223990650850142e-02,9.055586960827337606e-01,6.819110614762395883e-01
4.148053367031775407e-01,1.540378113132186144e-01,1.249288856498922962e-02,9.713032290921324030e-01,7.693114600027839423e-01
2.006994987855256485e-01,1.355539546076367230e-01,5.861652556242606844e-03,9.182452497796194102e-01,7.360375799549661036e-01
2.136613039879748516e-02,5.343436929560935883e-02,2.132123592739915488e-02,9.486062763506848405e-01,7.935909731139011436e-01
3.684811179169716205e-02,9.629721928805372311e-02,6.037463332974837664e-03,9.468538880707112471e-01,7.567655493373692810e-01
1.684284648203352164e-01,6.775173895146426040e-02,1.844600245681051950e-02,9.486486928550278419e-01,7.411093309254876971e-01
1.115477621561158234e-01,4.775070773055629242e-02,8.134417829698304542e-03,9.031014006325993604e-01,7.743738035669511799e-01
7.390451369389787473e-02,3.038826716312410976e-03,1.365139033141727840e-02,9.272388519201425483e-01,6.829523851642664845e-01
4.099244192642102491e-01,6.855293214356743270e-02,2.218183317093441395e-02,9.050735472718894892e-01,7.449113691296685991e-01
8.483500342815702977e-02,5.196713727520967802e-02,6.888390982282932389e-03,9.414956702620891349e-01,7.085605774392277345e-01
4.125737078232341037e-01,1.148085630663965157e-01,1.834301357105241892e-02,9.621336727286216028e-01,7.615686468719657931e-01
3.273998624977978444e-01,1.339805228645872884e-02,1.725237484972170707e-02,9.654074125709284360e-01,6.536704114236898677e-01
2.759656933417208857e-01,5.483339974533001787e-02,2.235059492712585666e-02,9.064548003659526065e-01,7.141568144790371164e-01
2.910121338783432932e-01,9.909128507694653365e-03,8.454697426481335223e-03,9.118889104964938985e-01,7.477552852749379531e-01
1.432024848497641945e-01,1.286421629981737702e-01,2.099575009271609921e-02,9.661506778662870554e-01,7.190959004663241005e-01
2.783171993270030509e-01,1.140697221551563584e-01,1.400242393482656333e-02,9.531187649553397589e-01,6.856957393570626280e-01
8.109091874266281808e-02,6.815852459182017431e-02,1.357287824986491004e-02,9.833412008228573642e-01,7.196523877519154233e-01
4.032756305579351941e-01,3.031958548667321868e-02,1.223568701679749945e-02,9.205142167214341864e-01,7.774616788234289810e-01
1.304693428430946378e-01,1.916260467209782992e-01,1.271148292391835813e-02,9.120342287576382878e-01,6.810258525947198160e-01
1.104750137739295840e-01,1.172940970303340685e-01,1.539919252850450310e-02,9.362024146137346570e-01,7.050758245444465055e-01
3.060888404252935513e-01,1.361435599478415248e-01,7.135996458469315816e-03,9.637067134993271278e-01,7.985503282250191459e-01
2.826165000503920166e-01,1.067384019006209217e-01,1.350131739745915813e-02,9.485967241355353075e-01,7.869225753335674645e-01
1.946072359692779530e-01,1.615001162815948021e-01,1.803962430119045862e-02,9.098593266097899646e-01,6.550952513189983728e-01
2.723194346823473166e-01,1.793796298600761618e-01,1.496384706876629361e-02,9.071292088926424801e-01,7.295497951403021597e-01
6.942252778540727864e-02,7.715939817592833150e-02,8.316589376992455582e-03,9.677693627158856504e-01,6.598119540271825123e-01
2.898578438754387254e-01,1.383150371338915108e-01,1.226103403583264119e-02,9.296968211416724026e-01,7.885857385486566562e-01
1.170919882387381761e-01,4.674760942473300124e-02,1.385923348851859568e-02,9.669482471017195602e-01,7.162317369027546565e-01
1.180466339942001924e-01,1.307191543852456728e-01,1.837749629265936213e-02,9.294914883076655920e-01,7.127655505892003251e-01
7.057519209088358725e-02,8.043197036533397681e-02,2.301532645074995734e-02,9.314794211843542282e-01,6.909419047758966759e-01
1.435897909305146325e-01,2.349538280859687044e-03,1.600751025175636832e-02,9.209814731413349387e-01,7.353228470588231147e-01
1.431067048735597536e-01,1.911500458161015381e-01,1.852736256234728193e-02,9.983716961523064759e-01,6.717498084490088894e-01
1.958427960202735185e-01,1.738198675622050771e-01,6.543792508788089449e-03,9.016070290093560757e-01,7.698432500803320533e-01
8.268996750186392852e-02,5.887647351885965524e-02,2.408934058695186287e-02,9.127252433861634540e-01,7.236815517269875597e-01
8.380023301211074471e-02,1.995537055323392539e-01,1.130417380711045902e-02,9.836290180941735795e-01,7.349694336971240860e-01
2.334058472435249776e-01,6.410840723675029218e-02,1.208583499375842987e-02,9.138161734060521457e-01,7.761207121481781268e-01
5.628840660363383652e-02,9.230999310535588365e-02,9.456855612830251945e-03,9.280696891941073723e-01,6.777723160827423543e-01
2.965368164272102480e-01,1.704005462087090084e-01,6.693401435310984172e-03,9.262784968277659736e-01,6.762774610013173593e-01
4.059533169950539366e-01,6.161467391428013252e-02,2.080093580283702559e-02,9.696985582257882097e-01,7.131202509304769288e-01
1.840953216940182657e-01,9.065751659311251098e-02,9.809801634123456807e-03,9.411201178039824145e-01,7.679192361791901122e-01
3.875741793416403458e-01,1.334518462575278452e-01,1.065375470690626235e-02,9.840587822630989523e-01,6.587818330280219570e-01
4.317781759299584715e-02,2.696304339971321642e-02,8.635925532125452234e-03,9.747427195739073458e-01,7.692755305848119063e-01
1.942882214415152242e-02,8.504772336965182866e-02,2.449770560597760299e-02,9.531101331207816330e-01,7.251134890387714860e-01
3.104672484534373167e-01,6.257257753496367481e-02,2.062069594558408811e-02,9.249061775619074055e-01,7.342645174922337592e-01
3.274782548090620082e-01,1.356780868670987850e-01,2.359799299961401128e-02,9.792418809536032054e-01,7.346578907418760407e-01
3.626719853743073374e-01,2.805790862201398839e-02,2.223446734107020761e-02,9.865990554094506981e-01,6.584251083436580831e-01
2.537478403359202939e-02,4.731356434108654335e-02,2.312593599090523311e-02,9.836282511108604965e-01,6.874656196577217937e-01
3.342931265764802484e-01,1.425638645467440790e-01,1.458068103698386200e-02,9.051713767611502259e-01,7.632946177272046384e-01
1.625351163697335843e-01,3.208864957509884736e-02,8.410828747142010120e-03,9.697958682855439827e-01,7.118402179233925819e-01
1.311318444206631961e-01,8.498183318573805656e-02,1.153760668715088714e-02,9.703938636282076757e-01,7.340775473377781912e-01
7.522726225627437979e-02,1.428632636964311531e-01,1.084903033963407169e-02,9.943075539896171211e-01,7.917302933039821466e-01
4.282907589389841063e-01,1.533282085015710561e-01,1.934267675202712769e-02,9.263478366729033242e-01,6.569407652476042525e-01
2.831167981779249623e-02,1.988135455566202373e-02,5.513453726146849004e-03,9.786346829509925405e-01,7.174520548510729956e-01
3.557864382668317615e-01,1.705471262744761574e-01,7.840844298359541525e-03,9.689096500162313053e-01,7.041911199271847499e-01
2.753431128254363314e-01,1.450704879248633228e-01,1.865770240509721789e-02,9.878726971188865891e-01,6.659674139292112161e-01
3.163495105883409875e-01,6.851962314996944137e-02,7.468847076008828384e-03,9.693308030314122803e-01,7.926191523139697326e-01
3.063266444464506355e-01,1.529967676137177768e-01,5.965837015408004609e-03,9.852454536733445956e-01,7.942189384622815318e-01
3.692683940963952804e-01,1.459314742027911505e-01,7.184303292223817583e-03,9.359575347036994675e-01,6.967232231284110622e-01
7.984679796827046094e-02,1.205773540751687301e-01,1.881348306086192551e-02,9.157624420732102255e-01,7.920074916033619239e-01
1.353760622080026673e-03,1.121377535077630327e-01,7.786505188094001301e-03,9.363352034645924249e-01,6.552760410086428955e-01
2.577687217995611735e-01,1.472059942910175223e-01,7.926087222729628207e-03,9.815051688845244371e-01,7.971343985504303342e-01
1.528053562697102574e-01,1.998527204393854562e-01,9.606003935181985781e-03,9.131649977678623076e-01,7.753898024612997375e-01
5.410476504925206681e-02,1.161318976138611819e-01,2.001821408393045232e-02,9.637945179295077658e-01,6.821495331216821389e-01
8.085352551071846305e-02,1.619348564806873669e-01,9.007058245215519843e-03,9.987556055184630965e-01,7.399320730901882692e-01
1.433204550450066228e-01,1.491104697458009998e-01,5.707507934484144264e-03,9.895014875795544729e-01,7.697449043553954429e-01
3.113011611039568499e-02,1.713058720047313244e-01,2.311726711151881192e-02,9.671183328328950557e-01,6.978948446011669082e-01
2.541576371310541940e-02,1.909504474154435638e-01,2.252636848581845638e-02,9.792630326828162257e-01,7.030627688139244880e-01
3.939752633231185519e-01,3.942355828470222451e-02,8.696380017929447939e-03,9.116476454065621793e-01,7.443459163389389843e-01
1.348920794727356542e-01,3.392646764262814696e-02,1.030685179546909913e-02,9.498833762513569923e-01,6.720641076400156733e-01
4.223769692161679079e-01,1.176840138545652836e-01,8.771151428872818803e-03,9.531912423272991264e-01,6.677315914583613621e-01
4.147134465737415399e-01,9.040971751441438664e-02,1.939069077923459908e-02,9.782695759625923415e-01,6.874707917179136984e-01
6.216308011833181907e-02,1.145738158909146848e-01,1.000017768378464247e-02,9.282593345711566135e-01,7.611889618020547532e-01
3.077025259424658876e-01,1.598105041626162182e-01,2.362899514757004285e-02,9.106485286441726723e-01,7.049898839617335655e-01
2.587452974355126667e-01,1.864111815298000463e-01,2.155282048767137928e-02,9.698113842587167133e-01,7.261037332477692230e-01
2.972875943621108852e-01,8.406574921451306914e-02,1.676802255139346609e-02,9.492594129571330086e-01,6.793175835211299196e-01
4.226593900620968097e-02,1.438685964631812864e-01,5.178764494274263643e-03,9.842294059718716959e-01,6.791158501024358030e-01
8.189227373422540424e-02,4.016303838044046892e-02,2.267338812833333619e-02,9.481489693538684982e-01,7.475676888852215152e-01
3.387798576242816162e-02,1.073758379215501990e-01,1.955523293065108276e-02,9.846270779188328603e-01,6.662562877802681305e-01
2.601735740381235229e-01,5.339150778323464679e-03,2.075814793082013041e-02,9.507835001818418785e-01,7.501761090824610179e-01
4.242475715392600710e-01,1.012463628594863080e-01,6.436504091439821003e-03,9.782698509822914668e-01,7.101052778523360143e-01
2.892813666552568885e-01,1.095219553659744771e-01,1.917120340437084361e-02,9.720745178919766305e-01,7.506906370426438269e-01
3.059166985244077819e-01,1.473536218198879255e-01,2.109178947248287542e-02,9.266082540380130572e-01,7.072594215523233530e-01
4.233869828220676035e-01,1.302474732511913480e-01,2.413270712314109778e-02,9.309398325087040460e-01,7.769078275474248230e-01
2.918669567397005338e-01,7.232095012685450797e-02,1.660940945564871180e-02,9.899195522519229629e-01,6.583334253823481808e-01
1.823789465761377349e-02,2.140449241911143458e-03,1.516083703998543156e-02,9.231007127630004305e-01,7.839945967718265907e-01
3.729454027674803940e-01,2.398168885096683967e-02,1.350793579963823626e-02,9.697500556260941762e-01,6.902991765857142692e-01
1.574469865725036111e-01,1.946390700499730231e-01,1.902575361929287681e-02,9.145120131997305224e-01,6.563813314948222510e-01
2.871993629812891712e-03,1.845442985047458795e-01,2.341642609429227598e-02,9.755158371249241789e-01,7.343606632823274083e-01
2.186034621735920280e-01,6.569353945314793108e-02,1.699510097432071348e-02,9.223289849579326960e-01,6.836531345571644769e-01
4.029794353759171277e-01,5.251173504485365240e-02,9.545672830166796255e-03,9.594065372751315879e-01,7.188804684776179954e-01
1.113948648066477864e-01,8.784684244431745226e-02,5.351479006183534719e-03,9.564243487737037475e-01,7.703471309093156139e-01
2.118591512396683363e-01,1.382980658928024964e-01,1.738226236535055091e-02,9.203514253033516779e-01,7.687320141122228057e-01
7.555028485864563603e-02,7.200870685893676071e-02,2.229195776038105439e-02,9.491403321125689851e-01,7.400578424425122703e-01
2.575015614490280130e-02,1.439147569849995312e-02,6.319505551468187522e-03,9.879248025442920467e-01,7.966807862986471367e-01
3.555378213992555630e-02,8.115622339643488448e-02,1.295142417922691760e-02,9.680529348152026037e-01,7.195626642868995226e-01
3.128876786574214530e-01,5.285720990180495238e-02,2.380093852161805842e-02,9.992654399099165641e-01,6.559082585532219900e-01
3.716879479483819471e-01,6.566107223103115342e-02,1.503353991713610519e-02,9.784554260996196628e-01,7.729137724715711144e-01
6.247520203931868077e-02,3.342849191167358153e-02,9.413164595771860571e-03,9.643455434303005447e-01,6.831940805085291446e-01
1.246886655906910835e-01,1.321091738196838450e-01,1.207312823537696859e-02,9.563202064155418292e-01,6.764358213495537120e-01
8.466764161963091784e-02,1.057995557157997701e-01,1.316279132389612527e-02,9.937428646028728663e-01,6.605014882949737931e-01
1.252112830143758265e-02,5.490176034177550457e-02,7.345790288335842660e-03,9.527013437352529479e-01,6.991849915457958309e-01
2.384220576815159753e-01,1.112186337799420388e-01,1.821584487696822560e-02,9.402672770635819299e-01,6.989238450581282125e-01
3.012666109890507760e-01,9.904886158628037340e-02,1.684328658184952934e-02,9.834493579369103511e-01,6.954157297949679073e-01
2.789394392996952243e-01,1.593989964566395745e-01,1.795445755731154766e-02,9.940244418920352043e-01,7.389789409653017005e-01
1.674749717926642123e-01,1.912408695987001250e-01,1.721583137360375992e-02,9.478916891900170949e-01,7.627313253992159536e-01
2.390993955082193756e-01,2.700343128675253626e-02,5.333441365766793119e-03,9.137238523612603025e-01,7.906650077971009161e-01
4.136860254694038619e-02,1.768987823026886008e-01,8.489256991326393081e-03,9.608372818212168598e-01,6.641075118020222101e-01
6.719629533203162752e-02,1.412545907186955330e-01,8.311440038917211268e-03,9.740882261929064700e-01,6.725572748732220330e-01
4.007398917882298850e-01,1.388181555142830592e-01,6.959029725959789067e-03,9.373636083183440881e-01,7.384763765786851453e-01
3.276868238147357393e-01,7.548587853135198256e-02,1.970951546396552956e-02,9.747878857564632460e-01,6.647203390815891177e-01
3.968550721089967870e-01,6.943773089751928418e-02,7.402744289569834421e-03,9.531051342642291591e-01,7.056146426928894266e-01
3.942558420502285110e-01,2.122257479680877273e-03,1.836388146900688398e-02,9.301356130409795808e-01,7.436828345819055386e-01
2.795894327392207113e-01,1.964587700528242498e-01,8.567806193073509297e-03,9.629521228442827763e-01,7.670817548058292967e-01
3.992143800401188325e-01,1.216946606422367183e-01,7.366203564958526996e-03,9.388947565516384541e-01,6.826398931187047658e-01
1.797660602223767057e-01,8.106339616086116751e-02,8.250600972321586388e-03,9.786825503955250971e-01,7.501978346145518062e-01
2.551369012739661702e-03,1.092099955565435376e-01,1.516806913076040181e-02,9.003080027916858796e-01,7.468804498770820199e-01
2.784300869800237360e-02,9.064879785156229608e-03,1.790965019715511433e-02,9.818178115953311025e-01,7.789424189387471609e-01
4.797006272564972168e-02,3.555654010304210716e-02,2.123849720115273537e-02,9.306575277530760859e-01,6.970621243645985787e-01
4.190663141544705150e-02,1.250486250677171063e-01,7.571244109292612698e-03,9.959626563479980765e-01,7.625137797332265377e-01
1.518803256747630059e-01,1.033380842070403954e-01,1.732373494771660347e-02,9.759164867624363637e-01,7.627999796662242593e-01
3.018451762499144153e-01,1.576278897625990050e-01,2.047679198822494398e-02,9.241040284765789092e-01,6.858791812986886338e-01
3.401883380316123584e-01,1.320897953986220896e-01,1.124810343015768786e-02,9.978799158731480601e-01,7.431736756637641328e-01
2.542014946938439546e-01,1.206856995198980625e-01,6.594311587348753237e-03,9.499580591996721335e-01,7.512743131502697125e-01
6.382111888494422514e-02,1.632378751567573893e-01,8.118919261330277345e-03,9.522923797264597479e-01,6.911642618933411253e-01
3.218497873215671601e-01,1.458435800482822675e-02,6.831172951209134835e-03,9.909518134093865394e-01,7.177699993046958715e-01
1.532100233100299469e-01,1.384864724898257626e-01,2.274423862045356001e-02,9.918403067481785795e-01,7.153666590884739662e-01
6.574146580200589292e-03,1.434025519445140950e-01,1.253403336720469025e-02,9.696882504216632892e-01,7.660264352556555023e-01
1.213725182085494680e-01,5.575754638632219456e-02,1.546697210271572032e-02,9.978449639562253504e-01,6.501036883870615624e-01
1.428276377264795227e-01,3.993427766099149484e-02,2.037376303608629327e-02,9.328870309587415921e-01,7.251539917185040318e-01
1.186513346085661530e-01,4.355664261574383744e-02,1.242996844241447615e-02,9.232336584401933388e-01,6.776511220345717845e-01
3.492922957174742216e-01,4.043003182296685261e-02,1.798205309255225537e-02,9.029256721447205258e-01,7.470262952083150942e-01
3.270084245678647195e-01,1.052326559898153213e-01,6.533597064368754613e-03,9.346344938477787467e-01,7.520553294456424620e-01
2.993918210470231656e-01,2.798963596179986774e-02,1.461811295137200803e-02,9.602633343312084735e-01,7.251689763040375380e-01
6.063317868176180958e-02,1.321978864224507277e-01,6.930379323406152953e-03,9.305379049916631118e-01,7.313044312676615366e-01
3.475607472639949957e-01,2.191057353080514206e-02,9.965682813604562207e-03,9.579620257132094308e-01,6.972587283582752926e-01
2.915084875535658981e-01,6.351038421740984839e-03,1.086681655190937373e-02,9.048385752163867757e-01,6.969984018950556859e-01
8.458536750051712239e-02,6.453875824672836159e-02,1.935167607773893503e-02,9.354091064646231635e-01,7.617675589775541045e-01
2.790322960907705152e-01,3.918008502287517042e-02,1.848208372578507772e-02,9.748004906480693954e-01,6.697597051139480007e-01
2.084264939905791647e-01,1.977437490266064080e-01,1.994160177862131650e-02,9.104326860190967707e-01,7.657254972039939656e-01
1.894811765363205447e-01,6.129626382282626212e-02,6.235100944746703108e-03,9.714837455655516152e-01,7.482519772402889124e-01
4.910083712965480213e-02,4.519075311907724130e-02,2.487828424346093942e-02,9.763311113009489617e-01,7.826712026983246862e-01
2.233525343375759309e-01,4.015719487634369922e-02,6.088400574195378633e-03,9.568761509116874286e-01,6.890217038299696339e-01
4.387074604914400350e-02,7.539672805589457683e-02,2.151495582878308263e-02,9.886087553070970202e-01,7.259268577724306004e-01
7.146470313208039271e-02,1.215639301709839915e-01,1.980537866961071258e-02,9.954563512225651500e-01,6.558484267293848147e-01
5.786236882387320313e-02,1.566071097342102147e-01,1.683523580983639634e-02,9.034677482953712424e-01,7.868759862582178632e-01
4.103124517210332556e-01,7.355067330087061706e-02,1.377714330289974559e-02,9.679083024070540553e-01,7.513087191018738009e-01
1.232069522004288348e-01,1.255682250285150847e-01,2.014264706540365435e-02,9.237174502473529669e-01,7.434312873607162864e-01
1.533826548226873143e-01,9.692991975759811252e-02,1.979715606537692241e-02,9.408183309004827244e-01,7.599033801479905259e-01
1.391725801009994767e-01,1.694525739044262791e-01,7.743566709796090297e-03,9.623154282509699398e-01,6.926493285139047051e-01
3.863494409814236530e-01,1.142393136545286070e-01,2.085264945921740457e-02,9.712272270325477130e-01,7.405790403128351684e-01
2.425123759626671704e-01,5.868844270394093371e-02,6.571139948699305025e-03,9.840190929741275960e-01,7.701382865607868666e-01
3.953195966423907470e-01,1.410138641784729197e-01,1.501092284257069670e-02,9.705386918283592790e-01,6.635441667056096726e-01
1.296677846001672019e-01,1.641928331165761756e-01,1.790163653134388411e-02,9.777398993863311016e-01,7.938225333935449157e-01
5.026407533130609895e-02,9.362269069602904836e-02,2.143377714750455479e-02,9.599071199359411333e-01,7.837830203751977587e-01
2.396177162186708953e-01,1.974522505375814752e-01,1.426220436186107637e-02,9.117059083721624768e-01,7.944528250859321794e-01
1.492353694779175177e-01,1.759402789590713834e-01,9.737161551302903756e-03,9.021430314885293678e-01,7.712522763547406957e-01
3.450180315675310250e-01,4.019397926343280802e-02,1.481319230913213242e-02,9.529783048921529609e-01,6.941466638658980726e-01
3.782726424231015461e-01,1.575644185590912294e-01,1.000416220874240231e-02,9.715541047951800069e-01,7.372333201451981566e-01
2.037340361791337984e-01,1.205892976256034560e-01,1.557450762912296685e-02,9.108865588441357186e-01,6.680243633357598743e-01
4.177130213326830654e-01,1.074274482637591066e-01,1.425016366213035721e-02,9.429295947875615536e-01,7.631250097499084895e-01
2.382425797217501140e-01,1.032737787293341175e-01,2.061008967500788797e-02,9.256177396755644882e-01,6.730459498989220801e-01
1.172248487627280400e-01,1.708288174137033988e-01,9.801802268850579036e-03,9.567093050136907806e-01,7.800235902386348785e-01
2.107704960826937701e-01,1.225636849917862703e-01,8.999703683806790228e-03,9.390502752423828259e-01,6.860835428769217481e-01
1.700611544085594076e-02,1.080034910256930103e-01,1.448370679133919800e-02,9.201467500434146185e-01,6.740617860924391636e-01
3.459164977528559892e-01,1.072312144485176519e-02,6.010087303817013109e-03,9.004392713739445275e-01,6.606356545536459235e-01
4.451563681654658461e-02,9.021227108195292721e-02,9.586812568710117305e-03,9.321525095380930326e-01,7.567047692076217524e-01
1.334531015677891397e-01,1.817002708470560335e-01,1.207409828375383826e-02,9.516162146686312218e-01,6.779305665357535648e-01
2.435207986651207190e-01,1.426356091395791781e-01,1.475259425121820678e-02,9.929209083003459613e-01,6.796501718092580191e-01
1.943632890251961731e-02,1.113984163317453119e-02,1.038873422450728098e-02,9.227476014886328848e-01,6.754544905794167553e-01
3.502694974884129619e-02,1.769144641480574209e-01,1.621272989416812707e-02,9.512255065963632905e-01,6.958692683702741855e-01
2.996339174159824981e-01,1.655067770540337713e-01,2.256829332890343195e-02,9.566496534474351332e-01,7.911817151192590547e-01
3.179237292306978657e-02,1.097901581023360690e-01,1.587454922715204192e-02,9.649227656858986313e-01,7.229932516886483640e-01
2.056685496201245134e-01,5.458687571274015334e-03,1.073679043472863630e-02,9.328566350874452073e-01,6.891316908958650123e-01
1.463004267375019041e-01,1.129234939887263367e-01,6.239619440046298079e-03,9.099481819489977363e-01,6.755586139556688519e-01
9.884606601330266085e-02,1.186322093535879460e-02,7.733326094966472622e-03,9.921356240182241937e-01,6.528352129558157024e-01
8.198614718351246444e-02,6.475541296785861101e-02,1.622434737094381393e-02,9.952755428853594655e-01,7.047488970602521219e-01
3.285034450112765958e-01,1.261530141616450384e-01,1.867417676208759508e-02,9.438231138246920837e-01,6.665092211339123107e-01
4.092116008614711808e-01,1.826697036925527262e-01,5.993358871081410841e-03,9.580574961917852628e-01,6.540517993503743854e-01
6.113710940522931736e-02,7.220133181463626870e-02,8.710996594269633866e-03,9.029026393279316887e-01,6.654469558903749471e-01
4.127032430257004392e-01,1.721447327938072092e-01,1.138162541353141162e-02,9.047215641115174956e-01,6.977782274588609779e-01
2.561531139908194699e-01,1.837538410697027447e-01,1.139546217761004676e-02,9.076667415826582541e-01,7.626295552157432711e-01
2.762723139008372852e-01,5.187732211005548558e-03,2.416814028355922239e-02,9.738746314848920616e-01,6.600479376752789173e-01
3.055584162231675949e-01,4.864613971275377757e-02,9.075411958848450533e-03,9.227234491089350010e-01,7.518010885634873741e-01
3.030670039621152223e-01,1.422625975462722681e-01,6.250406989582178371e-03,9.184447222974378988e-01,7.430813793201870299e-01
3.526989654116602368e-01,1.516117655728301539e-01,1.206029658624638290e-02,9.008335332756784997e-01,7.822985308200182120e-01
2.084080514281622110e-01,7.909095319319377204e-02,7.688839420593589734e-03,9.022897544273589254e-01,6.775980512708088543e-01
2.298108340438067831e-01,1.316941679417981403e-01,7.531639302715782691e-03,9.405383752334992575e-01,7.691401558518461412e-01
1.399217840568054150e-01,1.228195648550449992e-01,1.314901322234256903e-02,9.541677930677191499e-01,7.797297825572113705e-01
4.615550773295721415e-02,1.482152173586109289e-01,1.112782278499897456e-02,9.579059181767919373e-01,7.964726197477605130e-01
2.861306419073479934e-01,1.440130271212792523e-01,6.834535523107190466e-03,9.457911181180914673e-01,7.712824037028738200e-01
1.541867678090164465e-02,1.808828880008191142e-02,1.708606858854898672e-02,9.459561272142837929e-01,6.685652301228776073e-01
1.192474369147649843e-01,3.249178600707212927e-02,1.503399532040700093e-02,9.753142185266276964e-01,7.920693515245146310e-01
4.142461184737701585e-02,2.741270230460388785e-02,6.541993379026107662e-03,9.289570134600118045e-01,7.722488079205676037e-01
8.282195049144604193e-02,1.865635338987209901e-01,2.225488948028288977e-02,9.237717818008939208e-01,6.818487776682016221e-01
2.750155616329763575e-01,1.827949870222448647e-01,1.069426116424665452e-02,9.854324188031831078e-01,6.747796100819443144e-01
2.706164743579099197e-01,1.596850416497970215e-01,2.422761569894358799e-02,9.689263807716085308e-01,7.904621225600572121e-01
1.816325576751604831e-01,2.422699357451590582e-02,2.363077265112651509e-02,9.476866449082870236e-01,6.733547939158818219e-01
3.968377791399170518e-02,1.152800225139976042e-01,1.368193252437505461e-02,9.275404825534007136e-01,7.665655078113630116e-01
1.869174101610861782e-01,3.825889459188043518e-02,9.571338808766698125e-03,9.136581819578618591e-01,7.107888881394737179e-01
1.523275500272078531e-01,7.430840357420169517e-02,2.169705425060445073e-02,9.037421196749976238e-01,7.585707898239137936e-01
3.100769765752024454e-01,5.415116405084517692e-02,1.222571683244893723e-02,9.852365357991241801e-01,6.637777070249973876e-01
2.494024149173931781e-01,1.659572653160057143e-01,8.271013893425965824e-03,9.593385501397191373e-01,7.587587431607704103e-01
2.118817141875725674e-01,2.974582850433537401e-02,1.603215431637882576e-02,9.045829492911879877e-01,7.267867065978621532e-01
2.099153133088429157e-01,1.295896545534050703e-01,1.478804885402531383e-02,9.158587397894754067e-01,7.850567578008271763e-01
4.155413646347196899e-01,1.967950380914572084e-01,2.200035757627913022e-02,9.279564268153224216e-01,6.782597625865934843e-01
3.254502211107802578e-01,1.377238620674730574e-01,1.958562759678664222e-02,9.263071587713813670e-01,6.664034116962502807e-01
2.142042314373948375e-01,1.676746431238498175e-02,2.252278973673507365e-02,9.548390989221269276e-01,6.794330447727299216e-01
2.065865009293713916e-01,1.816620508905424647e-01,1.969405824774748959e-02,9.399443623186864993e-01,6.617863050874069897e-01
1.235953445982931886e-02,1.289728558602296349e-01,1.784349921295593985e-02,9.882216604261966353e-01,7.970225811292616092e-01
4.053364739641970305e-01,9.180588494143550327e-02,1.500354304554025672e-02,9.719410700607821196e-01,6.684284938866918990e-01
1.379256338881844068e-01,1.322788032296826066e-01,2.475106578992895129e-02,9.910732569310078954e-01,6.801276418392041556e-01
1.107978661268390758e-01,1.759298217640547779e-01,2.418329648000344667e-02,9.862818625159451846e-01,7.714528620914584689e-01
4.297464289913109914e-01,9.594831835513462082e-02,2.197705963071499430e-02,9.921369133493455061e-01,6.870131593552679661e-01
3.093178690754410098e-01,1.067329750796336268e-01,2.050638427571055758e-02,9.980011450288763797e-01,6.833440010285807276e-01
2.131905874539454307e-02,9.103703244437275077e-02,1.655119100237024271e-02,9.311696438059462455e-01,7.508464670611526559e-01
2.754886964397229923e-02,1.544569383840938004e-02,1.019506721052413495e-02,9.209680603853660497e-01,7.098147845659743549e-01
1.194017093892488571e-02,1.576269552585443379e-01,2.250878054175929968e-02,9.165152362215743809e-01,7.753218730700468520e-01
2.582365078910208167e-01,2.615593698472595124e-02,5.216322697579154830e-03,9.628088465015784969e-01,7.457404018493895004e-01
3.170117052657732415e-02,7.951943204737375870e-02,9.548799335878663599e-03,9.680966698176400875e-01,6.932322075626715652e-01
4.014236050864752325e-01,7.797774627593810626e-02,1.307464890168939797e-02,9.087837494210646572e-01,7.396884913429544461e-01
4.029329056697288358e-01,5.672811762526085155e-02,1.672314310468143994e-02,9.821071596732634523e-01,7.799692432321838620e-01
2.352571946349262255e-01,8.109891805298927170e-02,1.621758640720711783e-02,9.783066531443098679e-01,7.046724440828693314e-01
2.655381015688629276e-01,1.239838129661032934e-01,8.516316527705694583e-03,9.628473933205788926e-01,7.604706082286349922e-01
1.262226982543321607e-01,6.296607512933463657e-02,7.095963996270635704e-03,9.435612479469633884e-01,7.123749470565731157e-01
2.844422069314925597e-02,3.532987560195701565e-02,9.446578551705593282e-03,9.153657288375995904e-01,7.314610096667749639e-01
3.173705309872888458e-01,1.740041345909460468e-01,1.197417577792967217e-02,9.505592270931887411e-01,7.600550041697355930e-01
4.466618917332848548e-02,1.941956973215699656e-01,5.281073758401724078e-03,9.159169295541484956e-01,6.590791056964766526e-01
3.770422799689065324e-02,9.225818095138779706e-02,1.884911641099711738e-02,9.604978785088933435e-01,7.182424283512537366e-01
1.345147138486120220e-01,6.607692275657257863e-02,9.954548714749829330e-03,9.309964730323069260e-01,6.642820273988929713e-01
6.347768070451403552e-03,1.044893347786763488e-02,1.202808873096724782e-02,9.247306262303797153e-01,7.587508316708140299e-01
1.872012791594595549e-01,8.333456581400573021e-03,1.169803381167799049e-02,9.441051379954970013e-01,7.411709397777709318e-01
3.045951104243528884e-01,7.918351713343500797e-02,1.523659601757043625e-02,9.580712800258665007e-01,6.990394490583917708e-01
3.447786915800117868e-01,1.861181616418921825e-01,2.219599444189222087e-02,9.367464065571379228e-01,6.614422270089252986e-01
2.602478333297372215e-01,1.464110001369113290e-01,7.987799070110823685e-03,9.963603401138287907e-01,7.888703693044877285e-01
3.643090331358684875e-01,7.050461435528422582e-02,1.181454226462540051e-02,9.005897635925030897e-01,6.972505580821493076e-01
1.753894454160903338e-01,1.936412386112301431e-01,1.884057615463567009e-02,9.912861018447677308e-01,6.913065166095110348e-01
3.651232244909444757e-01,8.632282274789040977e-02,5.884628265608735781e-03,9.000684049482637894e-01,6.651507456376375416e-01
2.182770502038047233e-01,5.608175605095450100e-02,2.159957270324447398e-02,9.216711938663424419e-01,7.366029813644870972e-01
9.668249891126869111e-02,8.584429570014709410e-02,2.423650280994853190e-02,9.996351224854562734e-01,6.898480183084420014e-01
4.060384824173399188e-01,4.309710216978272085e-02,1.715274405163981844e-02,9.728095375713690096e-01,7.764279623317666967e-01
1.189625048761229764e-01,1.772421152699583669e-01,2.413016742061442621e-02,9.644498371714008700e-01,7.524150175440222910e-01
1.224043671656324314e-02,7.287348877312037343e-02,1.326123658863495591e-02,9.726092880855397027e-01,6.505872358714109849e-01
1.051071644277065537e-01,1.319358239343699779e-01,1.330063461310273740e-02,9.408296187019374868e-01,7.348511917499043200e-01
1.583089637794365123e-01,7.842039256660554569e-02,7.124978188268749242e-03,9.784209731326292125e-01,6.847752015229593425e-01
1.517290141310942975e-01,1.804445521748285486e-01,5.708938699995394321e-03,9.154868032918279663e-01,6.523050680041699856e-01
2.260823615512922435e-01,1.288337695914104075e-01,9.890086362690678895e-03,9.793892387395597421e-01,7.429050744481169311e-01
3.798614323934111914e-01,9.816212616597859431e-02,1.456257314202295469e-02,9.939526679911094842e-01,6.807371540308140290e-01
1.264130994300609323e-01,2.729645086708636439e-02,1.515364781725778154e-02,9.857686850506558462e-01,7.849453714929843784e-01
2.244105908144834460e-01,1.804814159075886770e-01,9.351507634828667287e-03,9.739660953303392876e-01,7.360071111430005475e-01
1.469196111323576304e-01,1.098165567860824171e-01,1.725611349322855176e-02,9.651377313161677574e-01,6.813777664580054072e-01
3.535406424711030060e-01,5.772554161932209188e-02,8.624117496767757726e-03,9.521092165321627387e-01,7.968691159530862933e-01
6.861104920075722369e-02,1.757074514715241398e-01,1.152422280538200304e-02,9.395223279536187855e-01,7.319662349916673527e-01
4.540590510501509719e-02,1.183364505148715162e-02,8.914190303786548655e-03,9.865653590859839728e-01,6.748208258189563047e-01
2.167849636389311552e-01,6.350130654858476831e-02,1.893327199980274905e-02,9.647458574648076768e-01,7.275863255253611772e-01
2.892397742933960347e-01,1.078288518392273715e-01,1.533145016444623782e-02,9.434900313914699188e-01,7.939023587334649301e-01
3.422803112679388415e-01,6.862305287261531717e-02,1.972202198145231108e-02,9.784791718114358439e-01,7.136315346263328863e-01
2.539490618963807234e-01,9.587011682039271732e-02,6.144963391832993817e-03,9.054103754038348439e-01,7.138018267842107800e-01
3.329815476058512469e-01,5.359893421386579399e-02,1.350724160470282917e-02,9.813119250932965665e-01,7.191690083337197725e-01
1.694726151226363109e-01,2.688653509564653890e-02,2.433917157962841443e-02,9.810702172744459881e-01,6.920155326731733947e-01
1.510023054431518935e-02,8.333973584753491884e-03,6.072390294127272443e-03,9.228529413322320574e-01,6.742675419565477002e-01
5.080660308976775452e-02,3.237166641751624413e-02,1.336757379391924350e-02,9.037671589911896453e-01,7.368391555052640207e-01
1.761199592723936003e-02,1.906363562909375586e-01,5.807964377112411272e-03,9.713707955529796712e-01,7.841300295076327753e-01
1.421168260544153350e-01,1.155052235340109507e-01,7.933066419415999229e-03,9.199871628429716619e-01,7.603594612852129231e-01
2.135657854042647130e-01,9.830306493031236437e-02,1.425052903146102959e-02,9.996021790721065781e-01,6.644281111456327160e-01
1.538602004888269814e-01,7.748044402183601465e-02,8.150267953681051766e-03,9.009182445242662762e-01,7.101273464083142084e-01
2.414971748034822341e-01,1.419756090506936741e-01,1.537510849927686135e-02,9.229791981248990362e-01,6.507943819858252876e-01
2.071813247034059169e-01,2.911063570531257499e-02,2.345463365540139192e-02,9.042062397272497831e-01,6.961910578830614593e-01
2.918374619996303987e-01,5.594984366288002775e-02,9.008151163948534268e-03,9.782655735450219714e-01,7.504064888921129217e-01
2.871267681687012518e-01,1.315245218130867977e-01,7.143730194243956035e-03,9.578695492173893156e-01,6.935351425236515599e-01
1.374495191096234969e-01,9.633380855246036212e-02,2.150553123965904048e-02,9.848434534545914554e-01,7.760837478642750309e-01
1.495260013499082608e-01,1.542484152528586505e-01,1.420539694827510288e-02,9.962613370672926960e-01,7.216076320311067827e-01
2.520284154841191393e-01,1.795248589473740219e-01,2.265222197688275887e-02,9.610114860375404966e-01,7.503752244259913606e-01
2.568695287251711590e-01,1.648511456827605748e-01,1.112246589330774527e-02,9.231753503618012058e-01,7.825797834922225693e-01
1.360062629503301090e-01,3.765733513788567521e-02,1.755064010374179223e-02,9.092649440797609950e-01,7.524215462974134239e-01
1.427063729976573991e-01,1.920257686986872811e-02,2.346627108603328848e-02,9.866261044979500738e-01,7.845989306428209353e-01
2.987453106568571104e-01,3.471867950846465462e-02,8.433915988958118684e-03,9.245113255018597709e-01,7.712098033887956339e-01
2.787392430138338484e-01,1.569226076284458982e-01,2.101457118610806918e-02,9.893518224698076846e-01,7.350596368091586452e-01
5.893679520762334922e-02,1.828523868090494164e-01,1.763033499690254760e-02,9.878287599614274939e-01,6.945849650026212352e-01
1.902069663807437749e-01,1.851643246730676484e-01,2.125893489254106899e-02,9.627809212270260764e-01,6.947213606977034051e-01
3.839709077668432280e-01,6.034494208471867516e-02,8.413866899062164006e-03,9.603995820575159659e-01,7.812996634787534589e-01
1.657513504881986607e-02,1.682279342246981169e-01,1.368172940674024576e-02,9.950826468526887680e-01,6.580826344607753065e-01
3.678653330417276379e-01,1.077108714693972430e-01,7.576744569539052912e-03,9.756015101784948351e-01,7.912155272145235951e-01
7.100342938051761033e-02,1.647355778212932498e-01,2.420164215970729490e-02,9.683281771180574093e-01,6.990589700288266650e-01
2.186096633260761202e-01,1.101246036336202133e-01,6.253834459202689544e-03,9.435740752018477728e-01,7.608306589720108537e-01
1.830403280079719308e-01,3.003275073604452089e-02,6.309667959887766200e-03,9.483998445736884220e-01,6.995044628956172961e-01
5.345485719485834272e-03,1.676469066354638673e-02,2.296312384363404652e-02,9.388921098331668436e-01,7.929952083849741706e-01
3.937052860114521047e-01,1.914866106926585987e-01,1.101524296275349993e-02,9.946321020359929488e-01,6.554711045235088740e-01
1.961629225264171217e-01,8.573470872988421532e-02,1.694040065694300129e-02,9.638119213193271362e-01,7.029978314960474428e-01
4.103810907303038213e-01,7.075360833456624532e-02,1.074951057814613545e-02,9.780363587723778229e-01,7.801191570540866316e-01
1.240131335200844592e-01,7.190431386889377385e-02,1.797516751255063064e-02,9.037199735082550589e-01,6.911084808705461047e-01
3.726323067954521728e-01,7.640794788361893186e-02,8.849387385400545036e-03,9.852426302141843450e-01,6.913429214889913466e-01
3.967051272441254883e-01,1.890543687509733117e-01,1.417738916102938632e-02,9.417638297444580475e-01,7.848127724102924585e-01
2.398811066230648881e-01,1.347821289323199515e-02,1.566984349560789080e-02,9.737160374816162811e-01,7.745873379758878574e-01
8.794877099525080788e-02,2.469319618907753200e-02,1.167285780574259940e-02,9.040025314820775426e-01,6.658656792944583902e-01
2.949711483733538642e-01,1.581406515808879976e-01,1.003401222537904022e-02,9.893873183285964990e-01,7.370269864804019910e-01
2.365115905411384056e-01,1.103324887766876095e-01,7.804133353424336228e-03,9.659845589599194149e-01,6.835092782509888387e-01
4.062032266507765166e-01,2.657881483422944863e-02,1.912288672615839596e-02,9.457500790871327112e-01,6.822707407647287114e-01
1.894477145167010046e-01,7.857567218888937555e-03,8.365654319888464821e-03,9.303558099010116322e-01,7.423105980355344524e-01
1.161923548374836357e-01,4.562263530756625191e-02,1.084252782376289234e-02,9.311024142448718344e-01,6.685799246247519090e-01
6.032512364097195046e-02,5.290133680434394581e-02,1.173817529233034743e-02,9.303398124476399689e-01,7.204668501504464251e-01
3.007138009665855094e-01,3.828392885353755926e-03,1.408733593959340252e-02,9.131025852745152660e-01,6.883732601394320083e-01
4.188930265426697996e-01,4.400201712910148388e-02,1.905137399100133994e-02,9.463809538029077650e-01,7.780883708866036530e-01
1.315947757512994643e-02,1.479254684535275532e-01,1.355890269307410967e-02,9.453486354134068570e-01,7.331741348552198723e-01
3.186510571998164010e-01,1.712313042377637540e-01,2.242187242870967087e-02,9.411936659290067730e-01,6.822663246892423095e-01
3.986531255380970085e-01,1.797489301241738668e-01,1.859571293240368933e-02,9.703094237484618523e-01,7.889698479082708493e-01
3.308127818353286814e-02,7.859289249606514483e-02,2.176973432260360247e-02,9.419814862678417278e-01,7.734344795610128553e-01
4.826294935053112439e-02,6.456333145480797064e-02,1.932707922661881447e-02,9.089003716833621294e-01,6.897938345548870753e-01
2.978495952349249909e-01,1.999723087933696353e-01,7.972635996741993247e-03,9.852059622313688036e-01,7.941576361706168541e-01
2.789762882592932147e-01,1.540987497333961842e-01,2.455854603728180319e-02,9.425100865147265639e-01,6.901608375713069732e-01
3.052696117066940398e-02,1.079330641006033265e-01,2.073172531536731159e-02,9.655285654285929997e-01,6.938964683070465433e-01
3.589673606728461253e-01,5.169951510518992766e-02,1.645443537268025114e-02,9.929896354690286309e-01,7.078945031457166692e-01
2.255488307254588376e-01,6.493978512413584037e-02,8.304618814762524531e-03,9.767415102865805165e-01,6.747207830681851704e-01
3.901876731614067895e-01,1.035575054170480569e-01,8.453612971579489710e-03,9.538798871178203465e-01,7.530524208069152570e-01
3.776580879458701911e-01,1.088745010383593836e-01,1.728662349720283195e-02,9.545022257175791447e-01,7.336005988741690631e-01
3.495658329225210803e-01,3.722050210461886385e-03,1.332394266004022568e-02,9.849531037091406871e-01,7.841693722327884863e-01
2.223206264888567263e-01,1.919206169690234332e-01,1.851719001030291412e-02,9.823632293090805989e-01,6.861312838469799669e-01
1.089838653105064392e-01,1.155456432229611530e-01,1.244855449799405281e-02,9.178652732127423608e-01,6.755346329898799240e-01
2.180634911778758511e-01,1.182424906374175411e-01,1.525690342913189890e-02,9.626501081518437086e-01,7.037935089019294876e-01
4.424808107696364540e-02,4.308275561701002676e-02,8.759160759279242120e-03,9.865715658435111335e-01,6.719163025262133715e-01
2.836449976950998209e-01,1.532324485814483273e-01,8.104022885876532509e-03,9.803307427009062547e-01,7.919226542249915290e-01
5.847622704924427400e-02,1.477156394982767074e-01,6.512895273969812431e-03,9.124716016312293121e-01,7.576170045304113643e-01
2.202932009128102109e-01,1.993643670754804975e-02,2.139278609797104838e-02,9.435692822336676500e-01,7.694287481973745013e-01
2.432986691756482828e-02,1.194038800797241340e-01,1.610772503159322439e-02,9.518233104609402639e-01,7.622065435058132943e-01
1.294908583278230885e-01,1.319805553206460924e-01,2.394282079813324707e-02,9.257809554552837161e-01,6.864228762159030328e-01
1.005625176273389765e-01,1.672780667402015975e-01,1.998972562718656296e-02,9.679499385550415225e-01,6.710984957030354803e-01
2.669935318233066512e-01,4.201214460462442818e-02,2.037526320498988033e-02,9.476226492561329318e-01,7.144150374514173230e-01
3.385314994576562597e-01,1.756493245644747681e-01,1.518116868394030899e-02,9.297508708652966192e-01,7.743528682661722229e-01
2.558296749788571342e-02,9.283473326981153684e-02,2.130907873051301332e-02,9.336864525634113177e-01,6.995772992901152509e-01
3.657717009316598378e-01,2.020820024182331393e-02,2.384126890627633749e-02,9.856668355006645843e-01,6.514344413342472162e-01
3.702693411355253428e-01,2.201862308066431309e-02,1.943480504670875436e-02,9.866199805484254792e-01,7.490091053182206249e-01
1.478334328695617705e-01,4.036308628096074713e-02,7.111778817740026758e-03,9.812375657412837349e-01,6.800094606279746268e-01
2.837127443012681938e-01,5.726739049107639618e-02,1.802039718507012639e-02,9.913868821182936220e-01,7.314252743587460470e-01
1.737209906007798343e-01,9.978475508750013490e-02,7.408664244821838718e-03,9.952306508681458830e-01,6.522320075038428033e-01
6.714788845935192041e-02,1.500014883511674169e-01,6.544448448373357125e-03,9.491827910779908617e-01,7.263274783432366322e-01
2.277961775635743424e-01,3.815845450186702847e-02,1.885800810231876012e-02,9.096703622349667784e-01,7.090412728650814511e-01
3.804830036118496406e-02,1.985377071054077736e-01,2.169570863848077277e-02,9.800071007309788529e-01,7.820617980474050546e-01
3.778645546648787823e-01,3.314286442229220919e-02,8.176829814587331657e-03,9.633431928406628320e-01,7.582720699166045630e-01
3.975203067867220663e-01,1.202762155767073543e-01,6.482972159320895059e-03,9.380517190229601399e-01,6.554042232354343467e-01
3.534720357778921573e-01,1.858591467383966522e-01,2.273045788384087801e-02,9.975533152623887734e-01,7.684283594958241093e-01
2.423245638043148020e-01,1.666689771524886010e-01,7.644186739817378229e-03,9.338685202703637112e-01,7.686841181563491832e-01
2.402097955928201856e-01,1.299299511309688349e-01,5.701721874874743703e-03,9.907633978666101626e-01,7.495114322499673021e-01
4.233965645617988605e-01,1.433831063613888179e-01,1.942108737532978122e-02,9.592584448058641966e-01,7.893945103855493084e-01
1.073498249375774566e-01,2.770691971436749571e-02,2.195431108190686043e-02,9.036641984075884926e-01,7.704880291499204281e-01
3.358184897333400809e-02,2.922947698289398051e-03,1.528946682928452455e-02,9.860335108080148236e-01,6.828347996902931483e-01
2.420726562249052582e-01,8.739560808771418277e-02,1.579850488187575785e-02,9.762211975255301599e-01,7.072318827536484553e-01
1.420490214605343027e-01,1.881426634132231032e-02,1.173721025454757191e-02,9.642487546329392423e-01,7.024884833654559957e-01
1.392833335346509716e-01,7.219275982065204156e-02,9.769263977324652015e-03,9.614587140076971128e-01,7.257361724659106006e-01
4.039616938907711341e-03,4.552481592037778413e-02,2.010464140351172352e-02,9.218835492655903519e-01,7.930570430296453033e-01
2.567867066960632383e-01,1.833529977537677880e-01,2.198568816242085083e-02,9.214486129199345177e-01,7.423397552671717747e-01
1.142704582762384402e-01,1.761311438026034459e-01,1.142489516330393376e-02,9.029172428396793348e-01,6.969408589130193787e-01
8.159131717466014400e-02,1.639696268576706917e-01,1.047638369751302881e-02,9.154137463053690915e-01,7.912276607578158094e-01
1.834529856759859606e-02,1.430749153843835220e-01,1.035583439090100207e-02,9.336481264296503380e-01,7.550407209244546225e-01
1.573111163080372354e-01,3.166031389170137489e-02,6.011908360447122505e-03,9.540724896341830075e-01,6.899120785223005203e-01
3.780776462537902005e-01,1.062511781363116234e-02,1.062150049680762182e-02,9.130808557497722688e-01,7.859769153203344239e-01
1.454317764592727436e-01,1.311236837130838051e-01,5.513018339380100150e-03,9.557572180273368190e-01,7.016319346704148474e-01
2.923228361413056642e-01,1.288093692978447558e-01,2.076815244936745797e-02,9.263320121211795488e-01,7.274316913376726035e-01
3.255586472994182468e-01,7.451543266614171768e-02,1.011853658061919944e-02,9.253961124942362559e-01,7.218834268534626286e-01
1.417552471425956029e-01,9.506464662068382643e-02,1.880310378702727478e-02,9.947944207406379524e-01,7.885446309948780375e-01
3.534838753201656747e-01,9.834072825935989692e-02,1.586376771081112261e-02,9.992344543838467263e-01,6.898495039101476545e-01
2.978163739971211310e-01,4.874569841655477381e-02,2.174927259954397701e-02,9.811438596600927653e-01,6.999960120299468791e-01
2.409149161127082106e-01,6.351915576960959209e-02,2.420757455114043444e-02,9.054391980733401679e-01,7.490240275005964898e-01
1.425767077719805077e-03,8.425952137803681408e-02,1.234583228258330154e-02,9.728631710543728106e-01,7.829923554370531447e-01
1.605393858088468781e-02,1.210326269524063802e-01,6.766816397792743340e-03,9.178425731798317555e-01,6.672326136003280395e-01
4.260814471215012000e-01,1.912080219974611195e-01,1.999291528771845669e-02,9.569221313720890354e-01,6.814825278358181970e-01
3.365998031830269577e-01,1.081584372942889644e-01,5.426046523983667560e-03,9.893713629209088811e-01,7.922051723726344363e-01
4.032154960135942989e-01,1.465016179990971112e-01,9.459266689724925639e-03,9.380195631744147056e-01,7.665945656606646397e-01
3.880880749098338245e-01,1.615932193767151137e-01,6.065013369462770448e-03,9.928841685067233414e-01,7.019104651231824477e-01
9.770039768240108141e-03,2.358811614040216484e-02,2.296296743239631052e-02,9.708372217339312771e-01,7.036452212119442828e-01
3.407024873203706727e-01,1.309718088432342553e-01,5.105941634031445527e-03,9.301011813357668023e-01,7.204300805999503954e-01
1.945415241807853246e-01,9.694003333063047623e-02,1.485484330030463831e-02,9.094917198879439724e-01,7.510699249629041452e-01
3.397204695162812649e-01,1.149137575073305439e-01,1.347998254317960345e-02,9.815351284768356610e-01,7.341561656977049211e-01
3.881071406092225645e-03,8.644970218039874435e-03,1.805489329096279100e-02,9.458059408492995868e-01,7.664179928747681947e-01
1.246375002150420658e-01,1.813369315729296549e-01,1.079488177138499677e-02,9.072693488159967456e-01,6.581250187670212304e-01
3.233178998144686234e-01,1.906040457655145681e-01,2.247390800938916730e-02,9.103122357135051690e-01,7.728561113772755009e-01
3.412059183100820126e-01,1.692902813237739121e-03,1.968691483162786707e-02,9.966961381895480532e-01,6.587077027628698289e-01
2.668575639210736816e-01,4.334552681626066550e-02,1.364588851984465875e-02,9.243001954495566608e-01,7.821460887532654116e-01
1.302389052724471363e-01,3.685864056808104555e-02,1.216052499025082820e-02,9.966591177857379025e-01,6.564881653021248376e-01
1.341455516624932010e-01,1.564795989386904285e-01,2.131776494995168969e-02,9.681159579697904416e-01,6.691748647068204159e-01
4.157417404024320029e-01,1.200179317632522474e-01,2.014120597071541660e-02,9.300491101828669560e-01,6.770276557725571909e-01
1.894220248914737503e-01,3.628939899604961827e-02,1.298000116048094940e-02,9.383727874243479317e-01,6.834576173209473415e-01
1.928168610546060757e-01,1.629802201084532276e-01,1.182743725220254324e-02,9.777038444108001602e-01,7.102643108885380308e-01
2.379507498532600906e-01,7.134149948934394303e-02,5.777759793250842983e-03,9.435414978925396046e-01,7.483223010315918078e-01
1.766765025148227808e-01,9.271051838232736986e-02,6.634144908802912938e-03,9.074750777664286616e-01,7.838905072861667156e-01
2.380961012122906895e-01,7.807401445880844670e-02,6.078369111084693660e-03,9.229814129569686720e-01,7.286754215204712670e-01
1.864718963672823138e-01,1.047546610818046731e-01,5.488309726960536282e-03,9.860344972997224788e-01,7.298734611270812911e-01
3.556607005093380680e-01,9.654835129691635709e-02,8.057447642815619010e-03,9.696174136978152891e-01,6.978957646924526248e-01
3.909828874934638265e-01,5.564221652982609401e-02,2.214283635361149680e-02,9.501016111174765966e-01,7.701020636458774105e-01
4.008753014607901455e-01,8.548665146127422398e-02,2.096318621511730415e-02,9.245495668615616447e-01,6.665729342177296735e-01
2.430830723008068350e-01,1.817590928210057466e-01,2.191147695656394528e-02,9.474590615089997225e-01,6.951654770987281129e-01
1.906817311522684966e-01,1.010759331593697741e-01,1.747600722850943880e-02,9.788849057777514462e-01,6.645472120608715283e-01
3.035479852216984575e-01,1.833608956740527540e-01,1.748126202481339875e-02,9.081543197142172286e-01,6.821271228239320639e-01
3.606408206659439397e-01,1.104752825157749724e-01,7.478634931060332627e-03,9.994767818735221798e-01,7.379896867333676225e-01
2.425193818464757844e-01,1.539946413595676133e-01,1.897930707284773560e-02,9.859762543858935357e-01,6.688940581971368760e-01
3.012918583617500978e-01,5.942467062228287689e-02,1.060052821740945991e-02,9.317965782848229850e-01,6.650926692895282599e-01
3.226338914594154006e-01,1.582922845188371730e-01,1.538506659572402152e-02,9.870576713882216469e-01,7.738866217159395822e-01
2.911729302117160301e-01,5.360000098401213053e-02,2.409445207601714975e-02,9.681714529903295841e-01,6.677448692141205733e-01
3.210912954078737891e-01,4.890444356951628713e-03,2.241230788636854737e-02,9.666354427099329572e-01,7.412080024868230588e-01
9.050884766652329827e-02,3.298505969236091573e-02,9.663870145915843396e-03,9.139709768944229706e-01,7.028016774341255823e-01
2.148026806723511151e-01,5.308922131375330526e-03,1.973301231400586761e-02,9.905894640705138476e-01,7.844550682664369612e-01
2.533672099255824262e-01,1.894654657363943062e-01,7.081814999184221984e-03,9.450341796921375437e-01,7.561325055212327895e-01
2.063032337662901346e-03,1.999954270631211506e-01,5.534849714880651743e-03,9.803227758339816411e-01,6.589145347269590447e-01
3.682079162810695805e-01,1.526838224602846128e-01,5.563485495637203980e-03,9.299523790359409681e-01,7.843202165763971667e-01
2.627005141228672680e-01,2.251750458656593887e-02,8.404929684360247510e-03,9.308003665602497811e-01,7.120848341804053572e-01
5.639948629852920003e-02,1.798901466061972598e-01,1.889896804187585905e-02,9.964689179981912615e-01,6.947341173476148102e-01
3.512171841350298362e-01,1.490114604699547818e-01,1.226611786916037387e-02,9.496659924663433117e-01,7.509173032344298448e-01
3.086174386029936212e-01,6.711665856501548844e-02,5.318848779333835465e-03,9.059890713383002003e-01,7.576960881849092999e-01
3.263105041459002931e-01,1.009533044499774934e-01,2.476045262753683723e-02,9.835706647032049776e-01,6.954876165306291824e-01
1.691862161387363006e-01,1.326901089111318099e-01,1.566756806463986268e-02,9.227230022349738325e-01,7.027484818995568538e-01
3.674528753721515995e-01,5.786044658980975426e-03,1.287760430222635241e-02,9.878753752809025235e-01,6.734495764260035600e-01
1.786178327347834049e-01,1.008066415078791439e-01,1.537699790097662653e-02,9.916439877973824979e-01,7.390165347213761837e-01
2.457484266136586715e-01,1.467466912177420590e-01,1.539941819717099633e-02,9.072766013238002802e-01,7.935363579997433137e-01
1.275548287245828081e-03,3.845684900737023071e-02,1.440473154185987342e-02,9.582429227574384978e-01,7.124936693515090402e-01
2.776505661968028948e-01,8.931432412238728136e-02,1.725897808929941629e-02,9.981524105576846662e-01,7.994309272391652010e-01
3.090974148228848306e-01,1.069734957078017218e-01,2.271253239736613014e-02,9.930919614645865590e-01,6.764621906743759627e-01
2.442899177946918909e-01,1.473775090198872206e-01,1.103427384154173109e-02,9.525243286057566428e-01,7.694149188562677821e-01
2.140237325117112788e-01,1.929262884478284146e-01,1.473937245691924608e-02,9.680493195269235240e-01,7.892162380421385848e-01
3.484627472223228439e-01,1.698068340528540165e-01,5.072879923935374145e-03,9.604262035159074617e-01,7.532081528994876152e-01
2.933088956638887357e-01,1.246821656257600941e-01,2.219628562636405400e-02,9.203253346239702593e-01,6.663989433966298614e-01
1.202937630398898533e-01,1.171444942921270604e-01,1.111807777826232663e-02,9.652997574521571256e-01,6.989812030757682759e-01
4.124424620363139060e-01,1.210341519214614692e-01,1.042593796656737792e-02,9.333141183500813787e-01,6.628498719765937297e-01
3.044176263098011814e-01,1.094905498892949913e-01,2.495074338422069438e-02,9.337971929195825194e-01,7.402622181373701427e-01
4.248258005034301621e-01,1.281321317152578701e-02,1.668785877490375907e-02,9.419988160940522270e-01,7.997223213738396952e-01
4.176711046793445403e-01,1.399609825230528071e-01,7.460864922819806025e-03,9.852176883337718793e-01,7.062131919852888684e-01
3.952122710855285326e-01,1.435510232257909968e-01,1.031049939787142058e-02,9.238345825761907770e-01,6.744417563789392167e-01
3.250543911856569324e-01,1.029835920911384567e-01,1.206453176532622761e-02,9.250791666745433739e-01,6.902960292000538400e-01
2.624451990851989769e-01,1.742071334751060796e-01,2.472120095741308157e-02,9.007339913606552395e-01,7.356202953815283996e-01
7.486121471997449206e-02,1.348149237485790353e-01,1.361243355829715868e-02,9.155006868918936780e-01,7.353442680251405239e-01
2.340977580747920506e-01,7.317026691354637513e-02,9.602679765856181673e-03,9.978679287404936815e-01,6.844731249404459872e-01
3.293465281071664141e-01,4.919176366128216217e-03,1.639461934825634307e-02,9.433869945506475618e-01,7.626057110806737649e-01
2.244477210846885784e-01,1.277316765303833715e-02,1.309519316114021031e-02,9.195164692314178323e-01,6.632018437240040365e-01
3.734745860860271827e-01,7.100785406671547562e-02,6.099207762837408411e-03,9.965681810756942260e-01,7.434560424146033908e-01
4.804238075323855744e-02,9.295895971453789486e-02,2.221839224908651184e-02,9.027117868036942383e-01,7.138548423425572498e-01
1.644234093128640051e-01,3.420735278217658382e-02,5.313750545666078191e-03,9.484166386640062729e-01,6.690762529764869848e-01
2.180587355766789581e-01,3.867633297810379317e-02,2.296967271490953436e-02,9.804602135627515924e-01,7.451577128143481721e-01
1.864675519278473637e-01,4.681206039708792760e-02,2.083717407203604724e-02,9.772825204613637684e-01,7.509574127292394374e-01
4.758362901544627155e-02,1.563221545756782738e-01,6.516464202848222184e-03,9.189217265495819298e-01,7.160030443446787629e-01
6.686363814514649506e-02,1.544862803494025105e-01,1.947222155626107676e-02,9.707789673377764661e-01,7.696989229198122340e-01
3.603378186350039702e-01,7.720485809734198290e-02,2.041883364278637703e-02,9.622288608645850339e-01,7.263974876615728604e-01
2.088008471974224789e-01,3.530051193529477188e-02,1.704614146857369103e-02,9.675276216149266695e-01,6.928631678147814110e-01
2.190192107692015902e-02,2.307076862763038014e-02,1.655341600312246544e-02,9.266104815627737024e-01,7.930401916907235949e-01
8.074750101411813305e-03,1.833873309738747251e-02,5.993740524959481272e-03,9.810734388031785436e-01,7.916066056624806446e-01
2.041209474555661096e-01,7.886457092897505849e-02,6.189927436455651584e-03,9.559237509308734504e-01,6.643432092077518059e-01
7.151847342158634824e-02,1.006294423090276294e-02,1.954577299671393653e-02,9.725078047505334444e-01,7.919121923822575182e-01
3.034990308336661946e-01,6.739337238814067932e-02,7.111303578378197141e-03,9.939573509886364677e-01,7.663223571107474763e-01
3.421937654244053273e-01,1.923451152656863450e-01,9.836882014129551613e-03,9.855497272890528793e-01,6.659966243835852007e-01
9.893928792809829342e-02,1.019934185063977039e-01,1.497673187646717669e-02,9.782337470526940582e-01,7.278987907778322608e-01
2.550439093542839486e-01,1.647062867102025985e-01,8.283273472253632752e-03,9.289648749431262953e-01,6.552426965116399105e-01
6.725675205523060085e-02,2.672392323318441981e-02,2.079679121100051417e-02,9.054083112658117827e-01,7.383285605841315435e-01
1.312369575339920325e-01,5.434767769953127020e-02,2.114756047558177462e-02,9.574644462989416738e-01,7.899781462802281107e-01
3.822932670038348690e-01,1.893627424642577717e-01,2.184286422521784093e-02,9.034513053219391798e-01,7.052314606228187177e-01
2.344180812459113472e-01,7.732682748987070032e-02,5.991362415494099272e-03,9.714189774218712214e-01,7.262937761076737608e-01
3.810462502168618371e-01,1.300328195612161508e-01,1.355746322467248771e-02,9.736821671296270742e-01,6.841340488854014135e-01
9.763130799300848151e-02,1.952492290533552888e-01,2.193835345428671660e-02,9.562911261238660199e-01,7.311419359893338576e-01
1.425804432536777189e-01,1.106067635098163665e-01,1.226438780613397887e-02,9.168151912541343540e-01,7.703862003115046209e-01
2.030384673979745147e-01,6.176384389651845552e-02,1.891640756646045113e-02,9.875721434568376367e-01,6.822887410905844607e-01
2.069543522584589013e-01,1.068577427344604008e-01,1.678491808380019185e-02,9.595921232004771539e-01,7.330230142946776439e-01
4.289909779218074592e-01,1.187280266684100430e-02,1.194417233414357335e-02,9.514891950074110261e-01,7.031964915676871541e-01
5.009704183861480448e-02,2.336160494444554370e-02,1.052809658180847534e-02,9.567591759542054541e-01,7.621808117110637770e-01
3.664930002730824032e-01,2.427049905401714239e-03,1.805486184198813390e-02,9.082887086813631328e-01,7.553057992935805487e-01
3.715195949119822760e-01,1.769577982714358455e-01,7.672482740057939843e-03,9.740437054738926292e-01,7.548184484171127639e-01
2.383222129297107861e-01,1.345848053510195208e-01,2.220245038175517466e-02,9.060775583889044693e-01,7.066704700586592391e-01
1.485919451831769489e-01,6.036762326141687646e-02,1.652886882161407056e-02,9.578388158515908080e-01,7.398918954455717678e-01
2.237479987396790715e-01,4.501112242225361465e-02,7.230070102516783156e-03,9.169257087070454837e-01,7.476627775529709474e-01
1.264686453620158801e-01,1.369322436303982149e-01,1.907055290386727373e-02,9.207701938966333932e-01,7.521220958554594160e-01
3.438170953807340724e-01,1.839868808922712207e-01,1.362225099764837952e-02,9.233254250707839672e-01,7.362884531056358428e-01
2.147617590867316184e-01,6.052867911937002965e-02,9.081628307263514555e-03,9.014305638488459005e-01,7.800207120234837754e-01
3.981862947384263163e-01,6.499026276796958379e-02,2.422138585849732337e-02,9.891838831113677344e-01,6.873197868905004393e-01
2.681345867287427964e-01,1.709939043135608183e-01,1.939295570028851112e-02,9.804235271489857295e-01,6.583710184042065316e-01
2.216429939061991539e-01,1.787817873608666952e-01,1.685987246655992408e-02,9.031286447666432293e-01,7.943755180810699867e-01
3.060487528564128090e-01,1.828932767991259256e-01,2.197734362118723347e-02,9.056986087999466806e-01,6.591100589935803278e-01
2.171872417405704969e-01,5.933768739333226266e-02,1.587739579764305131e-02,9.782876847476694726e-01,7.854433483687932593e-01
3.890332243299428061e-01,2.494220095167343221e-02,1.382941224665807864e-02,9.006803287569701277e-01,7.418427405431335941e-01
8.012731722045490779e-02,8.855951682770987765e-02,8.788937197214165276e-03,9.468998913708148724e-01,7.878110577971899620e-01
4.185665853269935344e-01,5.985720816309503256e-02,8.067808502363573581e-03,9.107297254294308697e-01,7.347430895843958254e-01
3.494297467441613847e-01,1.768894666955553308e-01,1.363938632743696283e-02,9.591632227018558332e-01,7.731513088239211351e-01
3.702546122400290352e-01,8.290353418905431482e-03,1.411949158055031753e-02,9.998340417884407083e-01,7.581935394851800902e-01
2.081674600871895320e-01,1.271422134576181973e-01,1.966625010461454590e-02,9.172021515541481929e-01,7.287668200491006498e-01
3.601594646658292653e-01,1.813300917838746862e-01,1.384170020073752921e-02,9.956683847359395489e-01,7.044985384930428918e-01
1.326060818546209996e-01,1.953574029944071533e-01,1.686318401130835684e-02,9.865478543935944922e-01,6.504288531032513809e-01
3.278757686040311703e-01,1.303759892603106041e-01,2.165037048152492274e-02,9.985854968143781374e-01,6.876357911854065197e-01
6.125311794889071182e-02,1.900346684474536196e-01,2.486669391021083600e-02,9.766188633602518321e-01,7.927650212710914968e-01
1.327252719479162235e-01,1.605623306238838921e-02,1.145050630302564890e-02,9.856994251453125022e-01,6.913192771797487257e-01
1.922193125813253800e-01,7.249639085325171317e-02,2.303908927456737449e-02,9.594597639575326298e-01,7.627778663993300956e-01
1.392751590835279718e-01,2.734224768020004307e-03,2.112101743707197818e-02,9.867284081174512167e-01,7.262746421797003915e-01
1.670303426027747729e-01,1.962555706659728783e-01,6.360133806391062017e-03,9.111512255879412603e-01,6.962771576982199617e-01
3.528249355122064501e-01,1.806425692745731448e-01,1.168317861707782526e-02,9.741654304368425610e-01,7.986640173443571022e-01
1.111139577289898817e-01,6.582458693392069689e-03,9.380859196687667961e-03,9.628723587001157824e-01,6.570461566287191246e-01
3.207256228543114984e-01,4.608397441493428809e-03,1.828768544845996158e-02,9.059846482737864415e-01,7.373115659711035885e-01
3.262247764889864010e-02,7.402692932716686824e-02,1.610598272435376579e-02,9.291590371348651400e-01,7.192277324014567652e-01
3.295020771239610680e-01,5.244905539138946388e-02,1.489702105179107477e-02,9.216106800372519947e-01,6.614789614553092667e-01
3.407779711739726269e-01,1.695395231712579498e-01,2.027127527615155134e-02,9.405175450798850534e-01,6.821144308723032790e-01
1.733287746905647908e-01,3.293639625110060531e-02,1.166617391623966937e-02,9.198353341523731741e-01,7.541362960516837521e-01
3.109429861388448013e-01,1.583392430774706316e-01,1.265504591106531365e-02,9.274829644151985075e-01,6.662492944690150409e-01
3.935943752066475287e-01,1.113374802981419859e-01,2.231267896450898555e-02,9.296030135242846493e-01,7.701537665824569334e-01
3.445058656548919962e-01,7.610096250959258457e-02,2.444417018520013418e-02,9.599810895124530896e-01,7.437591490928170401e-01
1.685015529602957862e-01,2.999823258494237199e-02,2.052714681535664637e-02,9.134873760070136850e-01,6.651286392325410635e-01
2.087275976261476484e-01,1.995405698859745447e-01,9.341419495544525664e-03,9.241101234722107760e-01,6.930221943144870833e-01
3.353443867131105094e-01,1.239792380633858160e-01,7.253032643276946870e-03,9.317148060980099400e-01,6.705766793520296920e-01
1.265230790452740173e-01,8.843706428103086103e-02,9.184102955316041095e-03,9.449067938276072276e-01,7.696401943336650397e-01
3.458656955925067389e-01,7.485438375399360023e-02,1.345522730045792953e-02,9.038088632829983649e-01,7.299439437688500787e-01
1.417425201586437478e-01,1.812399178955401979e-01,9.733940554952764251e-03,9.999211452072761519e-01,6.504244905074879624e-01
3.467699598433958696e-01,1.644171698299614348e-01,2.302082296144023627e-02,9.300392002552025916e-01,7.314355470842228701e-01
3.823739019746031503e-02,1.624259718852765488e-01,1.841445803534880535e-02,9.287344860735612384e-01,7.224205526397426969e-01
2.004644037464316936e-02,1.236234961195161741e-01,1.333458489566028207e-02,9.554870586591187598e-01,7.464614604488758465e-01
4.290027669216537332e-01,1.777033599564645794e-01,1.047623465723121657e-02,9.854032179322116392e-01,6.552266083230494642e-01
3.739971058676815896e-01,6.055639605229201639e-02,1.261322010281928745e-02,9.456809368060797860e-01,6.553138687899571213e-01
3.797415789870014491e-01,1.410375208974945782e-01,1.452101190733460362e-02,9.248839200839745756e-01,7.024052157643035921e-01
4.090990975232389193e-01,8.148510073598660974e-02,1.927644704351457253e-02,9.565875503195354623e-01,7.532807144242230635e-01
1.890376967388152918e-01,1.203997629033787403e-01,6.786831164577578242e-03,9.482942550025730277e-01,7.499837138883044263e-01
1.240524529577852891e-01,1.996324471219258767e-01,2.197665879577891460e-02,9.423074827022296374e-01,6.917395368815382195e-01
5.678072286268038421e-02,1.969204313543883589e-01,7.551200622603599852e-03,9.983882950784223054e-01,6.824101316844344289e-01
2.160187182880012879e-01,1.030111842770222025e-01,1.024900163944875847e-02,9.995950264468564939e-01,7.524688396071594898e-01
9.540072948446476353e-02,1.151988269808000981e-01,2.487179791545167731e-02,9.561943828457594163e-01,6.540669104200703687e-01
4.023513175411681519e-01,1.795670320583229174e-01,8.804172680885022709e-03,9.068003927071811576e-01,7.335174997541682451e-01
2.717356687952232272e-03,1.971415067902571594e-01,7.022843755726913308e-03,9.566917580482893202e-01,7.136147963066190592e-01
6.243140049179916190e-02,1.559429527225898726e-01,1.776810603837596786e-02,9.952472148382884853e-01,6.858630226902815430e-01
1.067381409727900937e-01,1.397170713376751083e-02,1.286258159702449722e-02,9.925692530694685267e-01,7.280447133998697584e-01
8.635242927348067699e-02,6.520530713442893034e-02,6.836708685370174177e-03,9.215500849431322861e-01,6.825751484934204916e-01
9.785894929269571552e-02,1.794159056441412825e-01,5.074848566980900456e-03,9.190119482030284503e-01,7.346482408323863345e-01
2.824444225712455236e-01,1.539021486642456471e-01,6.583231527629556518e-03,9.152255855011569574e-01,6.723460754339515288e-01
1.415026815963410234e-01,1.487043811338610022e-01,1.545471157543813409e-02,9.819784349412347124e-01,7.108539368137034575e-01
2.648454598365471147e-01,1.339167228631600870e-01,9.617858902618845948e-03,9.490055056989473714e-01,7.265639502957208506e-01
3.829206535342589146e-01,8.363750607684432292e-02,2.055104268637899731e-02,9.338046570659246370e-01,6.547551542065741526e-01
2.594968524105261687e-01,8.124502274859564388e-02,2.215017266143486097e-02,9.324807168839700511e-01,7.416075860704421929e-01
2.989545674618576676e-01,1.619775650305694259e-01,7.896660354305886503e-03,9.275413242954387849e-01,7.625472940246255105e-01
1.578009149369622721e-01,5.946227806124911724e-02,1.174039741468940398e-02,9.882619774114408395e-01,7.934110344216559474e-01
6.952780261014222807e-02,1.372815426674937334e-01,7.931482509363950439e-03,9.409679892747104812e-01,6.804689528696614698e-01
1.385305627910097259e-01,1.455154961613673581e-01,1.073385407163894405e-02,9.244017735641880673e-01,6.813043050874367790e-01
4.146772562940623796e-01,1.690666418829442352e-01,9.784088375011426239e-03,9.710404806065278116e-01,6.957246236343256340e-01
2.677570839303958228e-01,6.465723255069613651e-02,2.073729801874373349e-02,9.635454556891798195e-01,7.836146056185357978e-01
1.200522702371925182e-01,1.486359641008022370e-01,1.190959356028132438e-02,9.715365554594095343e-01,7.110285745539308699e-01
1.944426496125425396e-01,2.219148961815868917e-02,1.491129597488352609e-02,9.821956114529865056e-01,6.952690719613932036e-01
3.594350930578965597e-01,2.847428406142904142e-02,1.847790210945962977e-02,9.101233714568919275e-01,7.611771172819064013e-01
2.877622918327768509e-01,8.404987199450690560e-02,2.144513298304373539e-02,9.001988741450145382e-01,6.556985266366464060e-01
2.415200686728131707e-01,1.198992949469420907e-02,1.102418180644903697e-02,9.050566241156153824e-01,7.323221766962459967e-01
3.807348740759178285e-01,1.895919659716023553e-01,9.184413354080381980e-03,9.706793259148811526e-01,7.175284986614391958e-01
2.894765764810030562e-01,1.804772662913627645e-01,2.456906747511735517e-02,9.934496540249713181e-01,7.437287316113984081e-01
2.767310545093799035e-01,1.073780540964278801e-02,1.140295089294993819e-02,9.331105382016366967e-01,7.596649510235619074e-01
8.241053086341952605e-02,1.678240326565634821e-01,1.842136198361751104e-02,9.781194166394443501e-01,6.987482578317907311e-01
4.664074501232293862e-02,1.022659606439150493e-01,1.855682081355608526e-02,9.729184510868669200e-01,7.454625779034864674e-01
4.150459682176241838e-01,1.406906147863364320e-01,1.528058891199082087e-02,9.978061579285919525e-01,7.286493054441491868e-01
2.579102407730513025e-01,1.774993026903392834e-01,9.568948909691139121e-03,9.470793081489702336e-01,6.700951715585414803e-01
1.793281825238180749e-01,1.158179229284620332e-01,7.829148419083525878e-03,9.166072967286894579e-01,7.822589312014491814e-01
2.536899321704833565e-01,2.414909295664126321e-02,1.474032289828862419e-02,9.765231400587742749e-01,7.631885251746283183e-01
2.751733129976589864e-02,1.513143486830664320e-03,1.521859073422754047e-02,9.818818864021439108e-01,7.882481201343543020e-01
3.536926005048617871e-01,9.988738491803786368e-02,2.046733513549595096e-02,9.707300075704915487e-01,7.580606887195999732e-01
9.394093475710012242e-02,1.898971942927476786e-01,1.919666887904386901e-02,9.863181673279779460e-01,6.867209840706615109e-01
3.461502367103992950e-01,1.149517524510259847e-01,2.324082557671733676e-02,9.371182583319904724e-01,7.145789337703984945e-01
2.302483521600889593e-01,7.521488847955762336e-02,2.441721123775263472e-02,9.690315003223548551e-01,7.080302638167303986e-01
1.196493938588112788e-01,7.153481399101758315e-03,1.955702652399081420e-02,9.263848639163062559e-01,6.553732898948234631e-01
1.396006779584822721e-02,1.830809040383618858e-01,6.530224976605067920e-03,9.446440145939837274e-01,7.115822229468330429e-01
3.509925094351138419e-01,6.610417551075040143e-02,1.310236618434205275e-02,9.242492169155618331e-01,7.018354180996675407e-01
7.670140069033255792e-02,1.412507028617041305e-01,1.717604739681365816e-02,9.154533672648145215e-01,6.505885679301319779e-01
2.322439460950570869e-02,1.391532032201815150e-01,1.680390142899915173e-02,9.035953248001988847e-01,7.770684888636938403e-01
3.252715465243028459e-01,5.152274911238083344e-02,8.628875716611963606e-03,9.671424258192333756e-01,6.715811637511780452e-01
1.511685423980078935e-01,1.369172378568433990e-02,1.665889458901742906e-02,9.875273088277416456e-01,7.251428251077896014e-01
1.680242883988178337e-01,7.761507535569686644e-02,1.199361015762888220e-02,9.314419434311268509e-01,7.677016734701067602e-01
1.069919949434284395e-01,6.410907175360278099e-02,1.177853689687431878e-02,9.429235383447727159e-01,7.406722053649713589e-01
3.695875673609688716e-01,1.403510233755928538e-01,2.168014010602472424e-02,9.003546948302573183e-01,6.754026838073976524e-01
1.285543666997022438e-01,1.641367166363079944e-01,1.343866317336439922e-02,9.412854772531449310e-01,7.427316688497668240e-01
9.117261242318923375e-02,4.526663806094326226e-02,1.554791908128905220e-02,9.281322115082084601e-01,7.636395341673104520e-01
1.336681325982109758e-01,1.061179828855120244e-01,1.625745722068957372e-02,9.574200030124601080e-01,7.782146774216269769e-01
8.815116774681329426e-02,9.081061130244170998e-03,1.625993559703232602e-02,9.908517182851062088e-01,6.977980639606297109e-01
1.372740897254340064e-01,4.363690876375891925e-02,9.262430275667442314e-03,9.506152569121513185e-01,6.550882100804029662e-01
3.657963961044623236e-02,1.525905594590945269e-01,1.698906726298014119e-02,9.675532659902861266e-01,7.411922309664360498e-01
6.900938249224762566e-02,1.588862657773254250e-01,1.169247217888239217e-02,9.705482839805620321e-01,6.838652765215860185e-01
1.799156869769474310e-01,1.555044882269088491e-01,1.810040589192339275e-02,9.152431912174746609e-01,7.671342610916886962e-01
3.782912810480569266e-01,2.933519707266575918e-02,7.913951979314541585e-03,9.346570607811826026e-01,7.519822564049186697e-01
2.557773034386062738e-02,1.106559107662150460e-01,2.488231189267339077e-02,9.113145551264996147e-01,7.659780282013891606e-01
9.223744920005313985e-02,8.511897447423320828e-02,2.044086582906791058e-02,9.440746603788590097e-01,7.951296800482102745e-01
3.906802948073447856e-01,1.983057730622230230e-01,1.334502866968614865e-02,9.887285681609743193e-01,7.376821092722811724e-01
3.828162952146063613e-01,1.311599039426089019e-01,1.102703701728565897e-02,9.480934350737413308e-01,7.856470325615165784e-01
2.924844074839587638e-01,1.871052161877500841e-01,1.275604069635691631e-02,9.456152983218926167e-01,7.462840073711066724e-01
1.041631547068570807e-01,2.992471069667908268e-02,1.942416545547749965e-02,9.209323545795251587e-01,6.772616519298025883e-01
1.810987306929320861e-01,9.072378134694558671e-02,1.810815599169130277e-02,9.310217280087056402e-01,7.698962269263438518e-01
9.161380661388700275e-02,1.545499124210678588e-01,1.904185024001174911e-02,9.936599572534908775e-01,7.540547936320572964e-01
5.616447041471219620e-02,7.420368787805012301e-02,2.277998390903078832e-02,9.302995324262042232e-01,7.966909666512373978e-01
1.640193112464594649e-01,1.268691907345756986e-01,1.412590452620818629e-02,9.731386585550015900e-01,6.865147983411116206e-01
2.480274685751802377e-01,1.028287323023584776e-01,1.839042296895329609e-02,9.042141664914475907e-01,6.999688274425899248e-01
1.554111177744014471e-01,1.983939524343804883e-01,1.383015909919736719e-02,9.128313960094498469e-01,7.732236539903558636e-01
2.630437321499010106e-01,3.560063547303280590e-02,1.776196156239753104e-02,9.311477916304898850e-01,6.594334397050370944e-01
1.280932814777220319e-01,1.871343903706954304e-01,1.449647273925894209e-02,9.901420861360225034e-01,7.449799646922411478e-01
1.493698764093790432e-01,8.091261980685605926e-02,2.053327254675786293e-02,9.219291654879052667e-01,7.303214079099312750e-01
3.401989708155375158e-01,9.413060030908160236e-02,5.105202465674660815e-03,9.726744610085007459e-01,6.753232808401335996e-01
3.777970195534650633e-01,1.061917748543058232e-01,9.314219115795637285e-03,9.167524466899690250e-01,6.747682563890364804e-01
1.391526209768213229e-01,5.380794333728239343e-02,1.092875250326489148e-02,9.612842046118141859e-01,7.715296431880969141e-01
2.461802787771235068e-01,1.927678310795478134e-01,2.390789012502232691e-02,9.586828230751280877e-01,6.523167733156511883e-01
1.203316197897829898e-01,1.823859538417230974e-01,1.514092425933835639e-02,9.621947901139672465e-01,7.620262160464913448e-01
2.388056129248640816e-02,1.946081149420611778e-01,1.228703759996282487e-02,9.286276521662530925e-01,7.599000840506731080e-01
3.175407308036150567e-01,1.993869948696950778e-01,1.308624231227343768e-02,9.162102996952583567e-01,7.474519964552982509e-01
7.436049430830848905e-02,1.342902189410134506e-01,1.403644566865072663e-02,9.886485749137048362e-01,7.114276494621899483e-01
1.836306726874274431e-01,9.088541366534319543e-02,2.235660780227942054e-02,9.569443937501482811e-01,6.542481025286310814e-01
2.099425166596582681e-01,1.702960463977646610e-01,2.424671731360275931e-02,9.212043169720938174e-01,7.702665002439526010e-01
8.013830961283643917e-02,5.737170689431372872e-03,2.188329279480461312e-02,9.413329053195435003e-01,6.688560805709662382e-01
4.156424543459699694e-02,1.670464048979871940e-01,2.183313526837897187e-02,9.067091492925206664e-01,6.921181226239558892e-01
1.502975832938892864e-01,9.995991881799032308e-02,8.980302219109224590e-03,9.475376116602374221e-01,7.920174390186804914e-01
4.095306543390865861e-01,1.349707853896001397e-01,1.037356143524510721e-02,9.423890776182969331e-01,6.952791539774256790e-01
2.648931681050327724e-01,7.543516620715902399e-02,1.692098361116198268e-02,9.132726237373394174e-01,6.882708725592382448e-01
1.646249879848451780e-01,7.435600761949635873e-02,1.812274826882621925e-02,9.444372335182543710e-01,7.960055833067607445e-01
1.769274211213820586e-02,7.311713409366656091e-03,9.054107468921625962e-03,9.639532339592705723e-01,6.628898303143503368e-01
2.585172377167740954e-01,8.533409665537365629e-02,1.992563745493034638e-02,9.928490444733424347e-01,6.741035581876021476e-01
4.057852796127484063e-02,8.226248488844668805e-02,8.999271058391735550e-03,9.703185193959524835e-01,7.157476272322678135e-01
2.337514064793888013e-01,4.573342927174618711e-02,1.026021293178828314e-02,9.502435286369759204e-01,7.681509691762327119e-01
3.235867680485777220e-01,5.021733143441373115e-02,1.113591075963221363e-02,9.770051117861142664e-01,7.826538408414914771e-01
1.827181144184633343e-01,1.172437765080598382e-01,2.191982832980634427e-02,9.279935281350846221e-01,7.633453584024149086e-01
1.294475312762889685e-01,6.423651706536111228e-02,1.964167793741766407e-02,9.668781598444888825e-01,7.964262547404281634e-01
2.132783630774980066e-02,1.662201298944406547e-01,1.561370871448362896e-02,9.005062166798474266e-01,6.525269213910438459e-01
1.162970844432502371e-02,2.316563626455623096e-02,2.139498596269790581e-02,9.072551130449525436e-01,7.429259832487159487e-01
1.854813983779285969e-01,1.159513443684336842e-01,2.125856494671847161e-02,9.624265636461782902e-01,6.674519302827400802e-01
3.799551211315732036e-01,3.284890070068136741e-02,1.279666191897446854e-02,9.192549574387960387e-01,7.865544110907305431e-01
1.057029321022786711e-01,1.061198847572110970e-01,2.062874574974839920e-02,9.688729586264714921e-01,7.902960811039089206e-01
2.472698119804013217e-01,1.109566315031134259e-01,9.124855440033149967e-03,9.636753264503821192e-01,6.954542326555697151e-01
2.945671966426178234e-01,1.288172396186200996e-01,1.506457699911018661e-02,9.063666749407924828e-01,7.741562802774497598e-01
2.709601315808405492e-02,8.605756450730585316e-02,7.364834607773406913e-03,9.392496666594669641e-01,7.445413363080947144e-01
6.668006121964877020e-02,1.023854623407216419e-01,1.353588971182516018e-02,9.613002198306955792e-01,6.650733176727587903e-01
1.431177443769942603e-01,3.700957060017737166e-02,1.540731539534381106e-02,9.713481631583358311e-01,7.404152238992666168e-01
2.884699717097367611e-01,9.314005459752959515e-02,6.598367158321405412e-03,9.816084160526747926e-01,7.964085559036503392e-01
1.893460631458535603e-01,7.523304742976381909e-02,1.425225523463499733e-02,9.330442901665025879e-01,6.962141073508585354e-01
3.159696842656272153e-01,1.335600898262275515e-01,1.803341085920266013e-02,9.836716042254783909e-01,6.501711164219003969e-01
3.731994843308996113e-01,8.752952297580073038e-02,1.728176469489475786e-02,9.354254426005644829e-01,7.965187515804769136e-01
3.263417066607748884e-01,1.560889885450638392e-01,6.087077757821139808e-03,9.006986841200003147e-01,7.120975126175754788e-01
4.266740519373838358e-01,8.577242761616474254e-02,6.906793718164021788e-03,9.610005899837014143e-01,7.146399151765074897e-01
3.246208984858777180e-01,4.791846342181777657e-02,1.202712491910282178e-02,9.241668597157932652e-01,7.568918175640608759e-01
3.665848746581962803e-01,5.546405507275833924e-02,2.185371445832211615e-02,9.124381301993528259e-01,7.406578080716637036e-01
3.580851677814854139e-01,1.001175979323567708e-02,2.239512106334725153e-02,9.258357810004814725e-01,6.952979918467984133e-01
3.142840120181399910e-01,1.084438433095811088e-01,1.119225739415852065e-02,9.827913998079405022e-01,6.649966817983951062e-01
3.449729793453770732e-01,1.663452958961640360e-01,1.937784170482912890e-02,9.914001308260181888e-01,7.741043779920794288e-01
4.019791047551189989e-01,1.540532296566964610e-01,1.654781184703286306e-02,9.961696623870240908e-01,7.225065764519603695e-01
2.048639653877795119e-01,8.812010380135580634e-02,2.466844517518865243e-02,9.302830363000250680e-01,7.508711440470081655e-01
2.748251332584811801e-01,4.002795067375793103e-02,6.892878245793834791e-03,9.455928708189049736e-01,7.790757050178718224e-01
2.219091405547194695e-01,1.728334042161931150e-01,1.595761484480509584e-02,9.802526102808183373e-01,6.526583568927833978e-01
3.660948675053993240e-01,1.229942577496861283e-02,1.685075297742507847e-02,9.317902688507044839e-01,7.789077915414037712e-01
1.860532696318766277e-01,8.044532231529631650e-02,1.115337141902232251e-02,9.385143186312946417e-01,7.627692889635152573e-01
3.526627848210904248e-01,1.714664133344062646e-01,5.939064949829415616e-03,9.237274489229642116e-01,7.920232624979696157e-01
3.439231126995125343e-01,7.924216079343508745e-02,6.042090713756520862e-03,9.572367319351725579e-01,6.850386207903176317e-01
4.136491374871253401e-01,2.445721868063502683e-02,1.407236108401276400e-02,9.659266698825310637e-01,6.983633505796876806e-01
1.077869799814326485e-01,5.392395056881343213e-02,1.884947578887838371e-02,9.318439455086596768e-01,7.492218113918779343e-01
3.054267697410563698e-01,1.204058589068467272e-01,1.900351571606254814e-02,9.024230516511564382e-01,7.888689482991850799e-01
3.257184644907715754e-01,3.125514563121960243e-02,8.619396994436484202e-03,9.735907813369970576e-01,7.989004042174085995e-01
4.026634734132015780e-01,1.313321300416288029e-01,2.215944282011572675e-02,9.616597289346590083e-01,7.125106475878522083e-01
3.900611373458228170e-01,8.819422430864991280e-02,1.254324851939489852e-02,9.218998785601361101e-01,7.308844513581116420e-01
2.470425946729243316e-01,6.754351066328385944e-02,2.428735803944835972e-02,9.314647675165771412e-01,6.755826511420597313e-01
2.494567167356473159e-01,4.894417062410961333e-02,7.363192688512736582e-03,9.957113589269677156e-01,7.540963050857898420e-01
7.276793698541440814e-02,1.648426671854851810e-01,2.172909397270963647e-02,9.630203545009285993e-01,7.756055634339371618e-01
4.192589993397978221e-01,7.993811554521691731e-02,2.316676306490895662e-02,9.595477756391385116e-01,7.697973968666630418e-01
1.104024914997701196e-01,1.479573738556393125e-01,2.145351052287463103e-02,9.639690737463543213e-01,7.018764567134154753e-01
3.119118377156043231e-01,8.863068333483950512e-02,2.117682282399368024e-02,9.954444534793757127e-01,7.944896023570909849e-01
3.423960570614790755e-01,1.928157019046910711e-02,1.222620030809890013e-02,9.339859073492995378e-01,6.680519880557047596e-01
1.902814514782824595e-01,8.866068905828483615e-02,1.926686213441946086e-02,9.280915976105155174e-01,7.240955022644239847e-01
9.160210589246588209e-02,1.020298681674170344e-01,1.658693132022600811e-02,9.376742480269224522e-01,7.331895695289658565e-01
8.206400483024561820e-02,9.211059650518199637e-02,1.348958262862436780e-02,9.800949094077227031e-01,7.304770785580482206e-01
3.684367843867828451e-01,1.634321006379062524e-01,2.486223392107359681e-02,9.120958874389976101e-01,7.636836169518416151e-01
2.201145328151128400e-01,1.822594184595628386e-01,1.080909436290239736e-02,9.206824697952684655e-01,7.414410848715877744e-01
3.966876529441641652e-02,1.575689563669957771e-01,1.326288044375568270e-02,9.228245512478199242e-01,6.615694149941262481e-01
3.086013538152792557e-01,1.169735985399809886e-01,2.305722074676234967e-02,9.636377391187014307e-01,6.769777480155119154e-01
1.083233816533576976e-01,1.087485421504232608e-01,1.078016558192548303e-02,9.641583024629238885e-01,7.298358530982655967e-01
3.769733480721271790e-01,1.292785899946081452e-01,8.053622842570756085e-03,9.371886383390644060e-01,7.541821401595129037e-01
1.338062962068593820e-01,5.827822899143553226e-02,1.119999499338970167e-02,9.276192272551260221e-01,7.271261798315867830e-01
8.691618610867139771e-02,1.625575223835883376e-01,2.018623354203582035e-02,9.754651931319515690e-01,7.033261675160698001e-01
3.740427228506682661e-02,1.715127873431285255e-01,2.219708019404532245e-02,9.031726566949829227e-01,6.576701842618797311e-01
2.204468576175507566e-01,5.417621547318427627e-02,7.288899752447222311e-03,9.738737710748093246e-01,7.678821349002666885e-01
1.943664251740452598e-01,1.806608234198754659e-01,1.743425362149653157e-02,9.210273994370857809e-01,7.245791359847133517e-01
3.233129100347482687e-01,1.698978120743418196e-01,1.634573811189485998e-02,9.902777056947831280e-01,7.308183695820639203e-01
2.003145099058125933e-01,8.547286672901954763e-02,1.837595571026730268e-02,9.413693245722531966e-01,7.203437210401875124e-01
1.484970506685551750e-01,1.818910402164563844e-01,1.842112742253591839e-02,9.642296903342444381e-01,6.898018123618619990e-01
1.132499588065330048e-01,2.496735976849012023e-02,2.418934940533056660e-02,9.120969309767842370e-01,6.914560197116071949e-01
1.203249538066175905e-01,6.569325282571173048e-03,1.193058416853478611e-02,9.253884408450452348e-01,6.595251180874985852e-01
3.990467498841321903e-01,7.022549829321682313e-02,1.099533843471557637e-02,9.700608594355559777e-01,7.561398524302899160e-01
7.181872029567148985e-02,1.135217040666416655e-01,1.662450571643650510e-02,9.550355450332206342e-01,6.907809309700283507e-01
4.249276861350174128e-01,7.093708029204037757e-02,1.358836918477323435e-02,9.770477380964557312e-01,6.947842022261416783e-01
1.412484462774644123e-01,1.884714790006005725e-01,1.447508544625156560e-02,9.563402339760751492e-01,7.990250181504260363e-01
3.891941099410640981e-02,5.168733558197387279e-02,6.385539870089856039e-03,9.569331180732243425e-01,7.078718833736298288e-01
1.076881733579940770e-01,5.696146532494310993e-02,7.964843539071859296e-03,9.858258981729435266e-01,7.266045811631013374e-01
2.605976882893142402e-02,1.273306948964261776e-01,2.370749873185723847e-02,9.424689917305840714e-01,7.079709651141772309e-01
3.399227709713198986e-01,1.768912585999932261e-03,6.365829033402435264e-03,9.895044719657504206e-01,6.935286669866563836e-01
2.208851994801342422e-01,1.457838534185652568e-01,1.680291185361241710e-02,9.372215248044999392e-01,6.508776107370148889e-01
1.455672594938575981e-01,7.611642713553828932e-02,2.009150058035780520e-02,9.328594206770047803e-01,7.782329521662882943e-01
2.850192803869402991e-01,1.955718256610159134e-01,5.237270568816549884e-03,9.779421276739779234e-01,7.209730513160093057e-01
2.715473596326873906e-01,1.385921010129199660e-01,9.454962958667696357e-03,9.011546399496328519e-01,7.579835455564125635e-01
4.042051262786361954e-01,1.139077606138627283e-02,1.254144061698773613e-02,9.172192119838804558e-01,7.937985037444356129e-01
4.133807616850548872e-01,1.943293393965275437e-02,1.513634894137336900e-02,9.071765739787782667e-01,6.504247009930606005e-01
2.930133397604588463e-01,1.854545327790755455e-02,1.183190589511320945e-02,9.512105093009158852e-01,7.512559410266386184e-01
3.518430327877483110e-01,1.905718297184968157e-01,1.797998516298100063e-02,9.628071001328596390e-01,6.677961056050908395e-01
3.409503680437915851e-01,1.371262567022999701e-01,9.527950345014253586e-03,9.010375945862507674e-01,7.186947586523783071e-01
2.117692155282570043e-01,8.609359545049821705e-02,5.509658728580379798e-03,9.161463548540338397e-01,7.770173121337173860e-01
3.032126055663358355e-01,4.089605528612617891e-02,5.031421016365083231e-03,9.302541358595706189e-01,6.607243773476703108e-01
3.457311429625161553e-02,1.748543095407248393e-01,1.191024023899268577e-02,9.294226335228601421e-01,7.984420227317952090e-01
3.261910446714816891e-01,4.110962960659675369e-02,1.223325598388494417e-02,9.097132716894522630e-01,7.371253742177544810e-01
4.136263600855257239e-01,1.416291640786876693e-01,2.397208234773088101e-02,9.172847456050536863e-01,7.092490188375732973e-01
3.745416909094179125e-02,1.529015479475238637e-01,5.895614250404726010e-03,9.847051760972371781e-01,6.529265398003106791e-01
3.596936715899056169e-01,5.963656168222625231e-02,1.560130120270362269e-02,9.700581141614004199e-01,7.380234617242078521e-01
4.012484314325373558e-01,1.014780326969578206e-01,1.655626628527692712e-02,9.296094382663346867e-01,7.242335696011258372e-01
9.803503372508463876e-02,4.537486718136038433e-02,1.898550023795439121e-02,9.263407464316084639e-01,6.822975503258733587e-01
2.261439994843484069e-01,7.640700183364412812e-02,1.777469200281320966e-02,9.080199202153351745e-01,7.235671300381251170e-01
3.990511787236220576e-01,1.930617452577217674e-01,5.162789874478857476e-03,9.348905937397984367e-01,6.519183896034479453e-01
4.129369559403532342e-01,1.389344688962316221e-01,1.763715346818023333e-02,9.398069514627661603e-01,7.999216421043191527e-01
5.586154288714371974e-02,1.694762270319125075e-01,1.144775879399464319e-02,9.904181656387445187e-01,6.998171661748443517e-01
1.507228127632883052e-01,1.085793147218814675e-01,2.045737922695603853e-02,9.743115714015210260e-01,7.220333222091784853e-01
3.005040510537174692e-01,4.856890868811987449e-02,8.767307722713980900e-03,9.479153774349007300e-01,7.677167252075610682e-01
9.604859623656410161e-02,1.428630914767715365e-01,1.932411303954358756e-02,9.134857268790079754e-01,7.569167515390126111e-01
1.403265996841922547e-01,1.006130241973227230e-01,1.750990667378122048e-02,9.656161649008329073e-01,7.832838561053152571e-01
1.099186474201341648e-02,3.619292475330468384e-02,1.804581770654949818e-02,9.936012312771048682e-01,7.911988605299826727e-01
6.686080111948432270e-02,8.307354803402385024e-02,8.518953741751085149e-03,9.078044852007354226e-01,6.783766746449549911e-01
2.422393531052121074e-01,1.273332035842448806e-01,1.838348002664924596e-02,9.848607767861428108e-01,7.085599769338661869e-01
2.811756384444943913e-01,1.473310394797654188e-01,1.973956817283829823e-02,9.180114555219157646e-01,7.530225487943587037e-01
2.793831755401140482e-01,4.940093838217999439e-02,1.478820522475611174e-02,9.701280934314061577e-01,6.567536413145622642e-01
3.349166419638549552e-01,1.753234705305168895e-01,1.180731365975090479e-02,9.183856037243417481e-01,7.575417359268947770e-01
1.791557264939415417e-01,7.653067030786092628e-02,8.331096985763517329e-03,9.600013554887304457e-01,6.507325160001872222e-01
1.183275172674557174e-01,5.495620686065693511e-02,1.079921050221481146e-02,9.237624584229223723e-01,7.871132714401301023e-01
7.684120318243219117e-03,3.982889103529124036e-02,2.027656724905041799e-02,9.541698062153273208e-01,7.577254174612404469e-01
8.964419537647397296e-02,1.610300955461917705e-01,1.318801449092511444e-02,9.600157869145676814e-01,7.348248758697474292e-01
1.350143714346739854e-01,7.147875041824643116e-02,1.905426483986515096e-02,9.618520325107143831e-01,7.143351458451837610e-01
7.745074143011970724e-02,9.719640654969900762e-02,1.980182649996973382e-02,9.682798877806746418e-01,7.982037152819617676e-01
9.641978272042366765e-03,4.534114488921125313e-02,1.848340448248579279e-02,9.069029575384942587e-01,7.604767600039208375e-01
6.854502411736719536e-02,1.375321231626173701e-01,1.847076847365896821e-02,9.703387403837937519e-01,7.710939436270838332e-01
2.867567084804885091e-01,1.564256481029320522e-01,1.721616408652103247e-02,9.154597724235413736e-01,7.738077485352197193e-01
2.710921436667436124e-01,6.854562454171497787e-02,1.536843957427427160e-02,9.677032453136926726e-01,6.532812399931702263e-01
4.024082813017602067e-01,1.890707976889089981e-01,8.956333737405395776e-03,9.124037614237409111e-01,6.582026577593389494e-01
3.434141970094456986e-01,7.091511302486982506e-03,2.185606773843700584e-02,9.479414710551755663e-01,6.797547478580174829e-01
2.445673741248710342e-01,2.745567755153403150e-02,2.428528344975190711e-02,9.386768425981806274e-01,7.482826394130598358e-01
6.001167307458765698e-02,1.181686192805376789e-01,1.432968131200332632e-02,9.967346356643267402e-01,7.435923794299120759e-01
2.429868103188922990e-01,1.405799655476275556e-01,2.366477511769311814e-02,9.630809165744456113e-01,6.987745332205365090e-01
2.742428113218355057e-02,5.088591491230274461e-02,2.495989075446566896e-02,9.088205913251314882e-01,7.959498144761689709e-01
1.858496209892558371e-01,1.112601482813783543e-01,1.472391825171641411e-02,9.700886461437960850e-01,6.639659963192187098e-01
1.684209518183468479e-01,6.435886316151973041e-02,1.948710747499936280e-02,9.194138399278983798e-01,7.665080184157364585e-01
1.845321242167019815e-01,1.112637598786964666e-01,1.787580676501045185e-02,9.286150362713356810e-01,7.221315679527865461e-01
1.210453189913637123e-01,1.322062078750862457e-01,9.745296320014945612e-03,9.378443040444641721e-01,7.128251299958792142e-01
2.952212620306203794e-01,1.945888026602424492e-01,5.941788875086375689e-03,9.776225440308399239e-01,6.538347489792347700e-01
3.617651764711763973e-01,9.168367514421556230e-02,1.406710622348913628e-02,9.944080938786390433e-01,7.591699462430331335e-01
3.306937898249613372e-01,1.299949920140047455e-01,2.074409994792544495e-02,9.924335176847983719e-01,7.657363266150462033e-01
2.703056490942876700e-01,1.160298103360664496e-01,1.150269325379393859e-02,9.170683631794013246e-01,6.978436245183018416e-01
2.319499189138626849e-01,6.419342388362701823e-02,2.068877442386368726e-02,9.060413477394579918e-01,7.275444305893769004e-01
1.433511322344502986e-02,5.135976220784635449e-02,1.809603363925911187e-02,9.828533019279511729e-01,7.409663184852294249e-01
3.111386854388342171e-01,1.975862736272000209e-01,1.891082703635174611e-02,9.288218262831506866e-01,7.051467864295429822e-01
2.347976810791753965e-01,4.216361997860155336e-02,1.071481776754779937e-02,9.582826103822921215e-01,7.423373009239042641e-01
1.171479107348074727e-01,1.582647781477731219e-01,1.440094765686093792e-02,9.978627465236310501e-01,7.151190589125121511e-01
1.416442346681264786e-01,3.017089081313144294e-02,8.634076000504342305e-03,9.186422005372070210e-01,7.817104783243102872e-01
4.023753113955190197e-01,1.610659026028889163e-01,9.931610561594528264e-03,9.374855891856854750e-01,7.577769840035921689e-01
2.688514031552903805e-01,3.795996015492006381e-02,6.797000861848303752e-03,9.867598946146115546e-01,6.665749974715352577e-01
2.051664344680796392e-01,1.934641721592172403e-01,7.535468125924160883e-03,9.649980547078041981e-01,7.699404775488118968e-01
2.673754263349069071e-01,1.375115436583289608e-01,9.210269585916731894e-03,9.937553006752892770e-01,7.006258447092513775e-01
1.784954574188468424e-01,1.893353049148994993e-02,1.660468422751673959e-02,9.631719314958833156e-01,7.903352633048013054e-01
2.027081952040939439e-01,1.389422467723431531e-01,1.382422239095279504e-02,9.303569968040817928e-01,7.405056919667080129e-01
1.255426711275905993e-01,1.211205317935288295e-01,1.033879025131123966e-02,9.805108605522487863e-01,6.541366940961195198e-01
1.896970659538154969e-01,6.817170309209774626e-02,2.222224893795378409e-02,9.759263754921078116e-01,7.601544057651590247e-01
2.951190677158636033e-01,5.288646355358621320e-02,1.550295382683972156e-02,9.933618941078863340e-01,6.696101553456569322e-01
1.813508586209529316e-02,1.440333955678822775e-01,2.346218947271587474e-02,9.476166932213032634e-01,7.815901224435918282e-01
3.420667577300504081e-01,1.485309132170233026e-01,1.769929924555135523e-02,9.502839287134310364e-01,7.922495461336103162e-01
1.223982230295032059e-01,6.611396394155477640e-02,5.315751930574333373e-03,9.323823100361675609e-01,7.542883779544012901e-01
2.938181513825423585e-01,1.753691950570612501e-01,2.326951382031390569e-02,9.268758334506533858e-01,7.299309165073916139e-01
2.767291599977457217e-01,5.449661655880976702e-02,2.214926671361652777e-02,9.996527819141299842e-01,7.403094511749470641e-01
2.809774330816199872e-01,1.490302076898739406e-02,1.770542445561798517e-02,9.977255516243894728e-01,7.143282756793898347e-01
2.618873050737394181e-01,1.203737011206881535e-01,1.569547111461636058e-02,9.529646463001177903e-01,6.625374173021885138e-01
4.124546885318304268e-01,2.230704399349161399e-02,1.405852146637170258e-02,9.955085582363836227e-01,7.893265248251475352e-01
2.190796457963226640e-01,5.605614878903057013e-02,1.464349691533663525e-02,9.356155447606442355e-01,6.993779802131663281e-01
3.151649005560857586e-01,1.019300922166391510e-01,2.038441281684699388e-02,9.849994324074686780e-01,6.969271660550604430e-01
3.036377630996338062e-01,5.798556484910222936e-02,1.526283204717371680e-02,9.634868157845335457e-01,6.786987163749235163e-01
1.023587906524037194e-01,4.378427214158883696e-02,8.520493974048812605e-03,9.717066114139664146e-01,7.988612373251693377e-01
1.225382050111481907e-01,1.409338975662252358e-01,6.163551343459854059e-03,9.718202932404242933e-01,7.913846655920437900e-01
1.829033351093392046e-01,1.098528689390568247e-01,7.523725525730249469e-03,9.635828650006263985e-01,7.024148554780637044e-01
1.201324121687167568e-01,1.681124884018058430e-01,1.002882217674772383e-02,9.852328011320112822e-01,6.890008071417363933e-01
1.583327894409527203e-01,1.166666793364400517e-01,1.235468242879413266e-02,9.392013250657242907e-01,7.708054294523540850e-01
1.687221033752432375e-01,9.720599514298189359e-02,2.284832024350417698e-02,9.849188950963089217e-01,7.133915075294209318e-01
2.600578966425495797e-01,5.299001397054685369e-02,9.781744643993360577e-03,9.183415163920548574e-01,7.951682075132214811e-01
9.533282833334143225e-02,1.586211091431681819e-01,1.139197116005069566e-02,9.199959420200056748e-01,7.851825094414003336e-01
3.460412104610988693e-01,4.017733070430908049e-02,9.460290790535477029e-03,9.717343220392002934e-01,7.639177013390289206e-01
1.887030970549754827e-01,4.920345378365889588e-02,1.591483637412266852e-02,9.750129890327587923e-01,6.634886435171550856e-01
3.039787239121128914e-01,1.684761307538609199e-01,1.734173392588973794e-02,9.902301074867567721e-01,7.553191604833251471e-01
3.593882445231087047e-02,1.484973126201130089e-01,1.564255063794321374e-02,9.274682904804728567e-01,7.980881580291313560e-01
2.026151540793534045e-01,1.229618243069245942e-01,2.403713302433880400e-02,9.056069452386442675e-01,7.059938799475650173e-01
1.310617930407384502e-02,8.745185626528113182e-03,2.490756035308248559e-02,9.507471725406895224e-01,7.822353504573971161e-01
2.909653864888772645e-01,2.632426603866057369e-02,2.174791979611126816e-02,9.875340465376792887e-01,7.112212759019290731e-01
1.484516230317428354e-01,1.004915345773343266e-01,2.110592289780604397e-02,9.971465853646853672e-01,7.956986001064072500e-01
4.082294572514004738e-01,1.495214457730953128e-01,1.232105553499217125e-02,9.857826295204731304e-01,7.480387057381335802e-01
1.400492880640089033e-01,9.335607197417283842e-02,1.659567012323996671e-02,9.489956449672605210e-01,6.644750724370689365e-01
2.428727302496048179e-01,4.441311858541834717e-03,1.202944837897770326e-02,9.863382236071031040e-01,7.218568608191935354e-01
1.114192699729896902e-01,3.766972973469752406e-02,2.068711692347478814e-02,9.213970923869035934e-01,6.574593130096576532e-01
2.670283178184089667e-01,1.181645732244234054e-01,8.436622781836719889e-03,9.921169651234857945e-01,7.092613585529162767e-01
2.013611682071576314e-01,1.391491948779102761e-01,9.333434285892861296e-03,9.566845961018047850e-01,7.873071821211622412e-01
1.599995241859165085e-01,7.652234229668973021e-03,5.773881417406177136e-03,9.389363585802101841e-01,6.848303291722044328e-01
8.838273075539716805e-02,9.623018938639565922e-03,1.717879346675984728e-02,9.581641182164322146e-01,7.925851667122585376e-01
4.884265656375432613e-02,5.300071297581623181e-02,1.877076517577913953e-02,9.784008209867195438e-01,6.649884566952710685e-01
5.242814846741283147e-02,1.761683738192642429e-02,5.067245724627576428e-03,9.240121512764766232e-01,7.497217320611256897e-01
4.295881675098823238e-01,1.088473002064795775e-01,1.521571527988501218e-02,9.101879802768736427e-01,7.948528334225752889e-01
1.778813018217536845e-01,2.561669440937941467e-02,1.253749076979547919e-02,9.733120103662181721e-01,7.481230360599876450e-01
1.827844677662627962e-03,1.299956476453830723e-01,2.084761563637535509e-02,9.952468966332923550e-01,7.848505930632925232e-01
4.098064511785601272e-01,1.556678385422098077e-01,5.777814919972867891e-03,9.636978091974239824e-01,7.986545711968696670e-01
9.571387494589626843e-03,1.941328160866692409e-01,5.971313776361571179e-03,9.142583454090225104e-01,7.462765154063696338e-01
1.805734478628949480e-01,1.897329853659051602e-01,1.740418197451759977e-02,9.643385369457057044e-01,7.673395770935911298e-01
3.087978843814113694e-01,5.539966489682036227e-02,1.683277709159528013e-02,9.116632096180883327e-01,6.547977790669605724e-01
3.933630758354857426e-01,6.852510922011392606e-03,2.162180045996020539e-02,9.303524753019911664e-01,7.140965567778566614e-01
3.068282190243713514e-01,6.655303100624182511e-02,1.684533778314722258e-02,9.031597701198966766e-01,6.932398030257368449e-01
1.998954488521050565e-01,1.419875436238180189e-01,2.398741657183002876e-02,9.487501624087900653e-01,7.736278000995735482e-01
4.190356347241803725e-01,1.290044064523531916e-02,1.128769284468844267e-02,9.321354185507901846e-01,7.516367018871958905e-01
1.786801532127301265e-02,7.258281887661431619e-02,1.295842812809600356e-02,9.097521889845396892e-01,7.421621333570284085e-01
4.243767548888054408e-01,6.030887496183448548e-02,2.455349333005833398e-02,9.309027302282651961e-01,7.897338031728377006e-01
3.653889756829202806e-01,4.464978152797637045e-02,7.150484867435562969e-03,9.647570119416163381e-01,6.633301707622163423e-01
3.995109773472080850e-01,1.415200201913327516e-01,2.091809706392559406e-02,9.289081555500471321e-01,7.930761908321859455e-01
1.102973699378432121e-01,1.321603039998504592e-01,5.231374293208805766e-03,9.143072117392929687e-01,6.651147060753831441e-01
6.211451300995173008e-02,1.075633247128343351e-01,1.473026498806704471e-02,9.544797465025778305e-01,7.020526320323776659e-01
2.855622548508883196e-01,1.822441532966379285e-01,8.068046747373490077e-03,9.753227270586483089e-01,7.445410497195773525e-01
2.223036988960454818e-01,2.152463169332421988e-02,1.697723407456130235e-02,9.830141356206457681e-01,7.012214305801214298e-01
2.254390551593387637e-01,3.078815567114803753e-02,2.096339939415656217e-02,9.472097113113143729e-01,7.523804417441548598e-01
3.976616275693003466e-01,7.730648616466320733e-02,5.660846047013745955e-03,9.711072420923719806e-01,7.663127928793349586e-01
2.670147089542495022e-01,1.315205283207172282e-01,8.275454531834904037e-03,9.833327748444101735e-01,7.742758744912009439e-01
1.344463852598690723e-01,1.172317791568370099e-01,1.185220762323804973e-02,9.672889230571726227e-01,6.769015551356000193e-01
1.726285527032688227e-01,1.573449480611846182e-02,1.011597931711347848e-02,9.527271405083306277e-01,6.773115044283269937e-01
5.826971325440418598e-02,1.917265359455470330e-01,1.266439779612510245e-02,9.059939367140903421e-01,6.578471041893364513e-01
8.350272327827071295e-02,6.170789847581691079e-02,2.403736599634903603e-02,9.290034374595826927e-01,7.236277758360240009e-01
6.249718011989201238e-02,7.243555014283568905e-02,7.024122548804809588e-03,9.319815157445726639e-01,6.706300428268976432e-01
3.486149853796710607e-01,1.251023300096412716e-01,1.346564217331544175e-02,9.395011250934078850e-01,6.977895487080667536e-01
3.033907177600389526e-01,1.890879379744871969e-01,1.414182743215165738e-02,9.950892703304312636e-01,7.760651478924945890e-01
2.285180125550554386e-01,1.328749595815511275e-01,1.060684103658325432e-02,9.208875342352843552e-01,7.922988414076526098e-01
1.616038006262278393e-01,1.909998925799931413e-01,1.057013115375139353e-02,9.541554911007293915e-01,7.733113921020517978e-01
2.877840505491463530e-01,3.833063264527531572e-02,1.929504323498641358e-02,9.991218106694220724e-01,6.500972574743683063e-01
3.497363941614814453e-01,1.241431758656140610e-01,1.735687685301965516e-02,9.618794560780657976e-01,7.352036362008158576e-01
3.790490495231631507e-01,1.659468994833806776e-01,2.125664039466306290e-02,9.208910723678181975e-01,6.749990194350407036e-01
2.356699619005170887e-01,1.022958691827145911e-01,1.310146444956104481e-02,9.960190931778107881e-01,7.063620366810137163e-01
3.527307172606516383e-01,7.307256149003875378e-02,1.713422053959346228e-02,9.336292669053817272e-01,7.141878416217763981e-01
2.203502540140461763e-01,1.969669474763435790e-01,2.287176281365169150e-02,9.047870709598631045e-01,7.914411136718056961e-01
2.045734082616051663e-01,2.905648073893544320e-02,2.202656943432771200e-02,9.431361767459680578e-01,7.450608097835936805e-01
3.722702660618810167e-01,8.277497597820267228e-02,2.340046784999917986e-02,9.240655696175048561e-01,6.901482577970263765e-01
1.667544186575408427e-01,1.748013767595713863e-01,1.037950045056449874e-02,9.818863773095345415e-01,7.464192260950159863e-01
1.708465393084612760e-01,1.801956685546782788e-01,2.470842369064240457e-02,9.219955834247255400e-01,7.927798216330884662e-01
1.318069671272290300e-01,1.960960382103950628e-01,2.132779830942833216e-02,9.819854022237812785e-01,6.588738686138130296e-01
2.235230414383905517e-01,1.770846708606119146e-01,2.089615612082606697e-02,9.036171016534809697e-01,7.723981501763936830e-01
2.347406644527786357e-01,1.114044805209509631e-02,1.835157201917318737e-02,9.929157317918789749e-01,6.825346333571209456e-01
2.843378313381860201e-01,1.860235334258701634e-01,2.466535946744130917e-02,9.042193526785013979e-01,6.729661928095935775e-01
1.856854910370057399e-01,8.620527108995026944e-02,1.383126456092960768e-02,9.938539843986992084e-01,7.848300378010175660e-01
9.445219821806412341e-02,1.306722183038598328e-01,1.983078609524821512e-02,9.073691275831495817e-01,6.502774185496845716e-01
3.728752447755527277e-01,7.946089796425670482e-02,1.897622575977042994e-02,9.872583602558423488e-01,7.611628610559338926e-01
1.494343720451081770e-01,1.629199472460962084e-01,1.964177812894131112e-02,9.831332037649718192e-01,6.630842614834082660e-01
3.969427271114349121e-01,1.156079359882304508e-01,2.002929628338513332e-02,9.594423837607410910e-01,7.426992942560924904e-01
8.995457986834952402e-02,1.692633838682468528e-01,8.815117822424268362e-03,9.035986084065681379e-01,7.431345352085853007e-01
2.412646573053428833e-01,3.956052283263268576e-02,1.198102939404804661e-02,9.621142806769614753e-01,7.794164074237193152e-01
2.312078751241350150e-01,3.781163585622555195e-02,1.284507991651809983e-02,9.617846420826859921e-01,7.733909745844322892e-01
3.564899267606809752e-01,8.863498351537262010e-02,1.995999627959924028e-02,9.557197474977169316e-01,7.527746514629056751e-01
6.056724491610596117e-02,1.945557447533626796e-03,1.932495951438608847e-02,9.631525571446720724e-01,7.070821385631398392e-01
3.913630471815909284e-01,1.388777380243553794e-01,2.166732410471438469e-02,9.968107403245293208e-01,6.749608620571355688e-01
2.289826858618181082e-01,5.991469183379418556e-02,2.077038315780672245e-02,9.995507247656967298e-01,7.453524389148927787e-01
2.524409256992631856e-01,1.119025698966755328e-01,1.692067758778821596e-02,9.520495806645840053e-01,7.245454698061869481e-01
2.198613398247420692e-01,1.493070853170852877e-02,7.798969729748850971e-03,9.091800624289235744e-01,6.616913393422081402e-01
1.645468503275831357e-02,3.495822751715609716e-02,1.770910518464730368e-02,9.133969043645178143e-01,7.933342835703279805e-01
2.142518939150305779e-01,1.249489748343646373e-01,2.274118567274958230e-02,9.720350879340015071e-01,6.971629279867718187e-01
1.140628052884289367e-01,6.182686279509757438e-02,1.786348726779462409e-02,9.981963587223066092e-01,6.503211147488457966e-01
1.480132293820896894e-01,4.372966657454110950e-02,2.291252857155483616e-02,9.436055223731947272e-01,7.852535455756163296e-01
2.794645860512830482e-01,4.654045366074582163e-02,2.498106036273798833e-02,9.098038745911648517e-01,7.365576319805999805e-01
2.145120685443914488e-01,4.374905358037359943e-02,1.218404466047065884e-02,9.353044552504948816e-01,7.599591010325477125e-01
4.099061323434052828e-02,1.249473389366791004e-01,1.946579388695702031e-02,9.385010277120522382e-01,6.728999360443077560e-01
3.233470687279457745e-02,3.437055167942196926e-02,1.579917265201010584e-02,9.996595333885265333e-01,7.106908511039062848e-01
8.064715141985187574e-02,7.317856547679818524e-02,1.409943601416331280e-02,9.686583353294386800e-01,7.467591844720620209e-01
8.288972787948395426e-02,1.378894862530969934e-01,9.797341573849222690e-03,9.117866086070746112e-01,6.876447062244765984e-01
2.619610247407155312e-01,1.032205404121824821e-01,9.918291919918619665e-03,9.337076716942416255e-01,7.552248417776237233e-01
7.728240507553786609e-02,1.198588932843212967e-01,8.699445735199420535e-03,9.048558712498926404e-01,6.850422384010813603e-01
3.792576325848766028e-01,5.093048891328595673e-02,1.762967012997882985e-02,9.653060508111449556e-01,6.813691740709809652e-01
9.098732340315424105e-02,1.866102597598759405e-01,7.841061932862061767e-03,9.672739268877066365e-01,6.517436975390574760e-01
4.009539008791814657e-02,8.336197041495078952e-02,1.362772939634101371e-02,9.057496745073913003e-01,6.922860118029960930e-01
3.766950410182884901e-01,5.810582338585457834e-02,1.546666478544388157e-02,9.335519941298763280e-01,6.870105188044728362e-01
1.276955301369184503e-01,1.809609106276360013e-01,1.376468954377939660e-02,9.902838366937012360e-01,7.646534835020523113e-01
1.835063081986726685e-01,1.314026334376130201e-01,2.209859026947833330e-02,9.826816030074804198e-01,7.354564859251881970e-01
4.124223187413377789e-01,1.231752267645516430e-01,1.386338719587720467e-02,9.574212569811215712e-01,6.766736725598084812e-01
4.061343950186849794e-01,1.774601957810674480e-01,6.656641859286052502e-03,9.484623360474603304e-01,7.352191206423256409e-01
3.076993454946497231e-01,1.264951696800549821e-02,2.484399082345294801e-02,9.992851912066992304e-01,6.838165385862157164e-01
3.057481029326597141e-02,1.676982228895084748e-01,2.189967182120425640e-02,9.722195559519126729e-01,7.138253420081293044e-01
2.555429138014895241e-01,1.358950084967150973e-01,1.820086970811999466e-02,9.952635211195812737e-01,7.832312092579319929e-01
4.253144341331285827e-01,7.263856616124574062e-02,2.012647241617215171e-02,9.071585214353183879e-01,7.578884329274740983e-01
4.072270619938876401e-01,5.201391716224727096e-02,7.563813995096882459e-03,9.212151156358552306e-01,7.476650025051835291e-01
4.647506929105549300e-02,2.185637407642997132e-02,2.031829588206349527e-02,9.031111035744879834e-01,6.922225173983208579e-01
1.708699730257681459e-01,1.882737598790913403e-01,9.154978834241902369e-03,9.867917614689175609e-01,6.686872497344867883e-01
1.363652639923180754e-01,2.924050856257770503e-02,1.477952259147951447e-02,9.694231441165330754e-01,7.629423476449901376e-01
5.665335786220448283e-02,5.262826861044597043e-02,8.559655786485671075e-03,9.177651652842137020e-01,7.351835576821684759e-01
2.990684755257184135e-01,1.385303287343245260e-01,2.007569928664383607e-02,9.974190607442127154e-01,7.434140254736356646e-01
1.184809483105415534e-01,1.423203351393125260e-01,9.918677610248938931e-03,9.955797222614704012e-01,7.962669979068727200e-01
1.489474295407527404e-01,3.299297221591619700e-02,1.006416836983385459e-02,9.224597804924706823e-01,7.022481380250806815e-01
3.976395810490830629e-02,1.630121009923599096e-01,7.184446986805981261e-03,9.647009753042710134e-01,7.701121293806231227e-01
2.146280827160475524e-01,1.025471665660961373e-01,1.941212913927743353e-02,9.668102916735585861e-01,7.338435261308344781e-01
6.885401350673223120e-02,1.698428789449066834e-01,1.091689261561755789e-02,9.004016755021448937e-01,6.852889918890413545e-01
1.863667917156008325e-01,1.836979257966136342e-02,1.536560026403934603e-02,9.688779792268499280e-01,6.579332497979887284e-01
6.249381328231633920e-02,9.523169819644246303e-03,1.164487114734078649e-02,9.221340194772054133e-01,7.424016337983441183e-01
4.102016027886125071e-01,1.277610859173755886e-01,2.049402517644466695e-02,9.901318750601839636e-01,6.946424204566360450e-01
6.319750674157417758e-02,3.085473562485355203e-02,9.529673129880025795e-03,9.838507132559515256e-01,7.543217519721312492e-01
2.248895890019216581e-01,1.054648601009266912e-01,2.381669000092783567e-02,9.905293584670956664e-01,7.551090742607603490e-01
8.550434506184563521e-02,3.807643097617235788e-03,1.142679949779415449e-02,9.757553962344347465e-01,7.183190701728991989e-01
3.375921368974936498e-02,1.562059228490918494e-01,7.077032425815013052e-03,9.164905438547584771e-01,7.304595675259397680e-01
8.779039748326011861e-02,1.800065038655218330e-01,9.806104656298648622e-03,9.360554312988516035e-01,7.439820286501861446e-01
2.449809207049708296e-02,1.679376696308933214e-01,6.478818581343503621e-03,9.708931473586419614e-01,7.202907415700112725e-01
6.080147735890420457e-02,1.917122098169332656e-01,1.437477461984849533e-02,9.323325043258212652e-01,7.816055908923608131e-01
2.127047036804200764e-01,1.807160551770991552e-01,1.000502441446938021e-02,9.710032933616741246e-01,6.613901862874642656e-01
2.806288585336993435e-01,8.935958563978269042e-02,2.272092088889752712e-02,9.336158724972604128e-01,7.969727239146148223e-01
3.846878066579510064e-02,8.027129348028567979e-02,1.534257240440292658e-02,9.177729454351208904e-01,6.550176367112422460e-01
1.901969896549311756e-01,1.793405499263370784e-01,9.667368974585727193e-03,9.518163818389536734e-01,6.812144533844576300e-01
2.503549728040879718e-01,1.854608202760881785e-01,1.402540659809882809e-02,9.686227759503582835e-01,7.562461781981540954e-01
1.014828150945453755e-01,1.945943537152893810e-01,8.919885442808486720e-03,9.517195687282758998e-01,6.627440389012416722e-01
1.606216385403748947e-01,1.538951297337137758e-01,8.574587518498369074e-03,9.641867298299290345e-01,6.893259129725410883e-01
3.181715911571810634e-02,4.119577715833468851e-02,1.101312940266888085e-02,9.438051018104330891e-01,6.730965018573316083e-01
9.543623341999771248e-02,1.890458730860337666e-01,7.166029295378935696e-03,9.778331328983345117e-01,7.585357345724319522e-01
2.012370052192252734e-01,1.894811518964276964e-01,8.772950738217813113e-03,9.649966422644707942e-01,7.368400086965217755e-01
4.258996947589632209e-01,1.335601414186813329e-01,2.376093745990844053e-02,9.574606634085316426e-01,6.596717917688094124e-01
4.283977120008882200e-01,1.715987730035474779e-01,1.833605269394924034e-02,9.435371715475561194e-01,7.190201353102411153e-01
4.212577012023195344e-01,1.126741078116265116e-01,2.342205326914531538e-02,9.535727556137956196e-01,6.812754392024068517e-01
1.825040597228405337e-01,1.888812621369328204e-01,1.013693882935567600e-02,9.051009721691462007e-01,7.951547896973603091e-01
3.561188233989129315e-02,1.969334292182614923e-02,2.214026671601847587e-02,9.666719676683535045e-01,6.661876920963578641e-01
1.398130045799640675e-01,1.729287756004693755e-01,1.224545613707967925e-02,9.204411729265421505e-01,7.397082763046053389e-01
1.029794670341492580e-01,1.204522217839073053e-02,7.883899622449713068e-03,9.860148960391841300e-01,7.222770853770227317e-01
7.060300636327615856e-03,6.848230339138608458e-02,2.109414200008393955e-02,9.812343768189972781e-01,7.367126745497571960e-01
4.185521881371304792e-02,2.792980288043712608e-02,6.193002637255003509e-03,9.527954666206652767e-01,7.934739276059220581e-01
1.954193401360493354e-01,9.634788340011953001e-02,1.309705677869932652e-02,9.847131068312415803e-01,7.011922816724729390e-01
1.467151969720434102e-01,4.721698544050152019e-02,2.138629337023286933e-02,9.670803243815940808e-01,7.623149559816618792e-01
7.837174658119322457e-02,1.904624034874654315e-01,1.734369850893018733e-02,9.141260044891313941e-01,7.171199715763270088e-01
