0.69314891,0.61548281,0.44665959,0.96607614,0.72770983,1.00000000
0.57416147,0.51812267,0.64572394,0.93656576,0.70304507,1.00000000
0.71747738,0.64260620,0.28121087,0.92271221,0.66125840,1.00000000
0.66956002,0.47037914,0.13292797,0.90836161,0.79864579,1.00000000
0.34594527,0.57345176,0.57391471,0.91017514,0.67621607,1.00000000
0.74861491,0.44047686,0.53081042,0.99594301,0.68829626,1.00000000
0.68931311,0.56172854,0.43852448,0.97884566,0.68538737,1.00000000
0.69673419,0.42075342,0.59726042,0.92449594,0.78619123,1.00000000
0.38249683,0.42671162,0.61181432,0.95291471,0.76455325,1.00000000
0.57911038,0.59200895,0.46347255,0.97142327,0.71859950,1.00000000
0.54296535,0.48092249,0.68583989,0.93525380,0.79331344,1.00000000
0.73593473,0.43345797,0.54100704,0.94399881,0.65791750,1.00000000
0.65203947,0.65673804,0.51580906,0.97183818,0.78405058,1.00000000
0.70738089,0.31267110,0.33024812,0.92274541,0.65906411,1.00000000
0.57612228,0.58038342,0.11897563,0.95263445,0.70866960,1.00000000
0.46180359,0.57603818,0.25937805,0.92100883,0.65810072,1.00000000
0.62051022,0.47491723,0.56701207,0.90030777,0.79984534,1.00000000
0.30501783,0.54939091,0.53521836,0.96902639,0.78715843,1.00000000
0.70876980,0.36860129,0.31236598,0.97072649,0.73771983,1.00000000
0.64790970,0.61658305,0.48563704,0.99957228,0.68267667,1.00000000
0.68839341,0.46087888,0.23252204,0.91810155,0.69151664,1.00000000
0.53495491,0.44576341,0.27272218,0.97395802,0.71743149,1.00000000
0.74735630,0.50230563,0.67494595,0.99479675,0.69841701,1.00000000
0.72694218,0.65187204,0.36069447,0.96445805,0.65319711,1.00000000
0.69446415,0.63195771,0.26175740,0.99631405,0.74843842,1.00000000
0.43881917,0.65972525,0.40418133,0.99944413,0.74201417,1.00000000
0.58599347,0.60131568,0.34530345,0.98016244,0.78564662,1.00000000
0.27049664,0.60380781,0.54678178,0.99992859,0.72152811,1.00000000
0.40653875,0.55739272,0.68359768,0.96258247,0.70170635,1.00000000
0.66496110,0.65237731,0.46572790,0.94970554,0.72672760,1.00000000
0.68434852,0.56605041,0.46538070,0.99176365,0.67920423,1.00000000
0.74653912,0.51738590,0.33225521,0.98309559,0.74383104,1.00000000
0.52021080,0.59864664,0.44978291,0.91101122,0.76550496,1.00000000
0.54280120,0.57548445,0.30548757,0.93027228,0.67301923,1.00000000
0.58717161,0.40031192,0.11828946,0.92606449,0.69775748,1.00000000
0.43494773,0.53041518,0.62711537,0.98552614,0.78017014,1.00000000
0.38425577,0.50169486,0.37026122,0.92332453,0.72582978,1.00000000
0.58971107,0.64166033,0.40711087,0.93040448,0.72977549,1.00000000
0.46158263,0.52572501,0.16676524,0.95187885,0.75836122,1.00000000
0.66065300,0.63684618,0.61006498,0.90761197,0.73668391,1.00000000
0.57341152,0.54624921,0.21784534,0.99612296,0.66043699,1.00000000
0.71020359,0.62331253,0.35918891,0.94910628,0.77059424,1.00000000
0.67048287,0.40877390,0.61192089,0.91904336,0.78842539,1.00000000
0.51299948,0.65583730,0.38693115,0.92708206,0.65799159,1.00000000
0.71008492,0.55754459,0.66538376,0.97980839,0.66818744,1.00000000
0.70219982,0.47912887,0.24077313,0.96340066,0.75529629,1.00000000
0.55093861,0.47062391,0.53837228,0.94646263,0.74067110,1.00000000
0.49959001,0.48149899,0.69294029,0.93316013,0.70737755,1.00000000
0.66478205,0.52152580,0.44094920,0.99006844,0.73088729,1.00000000
0.39355034,0.61578548,0.52481407,0.97725648,0.75550079,1.00000000
0.44269797,0.66019440,0.34895685,0.97181118,0.72567147,1.00000000
0.16080858,0.60518521,0.55961019,0.94460005,0.67102826,1.00000000
0.69698745,0.57575232,0.65227884,0.99811602,0.66341543,1.00000000
0.65902293,0.54813433,0.53120917,0.97100705,0.71582884,1.00000000
0.67203802,0.63812113,0.66819334,0.94236249,0.78843272,1.00000000
0.69515896,0.64219135,0.46391332,0.99605519,0.73366690,1.00000000
0.58272487,0.49350348,0.45713967,0.98957253,0.70373303,1.00000000
0.62572396,0.66085339,0.29683965,0.97399652,0.78630590,1.00000000
0.39359143,0.53121018,0.53507501,0.97669959,0.70829481,1.00000000
0.36873049,0.63266844,0.63644266,0.94236273,0.72637194,1.00000000
0.66019040,0.66315114,0.49783307,0.95073503,0.66747493,1.00000000
0.58780980,0.61281067,0.25472894,0.91915476,0.76061016,1.00000000
0.62444115,0.42669374,0.43771124,0.95953965,0.75504541,1.00000000
0.69047260,0.58565235,0.56231612,0.93699163,0.76913661,1.00000000
0.64894831,0.39618260,0.67021370,0.93474382,0.69877869,1.00000000
0.62013662,0.63050896,0.20976238,0.99482280,0.71540797,1.00000000
0.62222224,0.48857799,0.19264534,0.91647834,0.67525125,1.00000000
0.50838470,0.61097717,0.36055502,0.98299736,0.79467571,1.00000000
0.24227495,0.65325415,0.19153598,0.92814684,0.66291159,1.00000000
0.57322252,0.43864372,0.69436997,0.90286559,0.74735200,1.00000000
0.45315775,0.53045934,0.36723787,0.90404630,0.75578862,1.00000000
0.56068242,0.60020435,0.43153560,0.94291776,0.67366046,1.00000000
0.71603137,0.53917491,0.25122809,0.94544607,0.70479846,1.00000000
0.46625367,0.43494797,0.38183889,0.93202513,0.65646899,1.00000000
0.29629472,0.28700635,0.69687879,0.96687794,0.73349124,1.00000000
0.49557927,0.53498089,0.40511009,0.94853425,0.79924071,1.00000000
0.50258887,0.60068470,0.12283760,0.90741128,0.71448272,1.00000000
0.65805531,0.58261901,0.26031032,0.93480712,0.79850125,1.00000000
0.62141782,0.42325220,0.69320869,0.91019624,0.66893381,1.00000000
0.69609547,0.54876631,0.69945151,0.90629154,0.70886815,1.00000000
0.65884596,0.52248657,0.24146652,0.92083067,0.78529477,1.00000000
0.55970645,0.48551521,0.47956711,0.97005755,0.78150433,1.00000000
0.70487398,0.61827421,0.16288726,0.96960014,0.69853872,1.00000000
0.41722926,0.50024134,0.45731860,0.98613894,0.75179160,1.00000000
0.22065562,0.57391250,0.19171806,0.97564191,0.78292400,1.00000000
0.34093896,0.65558553,0.59921265,0.95354956,0.76503164,1.00000000
0.67743856,0.57368445,0.67033821,0.93126118,0.74427146,1.00000000
0.58396935,0.59315646,0.21940401,0.90058112,0.67288637,1.00000000
0.41249242,0.35327560,0.38983068,0.96471375,0.66095042,1.00000000
0.59995204,0.43693867,0.17767236,0.92897129,0.74219334,1.00000000
0.40482062,0.38107941,0.31714118,0.92501003,0.72504133,1.00000000
0.66922569,0.62562358,0.15593986,0.99748254,0.68570548,1.00000000
0.57730120,0.63959539,0.27326265,0.91742402,0.69391549,1.00000000
0.54787958,0.44181898,0.70013160,0.90324348,0.70881307,1.00000000
0.50703222,0.45964134,0.14388427,0.99493903,0.72432810,1.00000000
0.64743865,0.50554365,0.62292254,0.93060064,0.70853883,1.00000000
0.53857148,0.58687222,0.16320740,0.93934202,0.70809376,1.00000000
0.33796307,0.59429109,0.42882171,0.90809351,0.66735995,1.00000000
0.37235057,0.60912317,0.38359988,0.94040650,0.77983856,1.00000000
0.74509639,0.65237844,0.66562039,0.99722213,0.74137312,1.00000000
0.73110181,0.49433026,0.23473521,0.96940196,0.67191535,1.00000000
0.67030531,0.60286486,0.22334236,0.94738251,0.71358114,1.00000000
0.48637646,0.57899785,0.55806708,0.93074715,0.71250737,1.00000000
0.74696654,0.49871829,0.54454088,0.93660438,0.74009311,1.00000000
0.69457310,0.65277630,0.52893043,0.96112281,0.74133044,1.00000000
0.67573011,0.37606594,0.13301595,0.92544502,0.74678332,1.00000000
0.57867324,0.61460632,0.27056453,0.91519475,0.75468546,1.00000000
0.49019793,0.61797982,0.61170304,0.96962285,0.66550308,1.00000000
0.34857029,0.65418673,0.47109300,0.98694700,0.69573832,1.00000000
0.72949886,0.56815177,0.47187936,0.99015391,0.65260220,1.00000000
0.58139974,0.50493222,0.29171565,0.98414183,0.71819621,1.00000000
0.44448221,0.63803422,0.27069005,0.95305997,0.71441454,1.00000000
0.50949252,0.62683851,0.67444408,0.97888309,0.76014906,1.00000000
0.62952781,0.56313086,0.54573840,0.99263555,0.67506754,1.00000000
0.42512897,0.62624121,0.19227418,0.90233624,0.74472415,1.00000000
0.71692592,0.48274130,0.66923940,0.94120979,0.69600415,1.00000000
0.68852365,0.58648509,0.46021774,0.92041254,0.70728749,1.00000000
0.67653483,0.64508820,0.31374258,0.99967688,0.75789303,1.00000000
0.57120287,0.50352049,0.35125849,0.99295658,0.66073221,1.00000000
0.64642256,0.55840087,0.54435557,0.98021859,0.70141745,1.00000000
0.63128322,0.66044354,0.33898392,0.92958796,0.70869851,1.00000000
0.65404516,0.63230145,0.45808518,0.99521023,0.75736243,1.00000000
0.33390111,0.64910102,0.53558797,0.90292501,0.67988366,1.00000000
0.56397402,0.52790427,0.23257352,0.91880399,0.79211193,1.00000000
0.26614776,0.66815817,0.67308325,0.96168739,0.79966432,1.00000000
0.59713644,0.42081958,0.32716045,0.97930068,0.77283651,1.00000000
0.52233475,0.56820333,0.36433810,0.98836309,0.69495690,1.00000000
0.39790756,0.55717492,0.52853787,0.93005085,0.74958003,1.00000000
0.35663497,0.63234484,0.47575593,0.93908048,0.66247219,1.00000000
0.63255328,0.65299129,0.37654108,0.94548273,0.78069192,1.00000000
0.42018205,0.61866707,0.49984825,0.90269738,0.72739893,1.00000000
0.73550016,0.59547740,0.64872253,0.98639691,0.67646587,1.00000000
0.63019162,0.54162455,0.58840215,0.93379486,0.69911247,1.00000000
0.53110147,0.56589919,0.60250533,0.91992784,0.77011138,1.00000000
0.63372010,0.56561738,0.26965201,0.94091970,0.78053403,1.00000000
0.22092490,0.26662099,0.36435491,0.97105634,0.72795701,1.00000000
0.74423546,0.56388998,0.44342303,0.98709154,0.72204673,1.00000000
0.59241199,0.64337403,0.14364167,0.92153764,0.76261020,1.00000000
0.69575208,0.61402112,0.57046598,0.91726130,0.77392846,1.00000000
0.33168763,0.63180828,0.30791965,0.99437827,0.76472700,1.00000000
0.59418118,0.52966672,0.28388005,0.95508933,0.70766419,1.00000000
0.59581655,0.57095021,0.27017176,0.93657720,0.74628884,1.00000000
0.73884380,0.29587138,0.28434074,0.91993195,0.77860397,1.00000000
0.62681293,0.52714205,0.31647933,0.99952477,0.67276412,1.00000000
0.58879864,0.55577254,0.47342622,0.97191840,0.70822048,1.00000000
0.48704392,0.47703946,0.46092078,0.92178851,0.65849280,1.00000000
0.52322829,0.29146639,0.26806575,0.90912592,0.71133161,1.00000000
0.60765058,0.60992599,0.23907310,0.91992825,0.76584232,1.00000000
0.57417578,0.54400676,0.60374010,0.92477429,0.67955428,1.00000000
0.21737643,0.53790706,0.17219020,0.91110855,0.73128307,1.00000000
0.70838833,0.47462803,0.41930756,0.92296511,0.65548784,1.00000000
0.72776383,0.57330316,0.42385933,0.91167796,0.78464752,1.00000000
0.39400831,0.54491270,0.45537460,0.93777317,0.77300072,1.00000000
0.62030637,0.55564743,0.63861769,0.94861954,0.72866136,1.00000000
0.36235848,0.58434385,0.48465526,0.94552851,0.75586808,1.00000000
0.66144693,0.21800180,0.69037282,0.98292100,0.66558743,1.00000000
0.49549186,0.65282649,0.63020772,0.92539954,0.77678144,1.00000000
0.65723073,0.35081431,0.24396487,0.98870939,0.75728923,1.00000000
0.67887986,0.54883593,0.25951961,0.99081230,0.66799510,1.00000000
0.69156528,0.45342022,0.32045537,0.99597996,0.79710340,1.00000000
0.36144701,0.56955761,0.34794965,0.91809833,0.65337956,1.00000000
0.73308450,0.48811448,0.44293830,0.92457509,0.74427664,1.00000000
0.46379006,0.64412665,0.25441921,0.96238321,0.67576325,1.00000000
0.25737992,0.53162271,0.24843834,0.91408914,0.75788867,1.00000000
0.62060964,0.59827071,0.34199411,0.90856212,0.66056097,1.00000000
0.54302561,0.47411209,0.51295477,0.90736973,0.66216511,1.00000000
0.70938373,0.26405829,0.52242684,0.96061498,0.71994376,1.00000000
0.70320970,0.53418511,0.69183338,0.98046780,0.79910141,1.00000000
0.51557964,0.57294798,0.23671496,0.92588854,0.69147742,1.00000000
0.74277133,0.55141246,0.34874067,0.99335337,0.74187922,1.00000000
0.50106937,0.66232985,0.68510443,0.97919357,0.72778988,1.00000000
0.60546809,0.61349720,0.52353454,0.90774602,0.77631795,1.00000000
0.48031378,0.66801882,0.46604618,0.94073033,0.69328845,1.00000000
0.73837644,0.49433848,0.43508592,0.90680146,0.73324168,1.00000000
0.41527733,0.63049132,0.16206492,0.99151939,0.79259354,1.00000000
0.27264279,0.57792753,0.64316106,0.97428024,0.69988787,1.00000000
0.57251644,0.59189790,0.48559129,0.96865451,0.71591085,1.00000000
0.75286555,0.66637444,0.45392200,0.96827018,0.78332198,1.00000000
0.72655129,0.60177851,0.43500021,0.92851824,0.69987482,1.00000000
0.68552083,0.65123302,0.34818482,0.99335390,0.70710105,1.00000000
0.72631150,0.61753166,0.26744983,0.99227768,0.69561779,1.00000000
0.72703028,0.40289742,0.56195408,0.97394890,0.77142972,1.00000000
0.60694724,0.61189324,0.41739267,0.94689304,0.78955805,1.00000000
0.51492798,0.55861950,0.13761149,0.90471154,0.74466485,1.00000000
0.69256991,0.65480274,0.35240853,0.90283114,0.74354452,1.00000000
0.65797102,0.63399160,0.66388452,0.91381341,0.70850056,1.00000000
0.54434896,0.38390958,0.33758503,0.95957649,0.65187258,1.00000000
0.34629062,0.40777510,0.36072531,0.97980994,0.67609066,1.00000000
0.68496704,0.34910056,0.48468301,0.99484658,0.67211574,1.00000000
0.48430666,0.56115061,0.58922046,0.91753620,0.66738230,1.00000000
0.73857826,0.36147740,0.51085949,0.92755276,0.74810708,1.00000000
0.47083354,0.61709350,0.61767924,0.90541005,0.67045236,1.00000000
0.37718874,0.57710099,0.18468858,0.99890471,0.66284508,1.00000000
0.70975947,0.63958853,0.66152501,0.97809148,0.70738721,1.00000000
0.40566719,0.48792857,0.64936584,0.94807142,0.68735337,1.00000000
0.42709434,0.56830364,0.42302859,0.95755655,0.67187905,1.00000000
0.63672090,0.39514050,0.48514250,0.95621747,0.67191917,1.00000000
0.72188491,0.64865869,0.24283120,0.92543608,0.68843085,1.00000000
0.44014883,0.43506038,0.38114554,0.91853905,0.73052746,1.00000000
0.51188695,0.38234162,0.23688433,0.92969757,0.76371431,1.00000000
0.69417387,0.45217571,0.13057452,0.92471534,0.77791649,1.00000000
0.74764508,0.63387382,0.69464886,0.95575279,0.76271266,1.00000000
0.59983140,0.38537812,0.27008620,0.93082029,0.74423200,1.00000000
0.39734074,0.59253675,0.46653429,0.97289449,0.78614366,1.00000000
0.19109860,0.62180340,0.29426494,0.95679396,0.72796053,1.00000000
0.46341881,0.62281489,0.33565977,0.95322639,0.74500352,1.00000000
0.38608783,0.44388431,0.35162446,0.99512941,0.71174306,1.00000000
0.66321325,0.33936095,0.31473339,0.93224096,0.69910765,1.00000000
0.37625629,0.54819733,0.49258810,0.96352696,0.69975674,1.00000000
0.60204446,0.45078897,0.68290371,0.90000504,0.67224759,1.00000000
0.66856796,0.61185998,0.36978510,0.97369236,0.76948965,1.00000000
0.63021159,0.51797140,0.69019216,0.95025438,0.65830523,1.00000000
0.44260123,0.54836261,0.51046896,0.92083848,0.75120276,1.00000000
0.70201421,0.39187908,0.47478598,0.90015107,0.77966905,1.00000000
0.67526531,0.58099371,0.25711992,0.97069442,0.72461426,1.00000000
0.68257970,0.44128090,0.15465924,0.96627009,0.66053009,1.00000000
0.38535309,0.60740590,0.61878514,0.96654069,0.71426260,1.00000000
0.37818706,0.35090810,0.45528299,0.94374549,0.70148396,1.00000000
0.73614526,0.66469383,0.36141992,0.96392971,0.79783088,1.00000000
0.55565625,0.60863239,0.59527487,0.95713347,0.75368977,1.00000000
0.50671864,0.43906736,0.30034140,0.92388952,0.75820398,1.00000000
0.59496015,0.24836130,0.57859838,0.95187682,0.72737402,1.00000000
0.65836811,0.50982296,0.31056696,0.95145929,0.75641215,1.00000000
0.74347669,0.42098480,0.65934187,0.98236227,0.75838566,1.00000000
0.49850947,0.45919991,0.27527463,0.94334888,0.65995383,1.00000000
0.73541778,0.64648598,0.19856125,0.94360852,0.68339097,1.00000000
0.22679047,0.58983451,0.52829218,0.99844044,0.65194511,1.00000000
0.62073791,0.43593538,0.21343955,0.98944640,0.72647113,1.00000000
0.64869589,0.57821107,0.67609590,0.92422861,0.78136998,1.00000000
0.35941774,0.47730124,0.50326771,0.99102932,0.74143320,1.00000000
0.39409167,0.66474569,0.25344744,0.91379666,0.72503114,1.00000000
0.56545693,0.29446626,0.24048172,0.98533911,0.78889489,1.00000000
0.74621111,0.61891460,0.66110295,0.91833234,0.67583275,1.00000000
0.63554049,0.62727976,0.47521055,0.94256032,0.66119063,1.00000000
0.73758340,0.34620184,0.64337415,0.99839216,0.78759587,1.00000000
0.70208281,0.43315351,0.18248542,0.90970486,0.78541726,1.00000000
0.58626842,0.52758598,0.66199541,0.98397881,0.75244588,1.00000000
0.69635075,0.64563817,0.42355841,0.94947338,0.68689686,1.00000000
0.20529191,0.57308376,0.51083642,0.91109914,0.79546458,1.00000000
0.36297628,0.60207951,0.33698556,0.99524915,0.76480198,1.00000000
0.70928109,0.62928885,0.15243548,0.95492315,0.75108421,1.00000000
0.69988739,0.63810742,0.68116027,0.98806411,0.68343669,1.00000000
0.46539778,0.55631328,0.70270491,0.98691070,0.72696340,1.00000000
0.61153620,0.56547791,0.33208638,0.90146345,0.77338642,1.00000000
0.63905197,0.61588907,0.67286348,0.92648405,0.77903903,1.00000000
0.72000772,0.48072392,0.21630958,0.93369216,0.73421454,1.00000000
0.63803184,0.64309722,0.20863791,0.95348638,0.72841907,1.00000000
0.56251550,0.26771238,0.16065402,0.90718663,0.75465256,1.00000000
0.54460281,0.44709769,0.34780553,0.93889672,0.72923732,1.00000000
0.56846762,0.63269234,0.14841309,0.98146379,0.71265215,1.00000000
0.65474123,0.51198494,0.34979835,0.91731912,0.66281283,1.00000000
0.71993923,0.41898325,0.19905320,0.97012764,0.66890746,1.00000000
0.58060360,0.44199163,0.54736930,0.94603294,0.76404130,1.00000000
0.47522342,0.57142627,0.60786039,0.90707052,0.65369964,1.00000000
0.46803793,0.64153749,0.52224439,0.91773742,0.65784574,1.00000000
0.68473065,0.35031003,0.23558480,0.91410309,0.78569657,1.00000000
0.70560670,0.28992710,0.56873423,0.96197176,0.75559956,1.00000000
0.35873085,0.55307287,0.26441187,0.90873241,0.65063190,1.00000000
0.30917487,0.66132987,0.56440508,0.98230469,0.69680649,1.00000000
0.63497037,0.48759159,0.45141032,0.98066592,0.76449776,1.00000000
0.39939141,0.66184235,0.33336031,0.90800619,0.71264011,1.00000000
0.70792419,0.64921778,0.16676022,0.98881972,0.72031969,1.00000000
0.51189297,0.48935246,0.60441738,0.99591607,0.71881986,1.00000000
0.39731759,0.63595688,0.67038405,0.90434682,0.68032014,1.00000000
0.73440158,0.60892791,0.50936341,0.99503297,0.75820869,1.00000000
0.41604200,0.56630951,0.68502444,0.92794621,0.66545093,1.00000000
0.49751422,0.54020590,0.66712439,0.96647620,0.72608769,1.00000000
0.40595293,0.63567716,0.23212259,0.91748160,0.67549336,1.00000000
0.36973742,0.63128901,0.54777199,0.98174560,0.65697992,1.00000000
0.21596286,0.62401712,0.32312047,0.98419136,0.67148656,1.00000000
0.29148126,0.66845000,0.40442199,0.99783415,0.78040022,1.00000000
0.42343590,0.55695593,0.20997967,0.99925333,0.67642218,1.00000000
0.28805214,0.63400888,0.69104671,0.90758580,0.69175535,1.00000000
0.63380140,0.64458632,0.54478669,0.96579635,0.67071420,1.00000000
0.66420525,0.45566091,0.27465194,0.92730463,0.76033175,1.00000000
0.55382180,0.31113514,0.33615983,0.91255778,0.71681738,1.00000000
0.51603764,0.53437883,0.36616641,0.91487956,0.79154527,1.00000000
0.60133201,0.64351708,0.55737281,0.99364370,0.74964869,1.00000000
0.72200644,0.49186680,0.66217488,0.96836489,0.72970837,1.00000000
0.71539724,0.61202049,0.30672950,0.90504611,0.74849463,1.00000000
0.26985270,0.22275853,0.39558828,0.99842298,0.65606380,1.00000000
0.42883554,0.51749521,0.46659270,0.98078120,0.79259902,1.00000000
0.46809179,0.59279704,0.34902588,0.93091792,0.79346442,1.00000000
0.47620159,0.40468910,0.41422430,0.94708669,0.69142097,1.00000000
0.62663257,0.65083456,0.17982802,0.97265762,0.74424434,1.00000000
0.56417853,0.42327368,0.21627904,0.96760321,0.68028730,1.00000000
0.28075483,0.65320128,0.35358897,0.94630808,0.73212075,1.00000000
0.54432791,0.45815745,0.65584648,0.95123899,0.76561838,1.00000000
0.60884130,0.66778654,0.32315180,0.90432078,0.79097325,1.00000000
0.35467800,0.59020853,0.26458400,0.95006335,0.70088255,1.00000000
0.71042472,0.36518356,0.55462486,0.93402469,0.75402582,1.00000000
0.28558367,0.34391865,0.67595893,0.92850512,0.75746405,1.00000000
0.73542660,0.35515144,0.38771978,0.92696226,0.68317235,1.00000000
0.35174513,0.58658040,0.12270880,0.96489471,0.74435484,1.00000000
0.71327960,0.63452679,0.52244079,0.94292575,0.74831319,1.00000000
0.72951251,0.53379571,0.36180046,0.94258022,0.76461142,1.00000000
0.74962103,0.54699433,0.51390916,0.91591871,0.79999208,1.00000000
0.70140475,0.58643115,0.28100970,0.99618638,0.65603483,1.00000000
0.69478840,0.57203436,0.11906362,0.92239261,0.68034577,1.00000000
0.65157437,0.60941088,0.32029191,0.94061095,0.67176175,1.00000000
0.69464582,0.55500871,0.53223079,0.91902047,0.67316508,1.00000000
0.38868922,0.61500442,0.34889016,0.97031426,0.71813732,1.00000000
0.61355549,0.66829252,0.24657302,0.94361287,0.78178048,1.00000000
0.60514247,0.51566672,0.39059228,0.94136500,0.71730846,1.00000000
0.71719229,0.24202003,0.56020504,0.98750949,0.75027204,1.00000000
0.58435577,0.40155104,0.18790181,0.97594798,0.70647490,1.00000000
0.54981083,0.57739991,0.52456003,0.95198750,0.69794947,1.00000000
0.65058935,0.51346117,0.51020235,0.94685906,0.77513528,1.00000000
0.48673487,0.65852475,0.33572817,0.99599016,0.74833214,1.00000000
0.39356506,0.59562576,0.68843305,0.99564624,0.70263427,1.00000000
0.59060299,0.56863254,0.64394432,0.97047710,0.78712404,1.00000000
0.56446004,0.63226753,0.30362439,0.97601479,0.72477674,1.00000000
0.46535105,0.47858137,0.13593593,0.98990929,0.67824119,1.00000000
0.54136664,0.63649595,0.29900283,0.99643087,0.72248328,1.00000000
0.54081994,0.20028563,0.23807172,0.90822750,0.75120491,1.00000000
0.52109188,0.59378821,0.43955994,0.99973387,0.70506686,1.00000000
0.54713672,0.65761256,0.65808493,0.97030222,0.77656770,1.00000000
0.66583133,0.63025433,0.62961030,0.95927447,0.72997159,1.00000000
0.50444049,0.64293712,0.29754657,0.94131672,0.72016472,1.00000000
0.74172235,0.53181958,0.36976326,0.93363899,0.77880669,1.00000000
0.73317397,0.63736248,0.13914247,0.98042101,0.71943766,1.00000000
0.59184384,0.57670540,0.43774325,0.96544349,0.71216154,1.00000000
0.52154738,0.59351784,0.15492234,0.92007053,0.66555744,1.00000000
0.61331487,0.33585918,0.66976833,0.96099108,0.70437378,1.00000000
0.71467811,0.45028105,0.62760812,0.91411662,0.70955724,1.00000000
0.65496004,0.57673979,0.24363978,0.94968748,0.67709333,1.00000000
0.70209175,0.33570901,0.52904040,0.95834577,0.73817348,1.00000000
0.61228192,0.62082136,0.45177668,0.96356839,0.67157632,1.00000000
0.64833629,0.64038038,0.58903396,0.91452622,0.68355346,1.00000000
0.49949116,0.65507972,0.39744243,0.90955985,0.73416382,1.00000000
0.68132180,0.38181198,0.23045410,0.92587084,0.69034755,1.00000000
0.44451207,0.65847903,0.49402553,0.96070296,0.74595022,1.00000000
0.66873932,0.34674874,0.16487078,0.99316829,0.75357699,1.00000000
0.71806610,0.55566823,0.46152234,0.97791237,0.69519359,1.00000000
0.38635686,0.64041710,0.24276753,0.97457105,0.66310817,1.00000000
0.64196736,0.34991640,0.52055085,0.93302321,0.72341776,1.00000000
0.34703916,0.26082423,0.60473126,0.91117072,0.66393477,1.00000000
0.67848277,0.27790430,0.18207337,0.98919392,0.72728533,1.00000000
0.33396381,0.56615824,0.35309914,0.95008534,0.75893265,1.00000000
0.73834926,0.63491929,0.54913032,0.91005111,0.74304944,1.00000000
0.39137363,0.40292826,0.21394297,0.95349687,0.71724015,1.00000000
0.74431831,0.40076903,0.45089626,0.96754104,0.79187876,1.00000000
0.70107269,0.58124638,0.51284647,0.93199003,0.66526210,1.00000000
0.63470370,0.46715215,0.32634917,0.90092492,0.78200024,1.00000000
0.69571930,0.61847246,0.60704839,0.96216071,0.77001935,1.00000000
0.69939011,0.66020000,0.41803423,0.90400958,0.71296078,1.00000000
0.74098581,0.62587142,0.48646754,0.94327933,0.67293006,1.00000000
0.47870812,0.64729923,0.20051341,0.98247755,0.67338002,1.00000000
0.63342100,0.56842434,0.13127069,0.99988478,0.78827089,1.00000000
0.34698391,0.63890946,0.14749916,0.93703032,0.68505567,1.00000000
0.64258647,0.43975553,0.64936477,0.90201271,0.78111738,1.00000000
0.42074692,0.34761408,0.63684845,0.94929034,0.72549427,1.00000000
0.62433642,0.60222679,0.59270084,0.92762756,0.71926022,1.00000000
0.62706852,0.32631674,0.23506594,0.98927748,0.74292672,1.00000000
0.58568686,0.65008879,0.42674038,0.97115034,0.68225586,1.00000000
0.60840851,0.61017710,0.58595121,0.94043231,0.71425557,1.00000000
0.69014990,0.66064304,0.51451129,0.97620285,0.79077268,1.00000000
0.70059538,0.50191587,0.18560070,0.93412060,0.68573856,1.00000000
0.59639853,0.55914468,0.64443600,0.95217633,0.78823751,1.00000000
0.63679516,0.62087196,0.21216612,0.99227852,0.79913145,1.00000000
0.73711336,0.47123811,0.21870334,0.92001575,0.65778607,1.00000000
0.37412408,0.57436121,0.64765215,0.93130583,0.72970688,1.00000000
0.37141758,0.60302562,0.40271583,0.98855937,0.67577291,1.00000000
0.33803704,0.66518694,0.33699518,0.94618785,0.74325716,1.00000000
0.65671414,0.62149733,0.44332749,0.93178886,0.79843140,1.00000000
0.56523049,0.39566454,0.69493961,0.90372986,0.78453213,1.00000000
0.69325763,0.55603826,0.18801792,0.94189531,0.78872728,1.00000000
0.66111708,0.58630359,0.56291109,0.95006013,0.68200248,1.00000000
0.52430671,0.41679513,0.31430933,0.94063330,0.73134792,1.00000000
0.72835886,0.54303950,0.18649957,0.92774594,0.68522465,1.00000000
0.68973196,0.48972172,0.36584315,0.93691301,0.78491372,1.00000000
0.48918021,0.39622295,0.44044286,0.96424448,0.67867309,1.00000000
0.53974193,0.56636965,0.23880096,0.98912799,0.67309386,1.00000000
0.51412362,0.42928436,0.35604087,0.96496761,0.65182441,1.00000000
0.40939310,0.58673918,0.49157414,0.96461624,0.67729217,1.00000000
0.40082967,0.43181747,0.45673412,0.98168749,0.67846441,1.00000000
0.73839843,0.61707586,0.54303563,0.91651428,0.66162354,1.00000000
0.57373846,0.44680238,0.60964972,0.93010974,0.78016114,1.00000000
0.54897243,0.65077645,0.35831785,0.90505910,0.76699966,1.00000000
0.67971379,0.28078368,0.36645135,0.93496376,0.68817222,1.00000000
0.61991853,0.56907636,0.40981892,0.99988240,0.76748866,1.00000000
0.73840177,0.50434476,0.45079610,0.93293124,0.71332467,1.00000000
0.69503242,0.46258676,0.18136628,0.98597729,0.76632804,1.00000000
0.59121412,0.55495548,0.30155021,0.90857780,0.69845116,1.00000000
0.54564965,0.64075184,0.21875988,0.94597125,0.73469812,1.00000000
0.75141358,0.65417796,0.34461927,0.93514627,0.70724159,1.00000000
0.67600244,0.49767682,0.69020826,0.92015827,0.67815137,1.00000000
0.74232924,0.42193535,0.46042997,0.93725061,0.73784494,1.00000000
0.37283748,0.61634314,0.37022442,0.96512783,0.76262462,1.00000000
0.71523017,0.58462477,0.45055112,0.94903082,0.76296610,1.00000000
0.64974719,0.44998893,0.51122153,0.98443341,0.70344341,1.00000000
0.37634632,0.62470382,0.37350205,0.99049467,0.72780675,1.00000000
0.63277245,0.56824666,0.38100576,0.94818926,0.76456678,1.00000000
0.66594517,0.60164326,0.53023595,0.99817264,0.65817463,1.00000000
0.18447480,0.51891613,0.15344858,0.90720206,0.66078323,1.00000000
0.58078212,0.54524165,0.43534151,0.92763394,0.70643342,1.00000000
0.70813394,0.43824959,0.43960461,0.94167113,0.68352073,1.00000000
0.50358623,0.62393105,0.56279546,0.95827013,0.70619690,1.00000000
0.58256996,0.42375657,0.69567341,0.95459300,0.66406298,1.00000000
0.57564795,0.62834644,0.58573812,0.95679766,0.73880118,1.00000000
0.50726312,0.63226134,0.41399330,0.98962510,0.75076109,1.00000000
0.73373055,0.62189025,0.21732540,0.92775655,0.76877606,1.00000000
0.69532609,0.26410323,0.46368292,0.98168540,0.74757844,1.00000000
0.36453730,0.48504975,0.60841113,0.95580006,0.70945722,1.00000000
0.75403917,0.55400264,0.66612589,0.94904906,0.79023921,1.00000000
0.72315538,0.58796853,0.60312372,0.92994136,0.75894982,1.00000000
0.49704486,0.65487784,0.22880507,0.93040687,0.72915220,1.00000000
0.71139753,0.52461332,0.53680933,0.93884796,0.68102753,1.00000000
0.35999480,0.64690411,0.63538527,0.97635102,0.74734622,1.00000000
0.75455946,0.42789170,0.51824528,0.94767326,0.73875809,1.00000000
0.65929735,0.52311653,0.52103060,0.91538334,0.75249952,1.00000000
0.65413821,0.32678750,0.41186017,0.97598630,0.76716870,1.00000000
0.34142160,0.62103796,0.49233896,0.96633798,0.78725743,1.00000000
0.72799933,0.41953674,0.29081219,0.99492389,0.79235852,1.00000000
0.23776151,0.47786728,0.16988829,0.95294142,0.74452782,1.00000000
0.47074160,0.62773001,0.60453820,0.96544224,0.79489338,1.00000000
0.39654607,0.57247931,0.67243785,0.94793302,0.78671336,1.00000000
0.69398481,0.24796441,0.62166017,0.96807802,0.65039217,1.00000000
0.44145116,0.19496307,0.31406680,0.94361168,0.74564260,1.00000000
0.73165184,0.56599104,0.17266479,0.91378564,0.67677039,1.00000000
0.65618509,0.49836430,0.28243434,0.99866831,0.69427890,1.00000000
0.25465313,0.43823147,0.61343259,0.97203636,0.69462502,1.00000000
0.14932136,0.59233731,0.50342029,0.96086258,0.72246945,1.00000000
0.28504974,0.46426627,0.68629074,0.94814205,0.65162992,1.00000000
0.63902020,0.58715004,0.31922412,0.97114289,0.68536943,1.00000000
0.70124656,0.52586997,0.44204241,0.91267747,0.65436816,1.00000000
0.46926877,0.44198671,0.58237541,0.93261135,0.74758381,1.00000000
0.71491557,0.41081455,0.25528938,0.91246992,0.78339314,1.00000000
0.29454014,0.46839887,0.68475878,0.91260248,0.79966831,1.00000000
0.70109588,0.28859347,0.46611628,0.90213478,0.71728355,1.00000000
0.73620671,0.49963412,0.12229268,0.97558933,0.68902117,1.00000000
0.69259852,0.65179747,0.13244310,0.92273086,0.77796555,1.00000000
0.66980004,0.63872677,0.63659763,0.98320079,0.66697377,1.00000000
0.71170360,0.52336770,0.49722442,0.99044347,0.79613584,1.00000000
0.26316115,0.58308369,0.56651324,0.91685659,0.75722563,1.00000000
0.44406110,0.58094561,0.57883292,0.97088641,0.72559023,1.00000000
0.37935314,0.63822508,0.36497635,0.94603056,0.66449755,1.00000000
0.60133386,0.46812242,0.58741838,0.99189609,0.65272939,1.00000000
0.68447858,0.49488425,0.66913670,0.94844174,0.73167986,1.00000000
0.64734626,0.49708521,0.21892418,0.93788737,0.71207756,1.00000000
0.71539712,0.30913979,0.56713903,0.92945653,0.77639967,1.00000000
0.40733624,0.50223082,0.29870117,0.99036217,0.74634582,1.00000000
0.68123800,0.64743465,0.30676058,0.92261791,0.71478444,1.00000000
0.43762982,0.65359259,0.36044404,0.98277146,0.68390107,1.00000000
0.48931390,0.38865718,0.62571734,0.91941875,0.72206330,1.00000000
0.67353529,0.55097026,0.13062121,0.96433967,0.67444915,1.00000000
0.74978238,0.52658111,0.37289777,0.94510657,0.75005192,1.00000000
0.64098173,0.56005341,0.51767510,0.91046089,0.74085939,1.00000000
0.28996685,0.57771116,0.18259732,0.91259331,0.77151072,1.00000000
0.64263606,0.26633254,0.58367860,0.92815089,0.71742940,1.00000000
0.26762614,0.64079392,0.67170739,0.97666514,0.69179726,1.00000000
0.72450525,0.66431564,0.17113812,0.97289401,0.77545929,1.00000000
0.67343235,0.60164547,0.20761655,0.92051202,0.75364953,1.00000000
0.42222524,0.60324895,0.69064540,0.94762021,0.75600636,1.00000000
0.34298500,0.57068449,0.23403274,0.90969872,0.72921270,1.00000000
0.43041199,0.50975180,0.16408217,0.97159463,0.78139681,1.00000000
0.74973720,0.41840371,0.67776030,0.97933018,0.68416750,1.00000000
0.58257526,0.58513814,0.64271927,0.98935121,0.71025378,1.00000000
0.69614941,0.31577888,0.50336790,0.98857462,0.76943487,1.00000000
0.64952171,0.63741308,0.44201818,0.93378925,0.66994411,1.00000000
0.62706220,0.53957218,0.65837216,0.92545336,0.77121645,1.00000000
0.39845419,0.53761148,0.50324708,0.98965895,0.70288926,1.00000000
0.74098510,0.50706291,0.50493920,0.91460067,0.66882557,1.00000000
0.50693792,0.66358298,0.61393267,0.90593439,0.66187245,1.00000000
0.62909365,0.43500721,0.50190920,0.93142432,0.77645433,1.00000000
0.67032725,0.41997737,0.41392758,0.97602999,0.76679236,1.00000000
0.65384001,0.42922047,0.34689501,0.96941996,0.69320619,1.00000000
0.73956817,0.60281229,0.41360816,0.99870551,0.66745430,1.00000000
0.40141237,0.66738802,0.42498744,0.93595338,0.68708515,1.00000000
0.60284144,0.46772671,0.32990110,0.92758471,0.68194813,1.00000000
0.55863053,0.65245456,0.38124612,0.93782073,0.75995833,1.00000000
0.58907872,0.48742273,0.58933645,0.97822565,0.68233448,1.00000000
0.37359610,0.60038400,0.36265492,0.92142999,0.68241477,1.00000000
0.38825560,0.30851308,0.13268222,0.99477482,0.65484023,1.00000000
0.49364546,0.56182766,0.28412902,0.95125490,0.73952895,1.00000000
0.50880182,0.60191149,0.25396580,0.97831452,0.75334692,1.00000000
0.56936061,0.57290393,0.58446002,0.98272616,0.74802357,1.00000000
0.64078814,0.46887004,0.38193709,0.94788152,0.73528987,1.00000000
0.64891803,0.63817906,0.28253561,0.97413713,0.79491127,1.00000000
0.56217152,0.66371620,0.59453231,0.93646944,0.72091079,1.00000000
0.56079811,0.55130827,0.12895106,0.98109281,0.77902049,1.00000000
0.45526755,0.59761071,0.22014755,0.98239028,0.74690151,1.00000000
0.63278967,0.63076109,0.60409105,0.95662057,0.66262430,1.00000000
0.51552689,0.47062364,0.44155985,0.92181480,0.77151328,1.00000000
0.25442609,0.64495230,0.57273519,0.99702233,0.73765826,1.00000000
0.56513727,0.48810196,0.61069179,0.99469799,0.74802887,1.00000000
0.58906382,0.62785012,0.67174321,0.96198207,0.67703414,1.00000000
0.46069732,0.39072847,0.15495564,0.99838811,0.71562350,1.00000000
0.62707847,0.49156696,0.58778512,0.95027965,0.78208739,1.00000000
0.62463754,0.57218826,0.53456831,0.93754846,0.68231469,1.00000000
0.67103493,0.56986427,0.23942682,0.94605029,0.65001875,1.00000000
0.65341002,0.64233667,0.66570723,0.90459073,0.68862629,1.00000000
0.65490860,0.66809517,0.35541287,0.95491219,0.72313136,1.00000000
0.51508164,0.38658616,0.63977093,0.96662325,0.77319169,1.00000000
0.69713688,0.48428720,0.47359630,0.91095197,0.74649364,1.00000000
0.61848307,0.51829523,0.42749879,0.92555976,0.78785950,1.00000000
0.57090694,0.55707276,0.21148467,0.97211844,0.71833467,1.00000000
0.64597863,0.56133771,0.65548682,0.97935903,0.70862228,1.00000000
0.53800130,0.64341593,0.44509524,0.99858671,0.68471271,1.00000000
0.60456258,0.62678778,0.12123083,0.92532235,0.68270940,1.00000000
0.68187970,0.26254690,0.12840267,0.98414397,0.76041651,1.00000000
0.72511965,0.55006474,0.57507801,0.91721028,0.66205388,1.00000000
0.73442459,0.59340680,0.21290374,0.91308784,0.68640703,1.00000000
0.60097849,0.55166405,0.46984613,0.97292036,0.78288430,1.00000000
0.60749668,0.40535405,0.51828349,0.94458723,0.73653811,1.00000000
0.70077765,0.53199130,0.28197977,0.97939235,0.65698814,1.00000000
0.51412940,0.53661668,0.45253754,0.92825645,0.75563824,1.00000000
0.71153474,0.44254437,0.25897574,0.92131937,0.72600234,1.00000000
0.59719688,0.62388825,0.67430317,0.95487988,0.77817827,1.00000000
0.37012058,0.50484657,0.62362951,0.91153103,0.75236505,1.00000000
0.31719348,0.58635706,0.28708398,0.92787492,0.65066701,1.00000000
0.71283472,0.56737697,0.42871439,0.91662371,0.68086088,1.00000000
0.29177132,0.64734542,0.41213697,0.93200475,0.68869454,1.00000000
0.49512911,0.39874792,0.68236661,0.97654986,0.75533485,1.00000000
0.52456266,0.39252073,0.34942868,0.91207421,0.72639710,1.00000000
0.42211822,0.49649045,0.44836915,0.96118689,0.76211715,1.00000000
0.51382774,0.54280603,0.66394508,0.95847660,0.72693008,1.00000000
0.68371606,0.49576634,0.21341826,0.95381308,0.69910771,1.00000000
0.19397835,0.62529302,0.44146213,0.94842476,0.66554910,1.00000000
0.70863944,0.47241595,0.17980760,0.96638608,0.68039334,1.00000000
0.71690744,0.36562189,0.48088172,0.98518109,0.71011698,1.00000000
0.54367429,0.53730565,0.33275482,0.91620368,0.73271817,1.00000000
0.40595251,0.62735677,0.68684477,0.98141313,0.79079562,1.00000000
0.63723457,0.64236122,0.36200541,0.90614754,0.68595803,1.00000000
0.37406170,0.61912990,0.19775744,0.94821244,0.74991274,1.00000000
0.54009873,0.57852662,0.60823530,0.95114654,0.67288190,1.00000000
0.74420190,0.61720216,0.60050982,0.91975856,0.75706297,1.00000000
0.75364405,0.60793889,0.52638799,0.90896732,0.65170115,1.00000000
0.69259751,0.46718681,0.55812460,0.90749109,0.74838799,1.00000000
0.51223481,0.57668650,0.27336189,0.90372342,0.67448264,1.00000000
0.66645062,0.62679791,0.49532560,0.95735931,0.67704868,1.00000000
0.67211431,0.50318348,0.14001168,0.91554749,0.73383617,1.00000000
0.55110967,0.60177529,0.23346479,0.98087049,0.70631170,1.00000000
0.65103680,0.55780864,0.66604674,0.98989528,0.72069579,1.00000000
0.17760363,0.56392133,0.55249137,0.92924082,0.69633335,1.00000000
0.44927576,0.37088200,0.25333679,0.91644663,0.79302007,1.00000000
0.60935605,0.60455120,0.18316652,0.94096118,0.69359839,1.00000000
0.41456589,0.64518154,0.67583495,0.98815703,0.73130709,1.00000000
0.41635171,0.41318104,0.18363981,0.93998194,0.77815336,1.00000000
0.71123010,0.52130878,0.26886472,0.91083366,0.74962711,1.00000000
0.75204659,0.32150805,0.22507882,0.99846679,0.69841653,1.00000000
0.62102407,0.28817815,0.12203754,0.94996756,0.73286551,1.00000000
0.71201104,0.66701335,0.30243221,0.93423712,0.66244864,1.00000000
0.75234699,0.56121445,0.69069344,0.98936206,0.73185295,1.00000000
0.39524502,0.51755065,0.31876665,0.99274033,0.71470839,1.00000000
0.57819629,0.48580819,0.41429698,0.94968045,0.76369005,1.00000000
0.55332822,0.66539031,0.55643284,0.93067163,0.77718544,1.00000000
0.32816595,0.47567800,0.44181183,0.94826341,0.67994249,1.00000000
0.68756026,0.61752284,0.55505383,0.92192817,0.66223037,1.00000000
0.57194084,0.48961675,0.50684464,0.94782382,0.70858353,1.00000000
0.58707666,0.35012332,0.47562531,0.92294312,0.73012257,1.00000000
0.40338525,0.60835624,0.49979347,0.96222025,0.70652032,1.00000000
0.42839047,0.19077267,0.58774376,0.97598892,0.74428415,1.00000000
0.73070645,0.60668600,0.53540671,0.99694276,0.72584772,1.00000000
0.27213874,0.47480932,0.58339703,0.98425704,0.79049391,1.00000000
0.46553740,0.62178743,0.20329273,0.90861350,0.71140867,1.00000000
0.50171870,0.62662429,0.51627868,0.92115229,0.66237414,1.00000000
0.59561127,0.61718428,0.55118936,0.95316917,0.69529027,1.00000000
0.63212430,0.27682182,0.29409790,0.92575908,0.74088407,1.00000000
0.59685522,0.61282760,0.63210434,0.90143651,0.68840379,1.00000000
0.33347860,0.66709495,0.29688919,0.97547907,0.69034827,1.00000000
0.47256681,0.47116506,0.26107773,0.93577719,0.70093590,1.00000000
0.71328336,0.48553091,0.62770402,0.90661001,0.76192129,1.00000000
0.64992154,0.63529408,0.26295283,0.95088363,0.79101998,1.00000000
0.65381187,0.42595285,0.36206028,0.99772090,0.70255649,1.00000000
0.66078055,0.60327876,0.33407226,0.96785384,0.67932320,1.00000000
0.68984342,0.62362576,0.64591873,0.91587663,0.71309555,1.00000000
0.29597795,0.30269471,0.38543278,0.95142955,0.70277596,1.00000000
0.54092550,0.57746398,0.52606410,0.99017227,0.79850376,1.00000000
0.61486679,0.58309466,0.58472878,0.90542436,0.71958023,1.00000000
0.52680147,0.49775520,0.48700210,0.96378934,0.75189251,1.00000000
0.71353358,0.64714682,0.67276144,0.97212732,0.78706819,1.00000000
0.59252161,0.42745951,0.58971030,0.97040117,0.74435925,1.00000000
0.69155931,0.52063638,0.35306272,0.91501707,0.68740678,1.00000000
0.71564412,0.64200556,0.67694813,0.99072784,0.74111152,1.00000000
0.60143685,0.44421494,0.42622048,0.93222713,0.71028143,1.00000000
0.73136163,0.63681126,0.13092783,0.90517420,0.71335250,1.00000000
0.63236713,0.35967058,0.27059606,0.90832210,0.79689866,1.00000000
0.71515763,0.56001657,0.48337033,0.94575775,0.69178867,1.00000000
0.52789897,0.35560477,0.20989113,0.90399820,0.72034025,1.00000000
0.59906566,0.60716552,0.46121651,0.97795522,0.67398006,1.00000000
0.61178136,0.63079840,0.33035177,0.98658234,0.67678165,1.00000000
0.35839900,0.64222914,0.43199146,0.90133733,0.74052268,1.00000000
0.55610716,0.66560125,0.11874991,0.98100138,0.76265234,1.00000000
0.73343712,0.60585260,0.61671847,0.99812067,0.74546897,1.00000000
0.64762610,0.62648505,0.33054441,0.90303683,0.69939262,1.00000000
0.42570877,0.56464106,0.20009319,0.97249675,0.65894270,1.00000000
0.52700704,0.65372604,0.37524462,0.99990940,0.72053957,1.00000000
0.43655312,0.59942967,0.40363371,0.97971183,0.72564048,1.00000000
0.22668934,0.64846563,0.49258983,0.95053571,0.76559776,1.00000000
0.73611832,0.46771544,0.42621320,0.98848230,0.74604344,1.00000000
0.57817996,0.56213146,0.14324917,0.97079325,0.78068882,1.00000000
0.51036054,0.61838943,0.63030136,0.92924517,0.76744741,1.00000000
0.63640130,0.45091730,0.38618171,0.92243201,0.70488167,1.00000000
0.16054374,0.45552266,0.16293399,0.95125443,0.74483323,1.00000000
0.49361411,0.66505742,0.57225192,0.93729907,0.76209301,1.00000000
0.67136234,0.54385918,0.50597316,0.93294680,0.79353207,1.00000000
0.64862609,0.43911782,0.49966928,0.91779250,0.71335280,1.00000000
0.75018942,0.50869328,0.36877295,0.98452860,0.74724227,1.00000000
0.64403492,0.53195894,0.35911593,0.97050142,0.70889956,1.00000000
0.59045070,0.59459639,0.43314037,0.93313217,0.76067424,1.00000000
0.68940127,0.65554863,0.14740849,0.92376673,0.78679895,1.00000000
0.72969377,0.66649830,0.29350457,0.91281378,0.78788388,1.00000000
0.67691988,0.60125536,0.69876128,0.91125131,0.67356312,1.00000000
0.74543458,0.61200148,0.50717205,0.96254784,0.68061447,1.00000000
0.69553638,0.50501215,0.36407891,0.91088170,0.76323944,1.00000000
0.71974903,0.64359581,0.24844888,0.99602127,0.74465150,1.00000000
0.36828190,0.45888463,0.55600548,0.92791349,0.78576607,1.00000000
0.68055707,0.38586926,0.27075902,0.90258050,0.69707006,1.00000000
0.57468593,0.66424638,0.21315889,0.98553300,0.77720314,1.00000000
0.61995971,0.64489448,0.20853817,0.93675876,0.75256640,1.00000000
0.65546471,0.49783677,0.54662544,0.93429661,0.67931843,1.00000000
0.74713016,0.60655719,0.49577075,0.91186208,0.66897416,1.00000000
0.75089318,0.55361617,0.15870947,0.96604222,0.75540853,1.00000000
0.49953279,0.50551319,0.18531930,0.93587935,0.67376924,1.00000000
0.68097055,0.49089018,0.49049816,0.98229945,0.76914936,1.00000000
0.68593913,0.40931582,0.45359769,0.96306181,0.73356426,1.00000000
0.53091031,0.57631236,0.52117592,0.98799121,0.72153008,1.00000000
0.37830299,0.54752886,0.22237583,0.96225613,0.69132936,1.00000000
0.26479393,0.56640923,0.54505169,0.97792780,0.79757684,1.00000000
0.69415557,0.45762259,0.66829205,0.96965390,0.75832504,1.00000000
0.59541053,0.65828562,0.47120607,0.94625926,0.76670957,1.00000000
0.75113708,0.59823257,0.23301765,0.96886742,0.76530665,1.00000000
0.58526480,0.65137416,0.51737875,0.96636170,0.73760235,1.00000000
0.74919999,0.38834819,0.31945983,0.90067035,0.79095483,1.00000000
0.56206518,0.59454095,0.14663985,0.96986377,0.73757321,1.00000000
0.69897103,0.64215463,0.29549336,0.92621595,0.72800684,1.00000000
0.33438134,0.50848788,0.65034419,0.95418227,0.69105655,1.00000000
0.62083572,0.44674745,0.35949373,0.91113323,0.69226038,1.00000000
0.70141459,0.48147404,0.62627375,0.90230227,0.76053256,1.00000000
0.73538953,0.48496276,0.41685843,0.90151197,0.70021510,1.00000000
0.70732987,0.54771131,0.42175177,0.91581947,0.75930661,1.00000000
0.25642261,0.50660163,0.12071548,0.90198922,0.79290599,1.00000000
0.54388750,0.48423722,0.49241415,0.91323972,0.71589613,1.00000000
0.27974316,0.60052472,0.18106697,0.95591736,0.66459882,1.00000000
0.36312634,0.32785201,0.39926377,0.94002730,0.74998200,1.00000000
0.66244739,0.51202404,0.27077463,0.99807483,0.65142846,1.00000000
0.67459071,0.60978204,0.34846056,0.98086941,0.76805055,1.00000000
0.69307888,0.43556988,0.43357491,0.91467756,0.72884798,1.00000000
0.71937758,0.46048746,0.12615536,0.94167894,0.72345984,1.00000000
0.68271703,0.44979796,0.28504917,0.94309705,0.73541635,1.00000000
0.70106906,0.18550901,0.69977170,0.93621171,0.72746128,1.00000000
0.28022701,0.55558461,0.15141125,0.94955897,0.69856662,1.00000000
0.46664515,0.30586991,0.30552557,0.96698743,0.69222635,1.00000000
0.64456546,0.48496541,0.30671853,0.96408898,0.71229464,1.00000000
0.71734601,0.66787416,0.34081525,0.93570989,0.78423637,1.00000000
0.14310338,0.65473151,0.52045935,0.97050458,0.67030555,1.00000000
0.60530114,0.45747644,0.26337871,0.92894852,0.69871467,1.00000000
0.66309255,0.50038052,0.38839373,0.98354679,0.67884505,1.00000000
0.23928913,0.55264199,0.49697858,0.99643719,0.71407056,1.00000000
0.55740029,0.64120406,0.30724826,0.92947364,0.67002475,1.00000000
0.72762179,0.63317227,0.67574859,0.97846884,0.76411933,1.00000000
0.66124183,0.40202382,0.69392508,0.98134255,0.66552013,1.00000000
0.46868721,0.40064421,0.18804328,0.94907635,0.74978930,1.00000000
0.71585786,0.53824371,0.31989405,0.90877473,0.69015652,1.00000000
0.53168970,0.64599663,0.23998357,0.97861820,0.72082847,1.00000000
0.71601504,0.64819795,0.22752330,0.94074780,0.67999822,1.00000000
0.50559950,0.38671955,0.40645874,0.92080712,0.75953352,1.00000000
0.63350809,0.58269775,0.44931006,0.96266502,0.79224139,1.00000000
0.55536056,0.42288029,0.36803061,0.94369382,0.68326181,1.00000000
0.49173057,0.60898560,0.27797344,0.90875727,0.79297298,1.00000000
0.72516173,0.65438330,0.28154209,0.99836749,0.69879109,1.00000000
0.43352374,0.54998922,0.70125186,0.92446619,0.73367709,1.00000000
0.33437151,0.36388737,0.66098666,0.95109653,0.75523847,1.00000000
0.52858371,0.58394021,0.16229343,0.96672881,0.67989028,1.00000000
0.67596453,0.53560317,0.50385332,0.91150892,0.71671456,1.00000000
0.70297253,0.63478357,0.38639858,0.97394103,0.66017413,1.00000000
0.75446868,0.51201689,0.52283180,0.96482891,0.75455809,1.00000000
0.50415123,0.64688092,0.46880043,0.94937527,0.71249241,1.00000000
0.56041539,0.48529685,0.64073670,0.95283300,0.78374666,1.00000000
0.39082518,0.42408723,0.15705195,0.99547952,0.69109881,1.00000000
0.62795514,0.49897605,0.32329288,0.99108976,0.78854018,1.00000000
0.75417632,0.29858485,0.69734949,0.91119832,0.67115599,1.00000000
0.67067873,0.48854846,0.22487374,0.93687522,0.74104500,1.00000000
0.63524663,0.60317314,0.19254908,0.95167714,0.69617122,1.00000000
0.55323315,0.41378042,0.54645413,0.99199760,0.67726725,1.00000000
0.73289472,0.39011467,0.57496184,0.98165631,0.66409057,1.00000000
0.59830749,0.40664756,0.51310211,0.93864828,0.74834639,1.00000000
0.38851374,0.35803691,0.57423282,0.98862106,0.68497521,1.00000000
0.54032373,0.64683282,0.52571857,0.93781579,0.73592216,1.00000000
0.31008148,0.65924352,0.19751216,0.92711931,0.79691279,1.00000000
0.44420385,0.31830746,0.47542465,0.96098924,0.69739425,1.00000000
0.20472027,0.62465811,0.57463336,0.93559015,0.65524167,1.00000000
0.58034176,0.61992639,0.62677449,0.96224076,0.67142338,1.00000000
0.64888787,0.66822559,0.26249132,0.94096839,0.66789830,1.00000000
0.52928168,0.51478380,0.19260633,0.97957689,0.71949255,1.00000000
0.56602317,0.49035719,0.57711202,0.99543113,0.76169759,1.00000000
0.74440324,0.54948401,0.26855785,0.92703092,0.69446665,1.00000000
0.68654025,0.64348692,0.13642910,0.95100099,0.67187643,1.00000000
0.61536914,0.61813152,0.60306680,0.97244322,0.74611503,1.00000000
0.49741066,0.55496156,0.41528890,0.91585189,0.69517702,1.00000000
0.72798949,0.47208390,0.30978420,0.97959059,0.73627555,1.00000000
0.46701390,0.61779886,0.12437006,0.95829719,0.79006797,1.00000000
0.51995564,0.64310414,0.13842791,0.91497403,0.69370204,1.00000000
0.73123133,0.53280795,0.58389604,0.98682296,0.72687376,1.00000000
0.61106646,0.60508376,0.40570936,0.94267011,0.77102178,1.00000000
0.68360144,0.53289372,0.20571885,0.91766191,0.75375772,1.00000000
0.63365930,0.55695045,0.32853273,0.91953963,0.76272172,1.00000000
0.65524393,0.56986111,0.21488538,0.97855061,0.76588541,1.00000000
0.50584531,0.62782902,0.18404797,0.99357164,0.73098743,1.00000000
0.47109240,0.66496664,0.28018108,0.93782496,0.73040932,1.00000000
0.51844358,0.54685152,0.44088739,0.90788281,0.75783342,1.00000000
0.40753314,0.51274568,0.24118036,0.91008228,0.75464725,1.00000000
0.72181696,0.52391768,0.31980652,0.96544784,0.75050867,1.00000000
0.49666166,0.40775558,0.39878288,0.93707520,0.70732021,1.00000000
0.62306404,0.49511036,0.36472338,0.94261312,0.77428138,1.00000000
0.69847083,0.36731270,0.19331047,0.93370473,0.68543041,1.00000000
0.69607365,0.54177010,0.14050920,0.94655389,0.67335981,1.00000000
0.57394785,0.43036455,0.13850513,0.96435493,0.70177436,1.00000000
0.58993810,0.51424915,0.32363471,0.95411390,0.68807471,1.00000000
0.75345194,0.63138753,0.54047179,0.91642416,0.74947739,1.00000000
0.66221654,0.47272792,0.19485606,0.94912887,0.68465269,1.00000000
0.70505184,0.59193009,0.58057654,0.94606131,0.74847347,1.00000000
0.72948587,0.65165848,0.53863198,0.95457375,0.72698343,1.00000000
0.69718325,0.58083612,0.11996676,0.91106701,0.67286754,1.00000000
0.43167892,0.44599199,0.13338110,0.91535270,0.68875945,1.00000000
0.62331492,0.51364791,0.23237248,0.95302445,0.72825903,1.00000000
0.35493046,0.58669776,0.15065935,0.92754352,0.75996578,1.00000000
0.65507162,0.56487662,0.43020183,0.96290314,0.70973772,1.00000000
0.74340582,0.41816035,0.14095721,0.93727511,0.68492490,1.00000000
0.60455978,0.54758936,0.58979166,0.92207348,0.69426173,1.00000000
0.57158804,0.57468069,0.40762475,0.96563947,0.66426760,1.00000000
0.25394562,0.48250103,0.54585552,0.93939078,0.65377241,1.00000000
0.74454910,0.59206223,0.55923676,0.91576123,0.79596937,1.00000000
0.35618436,0.34974086,0.41574350,0.98088092,0.66446149,1.00000000
0.26506314,0.51062602,0.66197819,0.94317585,0.66873312,1.00000000
0.47409812,0.63349169,0.70014161,0.99150705,0.78064460,1.00000000
0.30762866,0.47889647,0.32894981,0.91934007,0.74952579,1.00000000
0.58112103,0.59031206,0.19168478,0.98763502,0.71541089,1.00000000
0.60586983,0.53609240,0.33131659,0.98159099,0.74735349,1.00000000
0.51310992,0.50292534,0.24903171,0.91039157,0.79024774,1.00000000
0.28381696,0.65432972,0.43000335,0.95316815,0.66490662,1.00000000
0.36562303,0.51309472,0.34022799,0.96536827,0.68655664,1.00000000
0.54953390,0.46830943,0.40026435,0.94954824,0.77904505,1.00000000
0.29987663,0.65311337,0.56658095,0.93902630,0.76709592,1.00000000
0.66982204,0.62175435,0.27883586,0.99438423,0.79913849,1.00000000
0.44782791,0.60802966,0.43380865,0.97008210,0.69708633,1.00000000
0.50734323,0.32279885,0.31480074,0.99658698,0.79173297,1.00000000
0.55405265,0.40577149,0.57938874,0.98462301,0.70155334,1.00000000
0.56433451,0.59817415,0.49384508,0.98171312,0.75726396,1.00000000
0.11963882,0.45451561,0.12264984,0.97256321,0.78241146,1.00000000
0.36612511,0.46286869,0.50591254,0.96460789,0.67561734,1.00000000
0.71863294,0.62851399,0.21774235,0.98868620,0.68084580,1.00000000
0.11520402,0.49053261,0.54380810,0.96134096,0.73714381,1.00000000
0.60276848,0.35138893,0.45137569,0.90752882,0.77657372,1.00000000
0.59533077,0.30137897,0.35381335,0.95825636,0.66184241,1.00000000
0.52402377,0.54648972,0.52592140,0.91028351,0.77763212,1.00000000
0.57086694,0.59318161,0.62152547,0.99493009,0.70146805,1.00000000
0.69511521,0.64577317,0.57573158,0.96466690,0.71093398,1.00000000
0.71261245,0.38964409,0.43845838,0.95556462,0.70097917,1.00000000
0.48301563,0.44759852,0.54276139,0.91978210,0.78672200,1.00000000
0.51844257,0.57117128,0.36112621,0.95157671,0.66961914,1.00000000
0.47180706,0.52060598,0.58178008,0.93425310,0.73614115,1.00000000
0.59141612,0.55811137,0.60532463,0.96753860,0.67221624,1.00000000
0.66502881,0.65574455,0.19840814,0.96044099,0.78928918,1.00000000
0.46248260,0.57515848,0.25766551,0.94993073,0.76968968,1.00000000
0.52279270,0.53772873,0.27646396,0.92527407,0.68507290,1.00000000
0.73688918,0.66697669,0.21534219,0.95257431,0.69466674,1.00000000
0.27950689,0.34384334,0.34854999,0.94616967,0.70722729,1.00000000
0.58350450,0.65714955,0.23119600,0.98512661,0.71081263,1.00000000
0.67405605,0.56350553,0.46796429,0.98943371,0.77260143,1.00000000
0.40319273,0.56408697,0.17742085,0.97592491,0.73468000,1.00000000
0.27730170,0.65536308,0.27642304,0.93196398,0.71419239,1.00000000
0.39211670,0.56507325,0.50912976,0.90380895,0.75791669,1.00000000
0.73383182,0.54502958,0.35208535,0.99253362,0.71867973,1.00000000
0.17068291,0.48476848,0.36556631,0.99920124,0.66923600,1.00000000
0.43407717,0.60287797,0.58701485,0.91270208,0.66612339,1.00000000
0.24340419,0.58152437,0.69677150,0.96856159,0.69889349,1.00000000
0.36458147,0.45709646,0.45003986,0.94251466,0.74043053,1.00000000
0.64396310,0.61405098,0.16415717,0.91485202,0.67022622,1.00000000
0.47126427,0.59950548,0.17817822,0.99981016,0.73252010,1.00000000
0.62589586,0.53194499,0.68735337,0.99332291,0.69044143,1.00000000
0.63346362,0.20811130,0.51719701,0.99826092,0.75431204,1.00000000
0.71492296,0.54752415,0.56027597,0.91438961,0.65423942,1.00000000
0.14476867,0.21671051,0.51515514,0.94919246,0.72035354,1.00000000
0.71602196,0.35523668,0.22330447,0.98957741,0.65783960,1.00000000
0.64360762,0.54261774,0.38138950,0.96751583,0.69957614,1.00000000
0.41372561,0.36268070,0.58710617,0.94346017,0.65233630,1.00000000
0.69284558,0.48614994,0.62727231,0.95166939,0.72036481,1.00000000
0.71661341,0.60212159,0.25725618,0.90386015,0.76505238,1.00000000
0.47925672,0.49982882,0.46821281,0.96115172,0.66503298,1.00000000
0.73382401,0.66834879,0.21005994,0.98597157,0.76028341,1.00000000
0.58084124,0.65436000,0.68133932,0.90027934,0.73762929,1.00000000
0.63814330,0.58544743,0.26600254,0.91599649,0.72569078,1.00000000
0.75091130,0.66317284,0.54507947,0.95179904,0.73992246,1.00000000
0.53843510,0.64561278,0.25359586,0.95609641,0.70038456,1.00000000
0.70462608,0.50387633,0.48003173,0.93433523,0.75655091,1.00000000
0.51625669,0.62250888,0.50544959,0.90279347,0.76694989,1.00000000
0.70058632,0.40989810,0.31084007,0.97435999,0.76673359,1.00000000
0.63719708,0.60863775,0.59931403,0.92429250,0.69041896,1.00000000
0.45438769,0.56054062,0.63845348,0.96445775,0.74808604,1.00000000
0.56317204,0.25679195,0.62062937,0.95591468,0.67221433,1.00000000
0.51584673,0.48552713,0.31223425,0.94308382,0.72431296,1.00000000
0.32556823,0.66119128,0.55549425,0.95902896,0.65039438,1.00000000
0.23985592,0.50267929,0.44675925,0.96950388,0.67903799,1.00000000
0.53090310,0.43890557,0.46625197,0.95722443,0.74476010,1.00000000
0.20927680,0.44243845,0.39848533,0.95575255,0.78115422,1.00000000
0.41600570,0.55715764,0.47074184,0.94360775,0.65735424,1.00000000
0.67831737,0.64087087,0.19744362,0.94300348,0.73378295,1.00000000
0.67296314,0.62423515,0.35814545,0.94909662,0.74551624,1.00000000
0.68245578,0.54455113,0.22215986,0.94520777,0.78985864,1.00000000
0.51558733,0.45414111,0.28241503,0.94390243,0.74827158,1.00000000
0.72610193,0.31753916,0.19283208,0.92103702,0.66545492,1.00000000
0.63475639,0.55232507,0.24264447,0.97248381,0.67201161,1.00000000
0.38044569,0.63553625,0.57760543,0.91329527,0.74536461,1.00000000
0.39717871,0.61836064,0.44108027,0.99087107,0.68234295,1.00000000
0.66819441,0.53563040,0.13155478,0.96248460,0.78924584,1.00000000
0.42207766,0.58776242,0.58148497,0.90489006,0.78810310,1.00000000
0.60242403,0.54436445,0.65262848,0.96589988,0.79229838,1.00000000
0.75271386,0.58388072,0.63554662,0.93615144,0.69394290,1.00000000
0.13957803,0.56785983,0.60177463,0.99297649,0.75754249,1.00000000
0.20093508,0.60784519,0.70130378,0.99360752,0.74945211,1.00000000
0.75304437,0.56517935,0.46258938,0.98459285,0.65534055,1.00000000
0.63147724,0.65863419,0.68387508,0.95678490,0.68983477,1.00000000
0.38131672,0.54181200,0.67579073,0.99191779,0.68101501,1.00000000
0.72807187,0.25407669,0.30190513,0.96498084,0.70562130,1.00000000
0.72347802,0.46816289,0.62554926,0.98751289,0.79295808,1.00000000
0.61360580,0.56321198,0.58380747,0.91600531,0.77684027,1.00000000
0.64452904,0.57402557,0.57399929,0.99041802,0.69401371,1.00000000
0.49076003,0.57710779,0.64487106,0.96615905,0.72950470,1.00000000
0.28303230,0.61515224,0.34364119,0.93032742,0.67883992,1.00000000
0.63501787,0.48570883,0.35297352,0.99978137,0.69161510,1.00000000
0.50324553,0.60425526,0.49414840,0.96868837,0.65975046,1.00000000
0.65861773,0.61289155,0.55164975,0.99084163,0.74639100,1.00000000
0.71121341,0.53649592,0.63513947,0.90055853,0.74853814,1.00000000
0.20638463,0.53353596,0.63285017,0.95523381,0.77577525,1.00000000
0.63542408,0.43740946,0.54196447,0.97125328,0.78073275,1.00000000
0.46449801,0.53736579,0.68052518,0.90137368,0.67400891,1.00000000
0.72170007,0.63004684,0.22272272,0.97625589,0.76145613,1.00000000
0.47888350,0.65305477,0.67667049,0.96514481,0.67020613,1.00000000
0.64071244,0.58749533,0.15540676,0.92747599,0.70605725,1.00000000
0.62012225,0.49610409,0.44448346,0.96889448,0.72733051,1.00000000
0.55500168,0.60813808,0.17070410,0.91309011,0.65742052,1.00000000
0.66320091,0.62055075,0.45176527,0.98240370,0.67351454,1.00000000
0.67849958,0.50897604,0.34712335,0.98662251,0.69066739,1.00000000
0.62506455,0.63780564,0.16565260,0.94854772,0.66913134,1.00000000
0.68849432,0.35378212,0.49889225,0.95074421,0.79011446,1.00000000
0.75059861,0.23671842,0.54776353,0.94020545,0.69324785,1.00000000
0.56552756,0.39949587,0.22010906,0.93453342,0.72517574,1.00000000
0.60528308,0.42309931,0.52613926,0.98728985,0.79948014,1.00000000
0.18517469,0.64762068,0.22296914,0.93048733,0.73499638,1.00000000
0.69965714,0.54085654,0.19846851,0.94028503,0.71172434,1.00000000
0.60747927,0.48583192,0.20433134,0.92999160,0.78946888,1.00000000
0.56042427,0.54213917,0.47004616,0.96567130,0.68337464,1.00000000
0.34581929,0.53111905,0.57575929,0.98142183,0.67692512,1.00000000
0.72600341,0.49695402,0.46876100,0.91643357,0.73030466,1.00000000
0.55446297,0.41066727,0.59373617,0.92547423,0.71409523,1.00000000
0.66480988,0.60221821,0.46557492,0.91041076,0.76954794,1.00000000
0.40224057,0.40973374,0.58665955,0.91601837,0.65630150,1.00000000
0.74500668,0.62776846,0.69207203,0.94068813,0.74265885,1.00000000
0.42644539,0.45035532,0.34762341,0.97758764,0.75660187,1.00000000
0.44243062,0.61871576,0.20584834,0.95416182,0.79578751,1.00000000
0.71758425,0.63374776,0.19729224,0.90532762,0.67186451,1.00000000
0.73217094,0.40132108,0.46910447,0.96250868,0.68693650,1.00000000
0.45145413,0.36761186,0.43947238,0.97953039,0.78986651,1.00000000
0.58727324,0.66018915,0.22602081,0.93934679,0.74459434,1.00000000
0.68089080,0.55244803,0.63653231,0.92450124,0.65570736,1.00000000
0.72292721,0.59628141,0.68044019,0.97639376,0.66160160,1.00000000
0.54694015,0.27390784,0.26659745,0.90239060,0.76781607,1.00000000
0.60623258,0.48746294,0.23934290,0.98155910,0.73512119,1.00000000
0.68341732,0.56454140,0.24348344,0.98042595,0.73481232,1.00000000
0.68016237,0.64895165,0.34554207,0.98879862,0.78197986,1.00000000
0.69581854,0.48430964,0.61954540,0.90894800,0.68616468,1.00000000
0.62615919,0.62772155,0.46821213,0.91077584,0.67406464,1.00000000
0.35799262,0.60364759,0.15738437,0.98727530,0.74207091,1.00000000
0.72986710,0.39334711,0.39587006,0.94752628,0.78236347,1.00000000
0.71940964,0.49364311,0.17078334,0.93923384,0.68978763,1.00000000
0.70026100,0.46888387,0.35659653,0.95732933,0.75219417,1.00000000
0.35260907,0.54629135,0.35501185,0.90585828,0.67285687,1.00000000
0.44594961,0.59747428,0.49903098,0.96437162,0.67578632,1.00000000
0.68399364,0.54349059,0.44085526,0.99450833,0.78522652,1.00000000
0.22190562,0.47207147,0.63220870,0.96757197,0.66769475,1.00000000
0.74953294,0.61112195,0.12722069,0.94645351,0.65365183,1.00000000
0.54602653,0.58523935,0.57294047,0.99608809,0.76624107,1.00000000
0.67648786,0.56835061,0.13097550,0.96885163,0.70437646,1.00000000
0.72543722,0.57763374,0.29664108,0.90569603,0.70949876,1.00000000
0.55428737,0.46098226,0.63509595,0.96700466,0.76997864,1.00000000
0.51664984,0.60772651,0.52377301,0.90596956,0.67699039,1.00000000
0.64000481,0.52866465,0.21882157,0.93072301,0.74754906,1.00000000
0.63016576,0.52037996,0.40634385,0.96156836,0.69702923,1.00000000
0.56096035,0.41891652,0.54229659,0.92156160,0.66564029,1.00000000
0.63756347,0.58828473,0.66902548,0.90381891,0.75312442,1.00000000
0.73820275,0.58970350,0.49077716,0.96179539,0.69779962,1.00000000
0.58637601,0.51200068,0.13216200,0.92858571,0.77999061,1.00000000
0.44037572,0.64409751,0.41158932,0.95329642,0.78785533,1.00000000
0.54605591,0.64140105,0.20762450,0.92611456,0.77735776,1.00000000
0.55404389,0.38816386,0.14575268,0.96864289,0.69835275,1.00000000
0.38540214,0.61093867,0.46971214,0.98957014,0.68548739,1.00000000
0.41383255,0.53078467,0.57465994,0.90865648,0.78392011,1.00000000
0.66545010,0.66869289,0.13885915,0.97863185,0.71794206,1.00000000
0.52732718,0.46256018,0.57858193,0.91560948,0.75616097,1.00000000
0.74328911,0.48824021,0.53316933,0.93294096,0.77407461,1.00000000
0.47252154,0.54616272,0.55999231,0.93573654,0.69165301,1.00000000
0.35152698,0.48311213,0.26160493,0.92063099,0.66786462,1.00000000
0.68700761,0.61027324,0.34917378,0.90752345,0.74372411,1.00000000
0.72365713,0.55764449,0.18808872,0.97684866,0.73852885,1.00000000
0.49366766,0.46046245,0.25817114,0.97936273,0.69053000,1.00000000
0.44428289,0.56481117,0.29575863,0.99968332,0.73770601,1.00000000
0.43212876,0.64941889,0.30555096,0.99346042,0.76855361,1.00000000
0.60816908,0.63115376,0.22061169,0.94346422,0.70250165,1.00000000
0.58669871,0.56271625,0.22865400,0.91333878,0.68634766,1.00000000
0.48245800,0.49161130,0.64792377,0.90107000,0.75875020,1.00000000
0.27314684,0.43798003,0.57876092,0.95315176,0.76788080,1.00000000
0.59208095,0.64752060,0.32028100,0.98605663,0.79314339,1.00000000
0.74443501,0.61421293,0.67508441,0.92679036,0.67213786,1.00000000
0.65493733,0.58216041,0.25818983,0.91989416,0.78338963,1.00000000
0.59774369,0.64771324,0.35695320,0.94389534,0.76476485,1.00000000
0.36464882,0.39849293,0.59619135,0.98935330,0.75528497,1.00000000
0.47811642,0.60818219,0.37816846,0.94516736,0.69695807,1.00000000
0.50325614,0.45832446,0.25566196,0.97227126,0.65332896,1.00000000
0.69041401,0.39761513,0.33443263,0.94625264,0.72613257,1.00000000
0.72247410,0.55320233,0.41218886,0.93729591,0.69286543,1.00000000
0.72924072,0.52862841,0.48273200,0.94409120,0.69347316,1.00000000
0.75089073,0.65873218,0.35623911,0.97684008,0.78907079,1.00000000
0.75033188,0.50584072,0.37135547,0.97544062,0.67294532,1.00000000
0.74279720,0.63556081,0.27290800,0.94317579,0.79013485,1.00000000
0.31685627,0.62235016,0.43255723,0.92676175,0.72557098,1.00000000
0.39173332,0.60493511,0.24673896,0.91391271,0.77574188,1.00000000
0.50867033,0.65508652,0.62795657,0.90013695,0.69253814,1.00000000
0.61988324,0.53541136,0.55727476,0.91132575,0.74508810,1.00000000
0.34925970,0.52939403,0.35898763,0.91646552,0.73348826,1.00000000
0.71390361,0.42630687,0.55719286,0.96899378,0.78862494,1.00000000
0.64279085,0.48619175,0.12176232,0.98179162,0.67689478,1.00000000
0.61593801,0.64777583,0.32028776,0.97369456,0.68068546,1.00000000
0.41585985,0.55576271,0.37664774,0.97232330,0.79234469,1.00000000
0.47862831,0.51239038,0.39399913,0.99943209,0.66469467,1.00000000
0.41168424,0.45801395,0.55807734,0.99625975,0.74520236,1.00000000
0.71562111,0.55880344,0.68400437,0.92688471,0.65908462,1.00000000
0.63132983,0.61560339,0.34117478,0.91451007,0.66154861,1.00000000
0.68139458,0.49085560,0.32388225,0.91532981,0.73957229,1.00000000
0.50396591,0.62417680,0.47677365,0.98956066,0.73270518,1.00000000
0.54318577,0.59617633,0.28309035,0.91023469,0.73595393,1.00000000
0.55900627,0.63019520,0.20079431,0.93401444,0.72104782,1.00000000
0.68897450,0.47505686,0.68325931,0.95303464,0.76135391,1.00000000
0.69267148,0.59646732,0.59384114,0.96134508,0.79882830,1.00000000
0.44768023,0.42159826,0.68147033,0.95957327,0.69136721,1.00000000
0.73981500,0.52049613,0.24578404,0.97864079,0.69851595,1.00000000
0.37506342,0.61723781,0.12812307,0.95716935,0.69845742,1.00000000
0.72775340,0.59661734,0.37485975,0.98510468,0.76449037,1.00000000
0.35322124,0.44262746,0.66682881,0.90846300,0.70220232,1.00000000
0.48557106,0.64381671,0.19901490,0.98589653,0.75151056,1.00000000
0.71409476,0.32830089,0.18657972,0.95900029,0.71688312,1.00000000
0.42726970,0.58788806,0.15820752,0.92229325,0.74117070,1.00000000
0.56296539,0.66603243,0.56765765,0.99777430,0.77435231,1.00000000
0.57888573,0.57162571,0.57995677,0.99397343,0.72710878,1.00000000
0.47358373,0.63278502,0.52669179,0.98457259,0.72127599,1.00000000
0.67364258,0.58787960,0.14899521,0.99115962,0.69004619,1.00000000
0.71545398,0.62930393,0.54311079,0.93821418,0.72738570,1.00000000
0.72188854,0.60214502,0.38154635,0.92278051,0.68936187,1.00000000
0.52724713,0.61008465,0.21052612,0.91829038,0.77653551,1.00000000
0.61156708,0.46395507,0.29125059,0.98737597,0.70832962,1.00000000
0.47558206,0.62089914,0.41243932,0.98266315,0.66936612,1.00000000
0.47328869,0.46890602,0.31155968,0.99809384,0.68599510,1.00000000
0.41247755,0.66549629,0.68808776,0.98482519,0.73018724,1.00000000
0.73941773,0.46394315,0.39690691,0.96323657,0.78744310,1.00000000
0.72555071,0.46831334,0.33655912,0.91422820,0.69508421,1.00000000
0.69416016,0.64387828,0.51362669,0.91648477,0.68965793,1.00000000
0.60648233,0.47133642,0.50032061,0.94736993,0.71098399,1.00000000
0.59577662,0.51947200,0.11908193,0.97677958,0.79516315,1.00000000
0.61114442,0.61517107,0.48145512,0.91732752,0.77678293,1.00000000
0.61374539,0.42488784,0.26104057,0.99155176,0.67245018,1.00000000
0.57228339,0.42509732,0.33837274,0.96837908,0.74206299,1.00000000
0.38602319,0.55920160,0.53314638,0.93123090,0.76877964,1.00000000
0.38008723,0.47167382,0.44552130,0.98857594,0.76520157,1.00000000
0.74260294,0.46781555,0.33450302,0.95986301,0.72332680,1.00000000
0.59230089,0.23082028,0.21612373,0.97331583,0.75977468,1.00000000
0.74285066,0.52282751,0.41498953,0.93854421,0.73753798,1.00000000
0.41442069,0.50362414,0.30550942,0.93935508,0.68021673,1.00000000
0.62044775,0.29129514,0.65466344,0.90126175,0.65840805,1.00000000
0.44832414,0.59415758,0.43196860,0.95379019,0.70542496,1.00000000
0.47858408,0.59543943,0.62703764,0.97607970,0.65929085,1.00000000
0.24040103,0.35048321,0.34716532,0.99688244,0.70925200,1.00000000
0.37332520,0.50315261,0.60437483,0.98922271,0.77433187,1.00000000
0.73330706,0.64649618,0.15090406,0.90869910,0.77664411,1.00000000
0.51793271,0.58466667,0.29301119,0.99805200,0.65511107,1.00000000
0.63979113,0.53671932,0.16363290,0.91494805,0.66043031,1.00000000
0.58528179,0.55305344,0.13626482,0.90411144,0.75048006,1.00000000
0.55698377,0.45390356,0.65815425,0.97489297,0.72499979,1.00000000
0.61196280,0.63497466,0.53933454,0.99058867,0.67240375,1.00000000
0.43325368,0.65395170,0.48535886,0.99497831,0.77082944,1.00000000
0.75191277,0.65335661,0.43087813,0.98249763,0.68247443,1.00000000
0.70610583,0.46201167,0.45267886,0.92049062,0.66172236,1.00000000
0.68338615,0.50067329,0.49334729,0.91540027,0.76242608,1.00000000
0.58684105,0.42609826,0.60387045,0.90589684,0.74121892,1.00000000
0.40531304,0.49926442,0.46875799,0.95819688,0.70916641,1.00000000
0.73432082,0.50919950,0.55798870,0.94872212,0.75390893,1.00000000
0.52830720,0.59695381,0.28292826,0.91092837,0.78670710,1.00000000
0.28229311,0.44364834,0.69221276,0.94648272,0.65512735,1.00000000
0.52882755,0.65490884,0.13641012,0.95673233,0.74415189,1.00000000
0.69919777,0.38299614,0.34504506,0.97229546,0.68272507,1.00000000
0.64484447,0.22061174,0.63649976,0.94141978,0.72112066,1.00000000
0.68619889,0.64318234,0.22383703,0.93183523,0.71359718,1.00000000
0.69895732,0.61283481,0.20078711,0.96656793,0.70849693,1.00000000
0.45131880,0.51749355,0.33260635,0.96842235,0.67855340,1.00000000
0.73514664,0.58795762,0.36952630,0.92704284,0.77039748,1.00000000
0.57377565,0.46181464,0.66670239,0.90198231,0.70692807,1.00000000
0.65040356,0.43100747,0.60948205,0.99456906,0.78307945,1.00000000
0.12579153,0.55482340,0.39064097,0.97552866,0.70320022,1.00000000
0.75311595,0.51671207,0.68998533,0.92011040,0.77595699,1.00000000
0.49529526,0.59272856,0.49545789,0.95656657,0.73166996,1.00000000
0.30229744,0.45906514,0.63156396,0.95949477,0.70784378,1.00000000
0.58244944,0.60380918,0.26238647,0.91259885,0.75560480,1.00000000
0.38339046,0.62603939,0.40527299,0.91916573,0.76799822,1.00000000
0.40483335,0.42991376,0.13512777,0.99567068,0.72240365,1.00000000
0.64812028,0.31405351,0.12287070,0.95080107,0.71381307,1.00000000
0.55349386,0.54539192,0.53261954,0.91914421,0.73661286,1.00000000
0.73463535,0.62748665,0.18723154,0.97975749,0.73777449,1.00000000
0.51666272,0.60104495,0.43988720,0.94705731,0.71382189,1.00000000
0.67862701,0.61242628,0.52706325,0.96384120,0.76364940,1.00000000
0.58364302,0.53375536,0.13660859,0.92975014,0.70995820,1.00000000
0.65740573,0.46746901,0.38161260,0.90579039,0.71794975,1.00000000
0.63683110,0.57169867,0.52008939,0.91649443,0.74079776,1.00000000
0.58850747,0.45180672,0.64101821,0.99730366,0.79802734,1.00000000
0.74203497,0.61763275,0.29366475,0.96235883,0.68910289,1.00000000
0.52898604,0.44776133,0.69071561,0.98310852,0.68479294,1.00000000
0.42549476,0.49276736,0.61443615,0.90215194,0.67653310,1.00000000
0.66335475,0.56485832,0.50037354,0.97654623,0.75341666,1.00000000
0.71396267,0.55930161,0.34819147,0.94849521,0.71736419,1.00000000
0.26337251,0.58926266,0.53594726,0.96653080,0.70829093,1.00000000
0.57878900,0.54473358,0.59776074,0.93582052,0.68061358,1.00000000
0.72677076,0.65492237,0.29605874,0.96208686,0.78367078,1.00000000
0.68582821,0.64035708,0.70166475,0.90356195,0.71647596,1.00000000
0.75272226,0.64765447,0.65212905,0.90455890,0.74115402,1.00000000
0.61178243,0.59611261,0.40323615,0.97988361,0.66687942,1.00000000
0.65742040,0.59739816,0.54284114,0.91244650,0.66619581,1.00000000
0.50757021,0.59128237,0.42588758,0.90139842,0.66010320,1.00000000
0.74137849,0.54394382,0.56525326,0.99124563,0.70510191,1.00000000
0.54079205,0.50511903,0.60410720,0.92655319,0.72093302,1.00000000
0.68243438,0.58709979,0.13130738,0.95823824,0.68668669,1.00000000
0.55822051,0.27924848,0.16419531,0.98389173,0.70245165,1.00000000
0.62318540,0.22324434,0.31556907,0.97459072,0.65093899,1.00000000
0.67663467,0.64256382,0.65741980,0.90466279,0.70266324,1.00000000
0.60307014,0.31809574,0.35192564,0.95609486,0.66787571,1.00000000
0.73070180,0.56983012,0.63971305,0.95417976,0.66925770,1.00000000
0.56554037,0.59267068,0.38966700,0.93500799,0.65067589,1.00000000
0.65311623,0.44842750,0.28756055,0.97535628,0.75445706,1.00000000
0.52880651,0.65067643,0.64743835,0.99640059,0.78969258,1.00000000
0.56051314,0.44390416,0.44745338,0.91471869,0.74323183,1.00000000
0.57466924,0.64864141,0.32969666,0.91452241,0.66443032,1.00000000
0.38022888,0.62525296,0.14376883,0.97347361,0.79844743,1.00000000
0.34298825,0.47026715,0.18290184,0.94544166,0.79633778,1.00000000
0.65989071,0.41959831,0.19959430,0.97952187,0.72023517,1.00000000
0.65593547,0.50283641,0.33225664,0.91410774,0.66618037,1.00000000
0.65838313,0.53214866,0.47490174,0.90398574,0.75811088,1.00000000
0.21164100,0.47266060,0.29858243,0.96979338,0.79422021,1.00000000
0.52059180,0.66855586,0.15619272,0.99947113,0.76680493,1.00000000
0.44116157,0.46486956,0.27341691,0.90947980,0.74363041,1.00000000
0.69439536,0.63858789,0.35804802,0.98643380,0.74162477,1.00000000
0.71804154,0.42512709,0.70133525,0.93852895,0.79668772,1.00000000
0.47448829,0.66542953,0.34881583,0.90167898,0.66096789,1.00000000
0.66000861,0.46281123,0.17011495,0.95100218,0.67243338,1.00000000
0.38371390,0.53981805,0.45947930,0.92788541,0.77462173,1.00000000
0.49192417,0.57870060,0.65861183,0.96934032,0.67176694,1.00000000
0.39253396,0.39738405,0.58040923,0.92878306,0.70749450,1.00000000
0.49682036,0.63593215,0.60954016,0.94817001,0.69222486,1.00000000
0.66226190,0.48572508,0.66366577,0.92005652,0.68651670,1.00000000
0.73156869,0.57629985,0.49208441,0.98281020,0.65385830,1.00000000
0.44459730,0.57639444,0.70289570,0.99254316,0.73493767,1.00000000
0.61583042,0.58969772,0.13722445,0.94033360,0.71018595,1.00000000
0.67084086,0.33126232,0.60872924,0.94488800,0.73273855,1.00000000
0.74277735,0.43114975,0.62177098,0.99826837,0.69567621,1.00000000
0.64046514,0.42646399,0.65688258,0.91421157,0.79121912,1.00000000
0.47978127,0.49719286,0.39892322,0.98086196,0.73870206,1.00000000
0.64579546,0.41561589,0.58103287,0.95672786,0.79418105,1.00000000
0.51737672,0.65535545,0.23240024,0.98807347,0.70250088,1.00000000
0.74874401,0.56661940,0.47242954,0.92924285,0.65034342,1.00000000
0.55662626,0.59471226,0.32861480,0.92961580,0.76718986,1.00000000
0.66572952,0.51825589,0.46833745,0.93258202,0.77410680,1.00000000
0.22215940,0.48640117,0.51503557,0.90166312,0.65880549,1.00000000
0.55680406,0.56392640,0.32180509,0.91698927,0.74380541,1.00000000
0.72203463,0.49403465,0.24484606,0.99945867,0.74915266,1.00000000
0.64052331,0.51323617,0.30687523,0.92489487,0.67186010,1.00000000
0.57634997,0.54938465,0.50821012,0.90199172,0.73287868,1.00000000
0.73834866,0.56463426,0.51580834,0.92785406,0.68647981,1.00000000
0.71619344,0.66611552,0.55371583,0.94083899,0.65246773,1.00000000
0.51829636,0.46170273,0.19208036,0.95477873,0.78003669,1.00000000
0.61676013,0.55966133,0.59912789,0.90685660,0.72375429,1.00000000
0.59546077,0.41876587,0.52243990,0.97904289,0.76725489,1.00000000
0.64809293,0.51555830,0.13559122,0.98255014,0.75843394,1.00000000
0.52455288,0.61574095,0.31505755,0.92131609,0.79905581,1.00000000
0.47291079,0.43473208,0.39218310,0.97984183,0.71569300,1.00000000
0.73219472,0.58446348,0.32977501,0.93614268,0.71413261,1.00000000
0.73517072,0.53823370,0.18671581,0.94231099,0.69226336,1.00000000
0.71320873,0.32578143,0.23961546,0.99363881,0.74377209,1.00000000
0.74927318,0.65731812,0.13209493,0.98919046,0.72291690,1.00000000
0.68441856,0.53724253,0.17239833,0.93751109,0.75931418,1.00000000
0.69037312,0.62947118,0.27429420,0.94881105,0.70347673,1.00000000
0.68974936,0.53811002,0.59998250,0.92865241,0.66962671,1.00000000
0.59172022,0.65806746,0.42743382,0.95154345,0.77936530,1.00000000
0.58168554,0.49243733,0.36735171,0.96819079,0.77420706,1.00000000
0.47035295,0.53680170,0.50715464,0.90926677,0.70265001,1.00000000
0.65236020,0.62441146,0.43618268,0.99198413,0.75355273,1.00000000
0.50015771,0.51324403,0.19500819,0.97188741,0.72386044,1.00000000
0.48145366,0.52069360,0.24860197,0.90967524,0.76414579,1.00000000
0.63195115,0.66787750,0.24854256,0.98689890,0.70851988,1.00000000
0.56134290,0.57794195,0.47056031,0.97436827,0.73034590,1.00000000
0.45611325,0.60970050,0.38919079,0.93131268,0.65867239,1.00000000
0.70545936,0.59936124,0.34563828,0.95214331,0.67623651,1.00000000
0.71802473,0.63806939,0.44508186,0.98601305,0.76726484,1.00000000
0.41782528,0.64446491,0.68830341,0.99681258,0.70723480,1.00000000
0.16160516,0.57990134,0.30246675,0.92810774,0.65526581,1.00000000
0.52559996,0.49413079,0.42364436,0.96505582,0.67514545,1.00000000
0.70008987,0.27278692,0.40021765,0.98602468,0.71173972,1.00000000
0.71204042,0.59253097,0.53920180,0.99881667,0.75768697,1.00000000
0.39223170,0.63759863,0.54722959,0.90707183,0.70452273,1.00000000
0.69326192,0.54872006,0.54651219,0.95036221,0.76177788,1.00000000
0.36996126,0.42870024,0.23618799,0.98736656,0.77870911,1.00000000
0.55215335,0.49143931,0.38181949,0.90031582,0.70117050,1.00000000
0.75443506,0.56580663,0.59480864,0.94372350,0.77005631,1.00000000
0.43729305,0.63973987,0.34207657,0.95841986,0.66903210,1.00000000
0.40625659,0.43308234,0.69662064,0.95264906,0.71229255,1.00000000
0.56710064,0.59199136,0.33222750,0.97327727,0.66463435,1.00000000
0.64379722,0.62328541,0.41039225,0.90655220,0.65787917,1.00000000
0.73755121,0.65783817,0.39677978,0.97854167,0.65967911,1.00000000
0.74993914,0.39451328,0.37274343,0.92831707,0.66571283,1.00000000
0.31371808,0.65614420,0.61507726,0.98242295,0.77535892,1.00000000
0.39192331,0.58941293,0.20898543,0.94194877,0.73155159,1.00000000
0.69810820,0.62600696,0.45156747,0.90429187,0.79210824,1.00000000
0.48923829,0.32889503,0.48153034,0.99639148,0.73070002,1.00000000
0.72469682,0.56474876,0.61836547,0.97805494,0.74430668,1.00000000
0.65856242,0.59448856,0.47600010,0.93478161,0.67767256,1.00000000
0.36588430,0.49911752,0.68236488,0.92700273,0.73108715,1.00000000
0.71016133,0.54294139,0.63068688,0.95889640,0.70779538,1.00000000
0.42479923,0.57760239,0.32278821,0.99872947,0.78971529,1.00000000
0.56740952,0.57715005,0.62347436,0.92901671,0.79008818,1.00000000
0.61961764,0.31079611,0.68145752,0.99482709,0.67977482,1.00000000
0.59984136,0.54535949,0.26893952,0.93303871,0.74301964,1.00000000
0.66596663,0.45682153,0.47659341,0.97040975,0.74572635,1.00000000
0.65499318,0.65442979,0.28341407,0.93817341,0.73438025,1.00000000
0.75278139,0.66480988,0.49974546,0.90850520,0.66864944,1.00000000
0.75463909,0.49621674,0.17273106,0.99361897,0.74810231,1.00000000
0.60601461,0.43516937,0.54952234,0.91639280,0.76986277,1.00000000
0.34716183,0.45976034,0.36459991,0.99446917,0.70178390,1.00000000
0.67914307,0.55673689,0.46312186,0.91033065,0.72718275,1.00000000
0.74888062,0.64680898,0.13286024,0.92669475,0.66744918,1.00000000
0.51621765,0.56305301,0.52673024,0.99209237,0.78960329,1.00000000
0.58368897,0.33113372,0.40940669,0.96585411,0.66643065,1.00000000
0.56797814,0.30746862,0.48544177,0.91894835,0.68125659,1.00000000
0.28462890,0.46374559,0.30333409,0.95920932,0.69477177,1.00000000
0.66145492,0.64089394,0.20342363,0.91803914,0.77386856,1.00000000
0.53436047,0.59421623,0.37378174,0.98744422,0.75509840,1.00000000
0.69714618,0.57982522,0.67292887,0.90498286,0.65105218,1.00000000
0.71004528,0.50390393,0.25164354,0.95297778,0.67753422,1.00000000
0.70694315,0.65667784,0.51519942,0.90634727,0.76252270,1.00000000
0.56435978,0.50858527,0.14696679,0.96950227,0.71057516,1.00000000
0.51793945,0.63940960,0.54005867,0.99357975,0.65393203,1.00000000
0.68558556,0.65070760,0.25790423,0.98310667,0.79458755,1.00000000
0.70121968,0.55833948,0.38324532,0.93717277,0.67268491,1.00000000
0.59603822,0.65041590,0.33397242,0.92369050,0.72657001,1.00000000
0.72691780,0.48664185,0.18402374,0.91210276,0.68724740,1.00000000
0.39735088,0.60279095,0.32093057,0.98736238,0.76062042,1.00000000
0.72311950,0.36882555,0.32360291,0.90811092,0.76650894,1.00000000
0.34822187,0.55563289,0.42476803,0.96288294,0.70958304,1.00000000
0.40587667,0.45864424,0.68961853,0.93672675,0.74876744,1.00000000
0.61270797,0.34080198,0.39412796,0.99957782,0.78636104,1.00000000
0.31060386,0.20427872,0.65554482,0.95088232,0.77222139,1.00000000
0.28705803,0.50613743,0.38915157,0.95487911,0.71223468,1.00000000
0.10692711,0.58649105,0.18090783,0.99178886,0.71622139,1.00000000
0.57304806,0.55012709,0.25303110,0.99696368,0.78303176,1.00000000
0.69334763,0.49707869,0.35736334,0.95836365,0.65515590,1.00000000
0.25169858,0.66727161,0.30904046,0.97961819,0.65342176,1.00000000
0.65485013,0.65844506,0.62695843,0.96347666,0.68086928,1.00000000
0.70748538,0.40157276,0.51685035,0.94274002,0.77414322,1.00000000
0.41807199,0.53772455,0.45782849,0.90573156,0.67298198,1.00000000
0.40000945,0.60060155,0.40660563,0.97177440,0.69279188,1.00000000
0.71808881,0.61916047,0.35133564,0.97002625,0.74436033,1.00000000
0.70748460,0.52140230,0.47776026,0.91167021,0.67763644,1.00000000
0.61464518,0.62182420,0.19094539,0.92300689,0.69546747,1.00000000
0.70636159,0.40041286,0.21325481,0.97321284,0.72003692,1.00000000
0.34423864,0.50882500,0.29595080,0.91497117,0.68421638,1.00000000
0.55421835,0.61555392,0.21834390,0.96909350,0.79886204,1.00000000
0.68221533,0.59521019,0.51594043,0.97179770,0.67451692,1.00000000
0.48123366,0.63984036,0.13221666,0.93533438,0.77749056,1.00000000
0.68665123,0.31876290,0.21186911,0.92581820,0.72051495,1.00000000
0.60119450,0.43468943,0.64859301,0.93730396,0.66936857,1.00000000
0.68602496,0.32124895,0.70443714,0.93591964,0.66777295,1.00000000
0.58514214,0.44504774,0.40446499,0.96070200,0.72504443,1.00000000
0.54155809,0.20745629,0.40904123,0.97438484,0.70302802,1.00000000
0.45634177,0.56421280,0.57258749,0.98617524,0.68519032,1.00000000
0.44879469,0.57077402,0.13893504,0.90299922,0.79384089,1.00000000
0.68639696,0.60266787,0.36883616,0.97265518,0.71950698,1.00000000
0.37328112,0.52779108,0.17636934,0.93141860,0.78932166,1.00000000
0.33586228,0.20118721,0.35348612,0.98386419,0.67459995,1.00000000
0.42474771,0.60627174,0.69636577,0.90757167,0.67751992,1.00000000
0.42399746,0.32961473,0.56096077,0.95511746,0.73940414,1.00000000
0.70747977,0.64527106,0.69708580,0.95486736,0.69048136,1.00000000
0.55608594,0.27242774,0.55649918,0.93265116,0.67774069,1.00000000
0.75236386,0.57135123,0.47535887,0.99703068,0.66420281,1.00000000
0.39118993,0.65052956,0.56130636,0.91069233,0.66144061,1.00000000
0.65527743,0.58224267,0.50534803,0.91363972,0.76297528,1.00000000
0.57840323,0.59109408,0.39062709,0.96442598,0.69232446,1.00000000
0.55348957,0.60798788,0.28973314,0.95142990,0.79676288,1.00000000
0.72202820,0.39905667,0.42363414,0.92644674,0.67746818,1.00000000
0.74860811,0.60650289,0.26970205,0.93042719,0.70316702,1.00000000
0.72141731,0.64788169,0.40392727,0.91570234,0.70623630,1.00000000
0.43707597,0.66441011,0.20360906,0.98677641,0.72502291,1.00000000
0.45744377,0.54645127,0.45023242,0.95695192,0.78059536,1.00000000
0.65612024,0.51355195,0.26193157,0.92448348,0.77521551,1.00000000
0.50002247,0.62327325,0.29035771,0.93934208,0.65149343,1.00000000
0.68127000,0.57463026,0.41119301,0.99066854,0.71138823,1.00000000
0.62487525,0.47799700,0.21325074,0.98868412,0.77419049,1.00000000
0.61914194,0.43333003,0.68375289,0.90691066,0.65002966,1.00000000
0.70903039,0.43214664,0.38055548,0.96540999,0.73004591,1.00000000
0.67373317,0.55130261,0.32487014,0.91529709,0.68892133,1.00000000
0.23147048,0.43208134,0.13482153,0.92108834,0.71191525,1.00000000
0.28112629,0.26489943,0.61367905,0.98642075,0.71304572,1.00000000
0.63748735,0.32651168,0.48578465,0.98951906,0.70876318,1.00000000
0.59399229,0.65675849,0.36259127,0.90826917,0.78379250,1.00000000
0.48291516,0.35295397,0.26207811,0.98739231,0.73046952,1.00000000
0.56525189,0.35320190,0.55596316,0.97284937,0.78556198,1.00000000
0.68833989,0.54891527,0.67380857,0.97757101,0.75901139,1.00000000
0.70847940,0.47233781,0.34165278,0.97918153,0.70266801,1.00000000
0.62296593,0.66244614,0.19698592,0.95072335,0.72403455,1.00000000
0.54994327,0.65341401,0.18187927,0.99469078,0.70847881,1.00000000
0.48927689,0.53437716,0.12138940,0.92003596,0.77428615,1.00000000
0.60813278,0.54817474,0.55526793,0.95049649,0.67813969,1.00000000
0.51429111,0.52444363,0.69493848,0.93185526,0.79046184,1.00000000
0.62402242,0.30395231,0.70165747,0.98224312,0.73706365,1.00000000
0.66288596,0.49342448,0.57893956,0.90827006,0.74176371,1.00000000
0.30845568,0.39926368,0.21304928,0.94336784,0.72752023,1.00000000
0.11339141,0.38234881,0.69277024,0.97734779,0.73317444,1.00000000
0.45154512,0.57928950,0.31047851,0.93123406,0.75015134,1.00000000
0.72731829,0.37909856,0.31389388,0.92404765,0.74825531,1.00000000
0.65285432,0.38284716,0.52196294,0.92625493,0.68212205,1.00000000
0.42128667,0.55753130,0.14649951,0.97135901,0.73736602,1.00000000
0.72616822,0.54621649,0.60339397,0.92867827,0.70319396,1.00000000
0.58733749,0.41047692,0.70429254,0.94026834,0.74555457,1.00000000
0.58987010,0.20837630,0.57357043,0.95456684,0.73217517,1.00000000
0.73824489,0.44553244,0.57745677,0.99407601,0.67695200,1.00000000
0.29821080,0.46792936,0.34724334,0.97943473,0.76021010,1.00000000
0.45357072,0.63270187,0.15642434,0.91852814,0.71855199,1.00000000
0.63188308,0.65420657,0.58392203,0.98830843,0.73271626,1.00000000
0.43944785,0.53476834,0.46891654,0.98447675,0.75089645,1.00000000
0.66382015,0.53446954,0.65255219,0.97452247,0.74793077,1.00000000
0.45281461,0.61470920,0.18586053,0.95169061,0.76233929,1.00000000
0.35179579,0.59550232,0.29713121,0.90698147,0.68101275,1.00000000
0.44780266,0.44047740,0.32979774,0.97115052,0.66655868,1.00000000
0.56707114,0.38699734,0.51957631,0.95183420,0.75037694,1.00000000
0.42462635,0.54478508,0.58102655,0.93097746,0.68539774,1.00000000
0.38882151,0.58030200,0.68295318,0.90099382,0.66719073,1.00000000
0.71794486,0.41124648,0.29141599,0.92310488,0.66968560,1.00000000
0.51732653,0.49360105,0.40802142,0.96056902,0.69692004,1.00000000
0.53805137,0.49876070,0.13468289,0.91123068,0.79876804,1.00000000
0.29127070,0.47980589,0.26646346,0.96554190,0.67358905,1.00000000
0.53637207,0.55177242,0.33764914,0.98196721,0.69478047,1.00000000
0.48573315,0.60156751,0.46694481,0.93181783,0.78811014,1.00000000
0.64061308,0.56564206,0.39461499,0.90819854,0.79449624,1.00000000
0.44666246,0.45022920,0.33204415,0.91396987,0.68432653,1.00000000
0.72565299,0.38285398,0.48475173,0.93579090,0.78206789,1.00000000
0.73670006,0.63690686,0.60506803,0.98134345,0.67083770,1.00000000
0.35257295,0.55718392,0.25981244,0.96342790,0.76423049,1.00000000
0.36107668,0.34001487,0.31933874,0.98678875,0.65195125,1.00000000
0.36956620,0.47836867,0.53230804,0.99944270,0.71099293,1.00000000
0.64376301,0.63344413,0.57525915,0.92025661,0.68710029,1.00000000
0.37639406,0.62294769,0.60317463,0.96948212,0.75560123,1.00000000
0.71574652,0.64704984,0.24078307,0.94665170,0.65240842,1.00000000
0.68723989,0.58956355,0.43486291,0.94934779,0.71973526,1.00000000
0.70653605,0.54020268,0.64706534,0.93255812,0.75450933,1.00000000
0.60973018,0.54137570,0.34820616,0.93425125,0.65700573,1.00000000
0.75394928,0.44610825,0.37051946,0.96762818,0.78461003,1.00000000
0.27122045,0.60104930,0.69695467,0.96208030,0.70417958,1.00000000
0.55735862,0.58538765,0.18414861,0.93185037,0.67478985,1.00000000
0.51921088,0.42234591,0.53270704,0.91185808,0.68381965,1.00000000
0.74166709,0.64885056,0.61775535,0.95782411,0.70083588,1.00000000
0.62867558,0.52213639,0.20634913,0.97393966,0.67975628,1.00000000
0.70261329,0.32309991,0.53791368,0.95586216,0.72658682,1.00000000
0.41997802,0.50733370,0.39396366,0.90036505,0.74493974,1.00000000
0.74938262,0.64595258,0.61934757,0.92823154,0.71501452,1.00000000
0.59899497,0.65447617,0.65144253,0.97785795,0.71405482,1.00000000
0.59700853,0.56034750,0.63087350,0.97425485,0.76725495,1.00000000
0.74740410,0.66135609,0.15552066,0.90104103,0.69515252,1.00000000
0.54774189,0.64694428,0.56285602,0.94702965,0.74341530,1.00000000
0.55563164,0.63755292,0.65972209,0.94373184,0.78393823,1.00000000
0.63151807,0.64407146,0.48314613,0.96522814,0.68322718,1.00000000
0.38243717,0.52676040,0.47110358,0.91249800,0.74298513,1.00000000
0.51769412,0.62392145,0.14412081,0.96214151,0.79219574,1.00000000
0.43775433,0.58346111,0.62119591,0.99469179,0.72946930,1.00000000
0.35650060,0.61624610,0.14494327,0.93717498,0.79653466,1.00000000
0.71956766,0.43673098,0.30206448,0.93373567,0.69650692,1.00000000
0.63315547,0.61872053,0.66227239,0.90282732,0.73464406,1.00000000
0.53701901,0.66157138,0.67632067,0.90573949,0.69665533,1.00000000
0.56074643,0.49744043,0.70111799,0.99315727,0.65055794,1.00000000
0.57095116,0.66642624,0.39788368,0.99755019,0.79959619,1.00000000
0.64841509,0.52556521,0.22201738,0.90056419,0.68600899,1.00000000
0.73593587,0.44928148,0.40467322,0.99006796,0.79596531,1.00000000
0.73751938,0.39088434,0.17783113,0.91739601,0.74795491,1.00000000
0.55282301,0.62967765,0.63090360,0.95613587,0.78559005,1.00000000
0.52202076,0.57773846,0.44737485,0.96781409,0.79508042,1.00000000
0.57939190,0.49923649,0.35559171,0.93590587,0.73517436,1.00000000
0.62542909,0.59110218,0.16442983,0.95289880,0.79995370,1.00000000
0.58394444,0.50893396,0.35602394,0.96275419,0.76509947,1.00000000
0.65700912,0.54806185,0.62717152,0.91939265,0.72857219,1.00000000
0.62044120,0.64462084,0.53141528,0.99942565,0.74824148,1.00000000
0.51749659,0.60498965,0.16615030,0.92038816,0.67914069,1.00000000
0.53052342,0.62513316,0.21171011,0.90103382,0.65165490,1.00000000
0.54672021,0.58499658,0.34841675,0.99442846,0.68851840,1.00000000
0.34649691,0.66730475,0.17727946,0.94291276,0.71524560,1.00000000
0.41648015,0.47058594,0.66708302,0.93986195,0.68420792,1.00000000
0.67767358,0.48025247,0.50134826,0.92756712,0.72710538,1.00000000
0.55169994,0.37330002,0.17342530,0.90258318,0.74869162,1.00000000
0.45312592,0.57753044,0.58121026,0.92645681,0.74836910,1.00000000
0.62349951,0.59228110,0.33435643,0.93933004,0.78406465,1.00000000
0.68762362,0.61757630,0.26168862,0.95203292,0.79494786,1.00000000
0.48121536,0.51019162,0.45293233,0.94576442,0.78360426,1.00000000
0.70853025,0.24216497,0.12551302,0.98790359,0.74302626,1.00000000
0.73613000,0.59674877,0.39141038,0.99113297,0.68086463,1.00000000
0.63601881,0.66852319,0.61400294,0.93171549,0.79151767,1.00000000
0.66036904,0.49412802,0.66356331,0.99595547,0.67622906,1.00000000
0.28665641,0.44035760,0.31914982,0.98649341,0.67271411,1.00000000
0.74085367,0.48877057,0.49555093,0.99276346,0.69763541,1.00000000
0.55328715,0.54099292,0.25107262,0.97063309,0.73604083,1.00000000
0.73517758,0.47505838,0.44718415,0.91982716,0.75222087,1.00000000
0.62944049,0.51445138,0.26707512,0.91952276,0.65199393,1.00000000
0.14392732,0.59814316,0.45373914,0.99086517,0.76670337,1.00000000
0.25979528,0.51374400,0.21866007,0.95070457,0.67625296,1.00000000
0.66410941,0.53152305,0.67131329,0.98904675,0.69447273,1.00000000
0.62349790,0.30771762,0.63936323,0.97205478,0.69831300,1.00000000
0.23134944,0.65465111,0.31583425,0.92125124,0.69986689,1.00000000
0.68395072,0.53507435,0.57450759,0.93847597,0.76405513,1.00000000
0.71568036,0.50743371,0.17382596,0.99678254,0.65614164,1.00000000
0.59810799,0.36734962,0.55315346,0.90195829,0.67947769,1.00000000
0.58559191,0.59720558,0.28379950,0.97145838,0.65334791,1.00000000
0.14959839,0.64483631,0.19743633,0.99787796,0.76674491,1.00000000
0.69690657,0.30961558,0.51658309,0.91041470,0.79755837,1.00000000
0.52278239,0.41586396,0.39400402,0.92719930,0.74893206,1.00000000
0.72303605,0.41663471,0.42949387,0.95470130,0.73852086,1.00000000
0.54406059,0.58960897,0.42384106,0.98437649,0.78620994,1.00000000
0.62438309,0.65523332,0.15261646,0.95065117,0.68824309,1.00000000
0.48906475,0.54483324,0.14787073,0.90595961,0.65996933,1.00000000
0.41191724,0.51329523,0.47127500,0.91271842,0.72649550,1.00000000
0.69343209,0.62583226,0.48462626,0.93759435,0.68905228,1.00000000
0.59817719,0.62105453,0.14539680,0.93225408,0.71766222,1.00000000
0.61371493,0.47311762,0.34025842,0.92196786,0.71844500,1.00000000
0.74600148,0.42622912,0.47814780,0.98401290,0.69782478,1.00000000
0.74552941,0.51837087,0.50392979,0.90268815,0.72294867,1.00000000
0.71665531,0.62780440,0.60486811,0.98293442,0.70702279,1.00000000
0.43353564,0.61094415,0.36513662,0.99216801,0.66695893,1.00000000
0.63491327,0.60446936,0.44015163,0.96301109,0.78000885,1.00000000
0.72286743,0.63835728,0.45797670,0.96253502,0.75519103,1.00000000
0.54473770,0.48678297,0.30120310,0.91490179,0.65619636,1.00000000
0.35403374,0.51177186,0.14930905,0.95683175,0.66736794,1.00000000
0.70399290,0.31158510,0.12013290,0.93751746,0.66447717,1.00000000
0.59219193,0.64574742,0.60948557,0.92290497,0.65926152,1.00000000
0.62413168,0.58473206,0.23543048,0.95833296,0.65885854,1.00000000
0.75027537,0.49559480,0.48838511,0.90011907,0.67356688,1.00000000
0.63947034,0.34887293,0.45708674,0.92764127,0.77718043,1.00000000
0.56806791,0.61703658,0.35272533,0.96560419,0.77423501,1.00000000
0.54257041,0.62233168,0.60793722,0.94550407,0.76747197,1.00000000
0.56478751,0.60454255,0.52847153,0.91456407,0.74220598,1.00000000
0.37275568,0.45149097,0.13102439,0.90013182,0.75852406,1.00000000
0.69928360,0.65381134,0.57452595,0.92704391,0.76077217,1.00000000
0.71162921,0.62324214,0.41588166,0.95490593,0.78339696,1.00000000
0.49732757,0.60263711,0.32177606,0.95345455,0.75985146,1.00000000
0.50829977,0.60108250,0.54522628,0.91310722,0.76046890,1.00000000
0.72182244,0.65222877,0.52121508,0.96136969,0.77061218,1.00000000
0.22429098,0.65648127,0.30034602,0.99989241,0.73345321,1.00000000
0.60756737,0.58799130,0.69590521,0.95848668,0.68195432,1.00000000
0.58472252,0.53822362,0.49924028,0.95276380,0.66268140,1.00000000
0.66724223,0.52047390,0.47398806,0.96226329,0.71285653,1.00000000
0.41426647,0.63636863,0.15875316,0.98796707,0.66375285,1.00000000
0.66016668,0.59962517,0.28195223,0.99459994,0.67539561,1.00000000
0.54582947,0.35772687,0.38057294,0.90410334,0.65357602,1.00000000
0.64346802,0.41371229,0.48860335,0.92049938,0.69503093,1.00000000
0.26304486,0.65147948,0.41927272,0.91157639,0.79549968,1.00000000
0.58390641,0.64863831,0.56648993,0.97723538,0.70683968,1.00000000
0.60826129,0.66057950,0.27209866,0.90455627,0.68613386,1.00000000
0.45297784,0.54175657,0.53068060,0.99026352,0.71051741,1.00000000
0.39343137,0.62949800,0.59799826,0.90205556,0.69520080,1.00000000
0.43419278,0.63812697,0.56767648,0.96025467,0.75108153,1.00000000
0.52971447,0.50262660,0.57108623,0.92755765,0.74517000,1.00000000
0.34906295,0.41590908,0.64029825,0.94705635,0.65410143,1.00000000
0.74132234,0.66824508,0.16716385,0.94418859,0.72669846,1.00000000
0.55906993,0.28939137,0.52775973,0.97488934,0.65542996,1.00000000
0.70341730,0.58840656,0.68745774,0.94966424,0.75160450,1.00000000
0.74830729,0.60091484,0.45508862,0.94212210,0.79037124,1.00000000
0.32907435,0.60802734,0.24548018,0.97302771,0.78612316,1.00000000
0.65465397,0.47723126,0.70514929,0.99258071,0.68085682,1.00000000
0.72101867,0.61664861,0.22039841,0.97939223,0.76139677,1.00000000
0.64878398,0.45816275,0.31503394,0.97367167,0.76895988,1.00000000
0.56985551,0.63828266,0.21886010,0.94877219,0.77965516,1.00000000
0.57075691,0.45956185,0.39088991,0.99002159,0.68893981,1.00000000
0.25407004,0.61130220,0.36404473,0.94863135,0.71762520,1.00000000
0.61299765,0.62936884,0.40661231,0.99302858,0.68322569,1.00000000
0.75315994,0.44324863,0.66351962,0.98029220,0.65364641,1.00000000
0.74427372,0.46894297,0.39901435,0.91502601,0.74885190,1.00000000
0.26367211,0.62850702,0.42036843,0.90469921,0.71471953,1.00000000
0.67223793,0.36686170,0.63922477,0.97408557,0.68721753,1.00000000
0.50717276,0.44428200,0.59868115,0.96858394,0.77706558,1.00000000
0.72960281,0.55021685,0.25866002,0.96020889,0.72435212,1.00000000
0.27303493,0.65681070,0.12525056,0.99762392,0.79919863,1.00000000
0.73833203,0.57954937,0.48794094,0.95454031,0.76900369,1.00000000
0.71156114,0.52872437,0.61461753,0.93479002,0.78038168,1.00000000
0.37183258,0.66511279,0.44285300,0.95649660,0.76599985,1.00000000
0.29875275,0.55264395,0.24186878,0.90284115,0.66588873,1.00000000
0.71077847,0.54358822,0.55373830,0.95792645,0.65975434,1.00000000
0.40780511,0.53661299,0.51149368,0.99024302,0.78726184,1.00000000
0.61311078,0.50124305,0.45001915,0.90043300,0.67072958,1.00000000
0.73301345,0.50649875,0.62549186,0.98453039,0.70868391,1.00000000
0.62525129,0.60936147,0.57896608,0.98019290,0.74148667,1.00000000
0.55549651,0.30908185,0.51056004,0.91061032,0.68178475,1.00000000
0.57681155,0.60803342,0.50868160,0.98468304,0.68379277,1.00000000
0.30393797,0.45009172,0.50717801,0.97635454,0.71993619,1.00000000
0.74685782,0.52755255,0.42656749,0.94910467,0.70413429,1.00000000
0.51206726,0.41673729,0.39054215,0.92452139,0.75148636,1.00000000
0.43486619,0.57720256,0.53505909,0.92881006,0.66126144,1.00000000
0.49827981,0.61829084,0.47676146,0.96122748,0.72331381,1.00000000
0.74573344,0.51724052,0.40587091,0.92463040,0.67613900,1.00000000
0.34607512,0.42788363,0.19215374,0.93253559,0.74100876,1.00000000
0.71988744,0.46330333,0.53054637,0.99308383,0.66743201,1.00000000
0.67288506,0.63618207,0.49764621,0.97293288,0.67964476,1.00000000
0.70944893,0.48264092,0.31896967,0.97360742,0.77058333,1.00000000
0.74868512,0.62762326,0.32724893,0.99559367,0.68527508,1.00000000
0.71288013,0.50859326,0.26277786,0.90057939,0.76055980,1.00000000
0.74029636,0.44312680,0.68347955,0.92444861,0.69095939,1.00000000
0.38134158,0.61786062,0.62364787,0.96579742,0.68525410,1.00000000
0.69958705,0.55406326,0.44767591,0.94382715,0.69487321,1.00000000
0.61718363,0.29153925,0.35391361,0.91128051,0.78213978,1.00000000
0.61636406,0.66197479,0.55107367,0.97812337,0.70957488,1.00000000
0.72850847,0.41756961,0.42807540,0.90470725,0.68656409,1.00000000
0.74763930,0.51679105,0.69167709,0.95438510,0.73049593,1.00000000
0.67193443,0.52775121,0.15007213,0.95624644,0.70784622,1.00000000
0.59267062,0.56007344,0.13781513,0.96359611,0.76852965,1.00000000
0.58166510,0.62977368,0.45212412,0.93156260,0.79856682,1.00000000
0.55040246,0.21686757,0.23722307,0.90236008,0.72898614,1.00000000
0.53846616,0.65721244,0.47312009,0.98889834,0.71776235,1.00000000
0.55282998,0.59994435,0.57730764,0.99292046,0.70145530,1.00000000
0.34057611,0.66037512,0.19888809,0.94819885,0.79600084,1.00000000
0.32465866,0.63604230,0.37682837,0.90206403,0.72249252,1.00000000
0.69490463,0.65639877,0.52274537,0.95808709,0.67669952,1.00000000
0.57726544,0.58929944,0.60815501,0.93159300,0.79538238,1.00000000
0.73696816,0.51819187,0.40961418,0.91824853,0.79413229,1.00000000
0.64121741,0.54640925,0.23891388,0.91689527,0.71535873,1.00000000
0.25245839,0.60269982,0.46223485,0.91792554,0.70222789,1.00000000
0.40931776,0.54146874,0.38501003,0.93308407,0.75206560,1.00000000
0.44697008,0.61877906,0.57172084,0.92806202,0.77433860,1.00000000
0.74864393,0.37261826,0.44445652,0.98364246,0.72477984,1.00000000
0.45600849,0.63846403,0.28201345,0.94953150,0.69962198,1.00000000
0.60574043,0.45171118,0.56140763,0.94276476,0.69520909,1.00000000
0.73841143,0.65921444,0.42220414,0.91458338,0.69898981,1.00000000
0.74901539,0.42279515,0.22208621,0.98758906,0.66770494,1.00000000
0.46784076,0.40424323,0.44886607,0.90548223,0.76679307,1.00000000
0.28050703,0.63497359,0.67548239,0.92395312,0.66574401,1.00000000
0.40594292,0.63629586,0.53265661,0.96214724,0.70974720,1.00000000
0.30426469,0.62026185,0.29341373,0.97023124,0.77524149,1.00000000
0.43917942,0.66207564,0.53580773,0.98011565,0.71061587,1.00000000
0.62566131,0.48391512,0.28388608,0.94102913,0.69421428,1.00000000
0.73213518,0.63782501,0.43687579,0.93467402,0.79223806,1.00000000
0.61399233,0.51629782,0.42740926,0.92885518,0.66898155,1.00000000
0.64597076,0.57318914,0.26317111,0.95680946,0.78272808,1.00000000
0.44412285,0.54722649,0.32228306,0.93486357,0.65931153,1.00000000
0.70098525,0.21568605,0.67187142,0.93280941,0.71202940,1.00000000
0.64314812,0.58273923,0.26505795,0.90168911,0.74475813,1.00000000
0.71901274,0.62207735,0.58883941,0.99483162,0.70550573,1.00000000
0.74171847,0.43478671,0.51021796,0.90605944,0.73019099,1.00000000
0.53162366,0.65706933,0.43095830,0.92708713,0.68060023,1.00000000
0.34159121,0.57133108,0.19853815,0.99214196,0.73535520,1.00000000
0.46092367,0.43700537,0.23798279,0.97353482,0.67018378,1.00000000
0.57371134,0.59993470,0.22292802,0.95781398,0.76941442,1.00000000
0.74089897,0.44493961,0.46282014,0.96608138,0.73756850,1.00000000
0.54658478,0.34176576,0.69022542,0.90970600,0.72228980,1.00000000
0.69220030,0.60880625,0.63367015,0.98086476,0.65820003,1.00000000
0.61522567,0.38955194,0.13250111,0.92501068,0.72496617,1.00000000
0.42985207,0.38572788,0.27866271,0.99562138,0.73453540,1.00000000
0.51750648,0.62050855,0.21015145,0.92313749,0.68985015,1.00000000
0.65516150,0.33087331,0.69157523,0.96253645,0.75163853,1.00000000
0.66164732,0.63456374,0.25624132,0.95453244,0.66151476,1.00000000
0.57236928,0.63189507,0.23606658,0.91431034,0.68130338,1.00000000
0.46274504,0.41315433,0.48286781,0.93629271,0.76063228,1.00000000
0.67729753,0.56809753,0.44481564,0.97812927,0.67208332,1.00000000
0.41878435,0.37712973,0.25050089,0.92125881,0.68683231,1.00000000
0.73854065,0.59682876,0.51197934,0.99628574,0.74762833,1.00000000
0.43375942,0.34101135,0.17471012,0.92954838,0.75932628,1.00000000
0.36097729,0.65930700,0.12904063,0.96267217,0.65772337,1.00000000
0.59859937,0.45361108,0.16612634,0.96188670,0.66898841,1.00000000
0.60721546,0.60827184,0.33227542,0.94707781,0.71691769,1.00000000
0.60277855,0.40358433,0.69118607,0.96553606,0.73891926,1.00000000
0.57320076,0.45460227,0.43955705,0.97435766,0.71806717,1.00000000
0.75348049,0.54884344,0.56160361,0.96190029,0.74706048,1.00000000
0.59402817,0.58239549,0.30676222,0.95599943,0.76339895,1.00000000
0.59063143,0.66855115,0.54078770,0.96066272,0.79243159,1.00000000
0.56664038,0.28014520,0.68598896,0.94019562,0.70248210,1.00000000
0.30957365,0.18054661,0.32809463,0.90708733,0.67446572,1.00000000
0.63444608,0.51569182,0.70532906,0.91596985,0.68961263,1.00000000
0.46229193,0.52132654,0.49318233,0.96067041,0.67222464,1.00000000
0.64992839,0.64851779,0.55799496,0.99271739,0.70913684,1.00000000
0.28359130,0.65369856,0.26598072,0.90257406,0.78088510,1.00000000
0.75008297,0.64791280,0.49593574,0.95440352,0.70205897,1.00000000
0.58694309,0.41440803,0.41823897,0.92520612,0.67232341,1.00000000
0.72792435,0.53676122,0.68023688,0.95617402,0.72839493,1.00000000
0.58965194,0.62174213,0.64980882,0.97496575,0.79879159,1.00000000
0.29956204,0.50141323,0.35098389,0.97354531,0.67822719,1.00000000
0.70722425,0.60387933,0.67462927,0.97248858,0.76668125,1.00000000
0.65348881,0.46853545,0.63812500,0.97789234,0.77350384,1.00000000
0.69546300,0.50562525,0.46493167,0.90726107,0.71020073,1.00000000
0.56947821,0.64420539,0.16595171,0.95095778,0.74293274,1.00000000
0.65003932,0.47487086,0.21222955,0.92617786,0.71485603,1.00000000
0.71681869,0.66272497,0.16286720,0.99212706,0.68934906,1.00000000
0.64770555,0.49888760,0.18117242,0.97828794,0.71391779,1.00000000
0.53150868,0.27455357,0.69232494,0.91075450,0.66429353,1.00000000
0.65825772,0.47689822,0.24245135,0.92432463,0.75604343,1.00000000
0.66132081,0.43274620,0.52403212,0.94552201,0.77437896,1.00000000
0.74475861,0.56493616,0.49207544,0.99629086,0.69611001,1.00000000
0.54302078,0.39124191,0.48890874,0.91096729,0.73497152,1.00000000
0.56811327,0.59529650,0.23923765,0.95679724,0.68482226,1.00000000
0.70432746,0.64688128,0.45843917,0.93412876,0.66911906,1.00000000
0.60182041,0.52004462,0.48561078,0.96463406,0.74954277,1.00000000
0.68183893,0.43107149,0.45317960,0.96487069,0.67011613,1.00000000
0.58305889,0.53283221,0.22715439,0.92405915,0.76729685,1.00000000
0.45379087,0.62987775,0.54297680,0.97858095,0.69076318,1.00000000
0.68448341,0.58697313,0.16073127,0.90912622,0.77277702,1.00000000
0.38544688,0.38125190,0.46541178,0.98181391,0.70527571,1.00000000
0.44172940,0.57313323,0.37427020,0.92119670,0.70532638,1.00000000
0.64625692,0.55392879,0.26487446,0.95895791,0.76258594,1.00000000
0.68511337,0.50704056,0.59258175,0.93473095,0.72653985,1.00000000
0.72736591,0.38910154,0.22111328,0.96097797,0.68014663,1.00000000
0.49040312,0.66557592,0.66645986,0.92674178,0.77756131,1.00000000
0.36468342,0.43568635,0.63797945,0.95689636,0.70102298,1.00000000
0.74358618,0.44540212,0.32975739,0.90081984,0.66541654,1.00000000
0.40665433,0.41607839,0.29714879,0.93744546,0.71240014,1.00000000
0.44105658,0.58166295,0.19852158,0.98263896,0.73609424,1.00000000
0.50130373,0.54663950,0.65666342,0.94630069,0.74148279,1.00000000
0.61100870,0.47442800,0.48678344,0.94992614,0.77534115,1.00000000
0.72414541,0.54224783,0.13634329,0.96215767,0.73121101,1.00000000
0.68913442,0.60618925,0.41823494,0.94342095,0.68355656,1.00000000
0.67298406,0.48874229,0.16811703,0.98670769,0.68924993,1.00000000
0.42386541,0.65417236,0.45514748,0.94033247,0.66512609,1.00000000
0.53652763,0.49892232,0.41703629,0.99425524,0.76038867,1.00000000
0.59081924,0.44843182,0.16638003,0.98769379,0.66589123,1.00000000
0.40051129,0.66105109,0.59756505,0.94210875,0.74087191,1.00000000
0.49090397,0.63471782,0.27195129,0.93658006,0.73954213,1.00000000
0.51079839,0.51304901,0.43616727,0.96766281,0.76782554,1.00000000
0.38167655,0.64064068,0.49355227,0.97553068,0.66119444,1.00000000
0.61889225,0.56821513,0.68370855,0.91858613,0.68043673,1.00000000
0.67199457,0.51437557,0.40812454,0.92410451,0.78643435,1.00000000
0.31414032,0.64029598,0.65724456,0.91462523,0.73583555,1.00000000
0.59193069,0.62303799,0.32638666,0.97606921,0.71865356,1.00000000
0.69559729,0.49549362,0.62202185,0.97144020,0.76215142,1.00000000
0.68533278,0.59067494,0.25636837,0.91890538,0.78537959,1.00000000
0.70517683,0.52245837,0.53381163,0.95368749,0.68945146,1.00000000
0.57819420,0.18648218,0.16977176,0.97642392,0.78522134,1.00000000
0.70675033,0.66229582,0.69767666,0.99470288,0.66630417,1.00000000
0.47069320,0.57639319,0.67878610,0.91785228,0.79665244,1.00000000
0.53807700,0.58867419,0.37777272,0.93043298,0.67472780,1.00000000
0.42479861,0.58902961,0.42584425,0.93483400,0.68993545,1.00000000
0.58631122,0.57665604,0.46927932,0.96249771,0.66448909,1.00000000
0.55308867,0.49226123,0.27943385,0.91364187,0.77055150,1.00000000
0.47080553,0.66396105,0.51439494,0.91934294,0.79763478,1.00000000
0.68648493,0.59426081,0.52856582,0.97804368,0.69454646,1.00000000
0.51380247,0.60560763,0.42651558,0.95420539,0.69884181,1.00000000
0.49053261,0.54999626,0.20455335,0.91603863,0.69184697,1.00000000
0.38519180,0.49134678,0.65834469,0.93884325,0.67322421,1.00000000
0.57413685,0.34277776,0.18532063,0.91344941,0.76811665,1.00000000
0.50783890,0.51564217,0.48774832,0.93626899,0.65910798,1.00000000
0.54222453,0.43571889,0.17828742,0.94001991,0.79516613,1.00000000
0.46760336,0.60361940,0.20358865,0.91121101,0.78909731,1.00000000
0.68991929,0.64763439,0.12972842,0.90598333,0.66776586,1.00000000
0.73678875,0.49747741,0.33139065,0.98816019,0.72942859,1.00000000
0.59871274,0.50922865,0.49387211,0.98876482,0.79892772,1.00000000
0.65174782,0.60548288,0.42443779,0.90025789,0.77789289,1.00000000
0.71985137,0.41860300,0.51443481,0.96412039,0.75727004,1.00000000
0.75449032,0.65667993,0.51471698,0.90936792,0.65336913,1.00000000
0.64166766,0.52051371,0.20010220,0.98101419,0.66025662,1.00000000
0.72603679,0.38130239,0.15137494,0.98795623,0.76910257,1.00000000
0.73110920,0.43486634,0.48550478,0.96166152,0.70646673,1.00000000
0.69831753,0.65726042,0.50189668,0.96131557,0.75026476,1.00000000
0.58357245,0.47328812,0.44511986,0.93714815,0.76087725,1.00000000
0.32962635,0.60366023,0.26221323,0.92494690,0.71332765,1.00000000
0.19815455,0.42320231,0.59456778,0.94992709,0.67150724,1.00000000
0.59032547,0.44616520,0.16216825,0.91337174,0.70800418,1.00000000
0.59726620,0.64767730,0.48959517,0.96722251,0.78065729,1.00000000
0.56015140,0.41776064,0.18847737,0.94700867,0.69966286,1.00000000
0.62551427,0.26226881,0.50261629,0.91776013,0.65939742,1.00000000
0.61960936,0.56338632,0.36336812,0.95883143,0.79386973,1.00000000
0.71131742,0.64463246,0.54006064,0.97953278,0.75210154,1.00000000
0.36244705,0.50661212,0.14834836,0.95887995,0.73112851,1.00000000
0.46041742,0.40348655,0.44416645,0.95296615,0.77436608,1.00000000
0.69877279,0.66576463,0.20286936,0.98477173,0.71167409,1.00000000
0.71447545,0.60690641,0.51904804,0.90107554,0.79776734,1.00000000
0.75348282,0.64238536,0.18820919,0.96167475,0.77863598,1.00000000
0.72143185,0.62303245,0.16093136,0.94096923,0.69208169,1.00000000
0.72606927,0.61163652,0.53713107,0.91935664,0.70565718,1.00000000
0.51407385,0.52767313,0.15501879,0.99795777,0.69136143,1.00000000
0.55754113,0.50597918,0.24972402,0.94038141,0.74890113,1.00000000
0.48771182,0.61566591,0.60278541,0.93352628,0.74589980,1.00000000
0.63915128,0.61561358,0.59393430,0.91690087,0.72837585,1.00000000
0.73910016,0.66036469,0.62007397,0.99977660,0.79487604,1.00000000
0.52996910,0.58127499,0.30947053,0.98560512,0.72084129,1.00000000
0.62140661,0.49415758,0.42826355,0.90699726,0.76755834,1.00000000
0.50411606,0.56010145,0.57255727,0.95657539,0.74871427,1.00000000
0.41953877,0.59236604,0.19822678,0.91474015,0.72772777,1.00000000
0.43922487,0.54140544,0.54375935,0.97157812,0.65631425,1.00000000
0.29571140,0.63090378,0.17499197,0.94840837,0.74862427,1.00000000
0.74183553,0.58527464,0.65485328,0.91103888,0.74638927,1.00000000
0.55810088,0.23161237,0.49253541,0.95570391,0.66873109,1.00000000
0.71061236,0.58157367,0.40782666,0.99106759,0.76938725,1.00000000
0.66440451,0.59707022,0.40278190,0.93411946,0.72004908,1.00000000
0.43679172,0.65417510,0.22433062,0.90508056,0.69862193,1.00000000
0.42408949,0.53728056,0.32112786,0.99452072,0.77359390,1.00000000
0.70428860,0.58274060,0.54536688,0.91417992,0.70150566,1.00000000
0.48567528,0.55594099,0.43584919,0.94750518,0.74327761,1.00000000
0.73235828,0.57166612,0.42900366,0.95446771,0.74268723,1.00000000
0.39382982,0.34637111,0.23249759,0.92370874,0.65792090,1.00000000
0.66322953,0.65095663,0.52374256,0.91774178,0.71342504,1.00000000
0.70500445,0.65331173,0.34825525,0.91131389,0.68341678,1.00000000
0.46711832,0.57598501,0.22514902,0.90699553,0.67993557,1.00000000
0.49254674,0.57818431,0.67281455,0.95081264,0.74824429,1.00000000
0.74577093,0.33405977,0.41576397,0.98420209,0.65171152,1.00000000
0.48560610,0.58855659,0.42825684,0.91267586,0.79536188,1.00000000
0.57026517,0.54216307,0.69492465,0.97006190,0.70930862,1.00000000
0.57138801,0.61397159,0.33318007,0.94126207,0.69482052,1.00000000
0.47849050,0.31917357,0.67236513,0.90352243,0.78799617,1.00000000
0.69369465,0.61436760,0.52642667,0.95359725,0.72300082,1.00000000
0.69252133,0.49094048,0.49005625,0.92520082,0.74214882,1.00000000
0.54658872,0.60125691,0.25554019,0.96052539,0.75437760,1.00000000
0.71089679,0.59555036,0.14809157,0.93493229,0.78071171,1.00000000
0.45210397,0.46347126,0.37516695,0.96664524,0.66946131,1.00000000
0.14173318,0.54565698,0.12362998,0.99185032,0.66224796,1.00000000
0.62660879,0.63954067,0.15941325,0.92445445,0.79905659,1.00000000
0.75329477,0.59041238,0.46783927,0.99398404,0.65133256,1.00000000
0.26001188,0.34807557,0.54380697,0.92043090,0.75622922,1.00000000
0.44852385,0.54640764,0.21644020,0.90706950,0.74165982,1.00000000
0.60696912,0.50108153,0.54852962,0.91927010,0.73288268,1.00000000
0.70369780,0.59894103,0.67630929,0.98149168,0.76787418,1.00000000
0.33969703,0.59256935,0.55480945,0.96775562,0.79887092,1.00000000
0.55456877,0.23537324,0.57924426,0.99708343,0.65703285,1.00000000
0.68505424,0.59092027,0.52983093,0.97098273,0.74217957,1.00000000
0.54332656,0.61944509,0.24984555,0.94126314,0.75751662,1.00000000
0.43446726,0.62641788,0.32993525,0.98924309,0.69589090,1.00000000
0.43945473,0.33593851,0.67603940,0.99581283,0.78392923,1.00000000
0.56137305,0.49784213,0.50659448,0.97916549,0.71854895,1.00000000
0.59123361,0.53968674,0.58177924,0.95566398,0.67467177,1.00000000
0.71836978,0.43791205,0.68746740,0.98257655,0.77816117,1.00000000
0.65149659,0.53951585,0.25378641,0.91790450,0.79143882,1.00000000
0.66733062,0.35086286,0.30687451,0.99003500,0.66492724,1.00000000
0.75048947,0.39165762,0.49694216,0.99995589,0.76275212,1.00000000
0.56218624,0.60510832,0.13197498,0.96651399,0.68225211,1.00000000
0.55831879,0.48037878,0.45365828,0.91958892,0.65100831,1.00000000
0.73503113,0.61447871,0.59334612,0.91444367,0.68909210,1.00000000
0.47397655,0.32066804,0.47673139,0.99594146,0.77823645,1.00000000
0.67975390,0.57976019,0.29140782,0.98713529,0.67117757,1.00000000
0.68733120,0.52998906,0.54359066,0.97486788,0.66960031,1.00000000
0.35020682,0.63205719,0.20354801,0.99491191,0.76085716,1.00000000
0.58662176,0.62947619,0.64398438,0.95034039,0.71095395,1.00000000
0.44317487,0.52459741,0.17700884,0.98877466,0.67227292,1.00000000
0.43182921,0.59450853,0.62558299,0.91628206,0.68450004,1.00000000
0.58478624,0.46382436,0.41047615,0.91828096,0.76919031,1.00000000
0.50022036,0.58422804,0.36979234,0.95123428,0.74349034,1.00000000
0.69966644,0.36199549,0.41215399,0.93325096,0.76413929,1.00000000
0.73084062,0.54385728,0.23541547,0.94325191,0.66466600,1.00000000
0.70160663,0.43965283,0.38687387,0.97981972,0.71871567,1.00000000
0.48647371,0.64843458,0.61748224,0.90534073,0.76956594,1.00000000
0.49132180,0.54701412,0.58879721,0.97208440,0.68986893,1.00000000
0.47954595,0.58679742,0.21355796,0.90882295,0.67537832,1.00000000
0.38914856,0.51928705,0.51377702,0.98475009,0.70726758,1.00000000
0.74040490,0.49171528,0.62166899,0.92018998,0.70000702,1.00000000
0.55771869,0.45102471,0.59986329,0.97349387,0.67782092,1.00000000
0.46008787,0.65357190,0.36801907,0.95918792,0.79309171,1.00000000
0.71414876,0.63254809,0.14593697,0.93856221,0.72246474,1.00000000
0.55640423,0.40729403,0.66539377,0.92675364,0.74121147,1.00000000
0.25232556,0.62191588,0.35052067,0.90574592,0.66816604,1.00000000
0.41305459,0.53881657,0.32998624,0.93533802,0.74150527,1.00000000
0.65048361,0.25248563,0.56442058,0.92005289,0.73329842,1.00000000
0.69580233,0.57078820,0.27292484,0.91359127,0.78978938,1.00000000
0.45060143,0.40490603,0.60867524,0.97384983,0.71184754,1.00000000
0.73345256,0.45478109,0.16238327,0.92125148,0.76730931,1.00000000
0.71535969,0.61115730,0.55335951,0.92231578,0.69562715,1.00000000
0.71462780,0.47792292,0.68575853,0.93404812,0.73684108,1.00000000
0.46208668,0.64998132,0.70339340,0.94626534,0.78904557,1.00000000
0.28306139,0.60250372,0.66106141,0.95137125,0.74376070,1.00000000
0.71992069,0.63890260,0.62986022,0.96645463,0.75667381,1.00000000
0.50940633,0.59271890,0.28169426,0.95885223,0.78139770,1.00000000
0.64353764,0.64576656,0.68626374,0.94816840,0.78881365,1.00000000
0.68896002,0.51974928,0.66346860,0.93939400,0.68124121,1.00000000
0.38267231,0.57626623,0.43198383,0.92657864,0.67937571,1.00000000
0.69519132,0.56742060,0.35416332,0.97099423,0.73257142,1.00000000
0.73902321,0.65212709,0.18192191,0.93175012,0.79932743,1.00000000
0.67930788,0.42883232,0.46507886,0.98495811,0.72352284,1.00000000
0.57517654,0.58364183,0.52973288,0.95861626,0.69963574,1.00000000
0.72246516,0.62350363,0.35529211,0.96339440,0.73058921,1.00000000
0.61026710,0.52268827,0.35648799,0.95087904,0.65965939,1.00000000
0.68435121,0.64553219,0.45488906,0.99285561,0.67658103,1.00000000
0.70673567,0.52371824,0.13399065,0.94215953,0.67233807,1.00000000
0.68574739,0.43403199,0.68109757,0.94269687,0.65418732,1.00000000
0.49931872,0.58513439,0.28817981,0.98930144,0.75833184,1.00000000
0.37218341,0.53946334,0.20052403,0.96049070,0.69882119,1.00000000
0.46912956,0.25184476,0.12087553,0.94491488,0.67528045,1.00000000
0.60067827,0.34936640,0.62170088,0.92621511,0.72683656,1.00000000
0.60162872,0.44682223,0.62541610,0.92450446,0.69851667,1.00000000
0.63076115,0.62653929,0.17370977,0.98014343,0.70895267,1.00000000
0.55450696,0.65000874,0.20720077,0.92794663,0.69732976,1.00000000
0.69697773,0.57535428,0.38111895,0.90057379,0.65059751,1.00000000
0.73232323,0.38516146,0.22688481,0.90194607,0.75324935,1.00000000
0.47451666,0.57240033,0.55048305,0.99784029,0.66660357,1.00000000
0.68182355,0.64330578,0.15178809,0.95598382,0.68287134,1.00000000
0.66331506,0.62248439,0.44100550,0.94890249,0.67854756,1.00000000
0.60858566,0.49269870,0.34281856,0.99178761,0.69970512,1.00000000
0.43423519,0.40021166,0.39114499,0.93516874,0.67402965,1.00000000
0.69942445,0.65156865,0.36750418,0.97949976,0.70204282,1.00000000
0.74476874,0.64302218,0.20774069,0.97218096,0.68648964,1.00000000
0.67727554,0.32881200,0.24722441,0.94770962,0.65918225,1.00000000
0.73357594,0.63725400,0.15576923,0.97746319,0.78058445,1.00000000
0.75079352,0.37767315,0.18546210,0.99657786,0.69583714,1.00000000
0.53371513,0.34145412,0.69287932,0.92006075,0.66429234,1.00000000
0.65013641,0.62435764,0.28222755,0.90175092,0.72822899,1.00000000
0.58898145,0.57290149,0.29825032,0.98214543,0.66849130,1.00000000
0.75141287,0.53754544,0.19241549,0.94035870,0.76596397,1.00000000
0.34550318,0.65213990,0.56186128,0.95444024,0.65923667,1.00000000
0.56242657,0.64023757,0.66126049,0.92224622,0.71969539,1.00000000
0.72215295,0.33414972,0.58220619,0.98417890,0.79157394,1.00000000
0.49712753,0.59293324,0.47800931,0.97212064,0.67384535,1.00000000
0.69724298,0.62713259,0.59601939,0.99533665,0.68020529,1.00000000
0.54871768,0.57661688,0.35542956,0.94752520,0.74006975,1.00000000
0.74972481,0.66589516,0.62323374,0.99765652,0.79697812,1.00000000
0.72433746,0.60896760,0.58736402,0.95108557,0.70787537,1.00000000
0.50692552,0.38391691,0.11866155,0.96214223,0.74729675,1.00000000
0.69202709,0.44849744,0.40458480,0.96741277,0.67284757,1.00000000
0.52597576,0.63774770,0.27330387,0.94897717,0.74620956,1.00000000
0.63917345,0.66820014,0.16837230,0.95627803,0.68789929,1.00000000
0.65691882,0.37870935,0.61540943,0.92233068,0.74199313,1.00000000
0.70932847,0.38051912,0.12232334,0.93623632,0.66329920,1.00000000
0.22564857,0.62533367,0.54715502,0.97019935,0.72874534,1.00000000
0.45700598,0.34278429,0.69893652,0.90389889,0.68561077,1.00000000
0.67416924,0.34786516,0.40118811,0.97004133,0.75225633,1.00000000
0.62381232,0.64942414,0.33602384,0.93037754,0.76215047,1.00000000
0.59778309,0.63274145,0.47401938,0.92718357,0.77722138,1.00000000
0.29116878,0.64810258,0.59099871,0.96934885,0.79885930,1.00000000
0.53181338,0.60098386,0.25897175,0.92149454,0.71890324,1.00000000
0.71927911,0.50528508,0.26511848,0.99616832,0.75058919,1.00000000
0.24245754,0.65257913,0.47481060,0.99906790,0.65276355,1.00000000
0.55512691,0.49584034,0.67051756,0.94581002,0.78576303,1.00000000
0.74075687,0.48608297,0.29319999,0.94014186,0.74236149,1.00000000
0.28367534,0.64898479,0.33926746,0.90790373,0.71320176,1.00000000
0.68585467,0.60781330,0.70196074,0.97782189,0.71514690,1.00000000
0.48133284,0.65066582,0.22130716,0.91627240,0.76369935,1.00000000
0.71969587,0.42302898,0.16292246,0.99330479,0.77502048,1.00000000
0.68474704,0.66065961,0.46456191,0.99905926,0.77118558,1.00000000
0.72492987,0.59213328,0.13192175,0.91224098,0.72658771,1.00000000
0.45408905,0.60496014,0.22378425,0.96830058,0.70567197,1.00000000
0.61173618,0.65396166,0.48365247,0.94659919,0.79183090,1.00000000
0.69472688,0.52637792,0.50559551,0.95411456,0.74512994,1.00000000
0.47386461,0.61622298,0.41789719,0.91795748,0.73154801,1.00000000
0.46414366,0.59863865,0.34338120,0.97235209,0.73974782,1.00000000
0.23307241,0.63023299,0.45658681,0.91666126,0.74447995,1.00000000
0.74422413,0.65089518,0.49610928,0.98852998,0.75696093,1.00000000
0.67357063,0.60764444,0.59028357,0.94539744,0.73297769,1.00000000
0.64923412,0.34677207,0.58397108,0.96348679,0.78130329,1.00000000
0.68411416,0.43989423,0.50870633,0.99217910,0.77895713,1.00000000
0.61185849,0.66094953,0.64366621,0.97379392,0.71633863,1.00000000
0.58988738,0.66346318,0.61060309,0.95408481,0.67528039,1.00000000
0.57874614,0.66325235,0.19602707,0.94026774,0.73649836,1.00000000
0.65088511,0.30204457,0.68039966,0.94621348,0.74311095,1.00000000
0.44388181,0.52695525,0.64220136,0.93416733,0.72850692,1.00000000
0.72556973,0.62457663,0.30642775,0.99461836,0.78358668,1.00000000
0.70422059,0.62318617,0.12952025,0.92528576,0.66395307,1.00000000
0.53246367,0.36677089,0.47292703,0.94093466,0.69311279,1.00000000
0.62930751,0.59135222,0.37553975,0.97782236,0.77986848,1.00000000
0.39472386,0.41419175,0.55856860,0.93643415,0.79091197,1.00000000
0.74777806,0.56114060,0.42623517,0.98866111,0.71388876,1.00000000
0.72957689,0.46976057,0.16264144,0.92430729,0.67889661,1.00000000
0.73464727,0.32803369,0.26158082,0.90313447,0.71304941,1.00000000
0.52353841,0.36068234,0.63677865,0.96287513,0.71842498,1.00000000
0.41899759,0.65339744,0.13981746,0.95082533,0.72793543,1.00000000
0.45119068,0.62148541,0.55098218,0.99330580,0.69115299,1.00000000
0.34088179,0.65709883,0.28937852,0.94231325,0.69689411,1.00000000
0.37450889,0.55448538,0.38390577,0.91355902,0.74833816,1.00000000
0.31611729,0.53714287,0.43000320,0.93297458,0.74326915,1.00000000
0.75222105,0.51858407,0.26475373,0.93932116,0.74931538,1.00000000
0.32000893,0.59298575,0.50115323,0.95831317,0.70659274,1.00000000
0.38677719,0.51612383,0.52555424,0.92745006,0.70046854,1.00000000
0.70866257,0.62182242,0.16768205,0.95503134,0.70273077,1.00000000
0.62989587,0.63291174,0.33760417,0.99080461,0.79267645,1.00000000
0.69328612,0.64705497,0.55551606,0.94237304,0.70928675,1.00000000
0.64765328,0.47124854,0.54213977,0.96515697,0.74091989,1.00000000
0.72396803,0.57042795,0.43800196,0.92288989,0.72842646,1.00000000
0.65021890,0.46176440,0.57510281,0.98013270,0.78143328,1.00000000
0.60821271,0.30340105,0.18096758,0.92696708,0.70536751,1.00000000
0.67443091,0.61370951,0.18718310,0.95798028,0.71512169,1.00000000
0.57783127,0.57622480,0.50440550,0.93002474,0.77641916,1.00000000
0.53069258,0.61714619,0.52549052,0.90674025,0.67414361,1.00000000
0.58638108,0.36848712,0.59678048,0.93196625,0.73914421,1.00000000
0.41946900,0.66799486,0.22413933,0.92120308,0.70998621,1.00000000
0.69981581,0.66779822,0.42163038,0.98926735,0.79786873,1.00000000
0.48323327,0.55302340,0.50637138,0.92661619,0.75820762,1.00000000
0.40588191,0.64525038,0.24923505,0.99744231,0.65158343,1.00000000
0.47427976,0.47161302,0.42172226,0.94923460,0.77592111,1.00000000
0.71285635,0.62001288,0.49320295,0.92210650,0.75547695,1.00000000
0.52251291,0.64767504,0.24379383,0.93913442,0.73414415,1.00000000
0.66593015,0.63551509,0.33856672,0.91834313,0.68541926,1.00000000
0.71686894,0.63495374,0.24490519,0.98336834,0.67239749,1.00000000
0.32507679,0.55244207,0.64878994,0.91199690,0.74425995,1.00000000
0.69048029,0.63654447,0.25694051,0.98735279,0.71599102,1.00000000
0.51043212,0.60999101,0.18872625,0.90459168,0.77924305,1.00000000
0.45457232,0.40669647,0.13832666,0.92996079,0.68935603,1.00000000
0.66684842,0.39245602,0.14409028,0.91398865,0.74562800,1.00000000
0.73142695,0.62706298,0.23034485,0.96852654,0.68732643,1.00000000
0.50339454,0.59515858,0.47541678,0.95123219,0.74544758,1.00000000
0.62575775,0.56836742,0.12802933,0.99393398,0.65725172,1.00000000
0.50045139,0.65274888,0.28631994,0.93661809,0.70875609,1.00000000
0.62039906,0.60305357,0.15186287,0.90407491,0.67590284,1.00000000
0.64455312,0.53155214,0.35509339,0.97616589,0.74089009,1.00000000
0.64056093,0.53734797,0.14622161,0.95795006,0.69750923,1.00000000
0.64513236,0.59032840,0.47502458,0.98274350,0.76572990,1.00000000
0.38918793,0.62469965,0.52260250,0.94261384,0.66718918,1.00000000
0.66833693,0.58018100,0.54784560,0.97381812,0.73343194,1.00000000
0.66226637,0.56546903,0.24961376,0.91710657,0.73905170,1.00000000
0.66481203,0.61777461,0.62852949,0.99995267,0.65331560,1.00000000
0.32002690,0.61315763,0.52369893,0.91736472,0.65539783,1.00000000
0.57759392,0.63853288,0.15097071,0.98298007,0.69623601,1.00000000
0.56091273,0.34053585,0.37692159,0.92124385,0.74136132,1.00000000
0.33678406,0.62361050,0.56926852,0.97825080,0.79439449,1.00000000
0.45851418,0.56683969,0.30052584,0.98612523,0.66361755,1.00000000
0.57506412,0.35489732,0.34209341,0.98766410,0.75547439,1.00000000
0.68378145,0.60741132,0.48800224,0.94757187,0.75390744,1.00000000
0.46829870,0.61557668,0.15028287,0.94288129,0.75042111,1.00000000
0.70937240,0.56951582,0.68643236,0.98337913,0.72742212,1.00000000
0.61722964,0.63143122,0.22028294,0.95794892,0.79502392,1.00000000
0.68909699,0.49646136,0.13333647,0.96212769,0.72526628,1.00000000
0.58841336,0.45047465,0.12077823,0.92360669,0.77574456,1.00000000
0.59921592,0.51582485,0.35267904,0.94461572,0.68937808,1.00000000
0.64381480,0.53609908,0.63779610,0.93694490,0.77094626,1.00000000
0.73625290,0.61113393,0.59986007,0.96653217,0.79948187,1.00000000
0.59626156,0.64141279,0.65414459,0.91964835,0.78651291,1.00000000
0.61072749,0.61650831,0.43163666,0.94057518,0.69561076,1.00000000
0.63764161,0.43444443,0.38161543,0.98487324,0.77692360,1.00000000
0.68212855,0.52134788,0.34462410,0.95464456,0.66428858,1.00000000
0.31689641,0.42467049,0.14495181,0.98960441,0.75165612,1.00000000
0.60571384,0.60911661,0.65265954,0.92325276,0.70132196,1.00000000
0.59212184,0.47378129,0.40951535,0.94399035,0.74880052,1.00000000
0.73459101,0.56998920,0.38533378,0.95004165,0.71183735,1.00000000
0.59694213,0.63104177,0.42068675,0.94005674,0.65135497,1.00000000
0.58665878,0.60561168,0.58479679,0.96844935,0.68469149,1.00000000
0.74517423,0.49569765,0.24968888,0.91487199,0.65635794,1.00000000
0.57919163,0.50922263,0.53523570,0.95194006,0.71409047,1.00000000
0.42835757,0.60163623,0.53574693,0.91387725,0.77601069,1.00000000
0.45477551,0.57635128,0.61738402,0.96291977,0.76069951,1.00000000
0.34714812,0.37691435,0.12275506,0.98302484,0.76833683,1.00000000
0.10754125,0.64671445,0.21787973,0.90199971,0.77107996,1.00000000
0.57113826,0.56652606,0.39473343,0.94569361,0.70579100,1.00000000
0.69174320,0.55546653,0.61796492,0.94927037,0.72590387,1.00000000
0.68088198,0.44857535,0.68536288,0.97202539,0.72626770,1.00000000
0.24547572,0.52509087,0.46756977,0.90747201,0.66698128,1.00000000
0.62617713,0.50920683,0.24243174,0.94060206,0.73972130,1.00000000
0.40653324,0.48400116,0.22622629,0.97854811,0.75802696,1.00000000
0.73969412,0.58095729,0.49379057,0.95321447,0.74164516,1.00000000
0.41755110,0.55222023,0.24121715,0.97498465,0.76189488,1.00000000
0.64619333,0.64949334,0.44299260,0.93640095,0.66783369,1.00000000
0.52042896,0.65876180,0.60871291,0.99200875,0.76421136,1.00000000
0.65126365,0.45974463,0.34695274,0.90773451,0.68122101,1.00000000
0.56237400,0.38031679,0.34027776,0.90911645,0.78152400,1.00000000
0.68886244,0.62975246,0.13890608,0.95284861,0.68673968,1.00000000
0.46409908,0.66788387,0.26710859,0.94708240,0.72379887,1.00000000
0.73035491,0.64479458,0.52834791,0.96384674,0.72308993,1.00000000
0.59962004,0.27495962,0.32964191,0.92290562,0.69032753,1.00000000
0.68779099,0.47522101,0.21076407,0.92260283,0.70425642,1.00000000
0.71500546,0.31322142,0.17986338,0.97491097,0.67783952,1.00000000
0.75449008,0.63669670,0.17356081,0.92917651,0.73551512,1.00000000
0.45958483,0.58447737,0.50537258,0.97272915,0.78695422,1.00000000
0.49876609,0.56682825,0.47801262,0.96407068,0.69749111,1.00000000
0.47685999,0.57764155,0.42265943,0.90833271,0.72620940,1.00000000
0.48455700,0.47577062,0.41195673,0.97111297,0.77928209,1.00000000
0.63068944,0.58945441,0.20772757,0.98795152,0.71787488,1.00000000
0.75315481,0.29030621,0.41212013,0.98166460,0.77468908,1.00000000
0.75233603,0.59994948,0.15290457,0.90088618,0.71695858,1.00000000
0.61000425,0.61935806,0.66226965,0.95397139,0.71603638,1.00000000
0.65040815,0.60607857,0.15178092,0.99133372,0.67358601,1.00000000
0.71785843,0.50894010,0.36678246,0.95987254,0.66874683,1.00000000
0.73755980,0.63775098,0.11798298,0.92903262,0.74172449,1.00000000
0.44556332,0.61536413,0.58008850,0.91945446,0.77410001,1.00000000
0.61068308,0.40358877,0.21539423,0.96849477,0.67031097,1.00000000
0.71024859,0.44674805,0.66171533,0.97712541,0.78651410,1.00000000
0.50797051,0.59788769,0.14351632,0.99125850,0.70383197,1.00000000
0.57456481,0.49199754,0.60046315,0.99057168,0.71378857,1.00000000
0.75115758,0.39670625,0.50390458,0.93392801,0.78416800,1.00000000
0.75101197,0.42241496,0.26455042,0.96038771,0.78444445,1.00000000
0.73043936,0.42927435,0.23671742,0.91015190,0.72872883,1.00000000
0.70036328,0.55674803,0.32804585,0.90944624,0.69151473,1.00000000
0.48833948,0.59084553,0.60494286,0.90714687,0.67579091,1.00000000
0.51756841,0.43590212,0.62468034,0.99271441,0.69073701,1.00000000
0.61778635,0.61471248,0.22075610,0.91524327,0.76709414,1.00000000
0.62280166,0.48844886,0.32555768,0.94823259,0.69868863,1.00000000
0.60171795,0.50099713,0.25734788,0.94330722,0.75418425,1.00000000
0.64961046,0.46179166,0.18978991,0.93247712,0.67928010,1.00000000
0.56058884,0.62972629,0.49791139,0.95377308,0.72177553,1.00000000
0.68569309,0.66195273,0.32110059,0.90027910,0.70281595,1.00000000
0.52426100,0.56094074,0.25022590,0.93801492,0.72554183,1.00000000
0.52276194,0.31107599,0.62705749,0.94793439,0.73549181,1.00000000
0.38162723,0.47947726,0.55783409,0.98033047,0.79864025,1.00000000
0.43437314,0.42443421,0.57280070,0.97009635,0.78498423,1.00000000
0.71522659,0.64089221,0.14070347,0.98497617,0.75437999,1.00000000
0.57735533,0.36570254,0.65595907,0.93762982,0.67306155,1.00000000
0.46222502,0.66309249,0.45572847,0.91409057,0.78785425,1.00000000
0.68877143,0.58624017,0.41400164,0.94010562,0.78388792,1.00000000
0.62028593,0.56792355,0.12387373,0.99630594,0.78300554,1.00000000
0.21598737,0.64175761,0.64568365,0.92143273,0.72185254,1.00000000
0.51516104,0.28374413,0.43758264,0.91747552,0.67560601,1.00000000
0.42530978,0.62811571,0.60303146,0.99443370,0.76316047,1.00000000
0.65605348,0.39443251,0.50324172,0.99499232,0.70827729,1.00000000
0.49185237,0.64051694,0.58629036,0.91492367,0.70168525,1.00000000
0.30674416,0.57100445,0.52525395,0.97694528,0.70861733,1.00000000
0.29070422,0.33872962,0.65939051,0.94297427,0.73386061,1.00000000
0.63043141,0.63908595,0.25028482,0.94922155,0.70002782,1.00000000
0.21771297,0.28323424,0.23652947,0.94986880,0.75348806,1.00000000
0.71474296,0.41100526,0.53678918,0.99683714,0.74715859,1.00000000
0.40749487,0.63222522,0.41258517,0.91846609,0.72632939,1.00000000
0.63924468,0.55298555,0.47009480,0.97730637,0.65809596,1.00000000
0.57667053,0.64807069,0.53443676,0.90056741,0.79048139,1.00000000
0.57587975,0.59749645,0.43966365,0.96286100,0.71175444,1.00000000
0.31682065,0.59470129,0.58099616,0.96526778,0.71741796,1.00000000
0.70161581,0.49317095,0.30521610,0.97537065,0.71840489,1.00000000
0.72692364,0.40760246,0.62293553,0.99259621,0.70475417,1.00000000
0.17890435,0.66218561,0.18098609,0.97538352,0.75118816,1.00000000
0.42657307,0.38449121,0.49059057,0.97321439,0.65208763,1.00000000
0.72984850,0.57096022,0.64125443,0.92537874,0.78102624,1.00000000
0.61861360,0.48480341,0.26629066,0.99928397,0.66536587,1.00000000
0.40282783,0.48108104,0.30990276,0.94684088,0.79995704,1.00000000
0.44479114,0.58773386,0.29731870,0.94174498,0.74421239,1.00000000
0.65741730,0.63224679,0.44956690,0.95018774,0.65993696,1.00000000
0.67820346,0.62812108,0.36051282,0.93940562,0.73436558,1.00000000
0.63673639,0.64575773,0.18115252,0.95936376,0.69969618,1.00000000
0.74283588,0.49344760,0.64193368,0.93496245,0.79295647,1.00000000
0.59716558,0.55324429,0.23804508,0.92399448,0.76332062,1.00000000
0.50634146,0.23120627,0.43181178,0.99279946,0.72605222,1.00000000
0.59033871,0.62194330,0.46753228,0.99278283,0.71446663,1.00000000
0.53751123,0.49731094,0.14161873,0.94962454,0.79938030,1.00000000
0.45990297,0.57945114,0.17394842,0.99621475,0.75010759,1.00000000
0.27465293,0.43157217,0.68922925,0.94157171,0.72708946,1.00000000
0.53379637,0.63643056,0.50853670,0.93873787,0.70969164,1.00000000
0.67400926,0.63601959,0.13739128,0.99169064,0.69868743,1.00000000
0.20731129,0.64735013,0.58482307,0.96329170,0.75581294,1.00000000
0.57429159,0.31734025,0.41678989,0.97625172,0.73818284,1.00000000
0.65208799,0.66748226,0.16188210,0.94127440,0.77722770,1.00000000
0.64058489,0.47359759,0.51808947,0.94070017,0.73303413,1.00000000
0.69394934,0.50015455,0.41138342,0.90833038,0.73734969,1.00000000
0.70386499,0.47432479,0.23818812,0.99667436,0.72160345,1.00000000
0.67410254,0.48258957,0.63394248,0.92279589,0.76439315,1.00000000
0.35595316,0.57717937,0.28904697,0.94942671,0.71224880,1.00000000
0.58943027,0.46982047,0.28503332,0.91146106,0.77779096,1.00000000
0.63813680,0.53076357,0.27810210,0.96469533,0.69905668,1.00000000
0.47377944,0.60214782,0.56909162,0.93908757,0.75389373,1.00000000
0.26802737,0.63961536,0.53301096,0.97676617,0.78394562,1.00000000
0.45934412,0.61043698,0.64890921,0.95283788,0.76536107,1.00000000
0.58102643,0.58766931,0.25255248,0.91294795,0.70139122,1.00000000
0.56312883,0.41755259,0.58021444,0.90107405,0.75595087,1.00000000
0.42504522,0.63579583,0.45473269,0.92124486,0.68104774,1.00000000
0.70785326,0.30289939,0.29922330,0.97243464,0.65872478,1.00000000
0.73564988,0.48110381,0.13850243,0.98285139,0.76870728,1.00000000
0.44374630,0.33339438,0.59938091,0.93413353,0.77120137,1.00000000
0.73667538,0.60482389,0.25945374,0.95359248,0.65343964,1.00000000
0.20537391,0.52210248,0.48926061,0.92400134,0.79216927,1.00000000
0.73545849,0.60133541,0.44051054,0.98804432,0.71688497,1.00000000
0.74251968,0.51447731,0.12026443,0.99652070,0.78579080,1.00000000
0.18341474,0.55027950,0.70255506,0.97529399,0.76822621,1.00000000
0.68987834,0.55094123,0.59666431,0.90888870,0.78509802,1.00000000
0.74722916,0.31678405,0.40380663,0.94371188,0.77500635,1.00000000
0.73038453,0.54249829,0.51784784,0.99905056,0.79609931,1.00000000
0.74735940,0.59880638,0.39799660,0.92293847,0.74436516,1.00000000
0.61892354,0.57546169,0.55563897,0.96704715,0.68408883,1.00000000
0.32563263,0.35555285,0.19666386,0.99385637,0.70843446,1.00000000
0.71502197,0.60496479,0.38020647,0.97732031,0.76278186,1.00000000
0.64177591,0.49992737,0.31502187,0.96088600,0.67354542,1.00000000
0.64209121,0.24945866,0.38803250,0.95067054,0.78947634,1.00000000
0.56462348,0.42282790,0.38263097,0.99288142,0.68079185,1.00000000
0.62685442,0.56236154,0.20181997,0.93947333,0.78139621,1.00000000
0.40592375,0.50053900,0.69205213,0.99012691,0.72255862,1.00000000
0.68282086,0.61079568,0.12676008,0.94310528,0.77609301,1.00000000
0.32134339,0.47022435,0.12357232,0.97565448,0.79374433,1.00000000
0.67974323,0.62723923,0.33731842,0.99157137,0.71332210,1.00000000
0.71479511,0.49076521,0.48257431,0.95506430,0.75449067,1.00000000
0.58837730,0.59406996,0.22332543,0.93098801,0.68400764,1.00000000
0.60342234,0.63249904,0.43129060,0.90509868,0.77011788,1.00000000
0.51291668,0.52800876,0.54280704,0.98092598,0.77298886,1.00000000
0.74703884,0.31868288,0.17297682,0.96220100,0.69428688,1.00000000
0.68077648,0.57267249,0.69671905,0.92630458,0.65362114,1.00000000
0.54208624,0.66797531,0.31570625,0.98774117,0.71468079,1.00000000
0.42356819,0.66352135,0.49553847,0.99203026,0.67550009,1.00000000
0.45660967,0.46053550,0.18277639,0.98871660,0.77278268,1.00000000
0.58482563,0.62376314,0.53499198,0.96015179,0.68916458,1.00000000
0.74008387,0.51371604,0.61203313,0.99765813,0.79155391,1.00000000
0.68109167,0.42587280,0.17957950,0.98748058,0.79577136,1.00000000
0.45361623,0.60448313,0.19168420,0.91042602,0.78632540,1.00000000
0.71774483,0.56328493,0.28296906,0.99811059,0.73994219,1.00000000
0.54653245,0.57367247,0.12466813,0.95488065,0.69011420,1.00000000
0.71556222,0.63796759,0.69767725,0.99200362,0.77108878,1.00000000
0.47130334,0.51060236,0.46963769,0.97603416,0.75523931,1.00000000
0.64344931,0.60474873,0.47505262,0.96475667,0.79657525,1.00000000
0.73590976,0.52133888,0.68174243,0.93266726,0.70658779,1.00000000
0.48150644,0.31221545,0.60707605,0.90270299,0.65881521,1.00000000
0.66814029,0.52544147,0.59661347,0.92767364,0.79975796,1.00000000
0.75158602,0.66026896,0.31735432,0.96858203,0.77573955,1.00000000
0.40331960,0.55831873,0.31462553,0.98631150,0.68322343,1.00000000
0.33890241,0.38746116,0.28925762,0.90023464,0.75884420,1.00000000
0.66208535,0.60935920,0.32158574,0.92079735,0.65010351,1.00000000
0.52745992,0.66256344,0.33500516,0.96730679,0.73367137,1.00000000
0.31603134,0.65287107,0.20000216,0.92836350,0.70442575,1.00000000
0.58954680,0.58210933,0.32702816,0.91417027,0.70719993,1.00000000
0.68708819,0.52484572,0.38043943,0.90819359,0.68667799,1.00000000
0.49774653,0.58429557,0.29961607,0.96378791,0.69122678,1.00000000
0.52503866,0.63576007,0.21490999,0.95948601,0.71820033,1.00000000
0.71387619,0.64435565,0.33730024,0.98586136,0.68722177,1.00000000
0.60741794,0.63632327,0.40053397,0.93148375,0.71996599,1.00000000
0.71304256,0.55020058,0.54160494,0.91367185,0.73660219,1.00000000
0.57740128,0.39624730,0.53602219,0.97991550,0.75666672,1.00000000
0.74279100,0.58140504,0.23687942,0.99881858,0.75157183,1.00000000
0.65436190,0.42337522,0.13920906,0.93603897,0.68629837,1.00000000
0.37016454,0.33851042,0.29635265,0.98653495,0.65587842,1.00000000
0.72476321,0.56267124,0.21008018,0.97625452,0.77490228,1.00000000
0.59523517,0.60209471,0.35046381,0.99115855,0.78084695,1.00000000
0.39528444,0.64303315,0.69373304,0.94243723,0.79683346,1.00000000
0.40515020,0.62925351,0.22415963,0.91013014,0.79395676,1.00000000
0.66640836,0.64361113,0.30521998,0.91183561,0.74507213,1.00000000
0.27729887,0.62465751,0.54418486,0.97631985,0.78414077,1.00000000
0.49859434,0.61272013,0.41716635,0.98633319,0.71720129,1.00000000
0.39358276,0.23437288,0.14348714,0.94570166,0.76810032,1.00000000
0.57511377,0.59530914,0.21275884,0.90595710,0.79330015,1.00000000
0.56331974,0.39753941,0.66779387,0.90667063,0.76944178,1.00000000
0.60811657,0.33553275,0.17833234,0.95986003,0.71236479,1.00000000
0.49455968,0.42336428,0.49123105,0.99186242,0.70666391,1.00000000
0.24522512,0.63718045,0.58372098,0.93995833,0.69373143,1.00000000
0.64196956,0.62132031,0.27378768,0.96506196,0.70505953,1.00000000
0.54437804,0.66005075,0.54416353,0.95420080,0.77308649,1.00000000
0.65454233,0.66521525,0.21758540,0.98897576,0.75522506,1.00000000
0.36245781,0.65023404,0.28514722,0.98323876,0.68748188,1.00000000
0.19047421,0.40704706,0.30107179,0.91993487,0.75673026,1.00000000
0.47551116,0.64752060,0.70378530,0.96775430,0.70690930,1.00000000
0.58172572,0.64011121,0.24386606,0.98475033,0.73366588,1.00000000
0.55402762,0.64617932,0.19365145,0.99302495,0.70555538,1.00000000
0.70380229,0.42023087,0.66217142,0.95899272,0.72824442,1.00000000
0.54635870,0.39458466,0.21290042,0.91759109,0.75947058,1.00000000
0.61141056,0.65568882,0.63487053,0.95582318,0.75966960,1.00000000
0.63464457,0.43434677,0.50026858,0.96658188,0.76297736,1.00000000
0.21803811,0.52219003,0.45697734,0.92724890,0.70865583,1.00000000
0.60549784,0.55035239,0.55961102,0.99730015,0.75357431,1.00000000
0.53006595,0.40063933,0.54470527,0.92293262,0.68580675,1.00000000
0.56642389,0.26731598,0.18266246,0.99113524,0.72161424,1.00000000
0.35309711,0.66775507,0.70556831,0.94251806,0.73746604,1.00000000
0.69577730,0.64720416,0.67169982,0.90005541,0.75297230,1.00000000
0.74004102,0.65365499,0.64505410,0.95432889,0.78679937,1.00000000
0.21934602,0.48995757,0.48369950,0.96282858,0.69571531,1.00000000
0.63742203,0.46006587,0.42517138,0.98693633,0.77679288,1.00000000
0.69012606,0.54113460,0.43310505,0.95405632,0.69666862,1.00000000
0.49756476,0.54955512,0.12643349,0.90941292,0.73278642,1.00000000
0.69717318,0.21443272,0.41145265,0.99268138,0.77421498,1.00000000
0.64814484,0.62853694,0.48457032,0.95653546,0.75847244,1.00000000
0.73656726,0.66818517,0.50512129,0.92715311,0.77943045,1.00000000
0.74998581,0.57087475,0.31302321,0.98988587,0.77223217,1.00000000
0.26761729,0.52891976,0.39487198,0.91209137,0.69145209,1.00000000
0.57677794,0.53042406,0.49194741,0.90974826,0.79894048,1.00000000
0.61767578,0.37662008,0.36959147,0.95350093,0.79054976,1.00000000
0.39990175,0.48198161,0.68360895,0.96248841,0.71452618,1.00000000
0.52568060,0.56363642,0.53261298,0.95109594,0.65708143,1.00000000
0.75167078,0.54300284,0.11839632,0.99289918,0.69552451,1.00000000
0.19969007,0.57519585,0.13134088,0.92628211,0.77542287,1.00000000
0.58001375,0.64208019,0.52370602,0.99902350,0.79263055,1.00000000
0.71302080,0.46267006,0.36037946,0.90193492,0.77475077,1.00000000
0.51919210,0.28399763,0.61145347,0.91185337,0.70951146,1.00000000
0.59138960,0.30458692,0.21942084,0.91856766,0.65848047,1.00000000
0.74923277,0.40796071,0.12578054,0.90795755,0.72763741,1.00000000
0.58937037,0.58173627,0.34593078,0.94382179,0.70645738,1.00000000
0.38522166,0.63425505,0.55062592,0.98653722,0.66844589,1.00000000
0.28516158,0.64905864,0.68925160,0.98207593,0.66587800,1.00000000
0.74082673,0.59742272,0.63744348,0.97447568,0.67295551,1.00000000
0.48633984,0.53385472,0.40239683,0.90074092,0.68087357,1.00000000
0.60114908,0.42211476,0.59577489,0.98657060,0.76306796,1.00000000
0.34174153,0.53328985,0.15901792,0.93964988,0.70725554,1.00000000
0.56748044,0.50905240,0.45427784,0.97316378,0.71554071,1.00000000
0.73681569,0.64598376,0.66135198,0.97269189,0.73975718,1.00000000
0.60049510,0.55930430,0.35081479,0.91775209,0.79402000,1.00000000
0.74746817,0.46314833,0.68241215,0.95153946,0.76347035,1.00000000
0.48208654,0.49174041,0.24746183,0.99261808,0.74685687,1.00000000
0.60133952,0.40963662,0.17978460,0.92630488,0.76157480,1.00000000
0.71773642,0.65476507,0.42633078,0.97150278,0.75789386,1.00000000
0.57819921,0.32399163,0.65132171,0.99580508,0.75353742,1.00000000
0.49447256,0.24420398,0.30075249,0.93606311,0.72446108,1.00000000
0.71660888,0.43980569,0.58832961,0.93876338,0.73502707,1.00000000
0.55207217,0.63477874,0.21717486,0.94525623,0.71922374,1.00000000
0.61151844,0.56947261,0.55621791,0.98090392,0.70924377,1.00000000
0.74884570,0.59524804,0.44530997,0.94392848,0.69061524,1.00000000
0.43267724,0.51834291,0.22059822,0.94862461,0.70328200,1.00000000
0.50697023,0.34800440,0.54005134,0.92223173,0.71427941,1.00000000
0.24288677,0.64340907,0.53750360,0.99883449,0.73690689,1.00000000
0.55298471,0.44492355,0.42084426,0.98923540,0.72498125,1.00000000
0.44289872,0.29505286,0.25027508,0.96002543,0.66619235,1.00000000
0.66398489,0.58229673,0.19546700,0.99605602,0.70099604,1.00000000
0.42869788,0.36410034,0.68073827,0.96869975,0.70642900,1.00000000
0.66228676,0.37632614,0.50341916,0.99591058,0.75603890,1.00000000
0.48492464,0.63272715,0.59367144,0.91615361,0.69993383,1.00000000
0.53530037,0.56068963,0.52762973,0.92254573,0.65119338,1.00000000
0.53210884,0.47063291,0.60557276,0.98851824,0.66265047,1.00000000
0.67568672,0.51505923,0.21322989,0.94198745,0.72454977,1.00000000
0.58590525,0.61826783,0.40997073,0.93711579,0.67827433,1.00000000
0.53831810,0.34522822,0.51007342,0.97543353,0.72419333,1.00000000
0.71581364,0.39433241,0.17846465,0.96303254,0.73613083,1.00000000
0.62689394,0.59297496,0.20585702,0.93440717,0.79001570,1.00000000
0.45263219,0.59074569,0.49057800,0.93978608,0.74833697,1.00000000
0.72882348,0.66411155,0.62865049,0.94083840,0.65465611,1.00000000
0.52895367,0.52424896,0.50612718,0.91263312,0.70710957,1.00000000
0.26071867,0.34367427,0.13894401,0.92295539,0.76901853,1.00000000
0.59738070,0.57322580,0.68848997,0.95375305,0.68908435,1.00000000
0.37837121,0.59817576,0.19970994,0.97818273,0.78874594,1.00000000
0.46921265,0.41188529,0.25444838,0.94190484,0.72935158,1.00000000
0.68506497,0.57723129,0.69115722,0.93833530,0.66386718,1.00000000
0.38505825,0.44820440,0.57119590,0.96505159,0.68625057,1.00000000
0.70283145,0.64126378,0.66857451,0.91572541,0.78594488,1.00000000
0.73860294,0.63945091,0.59212923,0.93807501,0.79871899,1.00000000
0.63923270,0.54231203,0.50102025,0.92081362,0.77945238,1.00000000
0.67367852,0.66313803,0.28503117,0.96516460,0.69810152,1.00000000
0.67469388,0.66535002,0.30993026,0.91123641,0.76532286,1.00000000
0.75297463,0.40430865,0.67486537,0.94478226,0.68333417,1.00000000
0.52838469,0.52187258,0.62389743,0.95961821,0.70767832,1.00000000
0.41382006,0.58913428,0.32911202,0.98336756,0.75457519,1.00000000
0.60706711,0.36568606,0.33721614,0.97245514,0.79533517,1.00000000
0.61248308,0.52702570,0.29276142,0.99428630,0.71587974,1.00000000
0.42602879,0.47974908,0.30948833,0.96798784,0.72437549,1.00000000
0.64152628,0.66061711,0.62392205,0.93491894,0.68302530,1.00000000
0.19183369,0.53659415,0.12382756,0.92317241,0.71048343,1.00000000
0.73617315,0.62518793,0.37414861,0.90565825,0.65945280,1.00000000
0.48559195,0.52839673,0.67225862,0.92775875,0.77878791,1.00000000
0.26193491,0.40622282,0.43684492,0.91368484,0.65350020,1.00000000
0.36200276,0.64471132,0.38261518,0.93692249,0.75252867,1.00000000
0.47036761,0.18140689,0.30139402,0.97025782,0.69098324,1.00000000
0.49118656,0.33188313,0.16112508,0.96920341,0.72141641,1.00000000
0.24703424,0.52070326,0.24969792,0.93181664,0.69223374,1.00000000
0.49439502,0.60915494,0.17085789,0.95085526,0.71001059,1.00000000
0.43755531,0.51252013,0.19217613,0.92167717,0.73201668,1.00000000
0.54673368,0.34517825,0.21383326,0.95029765,0.74613398,1.00000000
0.54984784,0.50346416,0.29531142,0.95100820,0.79104292,1.00000000
0.52708536,0.47228143,0.12412746,0.93012971,0.69983011,1.00000000
0.52131736,0.21352051,0.67655522,0.92594677,0.73772866,1.00000000
0.34054905,0.57250190,0.19048183,0.99795747,0.78525829,1.00000000
0.22774689,0.39446646,0.34302875,0.95371234,0.69353479,1.00000000
0.44430187,0.49119359,0.63501620,0.95620769,0.77975750,1.00000000
0.68795913,0.59883547,0.18033411,0.90077943,0.79363328,1.00000000
0.75247031,0.61739761,0.40212014,0.91818410,0.77712405,1.00000000
0.73639941,0.48077464,0.61457860,0.93566221,0.73547906,1.00000000
0.60121059,0.50783306,0.44527212,0.99659806,0.75831735,1.00000000
0.61193901,0.47318953,0.24137859,0.91752416,0.72215986,1.00000000
0.51420021,0.66145045,0.55029970,0.93032897,0.73958838,1.00000000
0.69314396,0.44414508,0.51843590,0.99901569,0.79617113,1.00000000
0.69040000,0.43991774,0.33069760,0.94811088,0.68766809,1.00000000
0.71347553,0.54705501,0.14487951,0.93184078,0.76888210,1.00000000
0.72758663,0.44345450,0.12227335,0.96343589,0.72593498,1.00000000
0.57219005,0.42355841,0.60317230,0.94963020,0.67653102,1.00000000
0.69103509,0.37643594,0.30679846,0.99574488,0.74653029,1.00000000
0.70267349,0.59859937,0.19868818,0.90831953,0.76886404,1.00000000
0.51086766,0.59197509,0.42267719,0.97905481,0.73531336,1.00000000
0.73658824,0.60090351,0.65931368,0.92790866,0.77561492,1.00000000
0.34614131,0.62734079,0.12263580,0.98066694,0.70488030,1.00000000
0.75334299,0.50675249,0.15067267,0.98477203,0.78706527,1.00000000
0.69199651,0.65473640,0.36296761,0.98492229,0.74724799,1.00000000
0.34485877,0.61910051,0.51527405,0.98666954,0.77047390,1.00000000
0.65617198,0.63357615,0.39770615,0.97181273,0.69094777,1.00000000
0.25020233,0.61651766,0.64561671,0.91424042,0.71691924,1.00000000
0.69202530,0.51860136,0.14357916,0.90519029,0.78644264,1.00000000
0.70058906,0.48930889,0.31772992,0.93407655,0.65763432,1.00000000
0.63778692,0.54007989,0.32432228,0.94950700,0.71059728,1.00000000
0.71699435,0.37750471,0.31772190,0.93026209,0.76704782,1.00000000
0.35031787,0.54894298,0.40452114,0.97422069,0.76157218,1.00000000
0.49237955,0.31289503,0.58269238,0.97224432,0.77774340,1.00000000
0.56324029,0.20555334,0.30463684,0.99719244,0.76090854,1.00000000
0.26784039,0.65704179,0.55557835,0.94005734,0.79206383,1.00000000
0.57818365,0.60969096,0.20380321,0.97857279,0.72473896,1.00000000
0.48597929,0.57954150,0.44748521,0.97412002,0.74364346,1.00000000
0.55340403,0.51229745,0.33828709,0.99887496,0.77715588,1.00000000
0.56812251,0.58175015,0.43482989,0.97736150,0.75525361,1.00000000
0.72321326,0.64992476,0.18102926,0.92835748,0.66530854,1.00000000
0.48906428,0.60141128,0.67850757,0.90152723,0.70504946,1.00000000
0.72711051,0.58965927,0.65071416,0.99681664,0.73288864,1.00000000
0.56850696,0.55160743,0.60376251,0.97160691,0.76320761,1.00000000
0.52125621,0.51398927,0.64281344,0.98126066,0.73153514,1.00000000
0.60053438,0.61170274,0.20393404,0.97932440,0.76663238,1.00000000
0.56484306,0.66555381,0.41395399,0.97357613,0.77564144,1.00000000
0.48118445,0.54078609,0.30465245,0.97514743,0.68976927,1.00000000
0.60060072,0.53024167,0.63963878,0.99294579,0.74241471,1.00000000
0.40437478,0.54183865,0.22908099,0.99141115,0.73356658,1.00000000
0.53365451,0.54103327,0.24702668,0.93792266,0.68409759,1.00000000
0.62464428,0.66717523,0.52159673,0.90309614,0.72348171,1.00000000
0.56289333,0.61348408,0.16994098,0.90386814,0.73228526,1.00000000
0.70770961,0.51886111,0.54845130,0.94466382,0.77260101,1.00000000
0.48078233,0.52319360,0.27536899,0.98349798,0.71914840,1.00000000
0.74711901,0.54267597,0.50643259,0.98476112,0.66213739,1.00000000
0.69633853,0.30188698,0.63119870,0.94043899,0.72309440,1.00000000
0.74656051,0.57064074,0.47624198,0.93016118,0.77569264,1.00000000
0.71174771,0.63487732,0.24275513,0.95066017,0.73568833,1.00000000
0.39570951,0.60327518,0.14656796,0.98325431,0.69782978,1.00000000
0.60988384,0.44856516,0.14389057,0.96364963,0.78814566,1.00000000
0.41968378,0.61801362,0.16988935,0.91398060,0.67334771,1.00000000
0.70608270,0.61619818,0.45871642,0.93622339,0.69903165,1.00000000
0.63130623,0.48036388,0.32248110,0.95554256,0.71557021,1.00000000
0.48490876,0.59454656,0.26065117,0.95382625,0.76069671,1.00000000
0.73668224,0.59170318,0.24665092,0.98306340,0.77536201,1.00000000
0.36941916,0.64032930,0.67563617,0.99321717,0.65878409,1.00000000
0.62393695,0.40934837,0.18753916,0.91004634,0.76880538,1.00000000
0.67702740,0.44657737,0.29694965,0.92244077,0.75807929,1.00000000
0.29718110,0.55909091,0.39498663,0.93921572,0.78419787,1.00000000
0.63618189,0.31451324,0.11791149,0.92963982,0.78506643,1.00000000
0.70541489,0.53788024,0.65938425,0.94082904,0.76662886,1.00000000
0.31061694,0.63032568,0.17594035,0.90407211,0.67853040,1.00000000
0.60436833,0.41822466,0.51910037,0.90660131,0.69708073,1.00000000
0.48191515,0.55153161,0.48756793,0.98383617,0.79044795,1.00000000
0.65838802,0.66703188,0.59356695,0.91025817,0.73972601,1.00000000
0.37304187,0.56468576,0.50081629,0.98240751,0.73081410,1.00000000
0.73864073,0.56257516,0.57022792,0.93065119,0.78735644,1.00000000
0.72737694,0.57875949,0.36544037,0.93092233,0.78112978,1.00000000
0.43228820,0.44155863,0.40512028,0.91007471,0.75912440,1.00000000
0.51885480,0.41716617,0.53038949,0.90132636,0.78233784,1.00000000
0.63254982,0.60704350,0.45201573,0.93552887,0.66707528,1.00000000
0.67609698,0.53142625,0.41855210,0.98353571,0.76363158,1.00000000
0.57579541,0.49220231,0.23856376,0.99199557,0.79484606,1.00000000
0.40826347,0.29176861,0.26947546,0.90615857,0.65734655,1.00000000
0.35747460,0.64151275,0.32852778,0.90309083,0.68345684,1.00000000
0.75472534,0.29362804,0.12310846,0.91588008,0.76909524,1.00000000
0.58122027,0.62258863,0.36315498,0.97662896,0.72800708,1.00000000
0.72132736,0.52679890,0.11927558,0.92048830,0.66299278,1.00000000
0.59244156,0.58873641,0.45000908,0.92308104,0.69019371,1.00000000
0.73476917,0.47355008,0.53178161,0.98889428,0.69860893,1.00000000
0.33810005,0.42269892,0.44832271,0.98749489,0.69815940,1.00000000
0.36819237,0.57212663,0.52559996,0.96702892,0.78165090,1.00000000
0.73669100,0.61106503,0.11765481,0.91640139,0.74930549,1.00000000
0.74136740,0.44694269,0.15261292,0.93811494,0.76023757,1.00000000
0.51427370,0.54439914,0.52850729,0.92361772,0.65203553,1.00000000
0.53527397,0.54693937,0.58994126,0.96718454,0.71412683,1.00000000
0.57998925,0.45794511,0.53982443,0.97799313,0.69767308,1.00000000
0.56413329,0.58035827,0.50765425,0.91421336,0.77778882,1.00000000
0.43538108,0.41632196,0.53375453,0.98979557,0.79308045,1.00000000
0.72836125,0.56574076,0.55269998,0.94628257,0.71350116,1.00000000
0.47866085,0.39183491,0.54375148,0.97950059,0.79595912,1.00000000
0.67207187,0.55896932,0.55176967,0.90516376,0.65215391,1.00000000
0.31006515,0.50101334,0.16118807,0.93605810,0.69885790,1.00000000
0.26023805,0.54923320,0.15486562,0.90147811,0.76623970,1.00000000
0.65534091,0.54359269,0.33007056,0.97184849,0.70401496,1.00000000
0.52708954,0.65286893,0.42799807,0.90794510,0.78814435,1.00000000
0.65591609,0.56021655,0.56624651,0.93382859,0.68276972,1.00000000
0.34575859,0.63625664,0.31453401,0.97817487,0.76934999,1.00000000
0.74198049,0.46287593,0.27948064,0.97489667,0.68025535,1.00000000
0.68549234,0.51631308,0.57732254,0.96402895,0.67956573,1.00000000
0.72235256,0.35533750,0.26431578,0.96940207,0.71686238,1.00000000
0.39049655,0.53952026,0.60049492,0.96512312,0.79174107,1.00000000
0.51720023,0.60510945,0.22184326,0.96412760,0.73781824,1.00000000
0.54177248,0.64002198,0.32910207,0.93496549,0.74525493,1.00000000
0.61397481,0.58057845,0.35357389,0.90281659,0.65145987,1.00000000
0.50443596,0.59857649,0.29382968,0.94418257,0.65849227,1.00000000
0.30003920,0.43642065,0.11962172,0.90454596,0.66004008,1.00000000
0.54203260,0.30277607,0.25618193,0.94688672,0.77294630,1.00000000
0.47943461,0.63101369,0.31626680,0.94640791,0.68552780,1.00000000
0.55020404,0.43016529,0.30213228,0.91787213,0.69932574,1.00000000
0.44053593,0.37196410,0.57973850,0.97842616,0.74149293,1.00000000
0.48396248,0.65810269,0.14551045,0.97042096,0.73759317,1.00000000
0.64630055,0.66258770,0.34644040,0.95595396,0.71157944,1.00000000
0.55125660,0.59297383,0.13971497,0.99259084,0.65064502,1.00000000
0.53034687,0.52565473,0.66508681,0.92871869,0.71744037,1.00000000
0.61273301,0.63908488,0.58247614,0.92620325,0.76083237,1.00000000
0.69252467,0.45199770,0.69538915,0.91834360,0.68528593,1.00000000
0.54685181,0.54223818,0.65303558,0.95444399,0.75625372,1.00000000
0.63250858,0.51808751,0.30341929,0.92053574,0.65227294,1.00000000
0.74620360,0.65371948,0.52446085,0.98688954,0.78620118,1.00000000
0.60815662,0.65497619,0.29797301,0.93043095,0.79250586,1.00000000
0.73142719,0.60106927,0.64012420,0.94909310,0.65036923,1.00000000
0.69896823,0.38959002,0.35926640,0.95295107,0.71867275,1.00000000
0.29697067,0.55801272,0.33875737,0.93076468,0.71207327,1.00000000
0.56988758,0.47244546,0.65533453,0.97384197,0.77628249,1.00000000
0.66986305,0.64871442,0.60984725,0.96920729,0.73110825,1.00000000
0.75143397,0.41102827,0.68612564,0.97608107,0.74170482,1.00000000
0.58249760,0.32964140,0.15675770,0.96059203,0.68037587,1.00000000
0.34427407,0.61297727,0.26078758,0.94601822,0.66155970,1.00000000
0.62325543,0.54954517,0.29462221,0.94489169,0.75384969,1.00000000
0.38097593,0.64005953,0.36726591,0.97165346,0.74310142,1.00000000
0.68640566,0.35482663,0.39595884,0.93770355,0.77484930,1.00000000
0.60257542,0.63286442,0.28910142,0.94372600,0.77670252,1.00000000
0.67777246,0.30300650,0.58261788,0.91636711,0.74465531,1.00000000
0.72045511,0.28487498,0.24896714,0.96796304,0.73075420,1.00000000
0.64698303,0.55193651,0.52736312,0.90769249,0.78710127,1.00000000
0.64129335,0.46067250,0.61868727,0.99905121,0.77018964,1.00000000
0.68733037,0.58752120,0.47276366,0.91437376,0.78236377,1.00000000
0.71296465,0.27989769,0.32597584,0.93829787,0.79937613,1.00000000
0.72037023,0.29946634,0.22817132,0.92377806,0.71052587,1.00000000
0.25524163,0.61782688,0.19667423,0.92906582,0.75754023,1.00000000
0.62110591,0.45490316,0.55539691,0.93224531,0.75321019,1.00000000
0.45432785,0.60233241,0.39360705,0.97183365,0.67612141,1.00000000
0.71796262,0.62257606,0.14489385,0.91767490,0.74548227,1.00000000
0.65356040,0.33640391,0.69637620,0.92638564,0.71421337,1.00000000
0.56595206,0.62662506,0.51253128,0.91012061,0.71759534,1.00000000
0.43391186,0.48298240,0.61422503,0.93314600,0.67702067,1.00000000
0.52709353,0.52935201,0.37540510,0.99412417,0.76171088,1.00000000
0.67159837,0.36750507,0.67966980,0.93801087,0.75469112,1.00000000
0.44592240,0.64010984,0.23501472,0.97773385,0.72984350,1.00000000
0.34523356,0.57925552,0.22655065,0.94617039,0.67350787,1.00000000
0.72556156,0.56433874,0.64137340,0.94496000,0.73352975,1.00000000
0.69023603,0.66344690,0.64218652,0.98239708,0.66501999,1.00000000
0.44261533,0.50983906,0.41118795,0.90268195,0.70090580,1.00000000
0.50186193,0.64978033,0.19163904,0.98648864,0.70585370,1.00000000
0.74770743,0.61624694,0.29718617,0.94852084,0.78251380,1.00000000
0.67299259,0.65652013,0.56126606,0.93511271,0.71233433,1.00000000
0.64062595,0.65284550,0.61528933,0.99068350,0.73977047,1.00000000
0.51041186,0.66724312,0.32214984,0.93398595,0.78121686,1.00000000
0.50570101,0.40612236,0.15366687,0.99776971,0.71386391,1.00000000
0.26185864,0.63186896,0.50925100,0.99363565,0.78255552,1.00000000
0.67934102,0.63353425,0.55264533,0.92679232,0.67046922,1.00000000
0.26926261,0.59957170,0.36706746,0.93406028,0.70472646,1.00000000
0.14555551,0.48752770,0.46064565,0.98121673,0.66420907,1.00000000
0.67965484,0.66286582,0.69845384,0.91956103,0.73413944,1.00000000
0.74172646,0.45183715,0.26176387,0.97319514,0.79359233,1.00000000
0.68791485,0.56292456,0.45469275,0.91291511,0.74854279,1.00000000
0.58803487,0.56893855,0.47703555,0.92056054,0.74391133,1.00000000
0.59393275,0.42687207,0.44065130,0.95005059,0.69172382,1.00000000
0.57296956,0.61685002,0.62889975,0.97458816,0.78966600,1.00000000
0.51958561,0.36971813,0.47353384,0.97394288,0.72073025,1.00000000
0.60805380,0.61051488,0.41640589,0.96089220,0.69005030,1.00000000
0.57078969,0.64199561,0.19000883,0.92721128,0.79815501,1.00000000
0.63629204,0.51533931,0.53129953,0.94153780,0.71346861,1.00000000
0.72829247,0.61405265,0.19535728,0.92462140,0.70572484,1.00000000
0.75352949,0.42360133,0.13327640,0.92770177,0.65524417,1.00000000
0.32642254,0.64149362,0.40501833,0.93232238,0.67674422,1.00000000
0.54961872,0.66061389,0.45437956,0.95988476,0.77137870,1.00000000
0.42821863,0.42090505,0.70532590,0.92075950,0.72240424,1.00000000
0.53375018,0.61024398,0.53666282,0.90425694,0.79323119,1.00000000
0.49909961,0.56466120,0.61681783,0.96924549,0.66258287,1.00000000
0.42335266,0.57162428,0.32140473,0.90218061,0.74239153,1.00000000
0.69019574,0.61342186,0.41700864,0.99707848,0.75799763,1.00000000
0.59805655,0.55987811,0.69074649,0.93502855,0.74317747,1.00000000
0.73394400,0.58913547,0.36316973,0.90065813,0.72948164,1.00000000
0.24652338,0.46548671,0.59252375,0.98845851,0.73674476,1.00000000
0.30980065,0.52560997,0.42705241,0.95998043,0.75343245,1.00000000
0.55828166,0.64509875,0.24938932,0.98173922,0.77948952,1.00000000
0.32846847,0.38888338,0.45906979,0.94350249,0.70045167,1.00000000
0.48447067,0.58846498,0.24591884,0.93541819,0.71894813,1.00000000
0.75126112,0.44056290,0.11942764,0.96551895,0.74538642,1.00000000
0.44920629,0.64160490,0.25640941,0.94060010,0.69713241,1.00000000
0.44138768,0.58388770,0.23126107,0.95562088,0.67681742,1.00000000
0.62750828,0.53382385,0.33583599,0.92778230,0.79492533,1.00000000
0.59873927,0.47455257,0.64035112,0.93326455,0.67920935,1.00000000
0.62996727,0.54454887,0.34579593,0.90821910,0.68490994,1.00000000
0.54583013,0.66157478,0.61481625,0.97813720,0.74280292,1.00000000
0.70852238,0.56559241,0.44447824,0.93488508,0.66160524,1.00000000
0.39246532,0.55433929,0.12212630,0.99749994,0.65510714,1.00000000
0.56957644,0.62182254,0.22866866,0.92597586,0.65960205,1.00000000
0.66712499,0.52579504,0.66545767,0.94750530,0.66848958,1.00000000
0.72014493,0.54162288,0.47304320,0.93055320,0.71437955,1.00000000
0.54236978,0.51075327,0.66443932,0.96939254,0.77438909,1.00000000
0.62536007,0.41971651,0.30007061,0.98083657,0.70129579,1.00000000
0.31298891,0.61499345,0.53915435,0.94870108,0.71412969,1.00000000
0.41996011,0.64653766,0.57177949,0.93669277,0.74003768,1.00000000
0.31298631,0.65245008,0.69158798,0.97447515,0.69532168,1.00000000
0.67915475,0.64796364,0.12833911,0.91914552,0.71488070,1.00000000
0.49943632,0.54909426,0.67778659,0.95994663,0.70794678,1.00000000
0.67787015,0.48974729,0.34799424,0.97336245,0.70128256,1.00000000
0.30893448,0.59807736,0.61058378,0.92692697,0.70825899,1.00000000
0.71857291,0.66107470,0.43806642,0.96556991,0.65166765,1.00000000
0.71101123,0.61780620,0.44979385,0.97352260,0.78293908,1.00000000
0.33955660,0.56160158,0.32904580,0.91174167,0.79660201,1.00000000
0.22368145,0.60957497,0.60498387,0.93239075,0.77937442,1.00000000
0.29297727,0.62718719,0.27294916,0.94063061,0.65086132,1.00000000
0.71609467,0.65488619,0.40720081,0.97759575,0.76263285,1.00000000
0.46675569,0.62529886,0.44716147,0.95675051,0.73596501,1.00000000
0.61815727,0.54341954,0.55442417,0.94495612,0.66412622,1.00000000
0.56862783,0.48525596,0.39507961,0.93187726,0.78992885,1.00000000
0.69951016,0.56300998,0.51781344,0.90040612,0.76643258,1.00000000
0.59508705,0.50744683,0.40311417,0.90202200,0.67179441,1.00000000
0.59979945,0.65900886,0.50548273,0.92404461,0.79460621,1.00000000
0.75203621,0.56525016,0.51420206,0.91166908,0.66892982,1.00000000
0.40290710,0.55508745,0.53496563,0.91195863,0.71820199,1.00000000
0.70964342,0.51490253,0.60194105,0.96027398,0.67384636,1.00000000
0.28521127,0.59842199,0.43571916,0.96054554,0.67252862,1.00000000
0.59050930,0.56855029,0.23134010,0.90447724,0.79517084,1.00000000
0.72510117,0.40415639,0.51743579,0.95939350,0.73581845,1.00000000
0.65914243,0.64583272,0.16301064,0.91458184,0.68887621,1.00000000
0.66566074,0.51879996,0.24644414,0.93772256,0.76645988,1.00000000
0.48482844,0.54322964,0.58362210,0.99896836,0.78128666,1.00000000
0.56521553,0.45250708,0.37357068,0.95220053,0.78764057,1.00000000
0.54091215,0.57736993,0.41061422,0.90341878,0.78994775,1.00000000
0.60794896,0.61246383,0.69846880,0.93476582,0.78583729,1.00000000
0.58411634,0.64802986,0.25598383,0.96708983,0.74583983,1.00000000
0.52077717,0.32582188,0.12914868,0.92245978,0.70137000,1.00000000
0.50923014,0.66425925,0.18316036,0.99644494,0.78883517,1.00000000
0.47712386,0.61284518,0.26147169,0.94252938,0.66837448,1.00000000
0.54016143,0.48984572,0.54465884,0.90210873,0.67531997,1.00000000
0.40274137,0.45186552,0.57401294,0.95405662,0.71507412,1.00000000
0.72120988,0.49476123,0.45028761,0.96761894,0.69254977,1.00000000
0.63768470,0.64703315,0.26767436,0.94559914,0.74235994,1.00000000
0.38796303,0.49282011,0.42455405,0.99281710,0.78579527,1.00000000
0.66843897,0.55238140,0.12644562,0.99019319,0.72365469,1.00000000
0.71442771,0.61325979,0.51870644,0.91389602,0.73308057,1.00000000
0.46860731,0.64634591,0.47899857,0.90799481,0.71347004,1.00000000
0.40332162,0.60282224,0.13046855,0.93123090,0.75613534,1.00000000
0.16746889,0.62323207,0.59824216,0.96081328,0.66510332,1.00000000
0.27707151,0.43404296,0.56672150,0.96015954,0.65728849,1.00000000
0.68964756,0.64734185,0.29895514,0.92716432,0.74620080,1.00000000
0.75155407,0.48617318,0.49139804,0.99511003,0.73023176,1.00000000
0.27258450,0.40364996,0.47146645,0.93073314,0.71110368,1.00000000
0.68535739,0.66475302,0.20187075,0.98041993,0.70009887,1.00000000
0.31691325,0.45032912,0.23132899,0.98319805,0.65777111,1.00000000
0.63415331,0.40976813,0.51953304,0.90984350,0.75208342,1.00000000
0.68778557,0.59528995,0.66679507,0.92325526,0.71322012,1.00000000
0.53728253,0.50386256,0.45663783,0.92151916,0.71679020,1.00000000
0.17853749,0.40735886,0.45165479,0.99196512,0.78401673,1.00000000
0.63523829,0.58932877,0.49804807,0.93511051,0.76063216,1.00000000
0.75258011,0.62443620,0.37681076,0.98364711,0.68291646,1.00000000
0.48133579,0.63131249,0.14951296,0.94780183,0.74857497,1.00000000
0.43496281,0.42277330,0.35088462,0.94572192,0.66983831,1.00000000
0.37835905,0.57826447,0.64720720,0.99034214,0.67910957,1.00000000
0.62075925,0.63532352,0.59114516,0.94409013,0.75712240,1.00000000
0.63568300,0.42639649,0.66319031,0.97448522,0.66888356,1.00000000
0.69855767,0.45358524,0.20754799,0.94243777,0.69202912,1.00000000
0.68687689,0.19613530,0.41526926,0.91018695,0.78470904,1.00000000
0.72678530,0.56978685,0.46160480,0.90530950,0.76074731,1.00000000
0.70249212,0.44648975,0.24113265,0.92082399,0.78941894,1.00000000
0.47486064,0.61721295,0.23586485,0.97222680,0.78227502,1.00000000
0.62098992,0.66236401,0.57766640,0.93736500,0.69688690,1.00000000
0.50474119,0.45415631,0.51285404,0.94541073,0.74485660,1.00000000
0.52229500,0.60065901,0.49834561,0.91018766,0.70680434,1.00000000
0.73729974,0.45578280,0.27469850,0.96230376,0.75456566,1.00000000
0.66458797,0.26019329,0.41574672,0.98034483,0.70226854,1.00000000
0.74835151,0.62434810,0.13121761,0.96246833,0.65019763,1.00000000
0.56447047,0.54367173,0.19408591,0.99846143,0.66409075,1.00000000
0.61407530,0.65970695,0.42250052,0.90163416,0.76565182,1.00000000
0.59436625,0.57236505,0.29980722,0.90156698,0.66260082,1.00000000
0.36094952,0.42406455,0.68568808,0.95000058,0.73991340,1.00000000
0.46806380,0.54848945,0.39499101,0.92664081,0.77866679,1.00000000
0.61033577,0.45100954,0.16680245,0.96865106,0.76116520,1.00000000
0.31039000,0.64745581,0.12814255,0.97932100,0.71201581,1.00000000
0.73717278,0.61003453,0.54426932,0.91024357,0.68129063,1.00000000
0.37827691,0.51234806,0.21853338,0.99173385,0.78838062,1.00000000
0.44128710,0.57064182,0.22812492,0.90299231,0.73495996,1.00000000
0.69056928,0.60528457,0.36694542,0.96884042,0.71081299,1.00000000
0.34920886,0.62925792,0.27297682,0.93845010,0.79130864,1.00000000
0.72887379,0.36081776,0.48033947,0.96674395,0.68225265,1.00000000
0.67847824,0.27209458,0.40334854,0.90976363,0.71634227,1.00000000
0.31222934,0.39267665,0.18320623,0.99370801,0.66629684,1.00000000
0.66779435,0.53117067,0.57925934,0.99374086,0.66873205,1.00000000
0.64789748,0.55352473,0.36815226,0.95194006,0.70978945,1.00000000
0.68817055,0.40963045,0.47696137,0.95095843,0.75494903,1.00000000
0.70893109,0.53645480,0.11996607,0.96348083,0.70083410,1.00000000
0.67618716,0.54601502,0.48611766,0.95800692,0.75343972,1.00000000
0.63202810,0.38819420,0.28402933,0.95435464,0.77077860,1.00000000
0.51842815,0.65442353,0.40845338,0.95891911,0.78163671,1.00000000
0.66952991,0.58884805,0.29277682,0.98586303,0.65670794,1.00000000
0.74382532,0.52901280,0.70368278,0.96110666,0.76605976,1.00000000
0.63250941,0.56495833,0.25343665,0.91958344,0.67207134,1.00000000
0.65885627,0.50203812,0.65462327,0.99139118,0.75473934,1.00000000
0.57340115,0.64306754,0.65762740,0.92159605,0.70574939,1.00000000
0.68779933,0.58287817,0.36529452,0.91651618,0.75616902,1.00000000
0.75419825,0.56161487,0.29647243,0.99970579,0.68207365,1.00000000
0.41174945,0.65339607,0.34178561,0.92134166,0.74674863,1.00000000
0.44451255,0.63998646,0.69961125,0.91000932,0.66882712,1.00000000
0.61483288,0.63515341,0.48164484,0.95620072,0.67546183,1.00000000
0.59203362,0.46285427,0.43810603,0.98271936,0.74216926,1.00000000
0.62675536,0.42119128,0.13877523,0.90607506,0.70051575,1.00000000
0.28042778,0.60985762,0.61637825,0.94901043,0.75556672,1.00000000
0.55874145,0.55409169,0.16694438,0.90685022,0.75277394,1.00000000
0.63088119,0.60845262,0.14527786,0.94286913,0.74324512,1.00000000
0.63167530,0.62477148,0.27932829,0.93439603,0.75958109,1.00000000
0.65653855,0.49444282,0.39752272,0.91371292,0.76909029,1.00000000
0.67677003,0.48999453,0.64428765,0.99310207,0.78671348,1.00000000
0.65125889,0.56046993,0.58239931,0.96348870,0.66207737,1.00000000
0.69796300,0.48523104,0.23390126,0.98430562,0.73573238,1.00000000
0.64554936,0.60479379,0.33651736,0.99059445,0.76231652,1.00000000
0.61410189,0.62191701,0.57661194,0.99301851,0.68254119,1.00000000
0.63911521,0.55508238,0.42770144,0.97481143,0.68954319,1.00000000
0.35413319,0.61711919,0.22028938,0.93069482,0.69004464,1.00000000
0.49074185,0.56592983,0.35062072,0.98289329,0.73584992,1.00000000
0.61024493,0.61479282,0.48584458,0.95201832,0.70492560,1.00000000
0.72145253,0.46253234,0.69013274,0.92716539,0.74991423,1.00000000
0.66366577,0.62027925,0.50694829,0.93857735,0.74153596,1.00000000
0.34138152,0.61527443,0.12717362,0.93012238,0.74856675,1.00000000
0.63420379,0.48217872,0.53235781,0.94662040,0.68784761,1.00000000
0.45808530,0.57803380,0.26521459,0.97813350,0.76510572,1.00000000
0.68105167,0.64325088,0.62479937,0.94848675,0.74960536,1.00000000
0.70871562,0.47441193,0.34346464,0.92678589,0.66959745,1.00000000
0.63462353,0.61968154,0.23506767,0.90874028,0.68002594,1.00000000
0.63387930,0.66094756,0.39291012,0.98557562,0.69514477,1.00000000
0.52687103,0.64528430,0.26776353,0.94173688,0.79040623,1.00000000
0.57734144,0.53332323,0.25636557,0.94419223,0.69895250,1.00000000
0.71900487,0.59080267,0.45485988,0.97637218,0.65298188,1.00000000
0.67773789,0.66736704,0.56902725,0.98497266,0.67124385,1.00000000
0.60729456,0.58121866,0.60879672,0.95111448,0.65482575,1.00000000
0.54171801,0.39314818,0.35157052,0.96323681,0.71042591,1.00000000
0.28278226,0.31654921,0.15694340,0.92391568,0.76957303,1.00000000
0.39653289,0.63074154,0.40233824,0.99350679,0.71756536,1.00000000
0.43761763,0.54043049,0.37281263,0.95679212,0.77584910,1.00000000
0.54421657,0.47314426,0.23351702,0.97196048,0.65712941,1.00000000
0.74049491,0.51471138,0.64479113,0.91142130,0.72045845,1.00000000
0.60157990,0.62410653,0.69067544,0.96369207,0.76806128,1.00000000
0.46684536,0.55309618,0.14808658,0.93689495,0.75120831,1.00000000
0.35925466,0.64570189,0.58573318,0.94500631,0.77792382,1.00000000
0.52672368,0.61946100,0.49748033,0.96821618,0.69107521,1.00000000
0.70536590,0.66437501,0.27143309,0.97963274,0.72512764,1.00000000
0.54898334,0.64936733,0.49126831,0.93493652,0.75153178,1.00000000
0.69271702,0.47673592,0.19331953,0.98732370,0.67527348,1.00000000
0.70160204,0.60293305,0.15847442,0.92189902,0.77237099,1.00000000
0.36478716,0.26707801,0.70205241,0.95628983,0.69672048,1.00000000
0.63997644,0.66725600,0.49198228,0.91512656,0.66399610,1.00000000
0.74437404,0.47967428,0.26660153,0.92892498,0.76485521,1.00000000
0.55776024,0.60423076,0.38237292,0.98954117,0.75575268,1.00000000
0.28378788,0.64209676,0.67652243,0.90115565,0.78255194,1.00000000
0.73501945,0.42599654,0.37572062,0.99156111,0.78381121,1.00000000
0.72437465,0.64185715,0.64732033,0.93284023,0.69177884,1.00000000
0.60821903,0.24212594,0.62871128,0.96957952,0.74620444,1.00000000
0.61964303,0.54612327,0.32009196,0.90917182,0.79986846,1.00000000
0.45116886,0.55508202,0.52706414,0.96412712,0.68657100,1.00000000
0.70643348,0.52409047,0.50617558,0.99094611,0.72093153,1.00000000
0.59897923,0.58571374,0.57130110,0.95552021,0.78652495,1.00000000
0.24951144,0.65410066,0.33289951,0.93621212,0.66546196,1.00000000
0.66495007,0.50699359,0.14837441,0.97935778,0.78923750,1.00000000
0.74214792,0.58394164,0.21825838,0.97127253,0.72322333,1.00000000
0.70920199,0.64735192,0.48032570,0.91176927,0.78395611,1.00000000
0.49313003,0.62727940,0.57358837,0.96657014,0.74320573,1.00000000
0.28795412,0.30890927,0.56238157,0.96646559,0.75071532,1.00000000
0.73950464,0.65901345,0.46098918,0.97519213,0.76594788,1.00000000
0.73864365,0.31843966,0.16750479,0.93163067,0.66007042,1.00000000
0.61216480,0.58630055,0.12781684,0.94012779,0.74416524,1.00000000
0.65151846,0.58296323,0.57773042,0.99600381,0.78859061,1.00000000
0.58427227,0.62996203,0.44080967,0.95734566,0.79341859,1.00000000
0.56574792,0.41804001,0.57806593,0.95085049,0.79524821,1.00000000
0.37383252,0.43767411,0.21340498,0.99868494,0.74687493,1.00000000
0.34899575,0.62302601,0.35730776,0.92295575,0.74499303,1.00000000
0.46545812,0.41876116,0.65833485,0.93979371,0.73286974,1.00000000
0.71132523,0.55432636,0.21858706,0.97598833,0.74113297,1.00000000
0.39908552,0.61877388,0.15383935,0.97131008,0.74181771,1.00000000
0.46144116,0.60115081,0.50203961,0.99667007,0.65636122,1.00000000
0.61828476,0.45513499,0.46737432,0.96543002,0.66333067,1.00000000
0.45353803,0.49796379,0.67766500,0.93130952,0.74291247,1.00000000
0.41411224,0.66351849,0.65086377,0.93976521,0.69713247,1.00000000
0.62373626,0.54815632,0.55848849,0.90897131,0.69521379,1.00000000
0.54165018,0.31501150,0.12891603,0.99237204,0.67901611,1.00000000
0.64602894,0.45980167,0.40022764,0.91286683,0.77016050,1.00000000
0.73207027,0.51278996,0.64476585,0.95457035,0.79464930,1.00000000
0.40366641,0.66865534,0.37273595,0.94013953,0.74416369,1.00000000
0.73239785,0.49745181,0.68361515,0.91342235,0.79181296,1.00000000
0.72946870,0.28120187,0.50146353,0.92929924,0.78258264,1.00000000
0.70918411,0.56661040,0.18203360,0.96335691,0.68268907,1.00000000
0.64778072,0.36442578,0.41721886,0.90312517,0.67302889,1.00000000
0.64396214,0.48545659,0.52683359,0.99659896,0.68173802,1.00000000
0.65047085,0.66746962,0.15609939,0.99090958,0.66443139,1.00000000
0.66736066,0.61302251,0.32038209,0.90846014,0.73743188,1.00000000
0.20058879,0.32445988,0.53945947,0.98683536,0.69239753,1.00000000
0.74411494,0.54816121,0.21004198,0.93285710,0.78693748,1.00000000
0.63182306,0.43301150,0.32255289,0.90675044,0.74201119,1.00000000
0.69537693,0.39947549,0.52347666,0.93061131,0.70394158,1.00000000
0.54609233,0.58588219,0.57384759,0.98088872,0.79769611,1.00000000
0.18487115,0.56461275,0.42265400,0.96658313,0.79297918,1.00000000
0.60338473,0.62111634,0.68050444,0.92385596,0.76679230,1.00000000
0.60238361,0.65005708,0.66195935,0.97191763,0.76875257,1.00000000
0.57334083,0.47308272,0.39613944,0.97078210,0.79659051,1.00000000
0.52745020,0.65554464,0.21192612,0.97428614,0.74006844,1.00000000
0.47647798,0.56799197,0.57231271,0.95406568,0.78200299,1.00000000
0.61030060,0.47869256,0.26067033,0.98189455,0.65972418,1.00000000
0.54512984,0.64146292,0.61342430,0.96413624,0.73310935,1.00000000
0.74716008,0.29972604,0.46302608,0.91253990,0.72537744,1.00000000
0.42206430,0.57894313,0.34946647,0.98102558,0.65565860,1.00000000
0.51693529,0.61665761,0.44493139,0.93237680,0.66304278,1.00000000
0.50279641,0.48800644,0.43106398,0.97050345,0.65327585,1.00000000
0.61629391,0.64477450,0.66160756,0.96751314,0.69410223,1.00000000
0.59925020,0.47004771,0.24374297,0.93359125,0.65802670,1.00000000
0.65199751,0.64034575,0.66362262,0.91616839,0.71347398,1.00000000
0.74201953,0.35910875,0.13608296,0.96949583,0.77191198,1.00000000
0.49780348,0.42565048,0.57011956,0.98490232,0.74207449,1.00000000
0.66809064,0.52645689,0.65862828,0.98382312,0.75106847,1.00000000
0.22729178,0.64301598,0.34944245,0.96265048,0.65472603,1.00000000
0.48426273,0.41538784,0.16062775,0.92274070,0.77592897,1.00000000
0.58474094,0.64698035,0.59098089,0.93162102,0.67192858,1.00000000
0.24270530,0.46490878,0.61344993,0.97546279,0.69539762,1.00000000
0.64310682,0.54931188,0.31544551,0.94108540,0.72751909,1.00000000
0.66342515,0.51654845,0.42270193,0.97324973,0.78949904,1.00000000
0.68494940,0.39566085,0.59380531,0.93094498,0.79972237,1.00000000
0.60605937,0.65927732,0.23061351,0.90063184,0.76739913,1.00000000
0.63832593,0.54495925,0.48763281,0.96034902,0.75939715,1.00000000
0.55495465,0.60990912,0.37095922,0.96009165,0.72915232,1.00000000
0.26541671,0.58294165,0.22024456,0.96275544,0.74984407,1.00000000
0.35271186,0.56352061,0.60672951,0.92681855,0.67166364,1.00000000
0.65576202,0.59305024,0.30863577,0.98110712,0.69037944,1.00000000
0.75366694,0.65114748,0.66730946,0.94874668,0.79769641,1.00000000
0.19814612,0.61186904,0.45231405,0.97623879,0.79694223,1.00000000
0.62162197,0.57188529,0.42029998,0.96110934,0.69844586,1.00000000
0.68625057,0.59975910,0.36665055,0.94160706,0.68615729,1.00000000
0.70852596,0.59060627,0.35333583,0.96796268,0.68442774,1.00000000
0.61700684,0.54339802,0.59880370,0.95749772,0.72272968,1.00000000
0.64388263,0.59499329,0.51617700,0.95107108,0.68356496,1.00000000
0.66935486,0.54660910,0.57275891,0.96485603,0.74727452,1.00000000
0.71757966,0.62415594,0.36534363,0.90859389,0.66122299,1.00000000
0.37671736,0.66350782,0.27143365,0.99102610,0.66555160,1.00000000
0.73578084,0.66196156,0.16874425,0.93350822,0.69154012,1.00000000
0.22996512,0.63668829,0.57450354,0.92246932,0.76661646,1.00000000
0.71120059,0.58948368,0.36192730,0.97717965,0.69849342,1.00000000
0.32371211,0.62245435,0.41719034,0.92312217,0.72062254,1.00000000
0.43881136,0.43688747,0.39373133,0.99957699,0.74849331,1.00000000
0.13874021,0.55710155,0.37125757,0.94204926,0.76828098,1.00000000
0.57691497,0.47799703,0.51994091,0.92966247,0.69606638,1.00000000
0.52468175,0.20291984,0.47572595,0.90620649,0.75964540,1.00000000
0.41642267,0.66313708,0.68944341,0.90418041,0.69291013,1.00000000
0.57941049,0.64484066,0.19935524,0.90951407,0.74666995,1.00000000
0.55786723,0.56682277,0.45501137,0.90050328,0.71763200,1.00000000
0.69127023,0.47655448,0.15484716,0.93270898,0.78899419,1.00000000
0.72694468,0.61048806,0.59289318,0.93104541,0.79731399,1.00000000
0.65495336,0.54391813,0.48018312,0.94300920,0.76611847,1.00000000
0.37884241,0.63331014,0.36963460,0.92329228,0.78731966,1.00000000
0.50360417,0.66866010,0.58955038,0.90627414,0.67047566,1.00000000
0.73236710,0.51522523,0.38529566,0.90711623,0.74816960,1.00000000
0.33931550,0.47200832,0.25163889,0.91821462,0.67975521,1.00000000
0.55992043,0.48252305,0.39558870,0.93165892,0.69154525,1.00000000
0.74006724,0.37405068,0.15931281,0.91479921,0.72842348,1.00000000
0.74219173,0.53085500,0.64580065,0.93651175,0.76129812,1.00000000
0.56189638,0.25853434,0.54762256,0.99222201,0.75822413,1.00000000
0.65986013,0.39262971,0.56489164,0.92616028,0.78041887,1.00000000
0.58180952,0.48442188,0.63205487,0.91683996,0.73389125,1.00000000
0.68699425,0.42560866,0.58327800,0.96647763,0.78895140,1.00000000
0.24412091,0.61888117,0.37167799,0.94908810,0.78318328,1.00000000
0.39757580,0.38519567,0.18743318,0.90472537,0.77735865,1.00000000
0.64190453,0.64523840,0.33727339,0.97878075,0.68442804,1.00000000
0.46533936,0.46058249,0.66710865,0.97153431,0.72971720,1.00000000
0.65941823,0.38776883,0.67593557,0.99772984,0.76043546,1.00000000
0.53329927,0.23425329,0.56933582,0.99383068,0.79641539,1.00000000
0.72518563,0.61529177,0.23790035,0.95842481,0.65174711,1.00000000
0.70637864,0.47768334,0.23202933,0.96860212,0.69906718,1.00000000
0.59667367,0.56567192,0.63515973,0.94095069,0.70135254,1.00000000
0.69283301,0.39032489,0.20112701,0.98884672,0.69328016,1.00000000
0.48954025,0.66628075,0.46125734,0.95528090,0.77261364,1.00000000
0.59724426,0.40136626,0.34014806,0.93255514,0.65676069,1.00000000
0.44092059,0.53670365,0.29530060,0.90094912,0.70391524,1.00000000
0.71811247,0.64256525,0.51610708,0.95864499,0.75675267,1.00000000
0.70746833,0.47223708,0.68209946,0.95254338,0.71101093,1.00000000
0.72937721,0.48234108,0.57507867,0.98118770,0.67160952,1.00000000
0.72268391,0.63431638,0.40362504,0.91870046,0.74162787,1.00000000
0.74450308,0.48513973,0.37688911,0.98154014,0.72839153,1.00000000
0.46253833,0.19909991,0.65156716,0.90152836,0.79727584,1.00000000
0.73726815,0.54177618,0.45771006,0.95873135,0.76227891,1.00000000
0.62662548,0.24313444,0.40978765,0.93968523,0.79792643,1.00000000
0.56696486,0.65320104,0.51931524,0.93315208,0.67795289,1.00000000
0.62265289,0.59897983,0.25714931,0.94332957,0.76423925,1.00000000
0.52892911,0.58487743,0.15513852,0.92235917,0.73274571,1.00000000
0.49971882,0.45030165,0.62065381,0.91834259,0.75687641,1.00000000
0.47105521,0.61200660,0.47485983,0.98051071,0.72013271,1.00000000
0.33129460,0.60702127,0.21463358,0.92277580,0.68185860,1.00000000
0.59816694,0.33787405,0.29296938,0.97369719,0.65686047,1.00000000
0.72548902,0.64797157,0.69996089,0.97113603,0.77574325,1.00000000
0.64739406,0.58398002,0.49083742,0.90334004,0.77222127,1.00000000
0.60776800,0.63116783,0.49183068,0.98810726,0.67438096,1.00000000
0.56966466,0.48053202,0.16009627,0.97893554,0.74677712,1.00000000
0.58502597,0.39877373,0.68764222,0.97960675,0.76066005,1.00000000
0.44943136,0.61254925,0.64281344,0.98091912,0.73364377,1.00000000
0.70743072,0.63144779,0.43987203,0.95825535,0.69758433,1.00000000
0.44158226,0.52817005,0.29964054,0.99933809,0.78214186,1.00000000
0.67564631,0.27494735,0.52826780,0.91791523,0.74636608,1.00000000
0.68896544,0.63620937,0.60786730,0.90723360,0.75803262,1.00000000
0.62795407,0.45273608,0.58007139,0.97041672,0.74781716,1.00000000
0.71867776,0.51152974,0.69238079,0.92939371,0.75819331,1.00000000
0.50114483,0.59581047,0.49226788,0.96082330,0.67176008,1.00000000
0.72381574,0.38018042,0.30660319,0.93917018,0.78838915,1.00000000
0.67962861,0.35185635,0.41054565,0.93335241,0.69287163,1.00000000
0.70045120,0.27964047,0.59783363,0.98932487,0.77548265,1.00000000
0.65893364,0.65441996,0.27373093,0.91420436,0.78400761,1.00000000
0.71405673,0.50092775,0.25376958,0.91889858,0.74768353,1.00000000
0.75304800,0.60329580,0.54402035,0.96678406,0.73974514,1.00000000
0.56592548,0.66694236,0.37907496,0.97826010,0.66635722,1.00000000
0.70484382,0.60527802,0.59798259,0.98322147,0.71543318,1.00000000
0.68429285,0.56991071,0.20216681,0.92311496,0.74174666,1.00000000
0.58016771,0.56878531,0.31511557,0.98821133,0.66228038,1.00000000
0.73598331,0.52506453,0.27535290,0.96095508,0.66671932,1.00000000
0.55419242,0.58900243,0.52815771,0.98232186,0.79902220,1.00000000
0.62452543,0.66177732,0.56431133,0.90685219,0.69983512,1.00000000
0.35946751,0.63029093,0.38588393,0.93568945,0.70245987,1.00000000
0.46082014,0.54061896,0.39884081,0.95248640,0.68772936,1.00000000
0.71246952,0.50906360,0.19531287,0.95769572,0.74690294,1.00000000
0.55518091,0.64846206,0.53048712,0.90990716,0.72096139,1.00000000
0.55403322,0.40914041,0.70136333,0.95386583,0.76856464,1.00000000
0.47404367,0.64217782,0.57524812,0.96654862,0.72687423,1.00000000
0.59618020,0.47697887,0.24888960,0.93615949,0.65231240,1.00000000
0.70250493,0.61538231,0.48418984,0.95007390,0.72240311,1.00000000
0.72749466,0.63387173,0.29115108,0.92925662,0.65827811,1.00000000
0.31440499,0.55651885,0.13539797,0.98705006,0.77401793,1.00000000
0.62793654,0.44514352,0.22342521,0.95992064,0.66704869,1.00000000
0.58622336,0.64127094,0.17799622,0.95512742,0.68254310,1.00000000
0.64193338,0.52180064,0.23290150,0.99443573,0.71899480,1.00000000
0.57778114,0.50456774,0.58564967,0.96649313,0.67927760,1.00000000
0.55614984,0.56581414,0.28990126,0.92798233,0.73088300,1.00000000
0.58813435,0.54400629,0.56296468,0.96417528,0.71910477,1.00000000
0.63052917,0.60830671,0.67580152,0.99616235,0.79287839,1.00000000
0.59992760,0.41016224,0.45545477,0.90235585,0.66325605,1.00000000
0.58824331,0.54419267,0.40318173,0.96265912,0.73650980,1.00000000
0.70597029,0.64994758,0.55889833,0.91568351,0.75805992,1.00000000
0.68461895,0.30070564,0.17475891,0.98164594,0.66914403,1.00000000
0.52830285,0.55075586,0.36953652,0.96406847,0.74546933,1.00000000
0.70098335,0.60326701,0.41107330,0.99369895,0.77963585,1.00000000
0.71610039,0.64922327,0.60650074,0.96695781,0.76813334,1.00000000
0.40584776,0.58753777,0.59659863,0.90172189,0.79027563,1.00000000
0.63077486,0.63740957,0.61662668,0.95103538,0.75808787,1.00000000
0.49785593,0.46138313,0.52816057,0.99036682,0.70909804,1.00000000
0.68263751,0.51657552,0.42973870,0.92323029,0.78806770,1.00000000
0.46941969,0.65889895,0.60463488,0.90828961,0.68380350,1.00000000
0.66117340,0.64890742,0.63134259,0.97198880,0.73755533,1.00000000
0.47979227,0.57854366,0.40028507,0.95025086,0.76484871,1.00000000
0.60393769,0.55608302,0.69744819,0.90475953,0.78084219,1.00000000
0.74166739,0.54887885,0.63224596,0.92799151,0.78748131,1.00000000
0.54801589,0.33569402,0.41792333,0.93267488,0.66274637,1.00000000
0.72220761,0.65006989,0.15840447,0.96678615,0.75890887,1.00000000
0.75149286,0.63618916,0.24970120,0.94716001,0.68061566,1.00000000
0.72196418,0.55043185,0.57435209,0.94871902,0.76686794,1.00000000
0.41631803,0.48777610,0.18303192,0.98066038,0.75510347,1.00000000
0.70649290,0.51296902,0.39400005,0.92784172,0.67720288,1.00000000
0.24547645,0.39964390,0.47344247,0.96725726,0.77492452,1.00000000
0.55366862,0.61669326,0.63432169,0.93675572,0.71926832,1.00000000
0.72083277,0.57821375,0.61594933,0.94183701,0.73157841,1.00000000
0.66680044,0.46705833,0.56722230,0.95559025,0.79571056,1.00000000
0.61228883,0.59457755,0.35746720,0.96956468,0.74849385,1.00000000
0.55112022,0.66525817,0.20132309,0.99451953,0.73828447,1.00000000
0.70437759,0.39904594,0.51155841,0.92690110,0.65251440,1.00000000
0.67342609,0.55109704,0.22428742,0.91037452,0.67988223,1.00000000
0.58669400,0.56140774,0.44783205,0.94287920,0.65398479,1.00000000
0.72676986,0.43001458,0.69451660,0.95467162,0.69999689,1.00000000
0.46361315,0.57164580,0.44135869,0.92280036,0.70167625,1.00000000
0.42001882,0.59050554,0.49738640,0.98904955,0.72954953,1.00000000
0.65168226,0.42397428,0.51622087,0.97988468,0.75346529,1.00000000
0.74768806,0.42225307,0.60611081,0.94936639,0.67690176,1.00000000
0.47485399,0.64344466,0.37351805,0.94500637,0.74024814,1.00000000
0.47637987,0.50092959,0.41029993,0.90407413,0.78754646,1.00000000
0.39331603,0.59630436,0.22116001,0.95368898,0.67775118,1.00000000
0.71802300,0.59546721,0.47922346,0.95957470,0.74886322,1.00000000
0.46123886,0.64021242,0.29162237,0.98916316,0.65683836,1.00000000
0.60079855,0.62049836,0.41624984,0.95010978,0.72967213,1.00000000
0.75248617,0.64047873,0.56856304,0.91573775,0.76123089,1.00000000
0.18379244,0.59509975,0.12798230,0.91800570,0.65510625,1.00000000
0.62121558,0.54839379,0.44936207,0.91598672,0.70004982,1.00000000
0.60438639,0.53069538,0.21967354,0.99385351,0.78169352,1.00000000
0.70297706,0.52578914,0.28199020,0.97933894,0.68382198,1.00000000
0.53533214,0.53877282,0.13806663,0.98247659,0.75843120,1.00000000
0.56150579,0.40435243,0.21733104,0.98404336,0.74183571,1.00000000
0.41802052,0.54053450,0.69801730,0.90956348,0.67455316,1.00000000
0.68314129,0.52931815,0.70501339,0.97021770,0.76125610,1.00000000
0.69633466,0.29793963,0.54108703,0.97043365,0.72981215,1.00000000
0.39067724,0.48591825,0.47756284,0.92248219,0.66680390,1.00000000
0.55374098,0.62298489,0.57470995,0.94906658,0.79240572,1.00000000
0.72688371,0.58361298,0.64503193,0.96624309,0.72379428,1.00000000
0.12929441,0.63386136,0.42312062,0.98973364,0.76176214,1.00000000
0.50549620,0.57458138,0.13840236,0.91104257,0.68265504,1.00000000
0.62068009,0.64302123,0.53493869,0.98921931,0.67057747,1.00000000
0.52454382,0.63187897,0.69682503,0.99224150,0.76119602,1.00000000
0.49008104,0.37865922,0.26944292,0.99236101,0.75107360,1.00000000
0.58319688,0.66488206,0.39027387,0.90048349,0.69111615,1.00000000
0.42885473,0.25045463,0.33016142,0.92209989,0.76194251,1.00000000
0.61109829,0.58828491,0.34733382,0.96912450,0.72574884,1.00000000
0.67252225,0.63117665,0.54200000,0.93217397,0.70228958,1.00000000
0.62810850,0.50885582,0.34023789,0.90610832,0.76803374,1.00000000
0.34466439,0.58870763,0.67122597,0.97629422,0.74251741,1.00000000
0.71351385,0.51990438,0.58215201,0.90285921,0.72609025,1.00000000
0.42370400,0.33806917,0.13391002,0.94460213,0.76596606,1.00000000
0.69041657,0.22760890,0.59914643,0.99475759,0.73172426,1.00000000
0.53795570,0.37548333,0.57226908,0.94402331,0.79078019,1.00000000
0.69575983,0.37877372,0.42146689,0.99118870,0.77270836,1.00000000
0.44729418,0.59168893,0.40989259,0.94090044,0.70372814,1.00000000
0.43281379,0.57011765,0.60913348,0.93466860,0.71973789,1.00000000
0.59835112,0.55019665,0.36752075,0.91073829,0.79359996,1.00000000
0.24732918,0.61025751,0.21144843,0.93580908,0.78428066,1.00000000
0.46049812,0.25679255,0.30170518,0.93369865,0.67867786,1.00000000
0.67795324,0.48410985,0.27364847,0.98465514,0.69114560,1.00000000
0.71153510,0.62816387,0.51827002,0.99199152,0.70466310,1.00000000
0.32914045,0.65323406,0.22286667,0.90219301,0.78197736,1.00000000
0.72394145,0.54500794,0.49692497,0.90982562,0.78911257,1.00000000
0.70009172,0.36222526,0.39174527,0.96432287,0.77035105,1.00000000
0.72054392,0.63240319,0.61156523,0.94847429,0.69135624,1.00000000
0.66989815,0.64876086,0.40294042,0.92968786,0.78305972,1.00000000
0.66207159,0.53726089,0.66459054,0.92599070,0.65493214,1.00000000
0.60935789,0.47151184,0.64733475,0.92246747,0.71342051,1.00000000
0.65502667,0.31423545,0.22663975,0.95254511,0.70664430,1.00000000
0.73390788,0.58687347,0.52127433,0.90174800,0.73028594,1.00000000
0.35336599,0.65321481,0.24389692,0.97388846,0.73409611,1.00000000
0.51483917,0.60716206,0.60194373,0.93003881,0.68381065,1.00000000
0.31775507,0.50323343,0.49160185,0.94268316,0.68068337,1.00000000
0.74066740,0.59922856,0.29065746,0.95270520,0.77053499,1.00000000
0.57691872,0.63886160,0.26419038,0.92113596,0.66142952,1.00000000
0.66246003,0.55618191,0.37033981,0.98837024,0.72399288,1.00000000
0.71258891,0.63649786,0.58866060,0.96820933,0.67874694,1.00000000
0.75251842,0.53014302,0.58597744,0.98702961,0.69793510,1.00000000
0.41292119,0.51501524,0.13728014,0.94754505,0.69159418,1.00000000
0.70067346,0.58487105,0.29546306,0.94324607,0.75627834,1.00000000
0.72539693,0.55293119,0.36638293,0.92371428,0.71840310,1.00000000
0.28006604,0.66489995,0.46210706,0.95448405,0.69491625,1.00000000
0.68718511,0.56755644,0.20560412,0.95931637,0.77470279,1.00000000
0.53505450,0.52787888,0.31487235,0.94199234,0.66286927,1.00000000
0.65362710,0.53114980,0.63858646,0.91453826,0.76495409,1.00000000
0.60507429,0.57595384,0.39796913,0.92731047,0.68724692,1.00000000
0.48264372,0.51733273,0.55537838,0.90142512,0.78770286,1.00000000
0.38932157,0.61693007,0.40281087,0.93191385,0.65083385,1.00000000
0.37125546,0.52634722,0.39116621,0.95807588,0.73349953,1.00000000
0.35654488,0.52753097,0.48348561,0.99557114,0.74333978,1.00000000
0.64998966,0.59314460,0.27021441,0.91778970,0.73659503,1.00000000
0.53339374,0.33836737,0.26458946,0.90554643,0.77225232,1.00000000
0.45457998,0.60209048,0.69961989,0.92963111,0.66682458,1.00000000
0.66780651,0.56442368,0.62881881,0.91567975,0.71233338,1.00000000
0.66618794,0.54946721,0.55162054,0.96955192,0.77956051,1.00000000
0.61473095,0.61615449,0.19832031,0.90057492,0.78331029,1.00000000
0.73809159,0.62428713,0.13542630,0.99808669,0.72475165,1.00000000
0.54996443,0.64155239,0.22083089,0.98556668,0.73369503,1.00000000
0.71110535,0.52433652,0.66925353,0.94906706,0.76458627,1.00000000
0.32151240,0.50701213,0.59781754,0.99209422,0.76694155,1.00000000
0.68283957,0.61510736,0.42533883,0.96280593,0.78321218,1.00000000
0.75187320,0.58457649,0.68751800,0.99937648,0.77657861,1.00000000
0.71412832,0.59664851,0.20387183,0.92783064,0.71216351,1.00000000
0.62968838,0.57791835,0.44655907,0.99969059,0.74746299,1.00000000
0.64623678,0.62721843,0.22542478,0.91802472,0.72248530,1.00000000
0.53433633,0.44387293,0.29789919,0.93534184,0.66769421,1.00000000
0.66380656,0.57796711,0.67066765,0.99353242,0.77325213,1.00000000
0.69208753,0.42446771,0.62839913,0.93705422,0.74026453,1.00000000
0.75433928,0.53519315,0.17752869,0.92098361,0.65870076,1.00000000
0.59652305,0.60404998,0.26443753,0.90594870,0.75153023,1.00000000
0.30110499,0.56110185,0.46735734,0.91489583,0.69246513,1.00000000
0.63547516,0.52598131,0.15373693,0.93552232,0.66038978,1.00000000
0.37339786,0.64872432,0.44122627,0.94212323,0.74098831,1.00000000
0.47326860,0.62724519,0.46146554,0.95424509,0.75983131,1.00000000
0.52176738,0.57023185,0.28880423,0.98135883,0.72759265,1.00000000
0.68012959,0.66027218,0.29007235,0.90134150,0.65084726,1.00000000
0.43062410,0.54066265,0.25239956,0.98411161,0.73653239,1.00000000
0.41622469,0.63029665,0.66804492,0.95772493,0.65099138,1.00000000
0.27274591,0.43072546,0.34639478,0.97564781,0.78896123,1.00000000
0.72152191,0.49047676,0.46192297,0.97569793,0.69009578,1.00000000
0.66832566,0.51117760,0.29504386,0.99032027,0.78065097,1.00000000
0.26273751,0.38538355,0.53097880,0.90933800,0.65181637,1.00000000
0.23595895,0.56354529,0.17731839,0.95715153,0.66458249,1.00000000
0.62202537,0.44513008,0.15978914,0.99090296,0.71771127,1.00000000
0.49624828,0.59720623,0.55546105,0.97192061,0.76379108,1.00000000
0.63578248,0.44390222,0.54509878,0.90965849,0.79138428,1.00000000
0.57230133,0.39991304,0.27353019,0.96139646,0.72816420,1.00000000
0.73502201,0.66353750,0.32649806,0.97998810,0.70331913,1.00000000
0.49929243,0.60274708,0.68074149,0.92748618,0.65668321,1.00000000
0.66369623,0.65790862,0.17901783,0.96324933,0.73755640,1.00000000
0.28920630,0.56020308,0.22538063,0.98404121,0.70700657,1.00000000
0.74353808,0.29571548,0.37061080,0.95238668,0.78637004,1.00000000
0.74992293,0.58271635,0.28358760,0.91941869,0.72200888,1.00000000
0.68260753,0.57864022,0.49941680,0.95496821,0.76481706,1.00000000
0.58536458,0.25117403,0.52388334,0.95880038,0.77723157,1.00000000
0.45689335,0.64435655,0.42728710,0.94028527,0.66474164,1.00000000
0.70444083,0.59385788,0.47717488,0.96796167,0.71612692,1.00000000
0.68177158,0.62149483,0.37260050,0.94333327,0.78405762,1.00000000
0.45823249,0.56134093,0.56493366,0.98774052,0.71366829,1.00000000
0.57946378,0.59348506,0.14241087,0.97916257,0.73477316,1.00000000
0.58435559,0.47807226,0.30170080,0.98047721,0.78096557,1.00000000
0.70842218,0.66433150,0.52025294,0.95260769,0.68488902,1.00000000
0.66521835,0.53306061,0.31155595,0.91963476,0.78418726,1.00000000
0.65180475,0.42718977,0.16384429,0.97244221,0.70955426,1.00000000
0.65403873,0.33184850,0.32059613,0.90689212,0.73895502,1.00000000
0.48914143,0.59766960,0.53617340,0.95175749,0.69920594,1.00000000
0.54340798,0.66595823,0.18940286,0.90529794,0.72906786,1.00000000
0.27408120,0.65068787,0.54390079,0.95284188,0.65739286,1.00000000
0.69699234,0.61247456,0.57379746,0.96859223,0.65978903,1.00000000
0.57159930,0.66717076,0.49135339,0.94191980,0.71220839,1.00000000
0.57388365,0.61691344,0.26131415,0.94169033,0.70024282,1.00000000
0.47364578,0.51161116,0.59135020,0.91227937,0.74236876,1.00000000
0.44953749,0.58935231,0.24378970,0.93018496,0.65568650,1.00000000
0.63261664,0.36041403,0.65048289,0.94442737,0.67515028,1.00000000
0.46533987,0.46087143,0.53332102,0.98635620,0.68143880,1.00000000
0.30561855,0.53850126,0.14983524,0.98979801,0.71607375,1.00000000
0.69122422,0.45042637,0.58781594,0.99535799,0.68702519,1.00000000
0.54570246,0.66086727,0.41554913,0.91002637,0.67064941,1.00000000
0.54750502,0.66800678,0.38391110,0.92962110,0.73963606,1.00000000
0.57086313,0.52299672,0.36500660,0.94629127,0.76158082,1.00000000
0.70516872,0.61401141,0.47448829,0.96417439,0.75279021,1.00000000
0.51756138,0.53536147,0.54386973,0.97027987,0.69142699,1.00000000
0.68837786,0.41181865,0.64469212,0.97860163,0.77816671,1.00000000
0.73929363,0.51074553,0.27820283,0.94958740,0.74177331,1.00000000
0.65770894,0.46670061,0.48869193,0.95565844,0.74220002,1.00000000
0.57102227,0.50740880,0.52137798,0.99605709,0.68192726,1.00000000
0.68527174,0.45744833,0.51458657,0.92400283,0.68633193,1.00000000
0.58229566,0.39093339,0.40764743,0.98037595,0.72121251,1.00000000
0.56335288,0.45869404,0.34766033,0.97118181,0.68567318,1.00000000
0.60943103,0.65247953,0.56610519,0.91400898,0.75321168,1.00000000
0.51589328,0.36607596,0.29412341,0.99264920,0.69628316,1.00000000
0.35758501,0.50613916,0.24003127,0.98553562,0.67278743,1.00000000
0.56354415,0.57081026,0.43872306,0.97795045,0.67274207,1.00000000
0.37829012,0.51718915,0.27506521,0.91267735,0.66908419,1.00000000
0.56155115,0.56788749,0.13719597,0.91396707,0.71596253,1.00000000
0.62138140,0.31334728,0.14798573,0.96831983,0.65045601,1.00000000
0.73697519,0.60053790,0.52647680,0.91072702,0.73135585,1.00000000
0.25478455,0.57995814,0.69008577,0.91133153,0.69474542,1.00000000
0.64441419,0.60784513,0.38511083,0.94002795,0.73287183,1.00000000
0.58222729,0.58091950,0.20415360,0.90053779,0.79031384,1.00000000
0.21320866,0.54487479,0.59887248,0.97214836,0.78035712,1.00000000
0.47630286,0.51560998,0.27143288,0.95402068,0.73646450,1.00000000
0.37284434,0.46326810,0.70330966,0.90781742,0.71271056,1.00000000
0.45469114,0.56306183,0.44897893,0.95435828,0.75475442,1.00000000
0.49157983,0.28043038,0.25448972,0.90540880,0.78847092,1.00000000
0.55737764,0.50747073,0.40941456,0.90706962,0.72343206,1.00000000
0.61087388,0.60715860,0.31493017,0.94854665,0.66489613,1.00000000
0.11252315,0.38787666,0.57616001,0.94998235,0.76491320,1.00000000
0.41299406,0.34096271,0.17989169,0.93389946,0.65157187,1.00000000
0.34521371,0.60136515,0.62176633,0.96217716,0.76469576,1.00000000
0.61868078,0.53209060,0.56902170,0.93873584,0.66273749,1.00000000
0.52192229,0.63301134,0.62433165,0.95869607,0.66599250,1.00000000
0.61820382,0.65805888,0.64411396,0.93497849,0.76725602,1.00000000
0.45814341,0.66147655,0.25281048,0.97149670,0.75342828,1.00000000
0.22502480,0.54104865,0.42412105,0.95792860,0.73428547,1.00000000
0.73977005,0.48116437,0.61760134,0.91600436,0.77308780,1.00000000
0.36206678,0.59114152,0.33963999,0.96862686,0.77770525,1.00000000
0.38126633,0.59580147,0.15318093,0.97839361,0.71862686,1.00000000
0.39972603,0.59442109,0.28919667,0.90658742,0.79944479,1.00000000
0.75005490,0.50499260,0.25995311,0.96099603,0.70363700,1.00000000
0.64310360,0.34203762,0.62944859,0.97904295,0.67572618,1.00000000
0.64054507,0.45481840,0.39049786,0.91146529,0.77689648,1.00000000
0.75143045,0.42205173,0.51973188,0.99016523,0.71233553,1.00000000
0.33894783,0.40021923,0.68359947,0.94147986,0.78117496,1.00000000
0.74832863,0.65612513,0.29363990,0.97378397,0.65917498,1.00000000
0.44567317,0.24755527,0.56541151,0.98990500,0.66665781,1.00000000
0.64496917,0.58950770,0.13103771,0.99896371,0.65604091,1.00000000
0.56589007,0.65982592,0.17889187,0.95839250,0.74030167,1.00000000
0.54927212,0.51917022,0.21286182,0.97042739,0.77477962,1.00000000
0.73711526,0.57044834,0.30142254,0.92516994,0.71039909,1.00000000
0.40211111,0.61110121,0.35469836,0.92900461,0.66360432,1.00000000
0.75404781,0.50320262,0.39824465,0.98507696,0.70602030,1.00000000
0.54697472,0.55670798,0.26195961,0.93982440,0.70220691,1.00000000
0.65368670,0.63598686,0.15659724,0.98224342,0.74652082,1.00000000
0.74664098,0.62163246,0.51619005,0.90505970,0.74782276,1.00000000
0.29514730,0.63430667,0.13156550,0.92182535,0.66545355,1.00000000
0.73490340,0.66662431,0.59380627,0.91700941,0.71302652,1.00000000
0.62538415,0.52278501,0.66420871,0.95270675,0.74637717,1.00000000
0.67179459,0.62199163,0.53551114,0.90805304,0.68882918,1.00000000
0.40207261,0.58973265,0.46821207,0.93438703,0.71106201,1.00000000
0.61253554,0.60463846,0.50412858,0.99862450,0.74205422,1.00000000
0.66186297,0.62049407,0.50130707,0.97942173,0.71043062,1.00000000
0.58159894,0.62253672,0.66570890,0.97605914,0.65462917,1.00000000
0.40713981,0.64886552,0.68488580,0.91351146,0.68339241,1.00000000
0.47285584,0.51531219,0.36865389,0.93645591,0.76641214,1.00000000
0.71630728,0.60166299,0.48063481,0.96805882,0.68727559,1.00000000
0.25086662,0.48814026,0.58988649,0.90216255,0.77265674,1.00000000
0.67320645,0.58772957,0.11825774,0.94339764,0.72003615,1.00000000
0.75463110,0.62283421,0.42765641,0.99285901,0.72093815,1.00000000
0.16147344,0.63087761,0.50169194,0.90823400,0.76557744,1.00000000
0.41230235,0.53932273,0.53953260,0.99062592,0.70749402,1.00000000
0.66206872,0.56545788,0.33458200,0.91945219,0.68577206,1.00000000
0.29901928,0.50959265,0.29155555,0.91891074,0.66575485,1.00000000
0.63331908,0.43140873,0.22478974,0.91954362,0.75078648,1.00000000
0.66526854,0.47945383,0.44577384,0.99312562,0.72049141,1.00000000
0.63273257,0.65361917,0.65841377,0.96037447,0.77141106,1.00000000
0.54022878,0.49996987,0.64469302,0.97507888,0.71865124,1.00000000
0.66953266,0.66450143,0.32939172,0.93664074,0.71222162,1.00000000
0.63492101,0.47061843,0.26932657,0.98732507,0.69482780,1.00000000
0.44826716,0.61696494,0.58164340,0.95819372,0.67991418,1.00000000
0.62366980,0.58259869,0.54410589,0.95998347,0.77456552,1.00000000
0.72389489,0.61133790,0.41490579,0.97523212,0.66428173,1.00000000
0.65967500,0.59947574,0.34648839,0.97736424,0.78531915,1.00000000
0.58809745,0.61347765,0.19046935,0.96818638,0.65403634,1.00000000
0.51795995,0.65244192,0.57949328,0.91189098,0.72833782,1.00000000
0.33574036,0.57995576,0.48086143,0.98667264,0.65874928,1.00000000
0.47318053,0.34702143,0.33934218,0.92608988,0.76694107,1.00000000
0.17966107,0.48404053,0.65811056,0.99961942,0.68172449,1.00000000
0.75141215,0.61379427,0.50568980,0.93855077,0.73488837,1.00000000
0.45859194,0.56138408,0.66425818,0.91199970,0.78746694,1.00000000
0.70512015,0.57611316,0.39671320,0.93160868,0.74738884,1.00000000
0.41859823,0.58822197,0.38506931,0.95735341,0.67674798,1.00000000
0.49686694,0.52701676,0.66896427,0.93914461,0.76950169,1.00000000
0.56508231,0.62746078,0.68223023,0.98286819,0.71622193,1.00000000
0.51945955,0.61706316,0.68280429,0.96822065,0.65197653,1.00000000
0.70033485,0.61509824,0.59935141,0.92134506,0.72301477,1.00000000
0.74401188,0.61531419,0.38965067,0.95388532,0.77187270,1.00000000
0.72208583,0.64970392,0.24135253,0.97875321,0.71449363,1.00000000
0.40592211,0.58793145,0.34320050,0.98912340,0.76376420,1.00000000
0.69396126,0.66319418,0.66958678,0.93949443,0.75582886,1.00000000
0.40097517,0.39651465,0.33150253,0.99244648,0.71853685,1.00000000
0.73238385,0.59668541,0.56277496,0.90359694,0.69849241,1.00000000
0.60656667,0.61565912,0.66059077,0.96766913,0.75898099,1.00000000
0.52572989,0.55658352,0.68846595,0.97819847,0.70533776,1.00000000
0.40889239,0.49149224,0.67510241,0.94251412,0.67551309,1.00000000
0.18237691,0.57649928,0.44415152,0.90109748,0.69812948,1.00000000
0.47529143,0.52083123,0.40698829,0.96870351,0.78152585,1.00000000
0.73255414,0.65308172,0.69861203,0.93425643,0.69250834,1.00000000
0.70001733,0.51800704,0.24598777,0.91518128,0.68524408,1.00000000
0.74712467,0.43548390,0.22795898,0.91571087,0.67001301,1.00000000
0.35364008,0.58322304,0.68422490,0.97691643,0.65827668,1.00000000
0.63416958,0.53150111,0.52305579,0.91873896,0.79650384,1.00000000
0.48104742,0.37645328,0.43312001,0.94840986,0.73051655,1.00000000
0.61615551,0.58030558,0.19532341,0.99703896,0.75944668,1.00000000
0.51735735,0.57330739,0.41955310,0.97588187,0.76594603,1.00000000
0.49678838,0.43396401,0.67307127,0.95471936,0.70284754,1.00000000
0.62758261,0.58848035,0.47228903,0.95282751,0.76983589,1.00000000
0.43024594,0.58094519,0.35566390,0.91673273,0.79422265,1.00000000
0.58699638,0.62740380,0.44182530,0.94464236,0.76126426,1.00000000
0.65436780,0.51970863,0.63890886,0.91448998,0.75675994,1.00000000
0.38256371,0.47405595,0.65461683,0.90835822,0.71483505,1.00000000
0.73694438,0.66047376,0.35299304,0.91091371,0.77619803,1.00000000
0.60180557,0.57938057,0.47533000,0.96066111,0.66332561,1.00000000
0.70645559,0.28285211,0.28188390,0.91935527,0.76245254,1.00000000
0.65539914,0.63668364,0.38299134,0.91493458,0.70429903,1.00000000
0.67356563,0.44764581,0.24698979,0.98671311,0.73489606,1.00000000
0.67549223,0.62989163,0.43027779,0.91220129,0.78394455,1.00000000
0.72203249,0.61313558,0.45778832,0.97056353,0.74075294,1.00000000
0.64169854,0.66349101,0.31637454,0.94170004,0.65383720,1.00000000
0.49372855,0.66293943,0.27771664,0.95790797,0.75839072,1.00000000
0.35220280,0.48560569,0.20648564,0.90233552,0.78935367,1.00000000
0.63913417,0.62595582,0.19973157,0.90000194,0.74630177,1.00000000
0.30886632,0.50307977,0.53615361,0.98172486,0.77921301,1.00000000
0.47104174,0.59603775,0.24802235,0.94754410,0.77379435,1.00000000
0.30016059,0.58850670,0.18704531,0.90713072,0.77919382,1.00000000
0.61838704,0.32996485,0.70521861,0.93434560,0.70161504,1.00000000
0.41170627,0.21229339,0.27053910,0.95063543,0.72112453,1.00000000
0.64058602,0.33433697,0.64473432,0.91354936,0.77720505,1.00000000
0.69814551,0.40331966,0.47599173,0.95463377,0.78655976,1.00000000
0.70712906,0.47815537,0.53827655,0.95287508,0.67202622,1.00000000
0.51146084,0.65269405,0.44759935,0.96028352,0.67722988,1.00000000
0.61841208,0.56816590,0.22400658,0.98102617,0.70202446,1.00000000
0.62362397,0.63204151,0.61591268,0.94127786,0.76554465,1.00000000
0.58855009,0.64004946,0.60468984,0.98885602,0.78124720,1.00000000
0.65580124,0.61946464,0.32334438,0.94746739,0.73703605,1.00000000
0.45000392,0.52996778,0.56697100,0.94571489,0.66699022,1.00000000
0.74953771,0.64484268,0.43708250,0.96556854,0.69556224,1.00000000
0.35054675,0.62094665,0.65238184,0.96175212,0.77855343,1.00000000
0.70922208,0.62117547,0.58989668,0.90114349,0.70213324,1.00000000
0.63485056,0.65172911,0.14176221,0.99824303,0.66542107,1.00000000
0.47332588,0.58873045,0.63486820,0.99426937,0.69531029,1.00000000
0.68462718,0.57084358,0.68739200,0.92812860,0.77100593,1.00000000
0.33394799,0.64966846,0.55420953,0.95585835,0.72402191,1.00000000
0.69328630,0.54989725,0.18818443,0.97704852,0.67573589,1.00000000
0.63338870,0.63491422,0.59257406,0.99204677,0.69689488,1.00000000
0.36471143,0.32899517,0.49852297,0.95859069,0.79303718,1.00000000
0.32744238,0.18828157,0.31695667,0.90189403,0.71479362,1.00000000
0.68619823,0.57076818,0.63766503,0.96806777,0.71623987,1.00000000
0.50221616,0.35368776,0.45033336,0.90930778,0.67296046,1.00000000
0.72590721,0.66480362,0.61936939,0.96711779,0.69568312,1.00000000
0.68959391,0.21393518,0.51183164,0.95874274,0.77220291,1.00000000
0.66982222,0.61591971,0.28736243,0.96406698,0.76792985,1.00000000
0.49395657,0.47152579,0.69118744,0.91892576,0.71532482,1.00000000
0.67323250,0.66327602,0.45353267,0.94936097,0.78404784,1.00000000
0.74153769,0.52664673,0.42162073,0.96179569,0.70703882,1.00000000
0.34278896,0.28316700,0.35500565,0.93002927,0.77964944,1.00000000
0.52038896,0.28240216,0.19784953,0.91816235,0.65473485,1.00000000
0.46673518,0.57736349,0.52130169,0.92226809,0.70208454,1.00000000
0.55364448,0.66651881,0.37105834,0.98580164,0.77826029,1.00000000
0.68360591,0.66534996,0.66741914,0.94645435,0.78519642,1.00000000
0.58910912,0.51087469,0.68535125,0.96610731,0.76346362,1.00000000
0.62644970,0.55815893,0.56920052,0.95148891,0.75047988,1.00000000
0.51396936,0.38063329,0.26029104,0.98341274,0.77232575,1.00000000
0.39496416,0.56912482,0.53881156,0.95084947,0.75613374,1.00000000
0.48701859,0.58898342,0.12965985,0.90933251,0.68813312,1.00000000
0.71777791,0.47512740,0.60376501,0.91979849,0.71993554,1.00000000
0.63778931,0.59198284,0.40801093,0.90132654,0.74910575,1.00000000
0.54643106,0.65139073,0.66867036,0.98315245,0.73817039,1.00000000
0.69786400,0.18573634,0.33985886,0.96632731,0.78276461,1.00000000
0.30599865,0.46451330,0.27245507,0.97592020,0.72107667,1.00000000
0.47902474,0.45477328,0.70297432,0.97150201,0.67669809,1.00000000
0.46371636,0.40020826,0.42981052,0.98244798,0.68218732,1.00000000
0.75109255,0.42957845,0.62540150,0.99869692,0.77690846,1.00000000
0.67233336,0.59526438,0.65356302,0.96534711,0.65130812,1.00000000
0.64314705,0.38263690,0.42262864,0.92522657,0.78036958,1.00000000
0.14641190,0.62021434,0.38571408,0.91013902,0.65833819,1.00000000
0.43101075,0.64909804,0.44287410,0.95897478,0.70874876,1.00000000
0.64922768,0.65617871,0.61631733,0.97707570,0.77002645,1.00000000
0.54725862,0.60318631,0.68509424,0.95615715,0.71114230,1.00000000
0.73527813,0.44799942,0.31077772,0.93035549,0.77335221,1.00000000
0.69039023,0.36615190,0.55213553,0.97197348,0.66504484,1.00000000
0.57782757,0.46604010,0.28551438,0.94479728,0.72673136,1.00000000
0.68579668,0.66232008,0.47703120,0.92865890,0.73737109,1.00000000
0.74855930,0.66238648,0.59105271,0.98410845,0.78363031,1.00000000
0.58359319,0.52677518,0.63910961,0.95765185,0.66404319,1.00000000
0.65158868,0.50653577,0.38159776,0.92834479,0.70079011,1.00000000
0.73378968,0.56581259,0.33515039,0.93286043,0.74890220,1.00000000
0.47575161,0.49294388,0.26673624,0.95716649,0.79698950,1.00000000
0.72516179,0.66533118,0.19612774,0.94229233,0.77724117,1.00000000
0.34992293,0.46063691,0.33230445,0.91605192,0.77697426,1.00000000
0.65357733,0.52237201,0.63057518,0.96104699,0.72757739,1.00000000
0.69578248,0.54223150,0.36400560,0.96891099,0.73464489,1.00000000
0.64204592,0.40111929,0.30429009,0.90001088,0.77878702,1.00000000
0.59775496,0.52708322,0.55243075,0.95368695,0.78044385,1.00000000
0.64299530,0.64351594,0.24446145,0.95771617,0.77034116,1.00000000
0.40425405,0.41242409,0.26840401,0.93320638,0.77278566,1.00000000
0.45384336,0.58512783,0.66818154,0.93387312,0.78194445,1.00000000
0.48880008,0.53499353,0.16564099,0.93176591,0.66706729,1.00000000
0.63615477,0.43233541,0.36154774,0.94453281,0.69389594,1.00000000
0.57546961,0.24244250,0.45691246,0.98119396,0.79641706,1.00000000
0.47308388,0.48514131,0.25309452,0.94690263,0.73171639,1.00000000
0.72414100,0.33962157,0.28294852,0.99936485,0.67646956,1.00000000
0.54447633,0.52501345,0.24814433,0.93761587,0.72545832,1.00000000
0.57724780,0.63464952,0.32069740,0.96992624,0.74686760,1.00000000
0.56121522,0.61624640,0.64617985,0.95489657,0.77423328,1.00000000
0.42918092,0.65981036,0.37152198,0.97622883,0.77182651,1.00000000
0.68031412,0.54149491,0.36342883,0.98883647,0.65738624,1.00000000
0.57828724,0.61370438,0.34504756,0.95116836,0.71802872,1.00000000
0.19978561,0.60435402,0.68477398,0.94944793,0.65308535,1.00000000
0.74564099,0.45849693,0.18664673,0.99427187,0.78322339,1.00000000
0.70537537,0.49781150,0.63051498,0.99336594,0.67608589,1.00000000
0.67781228,0.57117897,0.31009474,0.99969965,0.74373120,1.00000000
0.72038072,0.63199532,0.68030095,0.91564757,0.73559278,1.00000000
0.73062706,0.55208355,0.30307484,0.90035689,0.74382943,1.00000000
0.52630281,0.46392038,0.16639668,0.94373101,0.73451251,1.00000000
0.64077806,0.66765064,0.42355406,0.97333401,0.75733829,1.00000000
0.64002812,0.39359868,0.25168565,0.90728563,0.74391651,1.00000000
0.48723918,0.66127849,0.56058222,0.93736017,0.66354501,1.00000000
0.45823127,0.63442296,0.50429744,0.95814598,0.70501518,1.00000000
0.36807427,0.64015985,0.52145243,0.92125475,0.73198903,1.00000000
0.65719485,0.63165218,0.23146440,0.97311419,0.69877964,1.00000000
0.69521517,0.45384553,0.53448838,0.92295378,0.76404965,1.00000000
0.68925697,0.59683132,0.30078295,0.98406720,0.69768465,1.00000000
0.51511467,0.62397897,0.70510238,0.93482733,0.77430260,1.00000000
0.44656894,0.62170082,0.54809862,0.95986485,0.67201006,1.00000000
0.58048362,0.48436481,0.46494794,0.95441538,0.76540887,1.00000000
0.61761045,0.43870828,0.62771636,0.92964464,0.67751980,1.00000000
0.73390192,0.50742584,0.46430099,0.94390714,0.72920227,1.00000000
0.72195655,0.55733907,0.44279402,0.98459733,0.69807863,1.00000000
0.73309690,0.58256781,0.25724447,0.95483440,0.74560016,1.00000000
0.71515429,0.63979101,0.51653647,0.90555871,0.68191105,1.00000000
0.74578696,0.62647945,0.33802614,0.97130322,0.76931149,1.00000000
0.58548456,0.60677552,0.14298978,0.91824526,0.73603755,1.00000000
0.27748656,0.48078972,0.59768343,0.94860625,0.79359096,1.00000000
0.33276558,0.55706185,0.14816068,0.94685388,0.75676554,1.00000000
0.55225354,0.51018786,0.51311773,0.94864869,0.74110931,1.00000000
0.48137879,0.46746054,0.20983581,0.90310138,0.77437383,1.00000000
0.41965300,0.23478831,0.37209973,0.92723888,0.68295240,1.00000000
0.74285024,0.51168948,0.62299508,0.90507352,0.74491137,1.00000000
0.43939829,0.47745472,0.17318797,0.94149566,0.70856059,1.00000000
0.74444711,0.58209461,0.51008862,0.96213365,0.76156867,1.00000000
0.68922257,0.34022045,0.47801101,0.96540743,0.65367043,1.00000000
0.65105605,0.48390633,0.62795866,0.90645480,0.71415681,1.00000000
0.66267973,0.31550691,0.21925581,0.91188890,0.74775529,1.00000000
0.52317888,0.59888828,0.58811027,0.96615070,0.71909589,1.00000000
0.65290004,0.58115584,0.38242424,0.95311874,0.68569577,1.00000000
0.43283668,0.51095194,0.36979052,0.98334122,0.71965241,1.00000000
0.73881209,0.41728312,0.33046138,0.92051423,0.77746171,1.00000000
0.50718862,0.66162765,0.34445539,0.91203421,0.68102586,1.00000000
0.47983068,0.58521986,0.42350566,0.93620241,0.70507580,1.00000000
0.67393160,0.60743427,0.18047048,0.96370673,0.79855031,1.00000000
0.65624475,0.57158417,0.36768579,0.94859672,0.78692257,1.00000000
0.57949942,0.63393277,0.50116545,0.90985930,0.65509528,1.00000000
0.64817590,0.65079361,0.41070139,0.90712923,0.72954977,1.00000000
0.41099209,0.52704442,0.21519381,0.96776938,0.65981197,1.00000000
0.66180241,0.60984200,0.33120689,0.92969680,0.78858572,1.00000000
0.48922548,0.46498597,0.37821275,0.96694827,0.71623176,1.00000000
0.49055141,0.60129112,0.51110286,0.92949146,0.71276557,1.00000000
0.41325429,0.53254604,0.64750957,0.93147939,0.69094193,1.00000000
0.52365011,0.22016366,0.44139737,0.92098147,0.73532283,1.00000000
0.52306217,0.66121638,0.51551068,0.99837172,0.67174983,1.00000000
0.58072323,0.64569116,0.16305272,0.90160704,0.76984322,1.00000000
0.43566325,0.49258983,0.67909825,0.91272527,0.72368157,1.00000000
0.43760446,0.66836691,0.30306393,0.98362905,0.73496944,1.00000000
0.61570203,0.50318623,0.32605398,0.91381615,0.77612072,1.00000000
0.38324189,0.55120379,0.24873105,0.92806971,0.67777234,1.00000000
0.66684699,0.64249206,0.16745298,0.92627847,0.67627746,1.00000000
0.74044371,0.49821988,0.58238047,0.96969855,0.71312022,1.00000000
0.56887162,0.54872018,0.25911182,0.94112009,0.76791924,1.00000000
0.72909641,0.60440934,0.28393397,0.98405880,0.65878183,1.00000000
0.35082206,0.40522125,0.22458604,0.97474271,0.76927555,1.00000000
0.26883274,0.54002726,0.69110900,0.95311016,0.72511351,1.00000000
0.67712981,0.50014508,0.57707930,0.92490619,0.73426449,1.00000000
0.68927759,0.60691440,0.66464686,0.97924191,0.73465788,1.00000000
0.71313429,0.40927368,0.62454313,0.98659903,0.65842509,1.00000000
0.29385570,0.46638697,0.65076280,0.98362827,0.68746561,1.00000000
0.69402611,0.61447239,0.39943179,0.90517139,0.76329464,1.00000000
0.54573578,0.42324114,0.21796556,0.96979588,0.71184021,1.00000000
0.50804561,0.53992260,0.30992961,0.97039384,0.73407757,1.00000000
0.42214185,0.61479473,0.28967735,0.99430758,0.79173028,1.00000000
0.75378281,0.62575668,0.53949052,0.92634785,0.65694076,1.00000000
0.30478147,0.37550133,0.13274863,0.97863466,0.71745205,1.00000000
0.70859236,0.64263016,0.20120130,0.96890962,0.70419115,1.00000000
0.65056604,0.61715573,0.51934421,0.98787272,0.66596740,1.00000000
0.68137950,0.51162732,0.19026020,0.96933079,0.79261917,1.00000000
0.67410612,0.62541825,0.14605403,0.98524547,0.79421896,1.00000000
0.71743196,0.61806941,0.18189128,0.93595755,0.69672322,1.00000000
0.43061170,0.58927286,0.52392596,0.91576242,0.79200751,1.00000000
0.11062347,0.57867932,0.19960310,0.93633521,0.65527606,1.00000000
0.63641942,0.61941451,0.20370845,0.98150516,0.79713440,1.00000000
0.53462124,0.66861713,0.25311777,0.91316497,0.77538979,1.00000000
0.37822059,0.58376479,0.55935925,0.96379453,0.68214953,1.00000000
0.43241391,0.63435894,0.23550171,0.99875563,0.73993206,1.00000000
0.52332246,0.62140828,0.13845612,0.98950148,0.76974493,1.00000000
0.31457695,0.64334369,0.65050787,0.96711832,0.69789487,1.00000000
0.29401380,0.66104370,0.63312846,0.97926301,0.70306277,1.00000000
0.73308837,0.44559363,0.22636412,0.91164762,0.74434590,1.00000000
0.51285607,0.42917523,0.27373093,0.94988340,0.67206413,1.00000000
0.75029737,0.58570558,0.22856328,0.95319122,0.66773158,1.00000000
0.74573189,0.54834485,0.54090267,0.97826958,0.68747079,1.00000000
0.39613587,0.58179682,0.26471111,0.92825931,0.76118898,1.00000000
0.67511386,0.63226819,0.66555870,0.91064852,0.70498991,1.00000000
0.63722211,0.65707964,0.60449469,0.96981138,0.72610372,1.00000000
0.66740930,0.53846163,0.46376538,0.94925940,0.67931759,1.00000000
0.34833479,0.61587346,0.12290484,0.98422939,0.67911583,1.00000000
0.43425781,0.44766861,0.63745260,0.94814897,0.74756771,1.00000000
0.32357320,0.57243562,0.54574215,0.98462707,0.66625631,1.00000000
0.63839245,0.27031368,0.58112198,0.95078349,0.75017613,1.00000000
0.75140333,0.56408542,0.15989718,0.97826988,0.71010530,1.00000000
0.66136342,0.57527471,0.53444713,0.97207451,0.75069064,1.00000000
0.67380524,0.61956972,0.59093499,0.92660826,0.70725942,1.00000000
0.75089490,0.60074800,0.68037373,0.93093985,0.77690780,1.00000000
0.66332799,0.51858032,0.45910028,0.98991954,0.65833342,1.00000000
0.26322365,0.21509297,0.41649520,0.92310071,0.78399462,1.00000000
0.71980536,0.39352283,0.36788046,0.96975005,0.69029915,1.00000000
0.53998053,0.66421318,0.53016925,0.91451204,0.65638131,1.00000000
0.14214377,0.65542823,0.65930665,0.97551584,0.73436064,1.00000000
0.60240102,0.50626820,0.47044414,0.92232901,0.68365312,1.00000000
0.73863119,0.47870073,0.25134331,0.95940655,0.71888047,1.00000000
0.48115876,0.54441684,0.12798467,0.95642436,0.77034712,1.00000000
0.59614110,0.60982335,0.48183125,0.92035145,0.76873201,1.00000000
0.42274523,0.51801968,0.62623405,0.94914031,0.74005783,1.00000000
0.29529762,0.34635890,0.15645604,0.98792481,0.79668081,1.00000000
0.32882282,0.53374088,0.35151246,0.96805292,0.71956265,1.00000000
0.67888492,0.47948614,0.67061585,0.99926543,0.65590829,1.00000000
0.71899545,0.50620568,0.41275117,0.97845542,0.77291375,1.00000000
0.39679778,0.42759162,0.24744602,0.96434551,0.68319410,1.00000000
0.49958456,0.60288328,0.32568026,0.95632023,0.67643583,1.00000000
0.43910915,0.57032311,0.35772917,0.99374288,0.66050148,1.00000000
0.23221013,0.48405707,0.18664089,0.95270133,0.69918501,1.00000000
0.62008154,0.57748991,0.50634837,0.94026726,0.69892383,1.00000000
0.67037374,0.56099939,0.46597901,0.98344934,0.69541574,1.00000000
0.65338624,0.63186079,0.49866050,0.99402446,0.73897892,1.00000000
0.55120945,0.66129488,0.47693622,0.94789171,0.76273131,1.00000000
0.62066817,0.40537292,0.12745416,0.91372383,0.79066503,1.00000000
0.34585199,0.64853168,0.22027226,0.96083730,0.66410750,1.00000000
0.40655106,0.61305672,0.21504235,0.97408825,0.67255729,1.00000000
0.73726034,0.61039585,0.17526558,0.93736362,0.73847640,1.00000000
0.68942386,0.52416307,0.55027986,0.97478789,0.66472036,1.00000000
0.73487020,0.51333266,0.18831600,0.95310515,0.70561463,1.00000000
0.73326236,0.21463449,0.51070237,0.93013561,0.74368286,1.00000000
0.65389335,0.66576022,0.22258253,0.96295214,0.76708174,1.00000000
0.73632360,0.59063321,0.18724129,0.93889475,0.68263990,1.00000000
0.56437689,0.53358817,0.21325298,0.97868258,0.75019783,1.00000000
0.13664417,0.57486463,0.41670790,0.90030801,0.74688047,1.00000000
0.30309030,0.30856064,0.49734265,0.98181778,0.77894241,1.00000000
0.36334854,0.43424004,0.59524989,0.93065751,0.69706213,1.00000000
0.34734491,0.59466136,0.19327189,0.99596268,0.76251376,1.00000000
0.53354025,0.56697655,0.48010984,0.97591650,0.76279998,1.00000000
0.67080259,0.63009822,0.57284683,0.92410403,0.68587917,1.00000000
0.69808203,0.60286117,0.30141482,0.99787992,0.74317366,1.00000000
0.63347000,0.58940518,0.16453858,0.94995809,0.75127429,1.00000000
0.39962697,0.63563126,0.20937997,0.95229238,0.69116426,1.00000000
0.68530577,0.34751362,0.17150509,0.99095184,0.71776998,1.00000000
0.53509271,0.61003089,0.63953644,0.99184030,0.71536666,1.00000000
0.18733250,0.61537409,0.33923629,0.96968824,0.76602644,1.00000000
0.49511582,0.48593247,0.42549917,0.99784493,0.65010369,1.00000000
0.52272195,0.44702977,0.56981659,0.93288702,0.72515398,1.00000000
0.49138761,0.45683944,0.33617553,0.92323369,0.67765111,1.00000000
0.70425457,0.44841075,0.49947214,0.90292567,0.74702632,1.00000000
0.68894780,0.56955755,0.16275285,0.93463451,0.75205535,1.00000000
0.66898030,0.40902448,0.40053272,0.96026331,0.72516900,1.00000000
0.39285907,0.60298449,0.17442292,0.93053788,0.73130441,1.00000000
0.70308888,0.38473654,0.26369655,0.95796204,0.69725871,1.00000000
0.66305631,0.28230020,0.29020050,0.90483856,0.69699842,1.00000000
0.43896687,0.50402856,0.53975517,0.93540913,0.76176757,1.00000000
0.65345871,0.44490403,0.51417893,0.97480047,0.66975969,1.00000000
0.59290391,0.66684622,0.55710596,0.91043270,0.76572549,1.00000000
0.57436597,0.49757496,0.15397356,0.97148377,0.74825197,1.00000000
0.36618140,0.46106526,0.70230246,0.97633111,0.78267121,1.00000000
0.60673207,0.44765231,0.14965884,0.95687616,0.68902171,1.00000000
0.35268879,0.52400827,0.60338104,0.98860878,0.72592688,1.00000000
0.41498321,0.59047455,0.55309939,0.99545634,0.65584844,1.00000000
0.38678125,0.62907565,0.46574223,0.90346777,0.78687596,1.00000000
0.74308455,0.52077085,0.37579834,0.96790832,0.75130874,1.00000000
0.49759775,0.59527814,0.56301904,0.92371744,0.74343127,1.00000000
0.53529364,0.55797464,0.55285752,0.94081831,0.75990337,1.00000000
0.51822442,0.64159656,0.19834019,0.96231544,0.69264930,1.00000000
0.72832757,0.58137172,0.58390146,0.97122723,0.74057907,1.00000000
0.62360746,0.49219608,0.16385706,0.98401910,0.77013826,1.00000000
0.73392123,0.61279535,0.41208598,0.97053868,0.66354418,1.00000000
0.50614780,0.63655883,0.49710697,0.97773987,0.79382253,1.00000000
0.36905059,0.55315304,0.60099345,0.95990711,0.78378302,1.00000000
0.62111634,0.66660035,0.39006484,0.91170591,0.79445285,1.00000000
0.53042489,0.64765143,0.25697535,0.90214306,0.77125227,1.00000000
0.70137012,0.44775480,0.40627035,0.95297831,0.69414669,1.00000000
0.72321647,0.63003480,0.26482829,0.97155410,0.73723334,1.00000000
0.58842057,0.58928746,0.42866200,0.91088659,0.66802436,1.00000000
0.74752551,0.57250440,0.38971069,0.94292957,0.76312500,1.00000000
0.61992592,0.56688833,0.57676733,0.92561775,0.67304593,1.00000000
0.48941043,0.64289534,0.25887653,0.95670933,0.78002357,1.00000000
0.59511828,0.59168488,0.23528540,0.93905026,0.68608356,1.00000000
0.25715899,0.57327032,0.39657962,0.92014676,0.67406178,1.00000000
0.70197839,0.32179576,0.14735551,0.90043926,0.66063565,1.00000000
0.35440856,0.54804522,0.25255331,0.93215251,0.75670475,1.00000000
0.51102585,0.65288830,0.32570878,0.95161623,0.67793059,1.00000000
0.62447065,0.61454970,0.40448806,0.99292094,0.67965019,1.00000000
0.26886734,0.32487759,0.27613923,0.92274761,0.67545450,1.00000000
0.32719058,0.64854610,0.44743323,0.95122552,0.69586927,1.00000000
0.66916054,0.63782853,0.63436157,0.95664966,0.79118174,1.00000000
0.31679207,0.57562661,0.43748674,0.96492279,0.72299325,1.00000000
0.59027714,0.27181414,0.28637618,0.93285662,0.68913168,1.00000000
0.52692467,0.57969034,0.15410645,0.90994817,0.67555863,1.00000000
0.46236661,0.33002791,0.19803901,0.99213564,0.65283519,1.00000000
0.43442369,0.50445104,0.44777492,0.99527556,0.70474887,1.00000000
0.68999612,0.59597003,0.51982874,0.94382310,0.66650921,1.00000000
0.74241942,0.65375739,0.14686349,0.95805752,0.65405178,1.00000000
0.39394444,0.51836574,0.22679402,0.90290266,0.66544694,1.00000000
0.74452502,0.64412987,0.30534193,0.90472156,0.69777822,1.00000000
0.63508701,0.65472525,0.30574888,0.90766674,0.76262957,1.00000000
0.65129709,0.26837644,0.68141592,0.97387463,0.66004795,1.00000000
0.67354208,0.46963677,0.23751211,0.92272347,0.75180107,1.00000000
0.67170650,0.61414748,0.15442373,0.91844469,0.74308139,1.00000000
0.70653671,0.62399805,0.32530284,0.90083355,0.78229851,1.00000000
0.59288639,0.53031230,0.19673057,0.90228975,0.67759806,1.00000000
0.61252457,0.60240924,0.19210704,0.94053835,0.76914018,1.00000000
0.51915270,0.59199345,0.35732391,0.95416778,0.77972978,1.00000000
0.35870808,0.62047344,0.29787713,0.95790589,0.79647261,1.00000000
0.65895355,0.61602801,0.17160399,0.94579113,0.77128237,1.00000000
0.24889474,0.36673248,0.47311968,0.94595611,0.66856521,1.00000000
0.49220917,0.42456421,0.41276458,0.97531420,0.79206938,1.00000000
0.34600800,0.40690026,0.16299981,0.92895699,0.77224880,1.00000000
0.43589494,0.65721381,0.62514383,0.92377180,0.68184876,1.00000000
0.65030801,0.65386951,0.28512532,0.98543245,0.67477959,1.00000000
0.64682192,0.63214403,0.68316519,0.96892637,0.79046214,1.00000000
0.56632346,0.39452532,0.66561097,0.94768667,0.67335480,1.00000000
0.34109157,0.58269125,0.37299803,0.92754048,0.76656550,1.00000000
0.57176369,0.44226554,0.25209820,0.91365820,0.71078891,1.00000000
0.53406340,0.52210695,0.60873687,0.90374213,0.75857079,1.00000000
0.67684597,0.48239407,0.33016813,0.98523653,0.66377771,1.00000000
0.62945819,0.63826209,0.21385334,0.95933855,0.75875872,1.00000000
0.59616226,0.41529483,0.44212219,0.90458298,0.72678673,1.00000000
0.59431231,0.59998804,0.40553084,0.91585875,0.78505677,1.00000000
0.74622780,0.66604495,0.61765760,0.92795640,0.67825979,1.00000000
0.68785179,0.60918933,0.54663610,0.92630714,0.66640341,1.00000000
0.59833264,0.35984614,0.63302320,0.95483911,0.67943305,1.00000000
0.59115404,0.65285397,0.54982525,0.93994439,0.66178632,1.00000000
0.23120685,0.59927285,0.49539703,0.98822165,0.79702258,1.00000000
0.74006844,0.55044967,0.41186890,0.97194105,0.66842848,1.00000000
0.51667207,0.60307670,0.69856077,0.99107325,0.68012762,1.00000000
0.48029765,0.64764178,0.68186164,0.98628187,0.77145284,1.00000000
0.75463581,0.55655658,0.61697233,0.99213690,0.68701315,1.00000000
0.67629319,0.57157689,0.57371718,0.99800116,0.68334401,1.00000000
0.27728263,0.54929358,0.45738798,0.93116963,0.75084645,1.00000000
0.30201924,0.35253468,0.27044314,0.92096806,0.70981479,1.00000000
0.22856173,0.63009733,0.63261122,0.91651523,0.77532190,1.00000000
0.63680416,0.40215418,0.12400949,0.96280885,0.74574041,1.00000000
0.31648886,0.53102911,0.25143528,0.96809667,0.69323218,1.00000000
0.73767936,0.52843630,0.35513672,0.90878373,0.73968852,1.00000000
0.73860276,0.48803344,0.46244538,0.98210716,0.77996922,1.00000000
0.61732560,0.53364664,0.44757608,0.97830665,0.70467246,1.00000000
0.64275026,0.59339142,0.22106813,0.96284741,0.76047063,1.00000000
0.50162500,0.50092953,0.17929305,0.94356126,0.71237493,1.00000000
0.30525634,0.43354633,0.24842878,0.91536576,0.73146099,1.00000000
0.68211174,0.64586222,0.32276988,0.95055920,0.76005501,1.00000000
0.35480765,0.66383463,0.12591393,0.91591692,0.65907913,1.00000000
0.33532301,0.55112642,0.52497399,0.96049786,0.71824241,1.00000000
0.51237738,0.50700527,0.26336908,0.93099648,0.66428202,1.00000000
0.18515709,0.31971866,0.32435554,0.92473060,0.75875086,1.00000000
0.57205302,0.30213866,0.31464806,0.94410515,0.74117094,1.00000000
0.67283356,0.53046739,0.41872340,0.95807129,0.69903946,1.00000000
0.70120794,0.65682125,0.62341160,0.93674642,0.66144222,1.00000000
0.63845319,0.61857653,0.20552351,0.99636036,0.78887039,1.00000000
0.71420568,0.51529318,0.31807476,0.90058976,0.69725055,1.00000000
0.55975908,0.66336030,0.52472281,0.99128610,0.69130653,1.00000000
0.71473736,0.54204011,0.14366554,0.90006840,0.66515076,1.00000000
0.60210103,0.48663729,0.60586977,0.92167121,0.73660296,1.00000000
0.45896822,0.54128730,0.68342656,0.99963510,0.68984801,1.00000000
0.74049544,0.45562968,0.47508070,0.97280955,0.77642798,1.00000000
0.49181682,0.64884615,0.68029904,0.96444982,0.75241500,1.00000000
0.23046181,0.51956797,0.36062461,0.97260928,0.65058726,1.00000000
0.47192985,0.60268539,0.36178339,0.94082963,0.73485118,1.00000000
0.54096419,0.52918464,0.18014641,0.97842097,0.68477517,1.00000000
0.53336298,0.65175736,0.13849820,0.91548681,0.65230507,1.00000000
0.60919392,0.59911120,0.26147312,0.97938925,0.74290508,1.00000000
0.72422761,0.55973953,0.39889920,0.99395269,0.68073714,1.00000000
0.50187707,0.40646818,0.41628376,0.98576868,0.78494537,1.00000000
0.60768867,0.65179062,0.24563257,0.97396612,0.73600709,1.00000000
0.52766699,0.57566118,0.47812098,0.96513772,0.68137777,1.00000000
0.70709831,0.49016467,0.22423875,0.95210922,0.79686910,1.00000000
0.40938446,0.64743704,0.30953595,0.93952233,0.73196626,1.00000000
0.35675558,0.32982200,0.23277031,0.98656535,0.67482084,1.00000000
0.60072595,0.50199068,0.52744919,0.96474588,0.72758633,1.00000000
0.66133171,0.57303840,0.42151323,0.94349003,0.79390234,1.00000000
0.69951010,0.51182032,0.55064768,0.97847915,0.71363151,1.00000000
0.63326019,0.55644315,0.15132245,0.90541035,0.71380180,1.00000000
0.69311726,0.48115948,0.36786005,0.98131192,0.71916902,1.00000000
0.55339241,0.40493351,0.68644625,0.98107022,0.69201553,1.00000000
0.24716930,0.30214334,0.14918795,0.92285293,0.67426753,1.00000000
0.37037364,0.42417130,0.36375216,0.90376717,0.73683918,1.00000000
0.26017737,0.66077167,0.14141072,0.97137082,0.78413004,1.00000000
0.52185339,0.58297563,0.20391372,0.91998714,0.76035947,1.00000000
0.59773755,0.55994034,0.38972145,0.99960220,0.66442811,1.00000000
0.53584862,0.52759176,0.21030200,0.90091825,0.71012735,1.00000000
0.62273604,0.61383754,0.42279732,0.92297918,0.65079439,1.00000000
0.59172082,0.41305980,0.66043043,0.90420622,0.69619107,1.00000000
0.66330564,0.48635089,0.23553386,0.97826558,0.75040650,1.00000000
0.65971732,0.60221517,0.18069795,0.95786953,0.69353515,1.00000000
0.51607686,0.55711478,0.60310388,0.98484343,0.77608377,1.00000000
0.53076905,0.62669349,0.38839403,0.99626136,0.72160763,1.00000000
0.63165969,0.65092528,0.63683003,0.96101147,0.75037521,1.00000000
0.63567853,0.63719594,0.29771960,0.92317533,0.78257978,1.00000000
0.51426423,0.44051671,0.48678353,0.90926492,0.75242156,1.00000000
0.52257401,0.37225443,0.66077268,0.98662609,0.78459895,1.00000000
0.66849840,0.43165901,0.21864459,0.92451131,0.77120978,1.00000000
0.65322989,0.62939221,0.58866388,0.98935181,0.73505962,1.00000000
0.38916057,0.65392083,0.48912749,0.98782873,0.69458497,1.00000000
0.57509840,0.65597808,0.59585100,0.96278089,0.69472134,1.00000000
0.72682989,0.49563301,0.21805491,0.96039957,0.78129965,1.00000000
0.25496802,0.64043421,0.37299204,0.99508268,0.65808266,1.00000000
0.71652216,0.57288164,0.19343366,0.97560149,0.79121554,1.00000000
0.41408843,0.63708425,0.68240124,0.96832818,0.69905895,1.00000000
0.60240668,0.57606447,0.15452455,0.94357407,0.76083064,1.00000000
0.56778282,0.41629270,0.15616670,0.94839984,0.69950444,1.00000000
0.17484869,0.35983124,0.64597422,0.93889213,0.79299521,1.00000000
0.73292089,0.66150725,0.29456598,0.99463212,0.65547109,1.00000000
0.58103949,0.54111451,0.46883532,0.96381193,0.70299780,1.00000000
0.74312598,0.51574755,0.28675032,0.97803634,0.78011918,1.00000000
0.49868071,0.51783180,0.49926963,0.90371996,0.69110847,1.00000000
0.71960390,0.52575648,0.23086433,0.98524261,0.69134295,1.00000000
0.73477763,0.65939659,0.38757026,0.94176382,0.78481275,1.00000000
0.62134385,0.34072819,0.43146598,0.97371602,0.77458733,1.00000000
0.44470969,0.39640975,0.31390759,0.90400255,0.66586566,1.00000000
0.66567135,0.63061005,0.26570624,0.98938733,0.73702699,1.00000000
0.61842090,0.57633615,0.20012157,0.96598458,0.68350929,1.00000000
0.74059558,0.40376985,0.53302610,0.94575006,0.68227077,1.00000000
0.57433212,0.29772961,0.21663690,0.93035579,0.74231058,1.00000000
0.48796931,0.46216291,0.28948611,0.93110240,0.66857994,1.00000000
0.39219260,0.47958618,0.31582868,0.93033981,0.72046685,1.00000000
0.66996348,0.24874486,0.38492164,0.91310257,0.68837327,1.00000000
0.74822873,0.45800281,0.53092277,0.94638097,0.77808839,1.00000000
0.23609106,0.62017000,0.36937949,0.94534862,0.73317415,1.00000000
0.68302792,0.64327371,0.63005507,0.94119364,0.68226629,1.00000000
0.73597836,0.65112829,0.51752096,0.97030944,0.78896987,1.00000000
0.32101655,0.52947545,0.61087453,0.94198149,0.77343446,1.00000000
0.36408654,0.50407654,0.53903174,0.90890038,0.68979383,1.00000000
0.66782963,0.66871715,0.20507753,0.98520595,0.79415762,1.00000000
0.65341502,0.62654144,0.69289839,0.94251007,0.69016081,1.00000000
0.31253204,0.57317680,0.58034486,0.96552855,0.69389647,1.00000000
0.71069783,0.47683883,0.45454222,0.99298966,0.70789450,1.00000000
0.60871434,0.50480974,0.21484172,0.97674149,0.67472076,1.00000000
0.73073155,0.56727731,0.21922392,0.95387989,0.75305241,1.00000000
0.72282463,0.57442266,0.47901833,0.95450222,0.73360062,1.00000000
0.70443833,0.24699920,0.36246890,0.98495311,0.78416938,1.00000000
0.60579628,0.66188174,0.51521146,0.98236322,0.68613130,1.00000000
0.47766206,0.58302665,0.33672220,0.91786528,0.67553461,1.00000000
0.60190457,0.58639926,0.41932070,0.96265012,0.70379353,1.00000000
0.35369709,0.45559177,0.22821061,0.98657155,0.67191631,1.00000000
0.65703982,0.62565899,0.20894185,0.98033077,0.79192263,1.00000000
0.38814422,0.61994994,0.16214398,0.91247159,0.75761700,1.00000000
0.60394913,0.37576115,0.59978783,0.94356930,0.76942873,1.00000000
0.28976545,0.58783388,0.44434485,0.95182329,0.76220655,1.00000000
0.50591749,0.60273647,0.67478883,0.92578095,0.68642288,1.00000000
0.46502757,0.63952827,0.55852133,0.96794993,0.67109847,1.00000000
0.64392245,0.45273462,0.56986070,0.94762266,0.71441501,1.00000000
0.69694692,0.64738351,0.41709319,0.92975086,0.77435285,1.00000000
0.29465714,0.55198544,0.59732586,0.93368644,0.69957727,1.00000000
0.71516025,0.37703520,0.67180204,0.98566681,0.65143442,1.00000000
0.71807957,0.38520998,0.54220015,0.98662001,0.74900913,1.00000000
0.52875870,0.44822502,0.17975821,0.98123759,0.68000948,1.00000000
0.65709215,0.48918918,0.50059992,0.99138689,0.73142529,1.00000000
0.55797845,0.56203848,0.18849012,0.99523067,0.65223199,1.00000000
0.40645343,0.62233454,0.16307202,0.94918281,0.72632748,1.00000000
0.61072940,0.44197500,0.52523553,0.90967035,0.70904130,1.00000000
0.33633992,0.66751456,0.60869730,0.98000711,0.78206182,1.00000000
0.72295630,0.42667532,0.21108323,0.96334320,0.75827205,1.00000000
0.73528057,0.58890456,0.16126388,0.93805170,0.65540421,1.00000000
0.70705253,0.65659261,0.63913113,0.99755329,0.76842839,1.00000000
0.62344646,0.63894534,0.19541726,0.93386853,0.76868409,1.00000000
0.62162751,0.60038155,0.13828593,0.99076343,0.74951142,1.00000000
0.75090057,0.61535323,0.54179668,0.95925844,0.78939450,1.00000000
0.47526276,0.40798768,0.61630327,0.90366417,0.77048802,1.00000000
0.32262760,0.23251729,0.42027843,0.98603350,0.68283480,1.00000000
0.62323034,0.54371637,0.43525013,0.97622120,0.70723188,1.00000000
0.52177036,0.37035808,0.31580031,0.96424878,0.70248848,1.00000000
0.51836187,0.51835036,0.25791952,0.96145874,0.72573620,1.00000000
0.15926245,0.46191499,0.56190121,0.92188352,0.79305702,1.00000000
0.63561016,0.65436792,0.61722612,0.92144859,0.74233973,1.00000000
0.48526391,0.64782697,0.30661458,0.90291727,0.69694084,1.00000000
0.43372518,0.63634241,0.27871716,0.91541374,0.79122764,1.00000000
0.26373935,0.61502230,0.27517161,0.93364811,0.75504071,1.00000000
0.53982520,0.42182159,0.14740907,0.95407248,0.68991208,1.00000000
0.72309220,0.32105795,0.28298530,0.91308087,0.78597689,1.00000000
0.52587974,0.60175580,0.13273583,0.95575720,0.70163196,1.00000000
0.66367316,0.59908283,0.58141625,0.92633200,0.72743171,1.00000000
0.68792814,0.52247024,0.26819226,0.92539608,0.72188342,1.00000000
0.52141041,0.55527073,0.52362072,0.99479443,0.78854465,1.00000000
0.70706046,0.55999398,0.43716964,0.99923444,0.68984950,1.00000000
0.66780478,0.46987689,0.61027271,0.98114383,0.69999599,1.00000000
0.62223518,0.50202596,0.68257570,0.90543920,0.74902403,1.00000000
0.11255104,0.53877169,0.33370095,0.97286320,0.78299236,1.00000000
0.25226706,0.58982831,0.16961224,0.91784257,0.66723263,1.00000000
0.75248444,0.66126651,0.55861515,0.95692211,0.68148255,1.00000000
0.69561875,0.57347578,0.13017784,0.98937136,0.79220515,1.00000000
0.73877537,0.61867219,0.24880196,0.93801957,0.76659459,1.00000000
0.72941852,0.63402414,0.14897098,0.99288416,0.70191044,1.00000000
0.21377920,0.39189824,0.64596963,0.97083724,0.70364523,1.00000000
0.69843358,0.60158145,0.12076299,0.93010116,0.72043008,1.00000000
0.57943416,0.55798918,0.40749538,0.90949172,0.75106990,1.00000000
0.69776189,0.58222789,0.36705831,0.98153514,0.73415619,1.00000000
0.15715103,0.30492347,0.50161451,0.94580597,0.76641798,1.00000000
0.49951619,0.65256166,0.28808475,0.90726936,0.65812504,1.00000000
0.68634623,0.66074371,0.63158554,0.91031224,0.77285612,1.00000000
0.69877738,0.20284206,0.54961514,0.99669611,0.65870768,1.00000000
0.64381313,0.45628488,0.37193790,0.92430019,0.78214610,1.00000000
0.50688982,0.43816212,0.32825074,0.99665910,0.65648818,1.00000000
0.51190823,0.62894756,0.59758133,0.96811599,0.66917485,1.00000000
0.74634773,0.58858818,0.56297666,0.93004912,0.67702764,1.00000000
0.57430619,0.43646049,0.35235298,0.93837279,0.68345761,1.00000000
0.57771683,0.63538027,0.31845403,0.97770387,0.71026433,1.00000000
0.61967272,0.51681554,0.14052235,0.94354153,0.74832231,1.00000000
0.56112498,0.55180073,0.16571015,0.90747505,0.78389049,1.00000000
0.61979884,0.52859938,0.14936380,0.92298144,0.72867543,1.00000000
0.57130909,0.56890970,0.13200910,0.98603451,0.72987348,1.00000000
0.70850885,0.55742472,0.20757198,0.96961743,0.69789577,1.00000000
0.73122764,0.48568100,0.62184811,0.95010161,0.77010208,1.00000000
0.73734337,0.54072267,0.58715254,0.92454958,0.66657293,1.00000000
0.62409627,0.65294117,0.61504346,0.94745904,0.69516546,1.00000000
0.57557648,0.56384784,0.48458844,0.97888494,0.66454720,1.00000000
0.67206168,0.65437496,0.48474300,0.90815431,0.68212712,1.00000000
0.71180052,0.57652253,0.19054809,0.99947679,0.73798966,1.00000000
0.62361348,0.62643558,0.52880317,0.98597628,0.66889405,1.00000000
0.67039245,0.49373248,0.28236848,0.93179655,0.66509265,1.00000000
0.68586189,0.63076115,0.42309019,0.98705769,0.77388662,1.00000000
0.66280180,0.48116186,0.67924857,0.96817148,0.66774487,1.00000000
0.68476701,0.26444605,0.62977374,0.96663547,0.74120802,1.00000000
0.44898346,0.42616650,0.25481972,0.91397095,0.70280170,1.00000000
0.59888929,0.26993027,0.55097097,0.99058944,0.78445506,1.00000000
0.63277620,0.65975475,0.17887691,0.94503421,0.75613248,1.00000000
0.12730204,0.66873646,0.13337794,0.98032278,0.65891451,1.00000000
0.71674448,0.62509823,0.13422017,0.92995238,0.78432024,1.00000000
0.64045256,0.38737363,0.21779205,0.93080038,0.71208483,1.00000000
0.38349384,0.65125614,0.52644026,0.99646890,0.69473410,1.00000000
0.70554584,0.62130511,0.33135641,0.94966596,0.75091732,1.00000000
0.67578232,0.50898802,0.12702496,0.90598905,0.75769609,1.00000000
0.68845731,0.56367677,0.69883686,0.98357064,0.69548762,1.00000000
0.55308050,0.60354495,0.43139905,0.92272300,0.70274848,1.00000000
0.71625423,0.27580076,0.34934130,0.98787540,0.67344958,1.00000000
0.56317270,0.56347191,0.42285287,0.99164397,0.73901653,1.00000000
0.62636900,0.61893076,0.42351231,0.90727663,0.79353637,1.00000000
0.10845069,0.44283652,0.39425680,0.95824289,0.71249366,1.00000000
0.65237832,0.54667634,0.47820523,0.99815243,0.79943091,1.00000000
0.67613244,0.57189864,0.63860387,0.99309194,0.67646217,1.00000000
0.62512738,0.61959487,0.29512569,0.95252430,0.76941490,1.00000000
0.59816450,0.66274714,0.40409920,0.96804935,0.78921622,1.00000000
0.70369661,0.64193165,0.11979058,0.96042621,0.75320816,1.00000000
0.66441852,0.59422523,0.62342018,0.92032534,0.66639894,1.00000000
0.49364457,0.58503312,0.29759052,0.96529979,0.69898123,1.00000000
0.74436814,0.58983016,0.27723348,0.93331414,0.66284984,1.00000000
0.67270285,0.57523346,0.70443362,0.93379718,0.74026221,1.00000000
0.75174457,0.33644533,0.46140760,0.94199884,0.79972231,1.00000000
0.74750048,0.61164826,0.19002543,0.98521769,0.70621318,1.00000000
0.73385483,0.61553335,0.27383822,0.92383456,0.67444175,1.00000000
0.68757278,0.56648970,0.32542741,0.92507917,0.69029605,1.00000000
0.64024502,0.64605051,0.69768238,0.90073401,0.73562032,1.00000000
0.42145604,0.60594678,0.37095392,0.91550070,0.73534429,1.00000000
0.61630982,0.52009618,0.25301999,0.99786794,0.68447310,1.00000000
0.69058591,0.26483360,0.45278293,0.94338697,0.76260573,1.00000000
0.60772216,0.33618215,0.35574096,0.91951644,0.66320187,1.00000000
0.72014564,0.51621020,0.14997670,0.99656820,0.74345607,1.00000000
0.36353105,0.55216998,0.62407035,0.90271181,0.71385485,1.00000000
0.54784101,0.43006080,0.12687501,0.94841665,0.66907626,1.00000000
0.60190022,0.44346702,0.64616686,0.98046023,0.74515772,1.00000000
0.57130462,0.46514615,0.58344632,0.97728252,0.75095743,1.00000000
0.36237022,0.62878931,0.16224895,0.91892171,0.71600306,1.00000000
0.40587908,0.62693495,0.54330063,0.97077894,0.76969892,1.00000000
0.71160108,0.52712202,0.57114214,0.96222883,0.72639751,1.00000000
0.59325868,0.43345624,0.47194535,0.96752763,0.69286317,1.00000000
0.27978691,0.38973150,0.45745340,0.92661047,0.79304022,1.00000000
0.20062099,0.36799535,0.14687473,0.98107344,0.79160661,1.00000000
0.58879286,0.52993244,0.15264492,0.95592374,0.66434324,1.00000000
0.41508725,0.31672421,0.54546392,0.97250783,0.79191220,1.00000000
0.67202550,0.50951189,0.17974423,0.99395734,0.76632237,1.00000000
0.69945109,0.66224742,0.25990829,0.98554975,0.66599661,1.00000000
0.46251193,0.56512308,0.41108036,0.97823375,0.72789878,1.00000000
0.63416898,0.63705587,0.21421392,0.92896485,0.65524268,1.00000000
0.40667295,0.40431985,0.58225858,0.90540832,0.73832858,1.00000000
0.50818133,0.48283112,0.59257531,0.95746446,0.78997815,1.00000000
0.72576976,0.65966529,0.61302543,0.90345132,0.70523149,1.00000000
0.61659080,0.52733010,0.14680478,0.97141898,0.72629380,1.00000000
0.72497976,0.60050035,0.36933714,0.97368217,0.68413407,1.00000000
0.46046472,0.66473311,0.61583394,0.95629114,0.73114192,1.00000000
0.52242023,0.57669401,0.33130553,0.91681516,0.77038622,1.00000000
0.58775020,0.49852115,0.52695316,0.98757213,0.68228877,1.00000000
0.59150469,0.57174385,0.46426231,0.95959210,0.73302299,1.00000000
0.75419337,0.33009452,0.32188743,0.95148921,0.70319647,1.00000000
0.36864135,0.39095402,0.28023812,0.95675915,0.76218081,1.00000000
0.71563005,0.22195743,0.50161356,0.90828872,0.75530583,1.00000000
0.71888691,0.64858580,0.19624949,0.97404373,0.75481844,1.00000000
0.61999500,0.60568804,0.62360150,0.90607756,0.70667046,1.00000000
0.52966154,0.49567956,0.45673144,0.95783883,0.73989189,1.00000000
0.60708994,0.46060640,0.18323736,0.91692573,0.74766278,1.00000000
0.50195056,0.60831207,0.53148687,0.92077017,0.75212210,1.00000000
0.70055538,0.65493274,0.37124267,0.92332542,0.73628843,1.00000000
0.59885126,0.49600986,0.23769495,0.90143055,0.78002071,1.00000000
0.73569101,0.50490779,0.68298191,0.98918390,0.68731982,1.00000000
0.64483845,0.64305061,0.54096931,0.98042351,0.65837103,1.00000000
0.60518014,0.65025067,0.46646684,0.90312862,0.79437554,1.00000000
0.67390221,0.65395737,0.61698067,0.90569860,0.65911007,1.00000000
0.60109729,0.49355170,0.43757045,0.97828770,0.78544337,1.00000000
0.73001015,0.39740533,0.37733567,0.90068030,0.74184275,1.00000000
0.43111539,0.54551768,0.22908638,0.94689989,0.78781104,1.00000000
0.74803430,0.49462849,0.20787673,0.91072971,0.73474312,1.00000000
0.70434695,0.64852315,0.37174666,0.95916325,0.77315134,1.00000000
0.71807009,0.30174720,0.38586739,0.99983406,0.75819355,1.00000000
0.59265816,0.59713489,0.54900736,0.91720217,0.72876680,1.00000000
0.71148366,0.65255553,0.37769705,0.99566841,0.70449853,1.00000000
0.50994241,0.66482520,0.46656424,0.98654783,0.65042883,1.00000000
0.68955636,0.60089612,0.60736382,0.99858552,0.68763578,1.00000000
0.39419344,0.66024971,0.70196158,0.97661889,0.79276502,1.00000000
0.51009518,0.35596797,0.30736783,0.98569942,0.69131929,1.00000000
0.57711941,0.51889455,0.64820850,0.95945978,0.76277786,1.00000000
0.51835173,0.22866966,0.59179461,0.98672843,0.72627467,1.00000000
0.55072117,0.66558802,0.15765099,0.91115123,0.69627714,1.00000000
0.70662081,0.65193611,0.31421113,0.97416544,0.79866403,1.00000000
0.48075396,0.28483742,0.24649586,0.96287239,0.65704614,1.00000000
0.68450701,0.26054785,0.50846136,0.90598464,0.73731154,1.00000000
0.31952560,0.52161181,0.44429362,0.92915905,0.71922773,1.00000000
0.69069457,0.47855783,0.40873590,0.92161065,0.66147894,1.00000000
0.69848514,0.64167887,0.56680220,0.94051754,0.68211442,1.00000000
0.55755824,0.42600924,0.31371099,0.91983533,0.75413632,1.00000000
0.67747551,0.63080794,0.34279546,0.92748296,0.66624928,1.00000000
0.73285204,0.57764411,0.62684351,0.92960304,0.77015376,1.00000000
0.70102292,0.52522761,0.68953443,0.95998108,0.74375916,1.00000000
0.55233341,0.41617301,0.57432783,0.91348737,0.66512865,1.00000000
0.59318930,0.66835594,0.24533586,0.92411011,0.69302219,1.00000000
0.69475287,0.59338593,0.18391272,0.93171483,0.67057669,1.00000000
0.50202256,0.54532897,0.24070892,0.94490677,0.76964021,1.00000000
0.70194405,0.52306336,0.36633021,0.90380889,0.72994393,1.00000000
0.52139485,0.65247440,0.25688061,0.99992114,0.65042448,1.00000000
0.70255524,0.63677615,0.64767128,0.93003923,0.73143554,1.00000000
0.33689618,0.63483942,0.51218992,0.92873448,0.72242057,1.00000000
0.27165169,0.59295982,0.36278191,0.95548707,0.74646145,1.00000000
0.75420028,0.64926785,0.27871278,0.98540324,0.65522659,1.00000000
0.72048134,0.49606663,0.34156531,0.94568092,0.65531385,1.00000000
0.72415143,0.61282104,0.39767683,0.92488390,0.70240521,1.00000000
0.74235135,0.53428078,0.53754258,0.95658755,0.75328070,1.00000000
0.57391751,0.58905578,0.17020091,0.94829428,0.74998373,1.00000000
0.49873340,0.66843283,0.61696053,0.94230747,0.69173956,1.00000000
0.38435596,0.66615099,0.19268237,0.99838829,0.68241012,1.00000000
0.60001731,0.56652761,0.27202946,0.99959505,0.75246882,1.00000000
0.45693094,0.58258867,0.70211172,0.95619440,0.65406692,1.00000000
0.73824722,0.65096354,0.22953449,0.90680039,0.73351753,1.00000000
0.13954541,0.66633791,0.17714246,0.95669174,0.71361482,1.00000000
0.39670503,0.62840760,0.49317959,0.99524719,0.68586302,1.00000000
0.47435835,0.34380513,0.34889945,0.99256927,0.72804469,1.00000000
0.44200262,0.50532496,0.17166790,0.92155010,0.68257517,1.00000000
0.46082234,0.65082651,0.11984849,0.91901195,0.73464823,1.00000000
0.65611154,0.62634146,0.16421269,0.91522557,0.67234606,1.00000000
0.52110058,0.62098473,0.42513856,0.98197842,0.71085393,1.00000000
0.64219093,0.60493499,0.25346643,0.94900548,0.72656393,1.00000000
0.72616661,0.53777456,0.57503068,0.93380463,0.65475518,1.00000000
0.63783848,0.53388679,0.62206388,0.93248069,0.74160761,1.00000000
0.66865444,0.63440078,0.20284295,0.92754132,0.76254731,1.00000000
0.54038489,0.49381056,0.31589404,0.98826200,0.79341102,1.00000000
0.41119975,0.60869962,0.20386714,0.94096798,0.68046898,1.00000000
0.51742631,0.61762846,0.28628981,0.92440176,0.68130428,1.00000000
0.74571019,0.64123094,0.25835553,0.97104049,0.69572461,1.00000000
0.64453572,0.50425971,0.58050877,0.96354544,0.78361458,1.00000000
0.49331403,0.62091333,0.32087040,0.97153658,0.71102858,1.00000000
0.57933599,0.38596383,0.40915576,0.98219562,0.69526905,1.00000000
0.71100634,0.41078371,0.51405597,0.91012335,0.76117712,1.00000000
0.66020370,0.53843623,0.60132742,0.90019888,0.65569854,1.00000000
0.62275577,0.33090562,0.29482886,0.90505660,0.73232216,1.00000000
0.72478223,0.65986484,0.24071804,0.97067934,0.71752852,1.00000000
0.66151214,0.65178692,0.69320786,0.99344963,0.74372876,1.00000000
0.65165734,0.32190585,0.30596915,0.93311054,0.75966495,1.00000000
0.43517196,0.64004946,0.51239300,0.97811943,0.69874823,1.00000000
0.35996076,0.56550020,0.51637709,0.97291845,0.74546260,1.00000000
0.74593115,0.61244386,0.42001733,0.99780613,0.72864932,1.00000000
0.63653582,0.64908141,0.25202790,0.94707930,0.67009515,1.00000000
0.56391829,0.58336979,0.20085731,0.91660732,0.78225893,1.00000000
0.63304472,0.39420781,0.40412715,0.97652316,0.76318854,1.00000000
0.30190393,0.19722866,0.41819385,0.98188186,0.78824812,1.00000000
0.70719957,0.56218296,0.57256866,0.97073001,0.75806069,1.00000000
0.45458835,0.66013026,0.53519613,0.98631817,0.68672097,1.00000000
0.70213652,0.58227599,0.65414190,0.93711823,0.71457893,1.00000000
0.61291301,0.52369201,0.68874151,0.96903151,0.70803028,1.00000000
0.49276158,0.29082340,0.54579490,0.92638487,0.65537328,1.00000000
0.24078485,0.65412503,0.16265367,0.94464403,0.71158224,1.00000000
0.70539540,0.50705749,0.35595194,0.92424923,0.70183539,1.00000000
0.42488146,0.61305249,0.47576609,0.91545337,0.65058857,1.00000000
0.28530857,0.61076385,0.46482062,0.90359533,0.77706850,1.00000000
0.68772584,0.47643071,0.22437869,0.96714240,0.67158115,1.00000000
0.53270543,0.34206966,0.46055573,0.98752731,0.72514284,1.00000000
0.55181140,0.52782083,0.32334149,0.93144196,0.76770169,1.00000000
0.47473410,0.50318754,0.31701580,0.94292355,0.74067223,1.00000000
0.71763861,0.61207396,0.60823941,0.90035468,0.67540270,1.00000000
0.50469494,0.63650441,0.36584303,0.94128549,0.74273169,1.00000000
0.45007837,0.46125868,0.42787996,0.92813224,0.76363951,1.00000000
0.51130021,0.57075173,0.44874874,0.95741999,0.77821469,1.00000000
0.44505057,0.30869824,0.44882163,0.99085170,0.69779807,1.00000000
0.51585722,0.45704976,0.24301265,0.95061523,0.65508819,1.00000000
0.33195546,0.62500274,0.47026667,0.96755326,0.74119222,1.00000000
0.41017517,0.63135207,0.31448448,0.97054827,0.68386525,1.00000000
0.56453347,0.62796545,0.50295311,0.91524321,0.76713425,1.00000000
0.72322834,0.41385409,0.20335153,0.93465704,0.75198227,1.00000000
0.29463702,0.57675803,0.70242095,0.91131455,0.76597804,1.00000000
0.45182380,0.54014033,0.57179016,0.94407463,0.79512966,1.00000000
0.73103893,0.66731954,0.36308908,0.98872858,0.73768210,1.00000000
0.72610062,0.60179734,0.29491284,0.94809341,0.78564703,1.00000000
0.66379541,0.65769035,0.34576589,0.94561529,0.74628401,1.00000000
0.47051272,0.41591778,0.54188722,0.92093235,0.67726165,1.00000000
0.56576812,0.54882044,0.50318104,0.93102175,0.76989621,1.00000000
0.45080319,0.62699950,0.53064263,0.99365997,0.75405478,1.00000000
0.38296041,0.52192295,0.64058775,0.93029952,0.79669094,1.00000000
0.54739183,0.59681404,0.38605601,0.97313863,0.68651479,1.00000000
0.62829930,0.56627661,0.51148301,0.90421414,0.69996881,1.00000000
0.53764302,0.66739368,0.37735763,0.91283143,0.77322364,1.00000000
0.64073139,0.43437460,0.49299887,0.93114781,0.65943342,1.00000000
0.50409079,0.65771598,0.39695507,0.99014211,0.74497998,1.00000000
0.53058422,0.53333992,0.57450801,0.92192918,0.73032141,1.00000000
0.69808930,0.55390173,0.12074125,0.97267449,0.67532331,1.00000000
0.72291321,0.57085097,0.24453586,0.91675246,0.67476827,1.00000000
0.51819968,0.48162785,0.29202214,0.96128422,0.77152961,1.00000000
0.62673569,0.66261101,0.67376149,0.95868284,0.65231675,1.00000000
0.49369636,0.65350342,0.41590953,0.96219480,0.76202619,1.00000000
0.28797060,0.66418678,0.33197170,0.92862767,0.75990009,1.00000000
0.68223369,0.66822731,0.35547772,0.91621029,0.74745202,1.00000000
0.42051429,0.60535634,0.38342488,0.98864859,0.71142763,1.00000000
0.56839257,0.54906476,0.62813550,0.95694441,0.65424812,1.00000000
0.59433794,0.64239353,0.68372697,0.92120433,0.77026647,1.00000000
0.43113512,0.27521649,0.61421448,0.94133288,0.66885608,1.00000000
0.34639636,0.63930672,0.61273926,0.90670913,0.69211811,1.00000000
0.53168041,0.56228495,0.23471478,0.94753760,0.79201746,1.00000000
0.74261230,0.60612184,0.27569297,0.94238907,0.69527918,1.00000000
0.64222950,0.52407503,0.46826422,0.91327262,0.68827087,1.00000000
0.54806483,0.52219057,0.50361025,0.94443721,0.79600561,1.00000000
0.26057437,0.29241845,0.23688552,0.96395326,0.66288984,1.00000000
0.63703483,0.54048127,0.55663639,0.99284905,0.67410356,1.00000000
0.34363610,0.53555053,0.23527268,0.97031850,0.71574765,1.00000000
0.61600572,0.46244323,0.27235919,0.95024353,0.76815099,1.00000000
0.68653643,0.47338381,0.29811502,0.97700512,0.78265387,1.00000000
0.56744945,0.58515704,0.61528909,0.92799354,0.76334536,1.00000000
0.50586104,0.50343740,0.54828465,0.96687818,0.79642624,1.00000000
0.27732068,0.63851470,0.42981496,0.90050620,0.65252692,1.00000000
0.22656332,0.39013153,0.59985250,0.90725511,0.74292600,1.00000000
0.57029575,0.58353776,0.59584016,0.96242654,0.66745192,1.00000000
0.72428715,0.42572603,0.34696063,0.91925496,0.78655440,1.00000000
0.47281983,0.57075429,0.57731605,0.96887296,0.79029608,1.00000000
0.62765890,0.57714951,0.23896633,0.96367532,0.69545424,1.00000000
0.66536731,0.59909195,0.41366404,0.90636665,0.77415627,1.00000000
0.30035520,0.54162323,0.18720102,0.93924969,0.74454135,1.00000000
0.40550730,0.56566536,0.36870265,0.96130019,0.66507334,1.00000000
0.52307564,0.43860999,0.42374456,0.97134817,0.74041522,1.00000000
0.66074449,0.55243874,0.16465786,0.98160839,0.79640853,1.00000000
0.57422942,0.52372360,0.38977221,0.93304431,0.69621408,1.00000000
0.68110669,0.60453182,0.50098270,0.98367161,0.65017110,1.00000000
0.71996880,0.54392451,0.47887543,0.93542546,0.79651874,1.00000000
0.68847924,0.62855470,0.14961994,0.90069866,0.71209753,1.00000000
0.75283319,0.54117399,0.17372923,0.96100056,0.71463990,1.00000000
0.68726701,0.46787056,0.32432720,0.92416686,0.75689185,1.00000000
0.71568984,0.48529175,0.61334455,0.91243815,0.74065781,1.00000000
0.71011513,0.31632069,0.62926829,0.92583579,0.69529802,1.00000000
0.67989331,0.57385373,0.29977226,0.98279142,0.66499668,1.00000000
0.70133960,0.63863486,0.54052478,0.99140012,0.77410436,1.00000000
0.73801947,0.62649512,0.45728859,0.99616969,0.72250658,1.00000000
0.58950639,0.54483968,0.69613075,0.93028301,0.75087112,1.00000000
0.65015787,0.44729170,0.17331995,0.94559288,0.77907568,1.00000000
0.60542226,0.64477313,0.43992984,0.98025262,0.65265834,1.00000000
0.71537083,0.33302069,0.46619862,0.93179029,0.77890778,1.00000000
0.57088125,0.53256816,0.29862857,0.93851429,0.76276928,1.00000000
0.70651257,0.64349437,0.14526662,0.92372745,0.79202324,1.00000000
0.70062739,0.53056556,0.14829679,0.95723671,0.68503863,1.00000000
0.74509341,0.39545926,0.38448122,0.96592665,0.69836336,1.00000000
0.47590700,0.48188725,0.52498460,0.93184394,0.74922180,1.00000000
0.67344534,0.58906323,0.52951515,0.90242302,0.78886896,1.00000000
0.68804067,0.42046553,0.22409990,0.97359079,0.79890043,1.00000000
0.73843807,0.60199481,0.62233657,0.96165973,0.71251065,1.00000000
0.73065251,0.54495424,0.33950731,0.92189986,0.73088443,1.00000000
0.62746662,0.50979537,0.68492228,0.93146479,0.67558265,1.00000000
0.62950385,0.47035444,0.18715273,0.99571139,0.75409633,1.00000000
0.41749057,0.63718772,0.60967922,0.96302032,0.77560556,1.00000000
0.74844658,0.53172672,0.65196359,0.95954776,0.76979738,1.00000000
0.47972566,0.62020344,0.60157382,0.96396905,0.70187646,1.00000000
0.67817837,0.54562724,0.59343594,0.99544448,0.79448962,1.00000000
0.69958889,0.37263668,0.33018237,0.93398589,0.66805202,1.00000000
0.57517344,0.54567337,0.53726065,0.92809159,0.72409552,1.00000000
0.45078400,0.56517357,0.45843917,0.93767422,0.73318958,1.00000000
0.43456116,0.55090588,0.36734065,0.98009491,0.73047709,1.00000000
0.71689296,0.63582021,0.70183039,0.91209590,0.76368362,1.00000000
0.60378581,0.65338999,0.28850278,0.92068249,0.74144107,1.00000000
0.34104857,0.63003933,0.36067295,0.92282456,0.66156942,1.00000000
0.67577058,0.58481967,0.64874178,0.96363771,0.67697775,1.00000000
0.47669515,0.57425642,0.28765193,0.96415830,0.72983587,1.00000000
0.72238749,0.59962767,0.20745949,0.93718863,0.75418216,1.00000000
0.51147628,0.49133372,0.29999986,0.92761922,0.72712618,1.00000000
0.44296244,0.63496792,0.56430101,0.97546518,0.70332617,1.00000000
0.33443141,0.64353788,0.62344354,0.90317267,0.65767020,1.00000000
0.60408950,0.48244983,0.18496764,0.97387379,0.76788211,1.00000000
0.57926029,0.65195256,0.48336041,0.92102742,0.72457916,1.00000000
0.68634272,0.64201760,0.45134524,0.99027771,0.73081839,1.00000000
0.58510995,0.54070085,0.51105750,0.94136930,0.72034371,1.00000000
0.52954876,0.65305960,0.51238608,0.96422970,0.68980181,1.00000000
0.48381501,0.39750552,0.68203968,0.91209692,0.69145602,1.00000000
0.49368724,0.28469524,0.32148778,0.92538846,0.65952510,1.00000000
0.73622054,0.51478243,0.29398054,0.97006088,0.75613987,1.00000000
0.41566733,0.58045655,0.45954427,0.95503557,0.69078094,1.00000000
0.75180465,0.51608157,0.37024614,0.97704774,0.69478422,1.00000000
0.52078831,0.65888774,0.39632604,0.95634025,0.79902500,1.00000000
0.33888739,0.47681075,0.15839823,0.95693314,0.70787185,1.00000000
0.47576153,0.48853457,0.20484833,0.98582590,0.72660458,1.00000000
0.29647645,0.59735608,0.66786760,0.94246900,0.70797098,1.00000000
0.69790035,0.20508155,0.15781850,0.98950446,0.69352865,1.00000000
0.60448962,0.61791301,0.46479154,0.93722153,0.65087759,1.00000000
0.52604300,0.52525425,0.56151474,0.93285942,0.77823293,1.00000000
0.65809929,0.66500753,0.12462561,0.97794211,0.72097307,1.00000000
0.64756274,0.61014718,0.24867538,0.90115464,0.75798357,1.00000000
0.73937929,0.32669187,0.33945414,0.91721922,0.79379851,1.00000000
0.74493223,0.37336585,0.41577497,0.90717655,0.65042472,1.00000000
0.66419530,0.36902803,0.31858546,0.95121050,0.75125593,1.00000000
0.70596468,0.66071576,0.49941131,0.96280712,0.66779613,1.00000000
0.69860291,0.60852742,0.25082207,0.90103757,0.71869475,1.00000000
0.59605676,0.54167986,0.13263702,0.91614634,0.77701730,1.00000000
0.67181402,0.44969738,0.11857121,0.93025416,0.66072440,1.00000000
0.32577130,0.64664972,0.32088941,0.92942262,0.79844201,1.00000000
0.68837327,0.45028335,0.33038989,0.90971327,0.73712540,1.00000000
0.74507970,0.61346269,0.67564946,0.91728473,0.70924902,1.00000000
0.33458006,0.62532091,0.14398865,0.98470515,0.65292656,1.00000000
0.71117681,0.49417201,0.42945004,0.97005814,0.73802346,1.00000000
0.73757207,0.56440783,0.45753723,0.92960942,0.72423357,1.00000000
0.46109855,0.46153414,0.52898532,0.92634076,0.68229753,1.00000000
0.60924929,0.52575487,0.49337330,0.90801990,0.72356713,1.00000000
0.73622328,0.66286343,0.12243500,0.93489057,0.65191841,1.00000000
0.74466550,0.61052364,0.48932806,0.93980694,0.79992163,1.00000000
0.38227066,0.64161897,0.30728704,0.99041814,0.69981718,1.00000000
0.53218138,0.57403290,0.57227588,0.97431159,0.72203332,1.00000000
0.66980767,0.46945027,0.22845022,0.94791538,0.76771671,1.00000000
0.45796296,0.61479455,0.53894448,0.91348571,0.75691676,1.00000000
0.51965290,0.56320119,0.48558548,0.96561617,0.78328383,1.00000000
0.22234318,0.43617013,0.50134760,0.99360120,0.79119885,1.00000000
0.40587333,0.53686571,0.22114570,0.90780449,0.67837667,1.00000000
0.62337333,0.59735900,0.51127881,0.98486078,0.70855999,1.00000000
0.65512758,0.61954600,0.55116379,0.91801143,0.75302255,1.00000000
0.65373254,0.47144800,0.40553546,0.97012812,0.65675366,1.00000000
0.69445735,0.64708304,0.31786215,0.91838562,0.75754172,1.00000000
0.56373745,0.52596748,0.21562050,0.96000135,0.65073252,1.00000000
0.49094018,0.48417702,0.28821206,0.92376244,0.78711325,1.00000000
0.19733225,0.44673455,0.56695783,0.95416981,0.75772542,1.00000000
0.44754913,0.63347101,0.35847101,0.96001577,0.73482490,1.00000000
0.51301098,0.51706392,0.53100777,0.96185201,0.71433514,1.00000000
0.42626059,0.55835778,0.55299491,0.96827990,0.79820371,1.00000000
0.21284105,0.46144837,0.51421779,0.90690297,0.76047677,1.00000000
0.40925309,0.60897720,0.51384616,0.97033876,0.77109396,1.00000000
0.65943378,0.62889332,0.47694600,0.91545975,0.77380776,1.00000000
0.64720070,0.51167589,0.42260116,0.96770322,0.65328121,1.00000000
0.73828202,0.65941089,0.23400982,0.91240376,0.65820265,1.00000000
0.70028168,0.29019150,0.61341375,0.94794148,0.67975473,1.00000000
0.62536395,0.40705964,0.68486130,0.93867683,0.74828261,1.00000000
0.39151216,0.58630764,0.39204946,0.99673462,0.74359238,1.00000000
0.62401384,0.61232340,0.66661102,0.96308094,0.69877452,1.00000000
0.30156326,0.47495165,0.70470268,0.90882057,0.79594982,1.00000000
0.57067287,0.57754380,0.40364465,0.97008866,0.66396600,1.00000000
0.55224532,0.50367695,0.54373848,0.91941386,0.76650804,1.00000000
0.56932116,0.57754844,0.49634725,0.92861503,0.72213155,1.00000000
0.49467048,0.60299397,0.25721461,0.93784428,0.71282512,1.00000000
0.66585940,0.66417032,0.14534673,0.97762257,0.65383476,1.00000000
0.71253943,0.55026639,0.38432667,0.99440807,0.75916994,1.00000000
0.69152629,0.60045666,0.58070880,0.99243349,0.76573634,1.00000000
0.64657420,0.58363646,0.30890274,0.91706836,0.69784361,1.00000000
0.61441916,0.50335294,0.57908159,0.90604132,0.72754443,1.00000000
0.24292211,0.47605348,0.50282454,0.98285329,0.74096632,1.00000000
0.67761761,0.66671342,0.52678901,0.92882180,0.70514679,1.00000000
0.61692345,0.45314217,0.28572994,0.95828259,0.74233729,1.00000000
0.48930335,0.63073373,0.39414552,0.99786276,0.71511906,1.00000000
0.52127427,0.41677055,0.22453165,0.91864222,0.78171051,1.00000000
0.73826188,0.63350624,0.26269442,0.93748558,0.75777698,1.00000000
0.64541262,0.44139910,0.17050003,0.98675990,0.66657501,1.00000000
0.58979636,0.66320860,0.19221964,0.96499807,0.76994050,1.00000000
0.64422935,0.60895443,0.24147852,0.99375528,0.70062584,1.00000000
0.56304407,0.37094361,0.45896131,0.96317196,0.79033524,1.00000000
0.58743131,0.61053222,0.37718302,0.93035698,0.74050570,1.00000000
0.50072253,0.58993536,0.27467030,0.98051083,0.65413672,1.00000000
0.57458401,0.51097661,0.62418377,0.97592640,0.76015443,1.00000000
0.66578257,0.47955248,0.42655745,0.99336189,0.66961014,1.00000000
0.26272810,0.61604977,0.66065264,0.94761670,0.78159010,1.00000000
0.69936454,0.62080359,0.49115586,0.95028394,0.79224956,1.00000000
0.49650660,0.50707626,0.12693389,0.93238229,0.75428838,1.00000000
0.66480285,0.64712524,0.65498573,0.92687583,0.72993094,1.00000000
0.65165585,0.48316157,0.62203723,0.99965280,0.74030948,1.00000000
0.65497363,0.34939653,0.49133602,0.99772555,0.71432829,1.00000000
0.63979101,0.58902389,0.43221974,0.95296466,0.66253740,1.00000000
0.74437553,0.38646531,0.38407415,0.99550855,0.78932655,1.00000000
0.60283810,0.48658174,0.40127933,0.93561554,0.69937795,1.00000000
0.68052793,0.56503534,0.57012981,0.98499942,0.69692719,1.00000000
0.67212790,0.49071571,0.41949505,0.96348679,0.67869872,1.00000000
0.46778008,0.45743516,0.22119100,0.97170663,0.79886127,1.00000000
0.49669582,0.61270845,0.15186916,0.97182029,0.79138464,1.00000000
0.56764114,0.57570881,0.19187428,0.96358287,0.70241487,1.00000000
0.49342376,0.64032429,0.26555359,0.98523283,0.68900079,1.00000000
0.54099131,0.58443564,0.33396125,0.93920130,0.77080542,1.00000000
0.55257428,0.55837154,0.64259768,0.98491889,0.71339148,1.00000000
0.63829780,0.47978702,0.25828660,0.91834152,0.79516822,1.00000000
0.45682251,0.63108850,0.30564621,0.91999596,0.78518254,1.00000000
0.70206279,0.44770843,0.24883208,0.97173434,0.76391768,1.00000000
0.57357872,0.47097614,0.43867165,0.97501302,0.66348863,1.00000000
0.67237937,0.64067030,0.48063922,0.99023008,0.75531918,1.00000000
0.33000559,0.62076849,0.43066326,0.92746830,0.79808813,1.00000000
0.58734143,0.59216475,0.67756271,0.90560693,0.70599389,1.00000000
0.23577189,0.30580336,0.70316356,0.95074719,0.78223532,1.00000000
0.66264427,0.40279964,0.61023295,0.98753405,0.71122128,1.00000000
0.52949476,0.56303108,0.59135067,0.99714661,0.79569858,1.00000000
0.74182498,0.62183601,0.33297223,0.98578262,0.74803871,1.00000000
0.51931036,0.55275875,0.45869619,0.94899565,0.66447508,1.00000000
0.62391621,0.25815338,0.32439554,0.98633820,0.72185683,1.00000000
0.48119390,0.44055295,0.57903284,0.92139709,0.65745932,1.00000000
0.64395046,0.58630258,0.21872421,0.99211699,0.70926136,1.00000000
0.58612722,0.61075944,0.24510100,0.95668459,0.78730720,1.00000000
0.54288298,0.29576519,0.14040828,0.93893635,0.68483031,1.00000000
0.44543993,0.31320438,0.47584686,0.95816410,0.79258519,1.00000000
0.36553848,0.47981125,0.52266955,0.97840083,0.66498846,1.00000000
0.37427273,0.36431915,0.11962488,0.92401212,0.74972171,1.00000000
0.75454319,0.57438678,0.41810927,0.91018796,0.79485285,1.00000000
0.56239754,0.40006518,0.33933797,0.97331202,0.74812305,1.00000000
0.12226808,0.60045743,0.58375341,0.99524689,0.78485060,1.00000000
0.74277896,0.62813026,0.14052397,0.96369779,0.79865456,1.00000000
0.21232036,0.66378087,0.14621511,0.91425836,0.74627650,1.00000000
0.56522059,0.65998751,0.48247594,0.96433854,0.76733959,1.00000000
0.67591399,0.48515084,0.46566990,0.91166323,0.65479779,1.00000000
0.73270845,0.28771496,0.60652351,0.93035245,0.71409655,1.00000000
0.67447382,0.50791609,0.46603936,0.90315980,0.69323981,1.00000000
0.58470160,0.61385041,0.67610049,0.94875014,0.77362782,1.00000000
0.74831361,0.33701649,0.30257919,0.93213540,0.75163668,1.00000000
0.26143202,0.51904911,0.35171849,0.90975219,0.74216211,1.00000000
0.75147963,0.49555892,0.69274980,0.93090272,0.78973383,1.00000000
0.71491075,0.45967919,0.18089661,0.96475703,0.66333020,1.00000000
0.73650593,0.61334449,0.58582640,0.92890817,0.79307622,1.00000000
0.47957337,0.60294163,0.12445219,0.91430724,0.66511470,1.00000000
0.39603269,0.57268530,0.40383133,0.95447975,0.70205265,1.00000000
0.65851694,0.65337634,0.20788373,0.97532272,0.74454105,1.00000000
0.60578090,0.38303101,0.46991864,0.98301411,0.70122141,1.00000000
0.60861558,0.41888607,0.58715880,0.94720972,0.75238043,1.00000000
0.73536772,0.52729541,0.13708371,0.97110724,0.76631278,1.00000000
0.64393950,0.60221058,0.21398395,0.98333275,0.77427590,1.00000000
0.51229060,0.58514208,0.31918257,0.96728891,0.67690158,1.00000000
0.55680639,0.35417116,0.26811704,0.95272714,0.67731148,1.00000000
0.38768676,0.66171438,0.34307054,0.90599394,0.65784711,1.00000000
0.43708599,0.49840820,0.67756957,0.92900342,0.72362775,1.00000000
0.39684430,0.51878566,0.17718008,0.93198150,0.67063004,1.00000000
0.70379907,0.59472519,0.36663654,0.93950111,0.69778955,1.00000000
0.67194557,0.65942585,0.38652435,0.99508929,0.77606517,1.00000000
0.61137378,0.60375506,0.28255415,0.92088753,0.79229885,1.00000000
0.54469138,0.66108650,0.28147444,0.95415550,0.77331138,1.00000000
0.66022032,0.44247273,0.53808951,0.99912179,0.65009725,1.00000000
0.70455289,0.59358197,0.48108461,0.96187943,0.73520362,1.00000000
0.72371095,0.63825214,0.59578353,0.92089105,0.67499900,1.00000000
0.61768645,0.56554157,0.35592541,0.99601907,0.70636201,1.00000000
0.70655793,0.51992244,0.47453591,0.93362927,0.71418786,1.00000000
0.60400128,0.66619033,0.64328712,0.90478706,0.79144114,1.00000000
0.58922756,0.41286755,0.61842853,0.94313616,0.74506080,1.00000000
0.71937078,0.53638268,0.65883732,0.92406559,0.69014823,1.00000000
0.55041778,0.64660078,0.27586767,0.98188639,0.74641925,1.00000000
0.55488384,0.65153253,0.69730657,0.92199558,0.79277980,1.00000000
0.50891602,0.66545272,0.59787643,0.98198539,0.65887386,1.00000000
0.60688645,0.64870203,0.58518106,0.90361708,0.77239817,1.00000000
0.61687350,0.32488200,0.51034033,0.99291575,0.68253464,1.00000000
0.65757436,0.65673774,0.69603997,0.90421933,0.67296618,1.00000000
0.57050484,0.54185545,0.37739015,0.99385399,0.78483003,1.00000000
0.45541152,0.60123718,0.55384666,0.90736914,0.65027744,1.00000000
0.71976024,0.53093135,0.52871251,0.98725837,0.76116288,1.00000000
0.53066057,0.63532150,0.54828757,0.98313320,0.66308427,1.00000000
0.73492432,0.58310521,0.55968517,0.95944238,0.74269927,1.00000000
0.44806507,0.64141744,0.22985640,0.90359861,0.74313456,1.00000000
0.62253612,0.44598013,0.32297146,0.96211427,0.77941638,1.00000000
0.61376321,0.44096729,0.34838471,0.96178466,0.77339095,1.00000000
0.70905906,0.54563385,0.55764693,0.95571977,0.75277466,1.00000000
0.39271662,0.21002017,0.53896940,0.96315253,0.70708215,1.00000000
0.73146451,0.61046135,0.60786247,0.99681073,0.67496085,1.00000000
0.61178792,0.49474719,0.58148187,0.99955070,0.74535245,1.00000000
0.63200414,0.57837570,0.46825522,0.95204955,0.72454548,1.00000000
0.60355419,0.34955868,0.19996969,0.90918005,0.66169137,1.00000000
0.25434890,0.43240166,0.49144426,0.91339689,0.79333431,1.00000000
0.59837699,0.59454286,0.63944662,0.97203511,0.69716293,1.00000000
0.48496979,0.49864826,0.49598491,0.99819636,0.65032113,1.00000000
0.52897298,0.45729247,0.64448613,0.94360554,0.78525352,1.00000000
0.65379602,0.46446997,0.70532531,0.90980387,0.73655760,1.00000000
0.59861910,0.45734313,0.32894248,0.93530446,0.75995910,1.00000000
0.34479541,0.59454089,0.54311156,0.93850100,0.67289996,1.00000000
0.31858328,0.43057284,0.43526977,0.99965954,0.71069086,1.00000000
0.43204570,0.52011091,0.38527754,0.96865833,0.74675918,1.00000000
0.43601382,0.60937244,0.25874534,0.91178662,0.68764472,1.00000000
0.63985103,0.56681526,0.26230270,0.93370765,0.75522482,1.00000000
0.42595157,0.58839309,0.22645429,0.90485585,0.68504226,1.00000000
0.72384363,0.47505563,0.48910794,0.96530604,0.68136919,1.00000000
0.44977325,0.65725499,0.20120770,0.96727395,0.65174371,1.00000000
0.34226683,0.53733110,0.37140381,0.90574968,0.69228601,1.00000000
0.72220969,0.49096996,0.42549014,0.93355197,0.68701053,1.00000000
0.50356853,0.65222311,0.37543204,0.99028385,0.76465350,1.00000000
0.56826425,0.60207558,0.62054676,0.98268163,0.73545647,1.00000000
0.74435604,0.59242153,0.37833491,0.95742124,0.67667365,1.00000000
0.74055374,0.64904565,0.16637182,0.94846231,0.73521912,1.00000000
0.67511153,0.33536559,0.70129383,0.99928516,0.68381655,1.00000000
0.31269524,0.63992947,0.61469620,0.97221953,0.71382535,1.00000000
0.63458228,0.60715681,0.50590795,0.99526352,0.78323120,1.00000000
0.75203270,0.51914877,0.56254333,0.90715849,0.75788844,1.00000000
0.74121732,0.47756213,0.19305335,0.92121512,0.74766499,1.00000000
0.35953405,0.38449839,0.56818515,0.90311110,0.69222254,1.00000000
0.55490917,0.65871483,0.23985232,0.98679179,0.66868722,1.00000000
0.51471627,0.41351971,0.40528008,0.96942312,0.76294237,1.00000000
0.38406837,0.47896609,0.22234282,0.91776514,0.73518354,1.00000000
0.66873938,0.61007917,0.56105000,0.99741906,0.74341404,1.00000000
0.49115229,0.61420977,0.26231405,0.99557972,0.79626697,1.00000000
0.53008354,0.42619208,0.26659319,0.92245978,0.70224816,1.00000000
0.34132114,0.63541132,0.18189549,0.96470100,0.77011216,1.00000000
0.59872699,0.56588858,0.54153323,0.96681029,0.73384351,1.00000000
0.40986714,0.64196569,0.29167330,0.90040165,0.68528897,1.00000000
0.57120174,0.36815107,0.42251766,0.96887797,0.65793324,1.00000000
0.39683717,0.31238875,0.31308445,0.92213404,0.74240166,1.00000000
0.74301761,0.59786022,0.57335371,0.99013186,0.69464242,1.00000000
0.39832109,0.41911235,0.25087273,0.98385072,0.75432175,1.00000000
0.60812068,0.56987149,0.67107910,0.99052936,0.75510907,1.00000000
0.44055086,0.24840713,0.30667058,0.97575539,0.71831906,1.00000000
0.32319462,0.62867236,0.17873625,0.91649055,0.73045957,1.00000000
0.44444260,0.65136147,0.25900307,0.93605542,0.74398202,1.00000000
0.29043174,0.64015776,0.16114172,0.97089314,0.72029072,1.00000000
0.39322221,0.66170198,0.39337572,0.93233252,0.78160560,1.00000000
0.59693313,0.65200239,0.26485366,0.97100329,0.66139019,1.00000000
0.65470266,0.54674560,0.63885063,0.93361586,0.79697275,1.00000000
0.33757436,0.53227991,0.42184037,0.91777295,0.65501761,1.00000000
0.57508832,0.65075815,0.25492263,0.95181638,0.68121445,1.00000000
0.63025856,0.65624052,0.38310018,0.96862280,0.75624615,1.00000000
0.46644184,0.66417503,0.23293781,0.95171958,0.66274405,1.00000000
0.54358572,0.62633431,0.22278199,0.96418673,0.68932593,1.00000000
0.31687438,0.45051906,0.29450381,0.94380510,0.67309648,1.00000000
0.45698762,0.65938914,0.18135381,0.97783315,0.75853574,1.00000000
0.58600676,0.65976840,0.22861619,0.96499664,0.73684001,1.00000000
0.75237745,0.60453188,0.66943932,0.95746064,0.65967178,1.00000000
0.75384557,0.64361852,0.50988388,0.94353718,0.71902013,1.00000000
0.74963403,0.57937002,0.65947217,0.95357275,0.68127543,1.00000000
0.56722778,0.65924555,0.26873350,0.90510100,0.79515481,1.00000000
0.32900181,0.37461042,0.62177253,0.96667194,0.66618770,1.00000000
0.51901811,0.64486206,0.33074871,0.92044115,0.73970830,1.00000000
0.46872365,0.33128646,0.20246764,0.98601490,0.72227710,1.00000000
0.19184084,0.51155764,0.59100419,0.98123437,0.73671269,1.00000000
0.34720278,0.40880573,0.15273537,0.95279545,0.79347390,1.00000000
0.58030438,0.55713511,0.35579580,0.98471308,0.70119226,1.00000000
0.52742213,0.46614879,0.59959686,0.96708030,0.76231498,1.00000000
0.42794359,0.66062093,0.48069701,0.91412598,0.71711999,1.00000000
