0.7741820925074073,0.4394395613123003,0.030192329276987007,0.6976706610303045,0.09508317053976188,1.0
0.7613785622883626,0.7862782409716769,0.00535586351096856,0.45093555195767154,0.37142722620834867,1.0
0.6442212549605839,0.8229388516575591,0.01607608276012926,0.2280114830629921,0.5550302022288189,1.0
0.8278035408205895,0.6320327347229427,0.02677498316290271,0.3551714421617385,0.9707273263705084,1.0
0.7786051135766882,0.1954440691441156,0.016868514126719164,0.04475996202144155,0.15513520257548027,1.0
0.7450173937519093,0.9675422227017758,0.012078062176697166,0.371089246328834,0.4700862554645321,1.0
0.13079158383013617,0.4762292212997078,0.00871491786773006,0.6701441806878279,0.4377147669534584,1.0
0.7005648369002468,0.313054274740659,0.02929683324743684,0.8049595931393051,0.38809090065114427,1.0
0.6828130084710006,0.1406127311257005,0.007796878884153684,0.008354907481254507,0.7871374531246362,1.0
0.7054602132477088,0.7809483019909459,0.01660313636830356,0.5691724547569409,0.14065720112952979,1.0
0.6687345588286812,0.4716251099369894,0.020218027620360422,0.7652338585586096,0.6350836016805902,1.0
0.5596479535846681,0.3046461479645496,0.00204780637530994,0.43728067184313,0.21537008814670966,1.0
0.8535496701948979,0.2347055463794754,0.0029822932174282447,0.28210250812997456,0.29430016400891695,1.0
0.5574751201889371,0.7841143108973071,0.023586660371131177,0.40698047457863046,0.8142063642813686,1.0
0.023689361060726617,0.09095781291486611,0.02556021792027931,0.462415353021136,0.1621105072545682,1.0
0.15315979061045526,0.6966240547026583,0.016169313369517047,0.381640204870386,0.30221057705872867,1.0
0.362450797942837,0.0885622693967849,0.005012200672097521,0.961935766884965,0.9086721100168994,1.0
0.2666040914980601,0.9692072009703762,0.027477530734837018,0.7171732989698366,0.44991214064164486,1.0
0.0972945711913458,0.9026997941472978,0.01649639385434278,0.20316100143043508,0.30665066752650183,1.0
0.17759601015629248,0.8567576698082832,0.026789664014397144,0.7197434929949859,0.4326609467353286,1.0
0.5845138709438228,0.6501967549532651,0.003871106918756229,0.416391594768439,0.04257255968803059,1.0
0.3305313511204525,0.14537966467718086,0.004515700902566756,0.5880569276055343,0.17142237556834922,1.0
0.5814800785606946,0.3475229347303022,0.021091126710368172,0.0237810671586678,0.9586006540282039,1.0
0.782952492023036,0.08364726992251613,0.017546383248497454,0.4912162873601664,0.9378886285200079,1.0
0.47401591165589685,0.26770868742880166,0.012273345909646774,0.5211517300690662,0.43947254884474163,1.0
0.8264656322701635,0.896264611067927,0.005768469025952767,0.5544821073955103,0.1094671653943081,1.0
0.28195255005516934,0.6597632120572099,0.02571781688575401,0.7688788444257394,0.10863320500994067,1.0
0.23098377690398594,0.0383751436200036,0.019864983959310436,0.3715513615785763,0.8299599533892807,1.0
0.31782175392989265,0.9529464956746753,0.010891206496764033,0.5155420721024828,0.25670912547703517,1.0
0.16544320976443613,0.04586570877293666,0.015793300040103292,0.9923831884917812,0.891785588988659,1.0
0.8909016983876463,0.8935531930581654,0.018641184253139268,0.3166131227789622,0.772240419678877,1.0
0.37428407114483636,0.09537220139345376,0.026390846785866885,0.2631980554069418,0.9368763373832455,1.0
0.12363517447907454,0.8312815594527813,0.0062116667652327975,0.18008903984958136,0.5997834087293227,1.0
0.19723823104885868,0.3110133492271947,0.02743176450020004,0.9718545996349064,0.50124044501614,1.0
0.014922351420493344,0.2304263739688564,0.005481955404741715,0.6779810149392446,0.12271067212390259,1.0
0.6945681732072436,0.5815354926116815,0.00779237215644196,0.8043204016560804,0.7156917224861858,1.0
0.13192669380575595,0.12463004984669426,0.03253712673422126,0.3981806156311157,0.3016477430891588,1.0
0.6632013485508188,0.9556676337899229,0.010739171713989871,0.9248836208827151,0.02583463189487006,1.0
0.634341136569404,0.10679150634700255,0.00577154630017303,0.41969520499698754,0.9662656802310385,1.0
0.9330901983786111,0.8045565546973578,0.016890974452879914,0.7849786858029353,0.01881894719301075,1.0
0.8295991862678536,0.7970202712368366,0.008909785226858747,0.5312388210084544,0.606409804879311,1.0
0.603504050181387,0.41315899770440667,0.013722257475844213,0.4264562042871364,0.6522790945543943,1.0
0.45444298519422344,0.24859172338840677,0.00904652034191776,0.746268265963203,0.8167521946604864,1.0
0.06749229809822298,0.5948392300926953,0.005969890302551742,0.824839526265885,0.3110243392501504,1.0
0.9210495020149628,0.16636619101254288,0.01068048279948981,0.15445978179686656,0.11637457360168961,1.0
0.056340013755095855,0.17546682946491685,0.002814985709323963,0.5915526722948603,0.6810338122727069,1.0
0.31867310585509734,0.5050217107852079,0.03075016803597669,0.8512804951953838,0.04443158695077915,1.0
0.23750812623329162,0.2501381882563796,0.020421910159254274,0.4168461632774891,0.05020486580766639,1.0
0.5242291957689196,0.10257023100081225,0.02933759082881103,0.05290990459863915,0.924917027149044,1.0
0.843731376646155,0.9027504907836895,0.03430540313994415,0.80222385439332,0.7796980632305576,1.0
0.7792173582235509,0.13541765620473392,0.019226313222219668,0.514708647320224,0.857714571978435,1.0
0.38570440660425315,0.639923707965873,0.010059752795028767,0.14062864254300292,0.47839939674972204,1.0
0.23333737058834483,0.3681442983050129,0.013457343294092414,0.32816806884813293,0.38008461564720203,1.0
0.297579598096714,0.948909068788625,0.03215583266429805,0.4814295178717785,0.3290328437996841,1.0
0.848711928284851,0.652934753219542,0.028349322150200633,0.5331895537896745,0.6332847116383531,1.0
0.7351582691479804,0.20320218853259261,0.024623136379828943,0.8608583492575682,0.13297073446424237,1.0
0.09600065248170467,0.7259899126431555,0.003872769439999688,0.9360038828779254,0.13827052210776436,1.0
0.8010832919090115,0.5940883224618878,0.027609219557404596,0.7953197241441028,0.946081035754513,1.0
0.5904858194629509,0.09595414836683681,0.021949633800820125,0.17212001278869601,0.5653856608609694,1.0
0.4665191678282461,0.5231091437376096,0.026973395260223992,0.7994454717955546,0.4926610623598537,1.0
0.9313049994544117,0.12061385491262169,0.0049815212406037574,0.08862130289885764,0.6582054217554872,1.0
0.7745470947257014,0.671560181895284,0.012343683783160099,0.8984681808141742,0.7627696149235816,1.0
0.36482782575428196,0.31512554022405864,0.0063587960532499885,0.14863558916964945,0.9361913359123682,1.0
0.38393650295463244,0.7299560229687005,0.0198017642185986,0.9362038468516237,0.7805211924154828,1.0
0.3769831140073454,0.9866449133793977,0.02540384802412388,0.9512434653438373,0.11936009863982432,1.0
0.6374368101072163,0.12279975665677748,0.021000771998953505,0.6864102687403434,0.013290383202714235,1.0
0.8255741116851248,0.29606366631874576,0.016590634781150738,0.4428718129408253,0.3026254640510491,1.0
0.7815127413960844,0.11147782258511439,0.03489917836647748,0.8793208242834375,0.28462452942617494,1.0
0.10731311233951148,0.9991056257437644,0.023633281027622254,0.6504748905432381,0.09135028625714861,1.0
0.029970503701264955,0.2415872299831059,0.00586274375566559,0.7769911727515263,0.19900602298568498,1.0
0.6566127702881627,0.03712654778420152,0.0011846143603758156,0.052606259097384526,0.60631925247008,1.0
0.23931426780676107,0.8495594340801499,0.002945885965210853,0.8011628897880345,0.9278676347421081,1.0
0.6984226631946585,0.8381422384367277,0.0023651441846002583,0.20258032860833633,0.12579875562633744,1.0
0.7454429402005157,0.6303818327318222,0.029938457391905794,0.1560577794486498,0.7348864708432264,1.0
0.27148799256648243,0.7101947925840226,0.03432696268655518,0.6119320623710925,0.0554458146763043,1.0
0.04330820102858693,0.8842615656554503,0.025125661693421106,0.17395471857608072,0.09262928481837386,1.0
0.9800471523746384,0.45910208181603135,0.02765875224360787,0.6367719337656691,0.5728407368086788,1.0
0.946078429104537,0.3020412898822032,0.020652585337456435,0.7000761686444771,0.6495839220900635,1.0
0.14929055093013793,0.5088443857084951,0.014737169285186045,0.4746945607531355,0.12009830867154687,1.0
0.27879747023547613,0.3053998991570705,0.0155487092651659,0.6113765594895917,0.6349944883008447,1.0
0.4093743263192684,0.21841089817026502,0.021002412445906282,0.31772387040592065,0.037023774443086334,1.0
0.47465854241508015,0.22636727533600678,0.020463569726151935,0.566206128531489,0.702300178929261,1.0
0.6527806234645105,0.3168979376722191,0.027772695547522434,0.5495952392160798,0.4319867769847102,1.0
0.36129667711580404,0.5132265053621515,0.026047993408395493,0.886516483836984,0.9211361400978965,1.0
0.5207548396258285,0.8000705403530727,0.011691323519302844,0.8375449799827235,0.49464750487090603,1.0
0.07298708792587075,0.8421512178284236,0.002889309174833849,0.28133082469752224,0.3347959104610443,1.0
0.31457947643218725,0.7429498741583606,0.0014992166810424061,0.8273462510961658,0.8566914755509836,1.0
0.15445928616157417,0.6012395675371358,0.005068866899406408,0.36555444171717427,0.9584707517200715,1.0
0.772332786463231,0.31165054841084544,0.024380611671647148,0.7057009591185287,0.3884538534684861,1.0
0.011716917330700566,0.20984860094363922,0.018853002300886882,0.16458755295403757,0.1667409610086571,1.0
0.9891438696809218,0.5564134586004199,0.02952837084997826,0.9903313426619463,0.14245429268020593,1.0
0.39318014312607796,0.08096923436253883,0.026681225875021312,0.4343452482952704,0.4698576072562109,1.0
0.18174572557863725,0.9071965185340588,0.0025180690251254824,0.23361943265876253,0.29276727098421385,1.0
0.5868587278417812,0.4937966858748159,0.0038599213749339893,0.24442378660165784,0.8437447963777787,1.0
0.6494999010841401,0.6705330520960036,0.02693870264734399,0.05905037323972589,0.36724177654767975,1.0
0.3391180268140287,0.8446343944138993,0.017407465291967995,0.7688589618699198,0.8521635013642879,1.0
0.9096426916274786,0.5875368165964436,0.02990932616034654,0.34125020479593277,0.49931814157295373,1.0
0.10587473618017451,0.39915395419483907,0.03218948086675699,0.6312014081243776,0.1783290758545305,1.0
0.19241140665303713,0.02579830866677397,0.03253365558913691,0.4487591209286146,0.3082275373483654,1.0
0.00830714183672262,0.278744084494213,0.02490313783376235,0.6341360032961937,0.981824141594993,1.0
0.47802836775410507,0.7616711306208236,0.03171314764677781,0.7209752507716333,0.9632480123258302,1.0
0.8669346368236646,0.11498996711245356,0.025902059101788784,0.44064861082784124,0.553550698608864,1.0
0.9698453015888638,0.984593503350193,0.01079976034658878,0.7340197439404783,0.7502335543973333,1.0
0.12474590508935679,0.04190601332543404,0.027429666335992073,0.490210042075089,0.9855546293254313,1.0
0.9779390620947664,0.41216442619186583,0.02798519311903907,0.08573445303952022,0.5559062484276261,1.0
0.9247769655526688,0.8227605075268142,0.0022570047248399237,0.3733296389654275,0.04964977384153742,1.0
0.6756303230388166,0.7135449381153864,0.027306503213555298,0.8655910915076072,0.7396920370080333,1.0
0.04991474611345596,0.23530061529085727,0.02214452429475836,0.8582671793201984,0.005495624814719463,1.0
0.6776101119650328,0.0305776818394846,0.014646088956815191,0.8957392465023132,0.6719411960470029,1.0
0.8529283485022807,0.3486833919861048,0.030013718818898024,0.2996447074677866,0.5907299306322659,1.0
0.275550225704312,0.8866710046096974,0.0073781851859427055,0.08572677964452734,0.3425850116071147,1.0
0.8076241743703054,0.9987446266966981,0.011076309938379608,0.40853400918015087,0.13768445675159666,1.0
0.9975824572256543,0.7011801291105378,0.02123723657405464,0.3929767238288722,0.9153834615252693,1.0
0.13523254639974844,0.36601308473593436,0.0032836667408240746,0.20277705865109277,0.018651112218912292,1.0
0.6349057246868454,0.34394916991652885,0.015292980231179422,0.9592500635717314,0.7522111584533406,1.0
0.2852563342367134,0.8970998019742222,0.008993301973942424,0.3260173877861604,0.9091557496085255,1.0
0.7425756314685588,0.5911540493696024,0.023216933106322838,0.3000839082233107,0.24213068956503625,1.0
0.15628612251933904,0.8744400509255166,0.010630395730503879,0.5619279050199703,0.7921824507162327,1.0
0.4389478723256087,0.4767810512781389,0.03481985946379085,0.674922879502045,0.8148238046747648,1.0
0.7878022463931099,0.185994165608614,0.020113804947077457,0.10279226315723033,0.6532692044374344,1.0
0.5132193322358112,0.4335395203748994,0.0022186535482175483,0.9598147478068911,0.10389968144602862,1.0
0.24682054489343352,0.06646490348446404,0.01647400664199992,0.5165717134558553,0.31325737907955536,1.0
0.11248876788097747,0.38511987361193817,0.0030579673281022285,0.6984915358843036,0.20781352098328718,1.0
0.39473165140091937,0.4171930234360787,0.0010564640609432182,0.11295830062769885,0.8629017991771372,1.0
0.5086591884570623,0.4900125045007009,0.012325201474361686,0.43189569312630316,0.7808005563890578,1.0
0.26108819487183477,0.3231679505267621,0.009244417002963313,0.4803835371505141,0.6835750993011541,1.0
0.3314050063128118,0.9304542329715614,0.002651355854796575,0.4613088356343267,0.7118464835551811,1.0
0.04832664598547637,0.13906716626689222,0.03223998858004322,0.01025052203930229,0.18913365283654046,1.0
0.11151883809464107,0.6205291373416679,0.009215722897128917,0.5696428383802461,0.59060518738336,1.0
0.005736651518962047,0.8535160898830244,0.022050048938517117,0.16358074261885264,0.7731644507471487,1.0
0.2550092202704031,0.9188748872217782,0.016451552630154367,0.6038210298789881,0.984664884084026,1.0
0.8133461864742927,0.3190807187106312,0.028173259756210697,0.6011331849437799,0.21713933953017603,1.0
0.31831799872919814,0.07903028468728351,0.0020143821833897143,0.34713217675177377,0.020015113669669092,1.0
0.7254581375300179,0.7083831444479043,0.02611173313955101,0.3178360179588488,0.8901294376605777,1.0
0.1269003154048799,0.1445749427940786,0.024565244515609853,0.173770992505636,0.5077854088804613,1.0
0.005003597128606159,0.017563222095659366,0.03476487578563722,0.5850541953000313,0.12778306554299462,1.0
0.8804999198275645,0.5366642126982638,0.022140929015265723,0.27391400430937546,0.051469176675633145,1.0
0.29546043800956023,0.6639574256136915,0.029432336012648445,0.019142383370449694,0.5961180609110417,1.0
0.8740146094058976,0.25441084205526665,0.021766184530004222,0.5539872992495218,0.39677033355918967,1.0
0.7260438650807184,0.5673708575240675,0.02678635606428164,0.9834336589169447,0.41985311551290433,1.0
0.013457408063272024,0.796232527754068,0.018687822279563792,0.4085534689302046,0.0949778911263064,1.0
0.3956122328005159,0.6828990166110112,0.006078721316517126,0.9615880799114915,0.17926332006000908,1.0
0.859123877697156,0.9126701613977892,0.008213011855792249,0.47033108728665307,0.733761409658267,1.0
0.3796736423422679,0.5175024673625798,0.02621835795767099,0.7314048406761426,0.7831771698960588,1.0
0.10551048170797044,0.904069317587162,0.03042946633691496,0.7982993383825147,0.10076261468356876,1.0
0.7438567647425443,0.02411695448736449,0.03429363754604751,0.37776753567532506,0.7195932211571328,1.0
0.3952352582619322,0.31981335611106637,0.02169719838254039,0.5814083843743026,0.40973083764717233,1.0
0.9354459881969283,0.4681726163699699,0.007689234145521465,0.3778287769001209,0.3947128756105255,1.0
0.16370862905400035,0.6848775113202836,0.012542243643102692,0.9549434934639518,0.2443531486132488,1.0
0.7537510584372576,0.8811550158659521,0.010455854133630588,0.20288601354383248,0.18658036873621608,1.0
0.4689482246055242,0.2601804000146797,0.0025358859776404975,0.48200984898595445,0.9593730152879728,1.0
0.4960110500719898,0.1115813819555865,0.009582833878685968,0.29547917562496817,0.7650387490546271,1.0
0.901740211712872,0.9845840396425033,0.03440046722555411,0.9530461336352134,0.0727503183623815,1.0
0.30516205994955686,0.553345355810397,0.004297248215986297,0.8459511608443403,0.6171394228982318,1.0
0.16614601204392387,0.25400221892579716,0.006450608849396774,0.8520812246370039,0.584643632201157,1.0
0.2967368300471157,0.3718813844511889,0.014765068790502149,0.7602549567722908,0.7725806346868935,1.0
0.9415973178813609,0.12153468210624271,0.031468150802403436,0.10129525000415948,0.26527527134015977,1.0
0.18031258027374136,0.41415436337865985,0.01629521619810029,0.24601371405018643,0.7105349561346506,1.0
0.8747005647157162,0.3399828235908244,0.019048913405785694,0.24915799746178585,0.24555170504859528,1.0
0.9400789917967072,0.8881008397769743,0.02743019625314154,0.5181438597664413,0.49111730759636,1.0
0.5370314455635122,0.43512852161299265,0.005479664318330294,0.12653818901566746,0.9522974661298376,1.0
0.9532523193802838,0.16441330083239988,0.019850162769357742,0.2085095360981877,0.25393142152047493,1.0
0.1198343574294711,0.9169315592215666,0.01193212171039928,0.608521082702677,0.4655491178572837,1.0
0.5323542052547221,0.18805170567072618,0.034612532549665606,0.8184895608351591,0.7418730180987838,1.0
0.15372424500420964,0.9207451924152943,0.01260716029097874,0.05105658300723684,0.343061273133818,1.0
0.62308603624322,0.7510877461601148,0.027983603051320836,0.21274265646946205,0.923859532777087,1.0
0.6393746356149004,0.003306463814155261,0.03477452894598006,0.28161548957819094,0.06300104343361508,1.0
0.1299010271248597,0.15317438344741813,0.022497615643027147,0.39353446417866306,0.9219305977048401,1.0
0.7264539482555172,0.4616383307247527,0.02343834423839548,0.6000956613592744,0.4733111887862392,1.0
0.3433709291122009,0.1780582657480233,0.02405519806991416,0.8461615537466008,0.041213486199983836,1.0
0.892595201997639,0.7498690003039447,0.034721462360919365,0.5318823977856465,0.6603357230823501,1.0
0.9475880640663263,0.3669691530679798,0.026109364231345373,0.40373706391496283,0.5622571111329363,1.0
0.5094252175996029,0.907179240582599,0.015256233589545549,0.6474247263451819,0.34302007086675407,1.0
0.44061005812531884,0.12668121129397297,0.004118605088006227,0.6678224332236111,0.6558622206047092,1.0
0.02074667889734898,0.3272202958291081,0.007725534806812696,0.7783732711214684,0.860769770994734,1.0
0.6681813096891384,0.13023344065481618,0.010355185870458253,0.1395158417371861,0.28423724583263,1.0
0.9104165832750672,0.2033198855162618,0.019430687188324455,0.7016897101421888,0.9529695460170802,1.0
0.2558518240963533,0.6258526787570223,0.01189669949705255,0.976152262301016,0.40027645902847325,1.0
0.024204354764411722,0.4006613846886206,0.0307536588529654,0.6106172169888126,0.44449894350958036,1.0
0.8541303917710819,0.3228934581491153,0.01951464566940555,0.49033443183637027,0.6325702976147475,1.0
0.24496079576512236,0.9127591634202805,0.032411732982949214,0.8434795628762171,0.9782262263337967,1.0
0.7649025613334376,0.762827501870678,0.017340659452038422,0.45699574231975737,0.24098604987285416,1.0
0.2900308159662322,0.25855060129265206,0.02092268671926586,0.41057240583681814,0.21963775218583756,1.0
0.8607093493750816,0.16853182015810317,0.0012552391151999956,0.3367938385608443,0.7977133248450717,1.0
0.13919074104593318,0.7745615652818681,0.0049339416885206015,0.3906725275663727,0.9986109054969039,1.0
0.1548096189950488,0.42337753221424673,0.02206872988297529,0.93296788163084,0.9808403243875012,1.0
0.13885951983055742,0.7909472359220979,0.010201493177209257,0.8849642104468542,0.6637898039718577,1.0
0.8326967556390831,0.17718002362806778,0.01539884341910823,0.5526327436307706,0.501265382931198,1.0
0.6530340481343859,0.9920499635225268,0.03498034491362239,0.5169429432330053,0.09610388787390313,1.0
0.9766874141383726,0.3190080612413913,0.01668110211847751,0.42535214789064046,0.052367735402372426,1.0
0.35398435737339934,0.7876764107568708,0.02929208255958753,0.8214095558112476,0.4172493320418403,1.0
0.7490719588873878,0.8015880444088803,0.01770275317730645,0.8931379885167667,0.14476478738247972,1.0
0.09699913773890939,0.15437199653255929,0.019150560451314653,0.0684509617072276,0.053754294298710245,1.0
0.43688034303456885,0.7748492574109376,0.0021845039095171326,0.6526053488593896,0.8233041900987703,1.0
0.14771687108658285,0.8609401726469156,0.028986236738303223,0.5394028244979227,0.8193806794146863,1.0
0.39508703642081566,0.7380597585502665,0.009753366617014755,0.7525765855191192,0.5046744257864231,1.0
0.46521495821947223,0.3685364358815958,0.008452433360273499,0.20917096209358,0.7517393197608246,1.0
0.08689636776083418,0.17711507365710805,0.006961781389433344,0.8232845151840928,0.39910811685073816,1.0
0.13807404653282176,0.6538862858679497,0.01625680324484252,0.3935252585203769,0.8752091148550282,1.0
0.8729860998154045,0.1931083783560979,0.008507129321103759,0.6564178052159683,0.2897944980565535,1.0
0.566854230158835,0.5513578597219125,0.029170595444518718,0.7108222389709351,0.027551187232294407,1.0
0.6019568940035597,0.48670588354665323,0.009846278281661708,0.41923743122748686,0.7581524084141277,1.0
0.5616618448221541,0.3859841113762459,0.01020368989083364,0.5223965522984843,0.3154348689458166,1.0
0.676975730127128,0.06701313170847545,0.001036293810773406,0.2130648617019022,0.8946169862210622,1.0
0.17278839158508583,0.8903736978617952,0.01697850196976956,0.476615664921982,0.9356064018988124,1.0
0.2159630963540898,0.5861855538295677,0.007646541325788139,0.6798474821997489,0.21487819704738348,1.0
0.2077781744811989,0.4233113002377902,0.006988702171884717,0.13555733289842395,0.860421604332722,1.0
0.36139792783173535,0.05621513909172641,0.013150567199069842,0.2655423701442581,0.6108745822744468,1.0
0.8884770876097777,0.9297369542986356,0.0043942559440108666,0.10829555333228863,0.11621111167287698,1.0
0.12284699524541326,0.852529935612336,0.026645231507888344,0.819989049379786,0.5265344663591349,1.0
0.04513092784121711,0.4018636992219272,0.012013846743879631,0.9486968532139284,0.5772840975390953,1.0
0.17117085246486033,0.9786555097565385,0.01795374459379472,0.49417840419437514,0.970913843817192,1.0
0.39812749953043797,0.5851679501021317,0.005353788758624756,0.32176454078544303,0.1940151141226854,1.0
0.866278461724689,0.5897418349613486,0.013194874911948982,0.4092607079893461,0.43208748468366726,1.0
0.9268426220975043,0.9328468400373255,0.014310727304042556,0.3299331971381718,0.4515954536850698,1.0
0.46235609353829854,0.6590946564068842,0.019849566794911965,0.32139483114738204,0.34638507495687,1.0
0.0955451284811393,0.16689656978155915,0.02558586927294313,0.38970761481055793,0.2153244335875835,1.0
0.7557840029309538,0.25816493998302603,0.029110855985407313,0.9275773547654246,0.5977971345447669,1.0
0.05352341433273232,0.9455743711308846,0.01434448096500809,0.9239765001448844,0.5793985472254923,1.0
0.03950345732411228,0.680738386864252,0.020130712470285726,0.02750590476886827,0.743716501261163,1.0
0.496921064956869,0.4662916829168977,0.0011860857003773344,0.7868630627811056,0.3313853506793593,1.0
0.373687526970495,0.5655128327200748,0.010191620798777137,0.16142772427233376,0.7751329954779467,1.0
0.5369514358284985,0.9654505375282537,0.03376171701555323,0.8557864795807011,0.18842168347226854,1.0
0.8782692772308819,0.37508947251248875,0.0044376096418098894,0.8111519393376819,0.4822817878108095,1.0
0.9821621520215266,0.6076042190635781,0.015449299112647448,0.3706143834793506,0.4182016733613916,1.0
0.7949558078591542,0.8378791413288541,0.010669502575495902,0.30449282179153414,0.8744599220784784,1.0
0.5209369863234604,0.46421203896681956,0.024464310165667632,0.16422830844930503,0.6686624100543586,1.0
0.6190960633914724,0.04105491486290314,0.016698724704273322,0.5227286430883897,0.21511207645213162,1.0
0.1892858287092891,0.3447969369852847,0.00429154507636903,0.9473724759338749,0.4055890674343215,1.0
0.9744427059857378,0.08165454472273637,0.023156761909789797,0.8715376776544728,0.6346001995327616,1.0
0.43164528128030033,0.036862987121351554,0.019176425543835363,0.9935494537900605,0.9587488184459622,1.0
0.7060912066258587,0.3024631018302339,0.03170163121580865,0.04606963096356926,0.9359382279090694,1.0
0.1183868778703489,0.060764512979981894,0.02938006058711582,0.1566019133036048,0.5353632548228946,1.0
0.567880665435774,0.39783606817135125,0.016130545865035737,0.06405405353316715,0.9687835690402372,1.0
0.19017412818118096,0.2867612545385549,0.033788688626310286,0.095191767434519,0.8674357374606801,1.0
0.8301891599798691,0.9759216428275285,0.029633258287573645,0.943438968926575,0.12780832153412885,1.0
0.5461300183869667,0.5439520994847808,0.031563333594897464,0.9718320148280646,0.7051334847201378,1.0
0.4569474540439435,0.38695511576595865,0.013294367005470532,0.39211533484274697,0.09066348201594408,1.0
0.7800899740284394,0.4466268200273059,0.032643272610517096,0.6126087875853585,0.03614080620223533,1.0
0.20661397321999456,0.9757602883652708,0.008435943689155586,0.5162399206117633,0.936240754708556,1.0
0.237124074948161,0.05006852610629009,0.006222462306283789,0.06426515022385552,0.19592911685124406,1.0
0.9125363474993462,0.5376816648106457,0.022283644927768746,0.20266538435793158,0.8007830370531763,1.0
0.8642726923635321,0.9488942638987783,0.012828626375724139,0.09148847947690392,0.22670302895886568,1.0
0.9457479581726488,0.37893151255104185,0.027206289264622582,0.5409362154785843,0.18362596166054557,1.0
0.6535386931377959,0.6731805412902085,0.01578183139150757,0.22941695705945253,0.7221848727331637,1.0
0.9367330221732615,0.18871567545744022,0.004648620336305695,0.49815005466301343,0.5200300485115843,1.0
0.43723082184950063,0.9948200779367787,0.017533540830799783,0.47846863415909113,0.42234429665184675,1.0
0.5933636745184664,0.22873980445095926,0.022678705327787697,0.051782628486528676,0.9814057141517487,1.0
0.8968586162191077,0.47608561205970185,0.0030512478315235392,0.8223913325477131,0.6485355459374672,1.0
0.42874169364536446,0.6382988075023983,0.030111786129084658,0.6314343774290156,0.3483259612010674,1.0
0.6721823344254533,0.9606263755441183,0.013611018932416754,0.425656685746617,0.8123108382258721,1.0
0.7368365200226173,0.46024975498913845,0.008326834821631816,0.7454586389382298,0.13202401401552522,1.0
0.6271981578014244,0.7475225303918778,0.031419388153505715,0.2733139109184758,0.1116135343419538,1.0
0.1552686649341203,0.19846931527238487,0.010905201420987836,0.5298619626722612,0.882942740468044,1.0
0.7084493962887924,0.17600538728814766,0.013161209471883125,0.47892652116059126,0.14827852753210027,1.0
0.3090248707488914,0.12814892213071022,0.01970814952488076,0.7053231683276687,0.07086169984538435,1.0
0.7824289840725273,0.7482421388234944,0.028712485271437643,0.4487923925374364,0.8207365255572209,1.0
0.3614497508560978,0.17717922084138352,0.016894474340571442,0.3926679623930278,0.24168618929789787,1.0
0.3145329253395349,0.2735315258156899,0.005450271248916832,0.43938288010014676,0.30366166420846474,1.0
0.2367612653579321,0.7633923343300806,0.03262011381006039,0.49843392093609873,0.6433554249174918,1.0
0.9988308076963249,0.6139029682451023,0.031252501862355536,0.9086996383090863,0.7916600363198147,1.0
0.08207284642347541,0.01678974988469371,0.017224821531619437,0.49482021900108314,0.4079550254751093,1.0
0.5526105406011227,0.8367764279916603,0.004694341510916922,0.2259524884394399,0.7932119739806708,1.0
0.994829389407247,0.8730391043706971,0.031256566240459256,0.31503359468727493,0.402259972375367,1.0
0.6066930987945229,0.9388665488528313,0.012717790141395003,0.5574447800995688,0.2970033308230316,1.0
0.19599034428883702,0.05888739919359181,0.03327597978231475,0.40347672889912195,0.8342867711101061,1.0
0.1927292402496743,0.17628678433250874,0.028607598851358527,0.2654469989089178,0.9133718985182738,1.0
0.678030905840015,0.814659402154903,0.00899871720613193,0.2769311560931095,0.9645543672530624,1.0
0.43052709285014773,0.43308307764912374,0.00960318149760924,0.7760152953506534,0.7720774938859261,1.0
0.835290665289653,0.21386185946460337,0.001146396372701074,0.5715961946936853,0.9940836946799261,1.0
0.2087900756347521,0.5193957278445971,0.028537985039125604,0.08995296306997817,0.3958394191051354,1.0
0.3721716651979552,0.18964758405516333,0.00764685813148397,0.4106387381280793,0.47993765773108527,1.0
0.6426101661494256,0.6907115525609859,0.03442156383222084,0.41243159686067277,0.4039510488458792,1.0
0.24662971141805357,0.7300854310565638,0.02665548669941658,0.09869020944799764,0.46876317428789044,1.0
0.18618989752968318,0.46436428235241334,0.01084061005527421,0.796264387178245,0.9076972864990919,1.0
0.2667648417490436,0.27486025929491975,0.009660763903993893,0.13590305796017982,0.9438545697356074,1.0
0.22546478507132786,0.8468243794577353,0.014572640290364878,0.03608169429855691,0.16277962867938156,1.0
0.7831223688975523,0.21172345410022422,0.032191450035048835,0.8511461229321122,0.8485323733070198,1.0
0.051485452661407645,0.8675561159431011,0.011397207777111291,0.6192974647923524,0.7602069168170293,1.0
0.7810575161645289,0.9385729475021047,0.02576474883537791,0.4417815257320775,0.8768014606129512,1.0
0.7450261568889374,0.8206854379147455,0.026477997297766204,0.2885670211721058,0.11872605700492525,1.0
0.5033720620433729,0.5057716453708028,0.02080990787669428,0.395706735710343,0.7871044900685776,1.0
0.2474783284259918,0.7367866944841861,0.02405104298653152,0.5235674087800356,0.18934170364028607,1.0
0.9606656593432038,0.7221144959013798,0.032207239885274956,0.9842010796830517,0.352698623564999,1.0
0.4744588049004399,0.9866421181163668,0.004189466016262648,0.4129625393829274,0.875663505482709,1.0
0.7880050577882338,0.3834003796174755,0.034319270356265384,0.8836463065872838,0.3020190373049527,1.0
0.33751968728943543,0.6067564773753196,0.02338834612537193,0.8297658136766193,0.025426390041132865,1.0
0.7122058927779902,0.5639597137325678,0.017850572658838867,0.05615474675127247,0.34892760757799474,1.0
0.03186194419899615,0.39703979912944726,0.03313504178080627,0.05182985381046961,0.7499560452935922,1.0
0.8667422233215187,0.7463219109804057,0.03111397580918434,0.21670886564083475,0.5317614620637864,1.0
0.246454043251986,0.23151555896194975,0.001924192538917891,0.9585567786814768,0.7103068631745687,1.0
0.7442507279722959,0.532081305776744,0.017188549917073952,0.4500827088823973,0.6407987728915376,1.0
0.8881706363198548,0.8119406188480459,0.012885162789369152,0.5790306875157119,0.1418862726500646,1.0
0.9029897949426532,0.9219756089927013,0.012293543621917357,0.16996557267547288,0.21256039130284402,1.0
0.12099051947128296,0.07223322965066055,0.034653984352965704,0.07498362568570452,0.1334095388704622,1.0
0.5806599765262002,0.774642787364763,0.02245100826427027,0.8822928952586191,0.6388290602369758,1.0
0.7130369440675384,0.44794535904031735,0.012766169978760981,0.46818479999776225,0.1705443909934621,1.0
0.26144307755460866,0.15437801479071042,0.009375976220629712,0.8422280816204675,0.33087109430213363,1.0
0.8565532210250836,0.07866692225811707,0.02701082977605346,0.308357800912651,0.21740574181985864,1.0
0.9098868261105005,0.295724189503683,0.02034034938306685,0.29054427973564206,0.5547313001407015,1.0
0.6107250534013896,0.6239228232731031,0.0055927129353958195,0.6938469291171329,0.6750756060238431,1.0
0.07499648218596762,0.4473920035717385,0.014907194489554812,0.08762477215955594,0.2231455599689139,1.0
0.7431634035482242,0.23782501490767854,0.029211496944246993,0.546252487453724,0.7606612634994329,1.0
0.49969503119680114,0.6200996699902606,0.032551000677638026,0.49232076883149706,0.5291288805701827,1.0
0.7377776221604281,0.07277848515074808,0.01853337290974705,0.4821099976168375,0.9217632992533328,1.0
0.4688522141596367,0.9622377885461673,0.016319599762429974,0.18170354589176824,0.21769920668298254,1.0
0.0015675611296855053,0.43251371533948146,0.02715424776413953,0.733732976357036,0.033116938715047346,1.0
0.1551288422880625,0.9411352084799326,0.006690409987902096,0.6270125784797841,0.3269121238018927,1.0
0.41284633786761105,0.7598834092540884,0.008843090261147168,0.9058860610613458,0.5007094396640388,1.0
0.8498804612098259,0.9988297823438501,0.00861415263019458,0.2876055211498914,0.25118265364515635,1.0
0.5828622967978381,0.9935290006226971,0.03466945496115365,0.5272464581309454,0.6393881830544091,1.0
0.9330005249950517,0.20465676670221436,0.0189704187840434,0.8330042176068507,0.30389887455795705,1.0
0.985635480410496,0.9850616500241501,0.031807631566016174,0.7986498964832296,0.26986137022208295,1.0
0.5477355583636698,0.5612165971874501,0.018187095858140278,0.6370336096363898,0.4089146996103558,1.0
0.33421637655187697,0.3313463199494062,0.005325682704322153,0.18952349781889033,0.8506703580424363,1.0
0.22863991876628095,0.759581758922365,0.019835358277773222,0.022134855411870193,0.31704509587937846,1.0
0.6562169881218578,0.2757560095896226,0.0032081904931380834,0.05588005420847159,0.5821455706607562,1.0
0.8489433210229527,0.15624172213801835,0.021623255396644614,0.44524333998273496,0.4434086697106706,1.0
0.8029494979620034,0.8931594322684994,0.0013745666910637679,0.1794255715214206,0.9040002846066834,1.0
0.1508895386699619,0.2035876621565497,0.023439532304061882,0.7250920054246262,0.5998273817713553,1.0
0.49456954005811526,0.30097164023038414,0.017225918939177083,0.36030662737294433,0.22519147678201162,1.0
0.35286028107155903,0.7116979383620325,0.0016268852977565896,0.43973933469272874,0.6443653920484186,1.0
0.7768717874528271,0.8107091959441377,0.02519799791125919,0.10369489844860467,0.4755474215603563,1.0
0.24632047277064215,0.043509265829129735,0.008602070909785596,0.4554395073309062,0.41451638873554625,1.0
0.8245911271408093,0.9257609820679878,0.007845842847792318,0.9296433426516544,0.018843098216005643,1.0
0.951976861290827,0.013039811152909276,0.026942656090409436,0.9702313709972735,0.9059963165989605,1.0
0.5507731821919417,0.07907798374550289,0.02989283272537123,0.6142144275532025,0.6151220074441007,1.0
0.572270134544588,0.15442619930702842,0.02615218090324911,0.07594229004419079,0.7300509862767482,1.0
0.4729962088869237,0.5103205356909923,0.011615285279350662,0.969489125141862,0.7333913500849858,1.0
0.17563257884677205,0.22036001260988924,0.016773357727741703,0.9426258319140235,0.7344121994151571,1.0
0.8597015722854792,0.3788223224866714,0.029958554213585637,0.24245789838314982,0.6190419513243813,1.0
0.25863611513864637,0.6932336639952691,0.03456862907854289,0.1514476889557605,0.08931388840997373,1.0
0.3403962118012813,0.07217323288922453,0.017160391008042543,0.7540169089643117,0.2858372780147736,1.0
0.8458537012463252,0.5205518403492266,0.029652886939420052,0.4469431026515658,0.9530221863985433,1.0
0.11678296645393017,0.8852078952385739,0.017635016488247127,0.1424973290049321,0.1535374437075793,1.0
0.048325134222760295,0.2873071711488995,0.005752778075975516,0.44163635218766695,0.41493941822236696,1.0
0.2803566927734277,0.033011545788799015,0.021889127622196317,0.374344284879469,0.6516836637413064,1.0
0.014763577938756281,0.24904595363740745,0.016522608981797776,0.3946779021942988,0.8104922527181929,1.0
0.5309107384234758,0.5939220768497501,0.0017422673159575945,0.5156182434693428,0.34548642813943903,1.0
0.101187111096755,0.7830377450829966,0.033041744527489765,0.023246551808970405,0.6017713900485365,1.0
0.2855227810612395,0.7877680292783535,0.022500071726054244,0.9292334696387989,0.981023806542419,1.0
0.4454928232659792,0.54744079979064,0.005989269929060185,0.3369495445969343,0.9876598003087053,1.0
0.45305542359285966,0.842811967096478,0.012012642932455807,0.4803187042523982,0.978067700042192,1.0
0.13179039083435254,0.05266977017472467,0.03314416346295825,0.2665436038617906,0.5045598426579864,1.0
0.42423146543005447,0.930175413730874,0.018082041783451908,0.9711640166505255,0.2595768016001623,1.0
0.8596712610175159,0.44880410219919004,0.010502570701386446,0.8556198880544638,0.3904995794037364,1.0
0.9765505393487305,0.18729681146110802,0.011247621648486314,0.0320385304697701,0.39244587220014265,1.0
0.6803549004724835,0.18214013730708653,0.023943633581799573,0.26421195276112835,0.3558626162870786,1.0
0.7170349984134458,0.4670427538752047,0.013284162560991226,0.8527700963204105,0.5723786750155615,1.0
0.9001911868655389,0.34330764573760697,0.0023252988362688935,0.49510562375047845,0.12481411638643693,1.0
0.7473637618147236,0.13162106156294226,0.028436103628037217,0.9369703808428227,0.6069255683075367,1.0
0.71387302329751,0.9928151493131745,0.012612300914855178,0.16369369469145978,0.5196480676794072,1.0
0.17873457580784832,0.6134963095751453,0.001480240938212015,0.9277407340517674,0.26530970354344036,1.0
0.10914119203338218,0.24100869933136207,0.010312809732605538,0.03377718949823094,0.28007545738153544,1.0
0.37924230650708407,0.38578256961861324,0.01252626318049789,0.3285959596471733,0.09064154646350997,1.0
0.20291218585631013,0.7568927779891987,0.03468753202873815,0.9285976488822717,0.5047151361822309,1.0
0.3152669874668067,0.7741654991990186,0.027001727389710056,0.8444280852248621,0.8956090726196875,1.0
0.7671086925390904,0.8065923300670828,0.011487627164923506,0.9293130017621438,0.09524716113701581,1.0
0.7703206274407105,0.09417763441900293,0.023311808035570022,0.0351452315173319,0.7704167624947387,1.0
0.6028078428383562,0.8570035315246539,0.00432803152730523,0.2766479181987724,0.41476334407107784,1.0
0.448767871483595,0.2659482426564534,0.014352990411459602,0.42567752936031417,0.8795323217541974,1.0
0.8938493855875558,0.4265449938480364,0.012145462503595526,0.5030095372858109,0.4183255430764768,1.0
0.5031766454712708,0.15264993134575244,0.012965618062780848,0.5662244291547165,0.4139948361454687,1.0
0.25746503977363105,0.969801807252179,0.027680548708945946,0.9676254329714747,0.8382984182754738,1.0
0.5269336305443787,0.17080854267458992,0.02881972998932675,0.5845779870341126,0.2641858650425489,1.0
0.11607086726094643,0.5642985410678427,0.025515378858668666,0.05978968879509935,0.5982581771729975,1.0
0.06845978710363532,0.5127307281355205,0.009790944057057162,0.6632615270853839,0.11955868971176606,1.0
0.8948338531330171,0.18678844545583345,0.011991040068413557,0.58804733967839,0.7183442742976162,1.0
0.15713503063901407,0.10504734230906872,0.034992021455087695,0.45589676932204376,0.8726592173993497,1.0
0.9224352809074573,0.08867162338877904,0.004876652505374733,0.9297025555365,0.9475455519997401,1.0
0.35580972210687795,0.45299778459992324,0.01514949712228789,0.19085517074363706,0.8984770085554352,1.0
0.7055671370681739,0.06808852205723791,0.002317545271966602,0.6540767421043437,0.3396768417156871,1.0
0.09492718096666153,0.9499015285359474,0.026449491874365245,0.8763909657927734,0.1373340834904664,1.0
0.36897582004213775,0.5376354756784917,0.011093528507252086,0.06157011144721571,0.36950950235673324,1.0
0.38653537017175166,0.1977625830774062,0.009904476735201007,0.6273253880918365,0.388765680743487,1.0
0.5343717270896505,0.7720886803030819,0.013881510515830546,0.5879319730632847,0.9662364227428081,1.0
0.9098877789410269,0.7938789516321705,0.00299643517610509,0.4296697725977876,0.6986200894607195,1.0
0.45891791487035105,0.09369266867261271,0.020108311940237506,0.12743722833183632,0.751768040719114,1.0
0.7237079370089092,0.8694924650516451,0.022384232583534426,0.6128268899239284,0.7548157251441916,1.0
0.8691847324907257,0.03739376548720042,0.019910470091124836,0.2170530404877539,0.8604855448910016,1.0
0.4208022565534057,0.18891612389322995,0.0125268032812741,0.7040739168456843,0.20515518566642715,1.0
0.8881407294693234,0.7644461392305367,0.007793027642376508,0.29301923188656165,0.9720981069537549,1.0
0.6109114822096109,0.3083208569387062,0.011170254901661757,0.04048409507154024,0.7287533850350295,1.0
0.005852480439501757,0.7297655927731181,0.033261707743070267,0.7567465446795831,0.4721685504337543,1.0
0.43670028622645624,0.32531902344322333,0.01873828328231857,0.43171980618397393,0.598569712160734,1.0
0.9950144079064865,0.07966454659303421,0.014079238070485608,0.18152548957104264,0.3527683534516082,1.0
0.1753625944951615,0.7643119773678692,0.01787381725619402,0.9193263366350085,0.03355985080376748,1.0
0.40387030934741375,0.08119704308363308,0.00993280627810434,0.986043713333547,0.20975064787712944,1.0
0.5740670281269133,0.49850029250236355,0.020734902104896723,0.37735854293033816,0.8269355975350521,1.0
0.42896425319562415,0.690072086595643,0.030520038969618593,0.3702020347504009,0.568177853494659,1.0
0.17114876902371712,0.07006902430364836,0.025747950327949746,0.2887719087534185,0.7240215449016459,1.0
0.8626852526079172,0.8356946679129805,0.00402357726370961,0.024732749950729334,0.05723252416900919,1.0
0.23546878556284387,0.5487250445403304,0.01549230290812193,0.7957300007023734,0.4894094031691999,1.0
0.9891028475604025,0.15097942719250784,0.02924393391736167,0.0526979958582809,0.4781711208033978,1.0
0.6655487516385171,0.6855294047467668,0.00995278759672051,0.4191562165700928,0.36721448243555144,1.0
0.4627657022135245,0.32757145352511235,0.011386340820619784,0.25160203876346704,0.3656821996378737,1.0
0.8722321977015702,0.6025172724415939,0.005548738470191086,0.6941654748747924,0.8478188015299752,1.0
0.15144999374292664,0.009608639876618303,0.0026065115211204937,0.7624890969552081,0.9871991457096522,1.0
0.7483228881208127,0.0727903036751191,0.021132516046724673,0.7563192071458096,0.35984519287046995,1.0
0.5955941627733005,0.9912533835118877,0.009758992376508856,0.1903017859100286,0.12480196686076143,1.0
0.596848654260913,0.792478566333232,0.026604491303097333,0.892648953300292,0.8059669256439591,1.0
0.5563215274708854,0.2981145471344864,0.012212702904751084,0.9320124248607663,0.6822140091620065,1.0
0.41749562418202574,0.5379001357806226,0.01756192427715834,0.10817977046620318,0.23746529253207674,1.0
0.06830693082787323,0.9315304673795803,0.005210685186074608,0.1987827656704902,0.7655559027146979,1.0
0.9003778215157939,0.725975269751813,0.0033331091417012028,0.6921552142243672,0.6319969136291465,1.0
0.8283696546368465,0.7186322126099819,0.020929994039213046,0.3231408552631959,0.6975763881680992,1.0
0.5879342587483454,0.6646805235658196,0.015862353434793225,0.7563646889333313,0.9976697249462972,1.0
0.20320287422425853,0.5398983209057251,0.017366763506896383,0.5719982147222121,0.05002497367654877,1.0
0.5833952838034953,0.5856061599536577,0.023349354700124704,0.7204958129736612,0.6419056561375157,1.0
0.625135874049907,0.5379701548746673,0.021610678582185572,0.10209217338657901,0.27388338418479447,1.0
0.8731142281863054,0.6793725047317051,0.004073874668044518,0.5926826754939599,0.22251624964946184,1.0
0.8276134116562385,0.5938628163173834,0.021106328731558134,0.3392528517676032,0.4468037711401481,1.0
0.7235970106361894,0.5202339060361473,0.013519901132444613,0.0513293585502658,0.14386439392505873,1.0
0.37401015971541607,0.9441995034291983,0.018175215425197455,0.23560532309597185,0.10664438732405256,1.0
0.8159149049155058,0.3839594506170974,0.02726519740476206,0.802902271150752,0.11170994892900543,1.0
0.9591369673077397,0.40273593682865033,0.0027320990261027575,0.9233793875676207,0.8837826152909105,1.0
0.5527008672236656,0.21252936167334877,0.02886132568851767,0.4991014383537343,0.034843917347413954,1.0
0.9505457735329034,0.8293213398554046,0.010424736767158353,0.054271759848407305,0.9404110611256423,1.0
0.5328829043931566,0.6426750942598636,0.016728402064167484,0.4203456017316599,0.12032898749277166,1.0
0.23349941452951128,0.8368041056601377,0.00595829822501312,0.227471953262796,0.5490654452628854,1.0
0.16404347803306932,0.5637529254562643,0.013515171213884927,0.6265331265546288,0.9122931350682676,1.0
0.9135202261532508,0.9025874774554957,0.0291889778334207,0.6316546313887791,0.6205265108080819,1.0
0.6908050556665953,0.017465718395560857,0.033575147691462096,0.5860181577041143,0.7816843735630192,1.0
0.01338481670188016,0.5102249252165675,0.018244464056741586,0.43755229902314036,0.3403773371079147,1.0
0.5280173296226857,0.3759028615538006,0.0339776840236935,0.1737543804591645,0.3203459020594599,1.0
0.5437658670597211,0.49978097671717375,0.022887175824425288,0.9500517688036336,0.2859358644083735,1.0
0.02601516280217843,0.2631260842608909,0.016766470751884154,0.03196379369265333,0.6180517910930853,1.0
0.7469849831232086,0.5170579303381693,0.021534118609273307,0.39666918602720874,0.04221177947405597,1.0
0.6553409282772626,0.9955597442861905,0.00153731013155207,0.5580259133295564,0.7512577441296753,1.0
0.5456596963214174,0.620296064203921,0.02468864813933482,0.8591072834437372,0.12316724766561583,1.0
0.026991386148018437,0.8363635512068176,0.003609174503029707,0.19543358339331734,0.00489025223475148,1.0
0.3350248674906749,0.1668269185755403,0.016337065467332816,0.40296851228901165,0.7678933716660428,1.0
0.6529146845153148,0.12528597833779737,0.011043287020134922,0.9134049785354476,0.08964575851488127,1.0
0.9425621146142478,0.9507141766280163,0.014980908019662344,0.6677294912106986,0.45728885275564496,1.0
0.032549749362305515,0.1450129917724371,0.021882759320482375,0.23331971018062053,0.6663862469698794,1.0
0.8867589125696936,0.8194401261744265,0.017756485202338596,0.7731221920077629,0.27186674834885527,1.0
0.19828456981141487,0.8610252823524729,0.02898429896332611,0.9022475187405923,0.8775995042430351,1.0
0.22910789540029403,0.9318924665045202,0.020421248505967923,0.423072588834234,0.5608135220719052,1.0
0.28926445395399114,0.24207302363955124,0.003802551641542312,0.49706833225004027,0.8878739140381735,1.0
0.5214546571230178,0.4291643253326656,0.016789655294784527,0.21006807022437898,0.8231129413159042,1.0
0.7169061339705857,0.7602250264846565,0.020545547428942965,0.8630634485798737,0.2917593020981994,1.0
0.7296810491397049,0.798951077933999,0.023595710123928682,0.8464966739729795,0.9931057638549183,1.0
0.8141017680258608,0.7448351797585155,0.016397585634208612,0.9270220507327794,0.3950315036430221,1.0
0.10683641463397059,0.22654941887219995,0.029583669798147864,0.3971561701060185,0.3946900053258429,1.0
0.4921187239631569,0.8060111443892718,0.03143558000430715,0.0710443176121397,0.5752459105088753,1.0
0.6146675686211067,0.44782841122136086,0.014553923909016116,0.4724088317170599,0.5824171296276577,1.0
0.4726723065696255,0.8180174746481227,0.026352031702087164,0.3420371156870116,0.8007765403978051,1.0
0.1543387131688163,0.583099779269028,0.01070060778237327,0.7394331496047958,0.23954654402932457,1.0
0.25586953140157626,0.5116326196665132,0.033253979909150536,0.38192623091797806,0.8758627474772445,1.0
0.8749759979563582,0.1667001636936195,0.028868379464195546,0.033117245705460686,0.39390858181560856,1.0
0.68906346054716,0.5332076869105402,0.0141873768528091,0.8124846495238157,0.7098488455442726,1.0
0.8925918528724501,0.23071806980081375,0.006793311311393247,0.643160960569248,0.9720223483590685,1.0
0.2504207085548927,0.14035934911422773,0.030259160879303495,0.22717114287092274,0.503675348198163,1.0
0.01312876002112152,0.5569296044202833,0.01841782745196816,0.8076399290337446,0.3559262580132242,1.0
0.1687700426182648,0.7410744164041508,0.027680102912397045,0.13752665745805143,0.39406361691433345,1.0
0.0037045664021113714,0.29946031155200964,0.019871437691786623,0.3347597658002934,0.27277314398849173,1.0
0.18234158500158404,0.5300956157185244,0.025027661324649682,0.5757196576758736,0.09401622152767238,1.0
0.1758028596500007,0.7650471886105175,0.013259213766378914,0.7829785867080462,0.2070666305019404,1.0
0.4975288203712648,0.03390307868366213,0.008660109518599336,0.724288239932164,0.8375460948271201,1.0
0.8821956317286662,0.7977196868491259,0.030569266054036825,0.6987301260242611,0.6744789142266707,1.0
0.6531344372668236,0.9191905549020385,0.004417748048168087,0.3164487133682451,0.07338251862227596,1.0
0.4458202005333886,0.6756691262055122,0.02959808219314693,0.991009247828412,0.16262067533447347,1.0
0.8875354752385997,0.049826501474024745,0.026639079046309497,0.35537059587535375,0.6489481946789616,1.0
0.2604825098345503,0.13608614064198207,0.004976205925033082,0.10421953485078321,0.6381522500944432,1.0
0.21741680476766656,0.6921932076131971,0.024352885236059874,0.5396291240646407,0.9350228590489851,1.0
0.8360271082980237,0.07606426852426411,0.026154257197309152,0.988458966418098,0.846751618071529,1.0
0.6271392982628334,0.3539362598875098,0.024102497420775536,0.7706249877981457,0.998230252636736,1.0
0.062242761707668834,0.5962620927802542,0.005046821099393733,0.24552027851255395,0.3294511313944315,1.0
0.18462431575462204,0.1665871938955102,0.002528784244960134,0.873366696417527,0.6938119189317046,1.0
0.029264013332476465,0.559115622178581,0.010606169643748177,0.5971296240814968,0.43516957150528435,1.0
0.2885212059464065,0.6794662230704546,0.0028378465950323725,0.9559046736547364,0.9807767104404438,1.0
0.4657472590920096,0.22077344588793407,0.028625555568430803,0.7366177430498753,0.2227320855213881,1.0
0.46333613887896824,0.8265841394227365,0.024250719267358604,0.643524375996515,0.6501775951407152,1.0
0.37233954856970447,0.04661662315126944,0.027755998617612212,0.43356521695464406,0.43880011873048597,1.0
0.21021785417796948,0.5882341076394602,0.008906802516924977,0.06514464271389894,0.7677399085649175,1.0
0.38085534831540513,0.43188696323427556,0.02871152399587519,0.3215160590438773,0.7582781750465782,1.0
0.6612073277288746,0.4322494000958476,0.0264248505869866,0.4584394723816341,0.4150128438370327,1.0
0.3184046124744845,0.10514596606372119,0.015104968187889617,0.12473302424817263,0.41103103208189123,1.0
0.9307804700244411,0.03718610871425829,0.022129585821066104,0.4582774514634272,0.02124086707593503,1.0
0.11936676710244676,0.21757735158571329,0.010335388277671219,0.4019050290468141,0.5295103540954014,1.0
0.16270749126811207,0.09447281922319191,0.019688895574933286,0.3297457955308685,0.5488493382986833,1.0
0.02520512473349728,0.9414255343689766,0.0046824761204257975,0.12773188921375508,0.14740027968363037,1.0
0.6180425799298261,0.6106796617521467,0.03454773885163001,0.08935033050538012,0.9745263916497469,1.0
0.6234484320584734,0.42066348173748885,0.01405436165822406,0.9313120851509831,0.1500785007118162,1.0
0.379745936030457,0.6491261289846658,0.03390882887043425,0.05854344932859581,0.9229414985622654,1.0
0.7046924820984748,0.150034999702462,0.019135172648255098,0.6738402010105184,0.45679106008029413,1.0
0.24487495601049103,0.854538398202505,0.0021720137563139346,0.7091532163623716,0.9993906464780123,1.0
0.16188463713711998,0.6744701565922413,0.003039688375901841,0.5902001938720031,0.684316103457495,1.0
0.36581951831804616,0.6975850136906523,0.021206010552469897,0.2084295349218258,0.5635724080415246,1.0
0.6671664524047595,0.4723197158864533,0.011933859497561341,0.08680032322813529,0.24538250562626968,1.0
0.9866392916074395,0.22325976987661122,0.028705782051302673,0.16947623692317362,0.28431754845596835,1.0
0.3250812584774635,0.7985524619471012,0.03356157587252439,0.8754191891671976,0.1544242890808088,1.0
0.14879896639140672,0.9134677254555392,0.01860787157273167,0.33704470696865,0.1578684718368586,1.0
0.24869904466922385,0.9141060432180306,0.028106914537255737,0.9698239140429687,0.10166075960025167,1.0
0.2578933235567458,0.543398764066635,0.011895466109157475,0.2841820846931142,0.5742714567225728,1.0
0.4696643035351447,0.6511614527789907,0.0053581904882153385,0.9306636766060271,0.5062189747546707,1.0
0.6542515251904423,0.710290940281323,0.025348451993756495,0.8752247971644112,0.6139918296118771,1.0
0.10041013322259171,0.6066443688306913,0.0032559953281997562,0.24205215823784068,0.0616464774173098,1.0
0.16117778681792516,0.6107969121140397,0.0278894144493511,0.8220588400510905,0.3102339646294898,1.0
0.5634477493262726,0.47341429497201243,0.023273872308442006,0.21087703669971003,0.9792639963472075,1.0
0.8293919200619161,0.5945018909642367,0.009325061404586341,0.7459293256596395,0.08539641478139488,1.0
0.5903952370207706,0.1116395680780052,0.003703189145140588,0.7510854971030261,0.29364297059733335,1.0
0.7623109480091459,0.6984920544729983,0.010472605789537332,0.7092355745025963,0.9481995368303192,1.0
0.32683647936156246,0.23543759319613256,0.01437050456962267,0.7425903221990925,0.4747683388439612,1.0
0.314840733190264,0.14214797782001345,0.01007574406388277,0.8598206209407451,0.602814545191257,1.0
0.790116075753852,0.06539297502245385,0.009632296989361114,0.23087305090328195,0.9853791976060539,1.0
0.6181681504521657,0.005979980329178425,0.0072665400710551515,0.6359057516801052,0.38033960715518406,1.0
0.7649594949226162,0.4479366887313158,0.026483509236301196,0.9754289195023953,0.46151984387676914,1.0
0.9187459504462339,0.2494259873741371,0.031142969064653466,0.09844716206620968,0.6487997224170589,1.0
0.6149916130331736,0.4960392693483905,0.02198980139747333,0.15251204507066513,0.21635513961988814,1.0
0.5981815612894081,0.4424591726713254,0.009312178644518545,0.8829265228124356,0.3745479184529302,1.0
0.4102913754724456,0.18276101232147587,0.025875318524627936,0.44900980400658913,0.01724085278282573,1.0
0.8159478479838183,0.7238357947377114,0.030549123597629988,0.9069004463519447,0.33815221667805423,1.0
0.6091990013963886,0.26803236914178635,0.008546376549200286,0.11479334756420306,0.6596548817205363,1.0
0.7611920265374867,0.31695910180778936,0.007978834915816876,0.4541605642761673,0.54726664678027,1.0
0.8749483311197801,0.9161422729705259,0.02990892109462331,0.9646166232318749,0.4660344971718884,1.0
0.08447847011632977,0.3908858656305708,0.009761361103281909,0.17077065076970624,0.9532505707341399,1.0
0.9594198930429158,0.7610780014808859,0.0227921528522576,0.6763429411292889,0.3321428493354649,1.0
0.18750542616298405,0.9377677271034435,0.011260973558660181,0.2559313257812486,0.7114516353959633,1.0
0.451847619424962,0.6328137884560955,0.006422764439869109,0.6736549790945531,0.2713400844999987,1.0
0.1630177550088408,0.3330447579011285,0.012262536050585157,0.454724832690567,0.19122908516168313,1.0
0.5421968330915652,0.1297485272658047,0.024422498271620397,0.944003178736734,0.42736882604271387,1.0
0.09921827453473857,0.04391466974826892,0.02552654183547056,0.761260551408515,0.8432151827247856,1.0
0.7771301479018736,0.3771621940637852,0.011313479511194753,0.17385089742195362,0.9960197393474245,1.0
0.8271810065933914,0.639854941055037,0.025992735104903485,0.7120054028018746,0.8585760505881094,1.0
0.0018237922178506913,0.5989299605542229,0.013031193736993355,0.12466354378602056,0.1869526153501346,1.0
0.07116313751581653,0.057856288926322406,0.03214489266430311,0.3127906466043425,0.9822484667761113,1.0
0.1434287110447867,0.7152093785932947,0.021427366230320353,0.6909564260320484,0.09709480901446031,1.0
0.07756202278943061,0.6045300710118541,0.0345440965788691,0.6723125531202835,0.7110507734869077,1.0
0.6783335426176244,0.04114139105584186,0.03047819042912432,0.3653136120884175,0.005359257893200651,1.0
0.9370779858753874,0.25807335650778823,0.01771144788379656,0.17460311089460837,0.05863497899477366,1.0
0.727283895055394,0.8642103962714069,0.005872160534584697,0.28903024924265824,0.1958344381771825,1.0
0.5538779385170967,0.7002222479675099,0.023027834350092397,0.38866549375494536,0.5554552356939654,1.0
0.15514941500396176,0.9318628249334304,0.026891263425876492,0.9228163567293421,0.9167636042148679,1.0
0.928310409464053,0.4172873989793807,0.0011229523226879918,0.06350854473031321,0.11037783837511439,1.0
0.3523506884594132,0.7015695363022483,0.027882059424416832,0.5906230610702801,0.14728973838242257,1.0
0.35544711721846134,0.013980355323124449,0.010540013098113478,0.3312699535868369,0.2749712896828848,1.0
0.7601664711964962,0.6958564783822289,0.00572617266941702,0.8080260757965757,0.6774987857016604,1.0
0.6484458363512349,0.48402812936267736,0.01593790210311165,0.11301104030891643,0.5187859715693202,1.0
0.16508913386701238,0.13341376796048796,0.03343968148838026,0.2855798257534462,0.35584911927241175,1.0
0.8983521947329657,0.5634029454235536,0.032251436563732604,0.30062498092206763,0.115719839757517,1.0
0.3461914547982275,0.8021049266572575,0.030900395902996394,0.4731009373961647,0.9713876650614228,1.0
0.27164947299292613,0.48948653982893026,0.0022685499416995386,0.8041971591028045,0.10233361580356652,1.0
0.5657512304579384,0.043932150521251975,0.0036967745721692403,0.6964202412553998,0.07270531596770796,1.0
0.3393569377873296,0.22885132854846005,0.007418482527364625,0.7636478824388468,0.9515906509571322,1.0
0.9597215379549529,0.5951677409716286,0.022816453782350744,0.7102164517644393,0.7044147714642264,1.0
0.48398518269634977,0.5338252289271864,0.012010118083756141,0.10615233618933394,0.6649755507352928,1.0
0.2763594160322849,0.09513563458165417,0.007484723348972415,0.6390921819844835,0.6288481535747132,1.0
0.09108180451300167,0.43394054254294895,0.012993325643181976,0.7207386937030938,0.5794475815908526,1.0
0.48749510022269016,0.9663305903731584,0.02671400353791732,0.4974825808996677,0.47974339027608864,1.0
0.9425667540564868,0.3198547977955623,0.00970192878394529,0.9994095164622837,0.7189709818330199,1.0
0.06282359154855087,0.026476062396237673,0.02138704258343755,0.07249293556188986,0.9334549684880856,1.0
0.5465080126813316,0.6170222924645549,0.010924409651858494,0.06490856986586505,0.7377229847466237,1.0
0.08647208337737475,0.3119118860950196,0.0014238324344879902,0.43460158014055966,0.7079732291699966,1.0
0.6047029964951224,0.8470273289107987,0.014821074928081752,0.8489233129754161,0.5069668371878809,1.0
0.9442015010138055,0.2756959029632794,0.001890850462384966,0.2434313689120719,0.36732087369617034,1.0
0.5251428419341281,0.8832437551538875,0.010939499721729772,0.5212498373512097,0.34079881473479084,1.0
0.1584439117751899,0.10440675804174844,0.018101838610078462,0.6722156981797264,0.7957296758896758,1.0
0.7740759115576816,0.39331734850236283,0.002117500789059945,0.11698320859365498,0.039683878627767184,1.0
0.49599584992741363,0.35696116617328244,0.020060382152257337,0.4811285393442949,0.6782648590620763,1.0
0.3187460829615708,0.34686824090573043,0.020895025935804314,0.5968360354229509,0.315385213723496,1.0
0.6943509681729609,0.6477634120531934,0.00559172735911234,0.441600837795718,0.8928133726318797,1.0
0.8553087825377295,0.16401497890707947,0.018246453503698343,0.42491209249408846,0.011119208004117363,1.0
0.4554703021069713,0.9543140084838544,0.010749292633293408,0.8664094976425564,0.9224671844216349,1.0
0.20347511007984978,0.6855621846736143,0.019665254262001646,0.9445851361867732,0.43983278974868134,1.0
0.139148714492613,0.6989349351179928,0.0341197270453398,0.029315426800827077,0.7407049094233487,1.0
0.07570675269312199,0.11105987506102702,0.024526541347290095,0.6483154125198926,0.06975858790092945,1.0
0.5239004239970475,0.9072901759632759,0.03085168995375195,0.8126952612811156,0.5163829973481769,1.0
0.5064695284072214,0.10171056642397829,0.02340076904809649,0.13484324200977862,0.5116617895382224,1.0
0.3002129777843712,0.23284838020911805,0.022081072452196798,0.7869999253104862,0.05824565158598562,1.0
0.8609069272596499,0.34292680521373475,0.023406138242990954,0.40321041867174606,0.15503669130744188,1.0
0.08727331482709505,0.878593683240592,0.032425851819926695,0.8217915238743921,0.5629655926352226,1.0
0.9846227692243289,0.2486537881413517,0.0035822444407770547,0.5623789826775766,0.3294568122122932,1.0
0.008078268815778096,0.5966431701383851,0.009977145877370879,0.18867068964448833,0.04139149946161071,1.0
0.8790899035140709,0.337334136789775,0.024088523144066187,0.7567904164385054,0.32877270838100936,1.0
0.6921877800072821,0.5596829864722506,0.0010337437777213831,0.036055675156885326,0.9908749782619574,1.0
0.9376276935141741,0.9024009017131095,0.0016950614268535285,0.7920554425012828,0.4516945982671434,1.0
0.007709068379221756,0.2889111018993637,0.026545008376904277,0.7932277678129882,0.6200948866134094,1.0
0.31105222869657506,0.9667971996783906,0.015933214093962957,0.4476784246935932,0.5527804174904588,1.0
0.5531188930328168,0.4329030873447903,0.02910830726647435,0.9091419687784856,0.9321781495555463,1.0
0.44270640890703084,0.7055348187330461,0.029503002104060826,0.5634192598243107,0.7002810408004391,1.0
0.6767173829405695,0.7463874221735802,0.008093941306903945,0.4988761724747757,0.5886802860504821,1.0
0.8561065463048683,0.6104144839364671,0.005390635277738911,0.8165407155032512,0.7173399094741041,1.0
0.39265041939999434,0.8543483041882971,0.015076937792500317,0.5709386437926458,0.0016416613961738515,1.0
0.7184576163358087,0.5675422561233036,0.017882999779482947,0.8101265372379965,0.6816913444480766,1.0
0.9591142647419059,0.7075599270011455,0.03458992358302244,0.9712900549525995,0.9189908130872798,1.0
0.6098199391284704,0.1729984930192413,0.019473948192407765,0.765611145871933,0.5213363015468623,1.0
0.11054624329250658,0.38155940770058544,0.018202790232184348,0.43289297057323894,0.10947796127373152,1.0
0.8377796755626317,0.48489987494224956,0.00265656250959274,0.017474767718672263,0.47400192659233226,1.0
0.7054208200532226,0.7955281390652236,0.008762088087541592,0.592584767936899,0.15529019884190062,1.0
0.8889066986872519,0.5445539933908286,0.031120215634902807,0.22602255637532745,0.33069431890541734,1.0
0.4805999951193483,0.9976503192165167,0.004891140845018423,0.8521130705659892,0.8638183573824483,1.0
0.3446931310908946,0.5197068781840078,0.01094390196342317,0.7993083409914996,0.4987808795516198,1.0
0.6230686530116878,0.5148050137815687,0.025176358035240178,0.5044290314658041,0.9046018440690277,1.0
0.9733753350621598,0.8123783612993408,0.03026493430340557,0.48342492453870006,0.8373643477882597,1.0
0.762186230385611,0.14130970823063363,0.011439765142725296,0.4462869306963731,0.3229973984252784,1.0
0.8202846400389143,0.2574192162500254,0.026339559853255458,0.0746383570425402,0.7659733684075457,1.0
0.4022970767269795,0.722755345344303,0.032114705727333374,0.8009122605809723,0.39105606388656294,1.0
0.7795781872410197,0.2933019952592744,0.028332013170501703,0.3287430714183802,0.8061845918031526,1.0
0.04535289961367955,0.9976777719224524,0.03056154218997943,0.8829646559627377,0.9513286676590109,1.0
0.28754871912547203,0.13089497002288508,0.018041110540307794,0.2208282721561312,0.9356153058825804,1.0
0.14405354100537845,0.24722937723034336,0.007764528194168632,0.2265526581431306,0.6563915574561172,1.0
0.6154093575214699,0.890367675712645,0.02148693002787387,0.6948382584950951,0.3661377949231359,1.0
0.3212634783874562,0.964318366055404,0.022141587071406663,0.27823360831458116,0.4514643518949417,1.0
0.6687751271350678,0.5610921878884391,0.031095537805550598,0.6727671326445736,0.6430870010603044,1.0
0.10728229432939537,0.9651769749403416,0.021361184583411994,0.41626772573728266,0.5894318000893074,1.0
0.8223051466302027,0.21742889002877164,0.0283545642148102,0.534844064820347,0.2772954416432459,1.0
0.8160175219712791,0.17728368132783737,0.0027613739317556975,0.756121853095055,0.3506931791506058,1.0
0.24782051969343827,0.8593193002182002,0.011109203887622092,0.21098237718127283,0.30994047660981994,1.0
0.31833756558440224,0.08385328664530486,0.0063900209900615845,0.4176358305127517,0.8795873887342864,1.0
0.2134620320532706,0.9084373298660547,0.03126049892143734,0.6797713824626453,0.24123308054114273,1.0
0.2120097734435271,0.12945992061607806,0.013919945413472311,0.5762457834652799,0.36057274278934043,1.0
0.29695848064392616,0.34650467723302947,0.02788290211591673,0.8784364161629642,0.32271204744952103,1.0
0.2788841216083758,0.0542813070657201,0.026087144166253875,0.17183247975291419,0.42628681122317025,1.0
0.1852871125949268,0.09546079531273287,0.0128324424988164,0.952333621642768,0.6155204543984331,1.0
0.03987190995344071,0.6006730081096907,0.004136759791802668,0.5430015269764789,0.7521985577634712,1.0
0.30011208332170786,0.048336849583781,0.0018424477554942911,0.4305965430758757,0.8834619254322649,1.0
0.5744814502760395,0.6846215138600821,0.003068215495046289,0.15394727542757372,0.3319455166261475,1.0
0.4395960771158688,0.7344608731500271,0.030498327429488548,0.7586139043219443,0.9922549601059358,1.0
0.8523270158124431,0.832533992106536,0.025829035917521587,0.8020000148392347,0.9347485446395428,1.0
0.638648736888631,0.5154247818511999,0.029935257564530485,0.4319282432686358,0.8199070443735882,1.0
0.9619242152672219,0.24967177855816136,0.025127063336121018,0.7571625781498388,0.936342214311861,1.0
0.5739523358467399,0.5795740326781158,0.0066879017657437995,0.9749877397213473,0.2557624452407234,1.0
0.7959992098005072,0.44177428910676964,0.008180586480987974,0.18977142383546705,0.8566395049006902,1.0
0.09104684505622844,0.7173024532901258,0.009505815795371008,0.8765183560001284,0.3102622142439453,1.0
0.08577358511137939,0.5120196055010099,0.016325077985821772,0.7515608324585398,0.4651379846058433,1.0
0.2623932607173111,0.2788685987245011,0.03254682866214568,0.16591352348572452,0.988188248132593,1.0
0.08930184518207997,0.24944169040707712,0.002986088904857036,0.790239739394752,0.5130403596285643,1.0
0.6623875550269309,0.6310158794243699,0.03295565103373807,0.9612992562316313,0.6810030918897398,1.0
0.7926326752348434,0.4918122291671999,0.02495158179313618,0.07918074867588662,0.7582630620671567,1.0
0.08588977837261269,0.8362796688072627,0.03272132090607523,0.22696270091226003,0.5252863764215946,1.0
0.960265778518445,0.12875450196796404,0.012866143668885322,0.6984464965097058,0.22233694088654438,1.0
0.024267768944688583,0.1543681592502677,0.020119202810203293,0.6534369762378786,0.6492629192647411,1.0
0.41586613232505265,0.27421722552491434,0.0015297438014458496,0.2074231962263345,0.3130754243898352,1.0
0.021124327025105655,0.1582901610565264,0.02364738482129746,0.6299558310561232,0.9357479557586444,1.0
0.56818836072435,0.13841879114571812,0.020178441843455335,0.06253346585326658,0.43145401251344195,1.0
0.4283859955535787,0.2805460924763924,0.02431823521921001,0.8411035228314807,0.7687484756063786,1.0
0.5388064545336803,0.03205309582802234,0.02557975595552532,0.5454379566389189,0.271470309613223,1.0
0.9356711796832716,0.6247378828721099,0.017181022778355964,0.6213008179686993,0.41432858266067135,1.0
0.2910189474509627,0.44041344729105286,0.024310135902888958,0.04090198316138274,0.7952323798888586,1.0
0.6828772336390673,0.64308258936538,0.023189353670804384,0.6085207873395471,0.9591427362314653,1.0
0.7325867963998361,0.705743881903343,0.009033097627463233,0.2840225333476388,0.4245930810588109,1.0
0.36737635583102973,0.39156965331437765,0.021531395071903697,0.22067015269232657,0.8044875740108106,1.0
0.7065378675715636,0.08236103875957707,0.016978823400228476,0.029191312645150982,0.6762340818237492,1.0
0.9493035612917228,0.32480009038681795,0.020169400532602716,0.2581301881189201,0.620492516318393,1.0
0.37125763324412725,0.2044856597310997,0.00479172569502948,0.1207592548227166,0.9990409774880477,1.0
0.0029277781654661198,0.9529758618353883,0.0016793174238136303,0.41916753942897916,0.7177601083846853,1.0
0.713173405140669,0.4641621291451118,0.03413102932545952,0.040280063650237154,0.98690531033547,1.0
0.9290010871092328,0.2555176516734391,0.005843574457665172,0.6636519640933274,0.5163435785481338,1.0
0.9246945593047344,0.620460825746609,0.011576170393556058,0.40066648986145814,0.13436233925675942,1.0
0.14420672013932895,0.8104810498701431,0.02496569791105204,0.530814672593241,0.37499346579394316,1.0
0.8130924423480652,0.8813519824560373,0.019598551759015342,0.8200652366978811,0.5117946474592824,1.0
0.8655664237664781,0.3869875623283993,0.014461031087383879,0.3056064339396312,0.5191830265663221,1.0
0.6608006841651465,0.43107180779946097,0.008406467924042378,0.866975220351462,0.34665486637077636,1.0
0.2081459796934293,0.5604974187599943,0.019244913180001377,0.8288192000790683,0.13971253536407893,1.0
0.5318967439998981,0.586523274530452,0.018345653972124083,0.0369888819294302,0.4975935711447915,1.0
0.3433454921974536,0.6494524975879528,0.017921702402119603,0.09412499445479298,0.07396823348699716,1.0
0.19169426142565144,0.6086924562143935,0.007045691777548456,0.8818377038514958,0.21055089995279974,1.0
0.8758702703432872,0.29603224850065624,0.015464369414347019,0.9590673576284299,0.9444248499386161,1.0
0.06987001278082215,0.5937467852859861,0.03462864979143677,0.9469693121955565,0.10689649002742292,1.0
0.31622120915693647,0.13059837879800065,0.02462314258245787,0.2745745159958765,0.3455209373221725,1.0
0.49846959121988693,0.15900969578840443,0.015691074401702632,0.1441988798811982,0.9538960400601956,1.0
0.5223652666967826,0.1977828454936685,0.0035963013180687143,0.20310631022325606,0.05571933328304565,1.0
0.49399067360545373,0.6521637055365167,0.0039695537124406375,0.4415776052803642,0.5816657758304986,1.0
0.37270633310450935,0.07276303486387503,0.008484456727925228,0.46728617299302105,0.990451736746397,1.0
0.9796420594431636,0.42366329991402724,0.003743132866098611,0.3242498638120842,0.2384766609956063,1.0
0.09613837667808703,0.453738743114017,0.012548523769346098,0.18117336791284855,0.7163838706880883,1.0
0.8520159878907978,0.24173618310285422,0.019305378662945242,0.18495507793203328,0.49580531576945613,1.0
0.1624170457471504,0.6126111536649737,0.00996872543397607,0.17319485933768305,0.9298384818849381,1.0
0.5655829645831912,0.548715577991432,0.009520701729704033,0.453318973367705,0.08865004529955284,1.0
0.22247545122844636,0.19419197446672937,0.011705868261435104,0.9024675503428788,0.796670181635259,1.0
0.6523103836870524,0.6632585895210555,0.01732105398049138,0.9052811370436085,0.5113662721210587,1.0
0.6407346349077475,0.5465933539075625,0.005216673720536446,0.3933326884985171,0.3140120856833855,1.0
0.37946371441613563,0.8217336774062537,0.016041246192632152,0.7537470628821644,0.13614664658267872,1.0
0.48107933090811933,0.26053844738068005,0.009210646616403435,0.2658122112863969,0.3673574487450497,1.0
0.9496534398578927,0.6693683926935086,0.019603653212099427,0.4491492102091175,0.8283662725705788,1.0
0.29374463675838575,0.9534668284047767,0.01443392234901699,0.8002779911223362,0.9668530582041511,1.0
0.16238917572474254,0.5865508182187569,0.005038422185249666,0.7893528978290574,0.2820338587000091,1.0
0.9101795844560687,0.1818288408195022,0.01435716651243967,0.6474716692854927,0.4202389342166916,1.0
0.030042542554628203,0.4071915455582609,0.023073106903785293,0.5744102239443362,0.15708499852088176,1.0
0.3701015751350716,0.27492819989110645,0.025795222291253236,0.31034237799715714,0.5406018103806962,1.0
0.5397367062713289,0.6174058872504002,0.003490363529696748,0.17895600959799457,0.10185024809881536,1.0
0.8360851598359256,0.18726883790138307,0.008455239531385095,0.32388408220329007,0.5914865393368816,1.0
0.6870672045829161,0.9052875634572491,0.011031364776882298,0.6591002302175689,0.5601631229319145,1.0
0.9075077714070797,0.09638792854725828,0.02520803491228975,0.7281458393095793,0.9154112011622716,1.0
0.32230071588102666,0.8279129291901605,0.02720754958230135,0.5008152988050509,0.7680895182581773,1.0
0.5899168240730644,0.8653182713330876,0.011811473156961426,0.4840664324483125,0.9510938093187166,1.0
0.8871519813102221,0.3858618138295559,0.034881178827575,0.15341303907912915,0.5192518126330927,1.0
0.7986337586093344,0.9087091547424969,0.025858738814874032,0.6271894198941725,0.42800176165765524,1.0
0.509791012911597,0.021348105210693285,0.018103557364141043,0.8561148293739508,0.7095647371311059,1.0
0.39109450477875246,0.5294442636760451,0.0021384413459014165,0.38361494422717424,0.4749416288477514,1.0
0.03220973801165917,0.6907177006701731,0.01579298352886067,0.416262514919122,0.2507367672744804,1.0
0.4385887544894607,0.47451048855606187,0.02074962584683699,0.007318322592495624,0.9077882076348841,1.0
0.4514738225686785,0.20816550236414202,0.018808600558575764,0.2809498786883407,0.8601464915645413,1.0
0.6391168002126689,0.24963084841973107,0.0016598091167965951,0.4047503810776628,0.5369500030687319,1.0
0.9620523494550411,0.7071323346721823,0.03485277322126344,0.29576503022365797,0.7892642263275395,1.0
0.6121485940940509,0.9858673472418854,0.023235564791537978,0.8989180754445809,0.7260244844845278,1.0
0.6997242866119903,0.48483127309679647,0.03223913176139964,0.8070276127432647,0.10503055291961799,1.0
0.07054139079680698,0.4937516298698728,0.003746239813050003,0.7239546582381193,0.5528062228689823,1.0
0.28051599288264495,0.5196216433769796,0.004994309320958509,0.8847253926476302,0.17582995732754847,1.0
0.20584554792466012,0.8064252572342585,0.004597693941279216,0.6148130673433277,0.7464351193145106,1.0
0.190870825721523,0.0625623743792344,0.016259417048255398,0.20328285989930153,0.6995715382049241,1.0
0.44990458709209896,0.1143714481686101,0.02029670974263852,0.1863386654422754,0.6793066752540221,1.0
0.975918697689042,0.6848424516072259,0.0071788053056054905,0.015080550816393937,0.3351284293130135,1.0
0.21919292178642644,0.8728775081794515,0.021508958441728884,0.1772811953758706,0.5571027412867613,1.0
0.976224663493731,0.03372447303343156,0.025898826353705714,0.7732240291652359,0.06809560119374257,1.0
0.3849223524448536,0.8682866717025388,0.01925799790622898,0.6556515431572832,0.7832298226213857,1.0
0.4768082585405974,0.5092843456347078,0.025412199140984502,0.26407901637689074,0.8546352466291589,1.0
0.19657583060751493,0.8003997430934667,0.012568779204350858,0.15068299985961364,0.18756800095569193,1.0
0.8463353478156428,0.07158006505533948,0.00203635091023808,0.4657029677010063,0.956231227638581,1.0
0.9592113685279813,0.8877934954134113,0.01062659259717538,0.8171311161918906,0.68618143526625,1.0
0.4234932268998319,0.8156872531695313,0.027964700711630725,0.7571793996066166,0.9982576952640806,1.0
0.8071160548420959,0.862615888616495,0.008194487769425255,0.04302437561100792,0.4053436537863911,1.0
0.2898141779133157,0.7003101439133567,0.0012498367281849312,0.3560090678879175,0.6159011780633931,1.0
0.8967103052352865,0.15711770313996215,0.031932980530135824,0.2171729193742917,0.9942843952419249,1.0
0.08526054954387297,0.06621195724418119,0.003547337672821938,0.5903028545436609,0.8097696231250578,1.0
0.44539092352258,0.5896984159609634,0.019123380562736096,0.6883736713681688,0.4723139344428635,1.0
0.9973134318040875,0.35094754440651615,0.0014153257391219273,0.1264994205061031,0.5539606708019669,1.0
0.9400426111112875,0.6278186440172756,0.01869207632282591,0.7982414617707467,0.25933128117804605,1.0
0.004058043759228852,0.6200576847735819,0.032781743135556485,0.7880720920818362,0.853780557955212,1.0
0.8244147071540261,0.5512808333652364,0.022030368041108764,0.059856423996467706,0.20235014547721775,1.0
0.05974225676567415,0.7417053597811255,0.029561938289744655,0.9204419989335101,0.10266669072062612,1.0
0.0685523876216657,0.4745821597118875,0.029568534701345604,0.07124082742589091,0.01921284191599465,1.0
0.5117589691965975,0.8117851478520663,0.0053325068164683884,0.1254856438254611,0.5689783081947418,1.0
0.7304835214097289,0.9496857527885731,0.027045135824414045,0.8772981910125376,0.5200664715140987,1.0
0.1837202808026957,0.06927954250523176,0.023302405744239325,0.05290055125429788,0.8925889377205408,1.0
0.9522485246835031,0.31457276965692244,0.01752938251285511,0.7419486746800739,0.24353620647535973,1.0
0.6598078077304727,0.9788298457925942,0.026319912004241084,0.11901271942879492,0.475858117931927,1.0
0.1474765197214884,0.4325340909240973,0.010656197755417983,0.11970871471976394,0.5125298915299911,1.0
0.5909468711771376,0.17052723530962358,0.025602227402495917,0.19604638140664074,0.8963888156753734,1.0
0.5224753896586902,0.32078466112066034,0.008652601876336088,0.4721311763859829,0.8421775167879365,1.0
0.3039453695296979,0.15508937847297619,0.025484775217254448,0.5824167267305324,0.20181513252888234,1.0
0.519411504806899,0.6537418043079002,0.013217527154755217,0.4396584637410736,0.18116175627656725,1.0
0.15785431282764006,0.7785242921563102,0.02813226706607593,0.7468543630910666,0.020403365270681685,1.0
0.4688694050490219,0.595948834338079,0.032253551378547705,0.37623036615657357,0.8751482954551801,1.0
0.37190920702111835,0.05322972881050168,0.02624463589589116,0.15150210467548003,0.2577629956328093,1.0
0.5351820007052873,0.014958746699044102,0.0010759969614115026,0.5111499711081572,0.3056505582354456,1.0
0.6139803437783948,0.22920803524570965,0.021135043089288232,0.3798866846356866,0.18755947145211993,1.0
0.2376237425241608,0.030802275904972098,0.011476316709233127,0.9020527354916124,0.8315307637571452,1.0
0.576257784963222,0.5677931984550444,0.02917707633258622,0.23705381141544865,0.29709110130421934,1.0
0.04182911978190266,0.315373175425903,0.03084906840399224,0.9120756599239095,0.11052571042278184,1.0
0.3819675526860515,0.4898698374267645,0.019860463817995028,0.021238501257728325,0.8424000056732396,1.0
0.6537514071916387,0.6607917862548758,0.018951315166244088,0.33493913830266736,0.14982884635534158,1.0
0.04589646210569785,0.8246780651241821,0.015310997782000927,0.41533946993781284,0.3278436876174299,1.0
0.17574203581794812,0.15215651365373595,0.006628071052531026,0.6588689553679132,0.9919034234108688,1.0
0.9057117796704203,0.2793379426489642,0.023028597284260207,0.04145845298143436,0.4961583206016128,1.0
0.5367834574454059,0.23859754949690934,0.02916889624110913,0.9701663747270021,0.45973689959637326,1.0
0.790622855077227,0.2422475715611722,0.030391312985578706,0.2809207044046875,0.7760549727117235,1.0
0.28909831671075553,0.5340863140059279,0.018847351253946716,0.8505807533018799,0.9961311303809686,1.0
0.27211674469221203,0.35824061201285273,0.017283225865540174,0.4944158334112447,0.8563388680852683,1.0
0.019832727458915362,0.4555667388226047,0.022014510500299022,0.4609351915059304,0.1315146107696766,1.0
0.41224403943460636,0.188528206527309,0.026714441892012417,0.32207927946233433,0.5893983032780475,1.0
0.8775496521371724,0.12289291693097534,0.004884942280617645,0.30101934945389275,0.4317837531577092,1.0
0.7634238953128486,0.24602057726619037,0.003882341254256321,0.4143860100742634,0.7736059088503455,1.0
0.7336115035149874,0.5583287918212443,0.02562251785947201,0.6817081457685575,0.23513226586256578,1.0
0.7708387233057936,0.3178035412132631,0.023235086988375668,0.4819989470912797,0.503655692094075,1.0
0.6665509481400744,0.8658213483191656,0.0058086637928793355,0.3667395565542329,0.04961878738599418,1.0
0.989668838175072,0.4939780367980783,0.013087646633598378,0.2756021995483939,0.9800326323000141,1.0
0.7259826873420056,0.28447433771012787,0.00339664318213525,0.6835933379034234,0.0026292167822350083,1.0
0.2511262223908333,0.7463581278394297,0.02717150568992208,0.7243831315787204,0.02545895802614278,1.0
0.9901554684417074,0.24338274315709726,0.01032411145566151,0.8137130230309589,0.16123640825102448,1.0
0.7552713511230779,0.03812350115753782,0.01982791120501769,0.576301381277347,0.3041394544944024,1.0
0.16358696958055652,0.36483051479635464,0.0298547353630092,0.1914521138493865,0.8215527621913473,1.0
0.48973983812280003,0.0762553317832577,0.024048721892091486,0.7908108875665446,0.850008689698556,1.0
0.6723437065772873,0.7692928519261802,0.0181957814629252,0.9128241642799451,0.6441146238172631,1.0
0.23621656499686697,0.4972410429373462,0.025813843316169337,0.2035190328081206,0.21212845346871628,1.0
0.43517575037646883,0.18263363747084788,0.012269771987371204,0.3979787721176597,0.6234621722127509,1.0
0.986603485846169,0.6520470601522014,0.024797360267122644,0.32250734052689245,0.8573014368533003,1.0
0.10727426866165661,0.9732827341075532,0.0303807150118981,0.30434148940359523,0.6754955456646682,1.0
0.3238050779393254,0.28748743654953457,0.005624933137510821,0.5497687641935634,0.4471500934273903,1.0
0.21614181031192506,0.9386720601024744,0.022712100675238413,0.8997010567259535,0.11016189486672269,1.0
0.849612356825517,0.3315898590346522,0.007634867750623538,0.26575628449981403,0.2736607930230492,1.0
0.32663763917655225,0.2720027986352833,0.02304941814577469,0.05397933930021258,0.3410234143615902,1.0
0.17667389953172494,0.22170693435069946,0.007822665264039195,0.0019251806246735137,0.47429398407974116,1.0
0.2736668719631252,0.9948086211673796,0.0322254711872702,0.21586073234817788,0.3106924294820188,1.0
0.8445691331125843,0.802843295451698,0.005292208843253594,0.12532439950000376,0.4173155216401506,1.0
0.8822029140964068,0.10825848383684365,0.020526107790828755,0.1565195219279878,0.68644318069278,1.0
0.455314523183118,0.08399969191735944,0.02069464266041455,0.4091081534657188,0.8110878535816263,1.0
0.8750223032721166,0.27442670722715007,0.006355599620215323,0.30717389694126135,0.03588087603092376,1.0
0.6604575162481486,0.14314069557803574,0.0047864090747439915,0.13325290596309605,0.0784741225872049,1.0
0.9441710003810316,0.04751459057705749,0.02684244057248037,0.7374145949704806,0.9969125151854303,1.0
0.2862234826987258,0.4536290386890174,0.03012355602307248,0.728865048895361,0.47215219015353527,1.0
0.7272887255271028,0.8546723411741539,0.01459834185629469,0.6689168603751633,0.40081180915542153,1.0
0.5253854695749587,0.7759500882082556,0.03423520346038366,0.44492179647559416,0.3429726912413583,1.0
0.13475518030580647,0.297641799079905,0.003939212051139412,0.42846636891606793,0.16818991204173783,1.0
0.7937841716422147,0.24668172293854687,0.021804417125630346,0.9012802378293642,0.5673622578425174,1.0
0.34542142777198837,0.590778837976882,0.018224778751835022,0.1494712164406269,0.44734954834587837,1.0
0.2680653817431149,0.612833069824512,0.0033854433824971352,0.3372704265319513,0.8044725559447968,1.0
0.6055716731530751,0.41061968399660165,0.011759644842118392,0.9162155562221168,0.3439184563623031,1.0
0.9093920143246302,0.7461984115798791,0.02418119026573871,0.05048540712480893,0.13207375575506003,1.0
0.21022340368973394,0.22641234764472873,0.027490709521682765,0.2866390238881057,0.07251571484976409,1.0
0.4437348092580425,0.6175114491069613,0.0305420979353213,0.11169359063760664,0.197476153462008,1.0
0.3647442538797331,0.48305491379424914,0.032420238065463326,0.5453467622108225,0.4157054900014639,1.0
0.06615045422963678,0.9321813349228008,0.018056502630226425,0.504252581429371,0.922042369869006,1.0
0.43896868343961865,0.2732161035250818,0.023399770071792312,0.5700754458887818,0.2151310915108353,1.0
0.6444427704793039,0.39793655032233427,0.0011496313447207193,0.4471345690260115,0.007052059013121476,1.0
0.43117929257835325,0.08283796430114237,0.010372624748763652,0.6558358771904094,0.30930672726680963,1.0
0.9163857318810661,0.5857245946809382,0.033876202713587635,0.8681492771380895,0.31957962032164655,1.0
0.1376949522199434,0.6848668729543623,0.017696782100815735,0.017809113313571892,0.27495559256798036,1.0
0.31651565360339223,0.18227300084613923,0.0073760691834550834,0.47973405137730707,0.8428065914298644,1.0
0.4374151555302365,0.2095181565535236,0.002566206603474498,0.4631676891632483,0.8149605731696735,1.0
0.409192166859623,0.5951079692456827,0.0158323817121714,0.5794370936803876,0.5179877391491556,1.0
0.5082011346895908,0.940670387169391,0.015552958173777331,0.01690038673667121,0.23713716187357556,1.0
0.5410312800367733,0.5528324045227414,0.025294771341182794,0.2753734944749104,0.6652387753624357,1.0
0.4118694718682055,0.40276693004717573,0.007083442712319293,0.4145733888791184,0.7870294754153054,1.0
0.5940195781266474,0.3000709730109445,0.02419785043443087,0.7404060624873079,0.3328805660018817,1.0
0.07462213630620174,0.0117429638824255,0.005181006269489788,0.15685233947968222,0.8790501039147736,1.0
0.2756567602784113,0.4296460408708325,0.014424590351821498,0.302160206320029,0.13876168282955334,1.0
0.1374677983768757,0.7756490282200017,0.007857392451535423,0.7316399358261784,0.8057805195897715,1.0
0.08765902251971606,0.9496231978830062,0.016743591429587746,0.6306052594780154,0.024237179681645987,1.0
0.5058922569048269,0.8863320950760145,0.010228940197188794,0.7754161285388609,0.6625507153304431,1.0
0.29408179761920455,0.23862617240218112,0.01604593797749171,0.6356989088045366,0.4339863357529981,1.0
0.6961828894600471,0.5848866236167783,0.018656672852133526,0.5548651778485324,0.22267874564752974,1.0
0.3881130350032295,0.3641043519102896,0.006090963081070199,0.597240497215896,0.6030617461359601,1.0
0.8599902068086686,0.8456124408167128,0.004707846420402665,0.6953433494221083,0.39444092142883724,1.0
0.22579860605496774,0.28124368120907495,0.016031614014894734,0.2694464335319825,0.6923013730201277,1.0
0.22165795601469065,0.506867695417076,0.03121878405641131,0.7926032512032027,0.4993300955023942,1.0
0.18070657823782527,0.8785044943097086,0.025145675976955675,0.572591139844311,0.8795552113077147,1.0
0.6828067967160661,0.21749560010081873,0.005099632994543558,0.4661429014969262,0.3880055368345893,1.0
0.32465556720506455,0.8150873567929504,0.026460118015923722,0.6682559461884777,0.9204800724870995,1.0
0.3902815147968828,0.16178647615792788,0.010375910566832352,0.8798966796048099,0.47490775077845665,1.0
0.21689594302708895,0.48547528999337136,0.025366622595793982,0.28740533343161834,0.7579588042918415,1.0
0.7877749999771645,0.2516587192460374,0.022454956920923544,0.15458154420935308,0.3644331851824721,1.0
0.632036717194356,0.18867286461218444,0.030183650851145993,0.05429763136283669,0.5956204728281329,1.0
0.5319732271109059,0.8008711481394613,0.021236153088429473,0.7833052266080696,0.6559385412199319,1.0
0.22858333993529767,0.7420790926593448,0.009088936146587246,0.9806596348674456,0.2285594037702435,1.0
0.8588144473633803,0.24374287610085632,0.013270694978703621,0.7149255210178479,0.15958983161456847,1.0
0.4868720648433523,0.24445305747849413,0.009012370489347141,0.010229682497094167,0.37107914160675,1.0
0.03212465501584373,0.6216119450354498,0.022306276188114038,0.07172967130188523,0.3177245213465436,1.0
0.5825849011763339,0.41256274928797587,0.016813465567779264,0.20907171444136932,0.8120696192072201,1.0
0.9107533782077936,0.22471045730060737,0.011565169104399536,0.16146215203472725,0.30789393249868086,1.0
0.6334726313275708,0.19045673516657652,0.03225949542850328,0.10399637061522464,0.007871133023298721,1.0
0.7040660379582836,0.35600451048564247,0.021246990000944016,0.22432055673839413,0.1692212589967306,1.0
0.3538346418912399,0.6156148204847568,0.008417072275075071,0.663264772860058,0.7670946587825104,1.0
0.044814425134498063,0.44014778792603737,0.027316818923742863,0.6511290557385685,0.7021798386941767,1.0
0.2357105997078168,0.5322470644413249,0.007948433587472695,0.7265024682880807,0.19776948950351755,1.0
0.5070382335446824,0.48722322420935144,0.021428878797839,0.438007155899417,0.9195538352015813,1.0
0.8792343377854018,0.6298870548320341,0.02259026913926742,0.6095894850322328,0.4354492702670348,1.0
0.5924108845614214,0.026506305301311858,0.0012535186684093033,0.8517901844704518,0.047377620732844565,1.0
0.6153727751866954,0.19897305839281318,0.03145484850101504,0.1909056759766266,0.884630472379308,1.0
0.24150221057066976,0.15159342210981747,0.011751912146331995,0.3985526157040044,0.24653889182242453,1.0
0.23042268390334145,0.8308041921558741,0.006410003401076074,0.9802643806506716,0.22629793482480176,1.0
0.5590055027011386,0.12116542944093722,0.028771882294289446,0.275410847148149,0.5497206317000621,1.0
0.6030380116734593,0.056430500537790376,0.006733037902273308,0.16203105068044085,0.302749208156436,1.0
0.9219993994535154,0.5134414960607895,0.02220155502189127,0.35813068722272273,0.27696989489287765,1.0
0.29502865185999877,0.3443022798040345,0.016393529725209143,0.5062279534971712,0.9843296977700569,1.0
0.4884881887177645,0.1503622277498496,0.01289997391207107,0.7175934079876979,0.175287681616814,1.0
0.4172843225444392,0.05252796486006851,0.03272455821026712,0.4141895371525935,0.784142609215415,1.0
0.9374229612572058,0.29117986409446855,0.015015842089381694,0.7591053760190271,0.3443236479655761,1.0
0.9948283502408092,0.5560589111646617,0.02443893542478504,0.6438187719194562,0.8280962230094157,1.0
0.5636928763378393,0.29526151889143293,0.0017752084175489617,0.6147888478132558,0.825643364432354,1.0
0.16554143435037344,0.2887939908627053,0.018339623603403396,0.8368445377586889,0.1725813929223522,1.0
0.7536152453365949,0.9361114728144884,0.0049679255170812205,0.9264652425303929,0.6018660676393051,1.0
0.0547209348589869,0.5066420074849545,0.02216940891874699,0.30752700603296734,0.4322185578931514,1.0
0.5529953918332069,0.042819663881431234,0.015942380063682343,0.21460433663743864,0.9167783830072644,1.0
0.300347249455717,0.1760102118538077,0.008463141132243666,0.4782745030976008,0.8746310935140652,1.0
0.05633666965358235,0.04084571711043086,0.008731292151176852,0.8429285063318194,0.6218590769776088,1.0
0.3196506229900595,0.9294959796411412,0.012260060328712503,0.8351094682402938,0.8960076144579082,1.0
0.8943949802112618,0.27752648410365605,0.023386736490231378,0.08887578477586187,0.47446027987830147,1.0
0.06370051465267228,0.004721782569543111,0.012041571958987486,0.589941063942226,0.45577511730350617,1.0
0.9912088307454748,0.9395855149396982,0.005272212432474894,0.41569231924182626,0.6491980870596172,1.0
0.3670057827545809,0.7465355309226123,0.005221100438963062,0.332480812632447,0.7167167425801492,1.0
0.8373730046467933,0.04781016564448792,0.00692931840598365,0.04944608768969449,0.1929221100249621,1.0
0.5047060913771874,0.5287860811726872,0.023368320567803826,0.3855275347538424,0.004204482994498822,1.0
0.05523679666016467,0.8663042603869262,0.0017702355820698704,0.5309446481333758,0.8950229645031352,1.0
0.6088083297973861,0.6819292374890683,0.005161900822835879,0.675252173709749,0.8804745271308024,1.0
0.4436089473589887,0.3451603468258693,0.026612526930274782,0.5433314138072193,0.2580473498005755,1.0
0.17106007029215095,0.4597178595695459,0.006784229790932105,0.020699225067474288,0.05303668619472031,1.0
0.07388837981897561,0.07410750989037859,0.016340407148140106,0.24585518205269752,0.9627311583203252,1.0
0.4053385054225958,0.44928278789684295,0.013753864204569389,0.03882825052648509,0.29355399241545393,1.0
0.10326795968510763,0.5613007113634514,0.004358005162261117,0.10382839247146833,0.48103320110452924,1.0
0.138497150347237,0.005444575784054137,0.007561131020106691,0.2366563619278587,0.8004481951652588,1.0
0.40653845309048176,0.4056216997744768,0.025224363647835472,0.6272950936889843,0.18495604650671574,1.0
0.43817427876439574,0.5652635347996002,0.005716058507399515,0.2939802199150361,0.3066370534341443,1.0
0.46130050502549924,0.6534105207354188,0.01831925604294374,0.20225510568509686,0.10383610800035235,1.0
0.4798253780350679,0.06307704494974332,0.009776130988084972,0.8042297446057707,0.7519745984487763,1.0
0.6024857381756904,0.42348302842369695,0.015505589916851324,0.1948060444484508,0.651148162556364,1.0
0.15570954701740705,0.8857772571253295,0.0135279189125603,0.050689026755547414,0.328553039859004,1.0
0.9170396292759228,0.4909080188423739,0.03351555796249621,0.8753665674027641,0.8254054863821261,1.0
0.38249353675665465,0.7567124718147881,0.020629526104589076,0.7199643177385664,0.17860832147319386,1.0
0.9576348417599776,0.30336065905904813,0.03452948501449132,0.3789976387905657,0.20052377352401185,1.0
0.7851769513748896,0.5552705749761918,0.011442463984508981,0.6088419194239642,0.33276908665316374,1.0
0.8628014616273381,0.6684983103823056,0.02692166254996036,0.5839100579181067,0.9914066508367354,1.0
0.26302886955809596,0.09346637979959455,0.01983666307040416,0.6137458771719595,0.726235611325921,1.0
0.013244545063162173,0.6325973075512317,0.034955646745693014,0.2952548044362025,0.1847505180165507,1.0
0.4259900593022702,0.2516620160236121,0.012796640862496017,0.6385685318407832,0.3456829588557721,1.0
0.04099123153646468,0.9180245591212468,0.014834122637105025,0.32881537251875953,0.08739771204913913,1.0
0.8639611253134912,0.04211204685234791,0.005939263890445207,0.14724343905732112,0.6026725804924451,1.0
0.4383305986984441,0.3444626417456568,0.027038583310287505,0.7428264926938958,0.24750938313793241,1.0
0.358452222382941,0.7758277888344046,0.024632155257109264,0.666187852649849,0.8295991316030407,1.0
0.3403440417440406,0.04329711115856681,0.03053735637732014,0.5828473051872559,0.29882416959180963,1.0
0.7236860936592973,0.748988782029512,0.02365007417191077,0.2045771899757828,0.9133028424500963,1.0
0.6580985672603863,0.6512929794983657,0.0317481618031158,0.9283788259640267,0.5960417805922297,1.0
0.3643702455798568,0.8192597622396418,0.022916581554367342,0.07818876422339999,0.14304382700201218,1.0
0.8846136499563964,0.9518806162487714,0.015546932889163008,0.7842768467330664,0.8283968022870073,1.0
0.14619237351591508,0.9970293352775338,0.0020274529275458968,0.5977385827927315,0.6505620619075272,1.0
0.2563721162251206,0.721857665054552,0.008357585151563028,0.8292092174959308,0.2198975574105499,1.0
0.7836300723481419,0.18975680471172657,0.009091540579508495,0.7793246349956325,0.08691297266331789,1.0
0.45607537528372527,0.9302517468160258,0.020103846386362357,0.3882901703600173,0.9783918520002541,1.0
0.43430123871379456,0.4122326725708358,0.011614122468631074,0.32636911492784676,0.6881492228695686,1.0
0.6821349089206726,0.20200329362774694,0.01406307210895276,0.14739243358777165,0.5531982930283973,1.0
0.3553009204803083,0.1642531609627227,0.00870118978565997,0.8182948056070469,0.2683810863247926,1.0
0.33186820739940487,0.1895438217886196,0.025728491027332656,0.4690764844457315,0.0322459740235316,1.0
0.1486056916270353,0.3540535694766383,0.014083017589854049,0.48994046935915486,0.7856585783118365,1.0
0.9325395792847386,0.6463434707428082,0.03332206189106381,0.8175721478790693,0.9279103798651337,1.0
0.35795167389429766,0.4434711490504901,0.02337309855305984,0.42750492790656996,0.7319411106843214,1.0
0.8301566623359038,0.20498445100236218,0.03309421872384057,0.15639025413733065,0.13003503190629542,1.0
0.8188831258753113,0.739020660461366,0.03365803577275996,0.27126908905673064,0.8268220902512973,1.0
0.5378612269437714,0.4461544296716274,0.0011989007709026461,0.5748877313456185,0.747758381876189,1.0
0.9317242060311444,0.5308691398790853,0.00706036410713718,0.6463016233459684,0.19273078580682865,1.0
0.685629927176823,0.11158418842218899,0.004611393244798801,0.7402036196186315,0.05614703097486309,1.0
0.7963526098891798,0.14225203464968825,0.018624942007416944,0.0975288654779734,0.6329386485662012,1.0
0.9445363754664245,0.20852300463421206,0.024218418302253936,0.12916313295273293,0.21038685187844972,1.0
0.5735230452001747,0.9988643771512913,0.0018814917550921007,0.0013141052244428737,0.351016727620233,1.0
0.883953398862533,0.9126699651496046,0.03093784919621684,0.14403557173556172,0.4126927303458924,1.0
0.3132984567164572,0.6635747904820407,0.00906285734849713,0.32409583870284725,0.8605692196991354,1.0
0.9643597627979781,0.3069533013759101,0.0017999557339914301,0.2556460028987679,0.17203373730118232,1.0
0.11360335026153216,0.6264228283681643,0.03074656839892082,0.363156362921932,0.16932422658609902,1.0
0.7861808546291764,0.591896186405516,0.0044388692531385065,0.5376499671727063,0.4686172960741376,1.0
0.11105043545726996,0.9811308236846547,0.006985472876370692,0.19355014789995473,0.1464371094101336,1.0
0.4442259049082177,0.2503076248445294,0.015600395022731958,0.6738483292106562,0.28241883096713155,1.0
0.30703989094052814,0.1989808517920304,0.03345530679367569,0.8107500495080612,0.3437944872186221,1.0
0.5192954349046462,0.34740574576280175,0.029546794044333288,0.7524129017975759,0.2985769678004627,1.0
0.37002083329627744,0.0020509205878277486,0.0337017352076095,0.5500794469967639,0.5988341690641173,1.0
0.5510908193585834,0.29075779692881987,0.034033588246873914,0.6220467441027696,0.6712504391934075,1.0
0.28857353909029176,0.06528463319275442,0.012907826683308133,0.17692133183912373,0.6624261799887549,1.0
0.30345210338740664,0.33354974278863253,0.0237923931301864,0.1501221628069951,0.9295079892510214,1.0
0.10209824648084788,0.17550932091572086,0.03271336658425358,0.24787216908065096,0.6626065350274551,1.0
0.19490759065642893,0.8793589806810775,0.006033129483487102,0.019731836149542884,0.5017319563367499,1.0
0.3266650543702091,0.1290341083750648,0.034395848205231686,0.677061890859924,0.8508399413162082,1.0
0.698544031715201,0.38517950306378934,0.012027559768923739,0.7172416372985796,0.7169962951690529,1.0
0.5690911580304739,0.2953264846818859,0.017643979177236233,0.6141001029091933,0.42730306977733556,1.0
0.5850285990036219,0.010426291900022897,0.02037455619988829,0.633970182155919,0.9153459902925266,1.0
0.574893191612087,0.47552245326365955,0.019076318567942105,0.06823676659832746,0.8973863838655685,1.0
0.5485115502327901,0.5569989602052245,0.002956905222094454,0.598352562606637,0.4297226380892833,1.0
0.048077791678976814,0.7111767950467602,0.010754390010298672,0.6520536251226549,0.6274988493368109,1.0
0.44101189287105047,0.8357976257942712,0.021590115882222316,0.06966956367643305,0.4434659224895089,1.0
0.642004033232721,0.6149493773539656,0.0013535354513447783,0.6080878139090445,0.7351148043309518,1.0
0.059916794619571195,0.3043547586927591,0.015323301058751813,0.1805919360871169,0.4213131372938448,1.0
0.11410406572404454,0.6690260680805761,0.00992746367944527,0.711694441632093,0.049060419488651315,1.0
0.3920572149232534,0.7971744205235498,0.027654353726989107,0.37618408281505067,0.6230913000736266,1.0
0.5808264293442398,0.08218342925357493,0.015776545660032743,0.18354495385657105,0.8834978009094312,1.0
0.5911829748888973,0.3610214784696804,0.0108171951981533,0.20371686327847205,0.9119597110843526,1.0
0.13412788328659986,0.7469781514155065,0.01523004641924621,0.016381258305609287,0.5288389530558458,1.0
0.21072437878050107,0.6963449204626689,0.009742829262800668,0.8919963136399748,0.6575125886657457,1.0
0.6155743487918539,0.8689807414309938,0.013297278950753107,0.5495914363086941,0.5163745100438892,1.0
0.16575049320000493,0.5784827024235057,0.026650660603717333,0.37067971077312667,0.8677139430913604,1.0
0.1741354511360202,0.5844643070496267,0.015299312341268625,0.016174914577322543,0.07076875390100971,1.0
0.7695606295586341,0.8921474765177145,0.019551789716483563,0.10645989705160934,0.5348845332896042,1.0
0.749728151493467,0.2918070655336776,0.0052122807158041665,0.9007810180624808,0.8542346578855788,1.0
0.8238508153347397,0.09811542514715456,0.003151643535669259,0.7588422962491131,0.5367743113030331,1.0
0.9039583337800459,0.839464268495686,0.0029591980325999246,0.6164711546992312,0.7724951358042508,1.0
0.9830224935771121,0.6863614571429008,0.00454086243169886,0.1990997139879535,0.8264193755782625,1.0
0.09924092760551731,0.10122898852720334,0.02695515984087164,0.06528992743482302,0.06949155594878262,1.0
0.8006493625061325,0.8816816366645178,0.023117455672513627,0.3232138855169196,0.9064068771424584,1.0
0.27623532861539446,0.8865140187735785,0.02414796814476907,0.8957764126245336,0.15674538796471843,1.0
0.6131294145436267,0.6683670090493342,0.032078059731099354,0.381372221719934,0.7198554197011663,1.0
0.7879649661470942,0.897045849041474,0.02412206908462322,0.0685719149485613,0.18395720550393044,1.0
0.968681822903849,0.9674459003846642,0.002251179613604011,0.38306571978146886,0.759913031284008,1.0
0.08682299604500855,0.6098793982024294,0.005857567030389153,0.49371612353492556,0.24044601514028038,1.0
0.08093940610108295,0.9109820567801783,0.02631796278285216,0.9318921577911775,0.47051994240121914,1.0
0.3590488852095935,0.6166907889560379,0.012953019157025344,0.7465269607480242,0.8015160088896462,1.0
0.24355812931503198,0.5274950272430831,0.008597116968814522,0.0385182675969208,0.7081174788656679,1.0
0.7242033522735306,0.08853528849513057,0.03484789008810603,0.994354218380085,0.4655348256780092,1.0
0.24432498724975124,0.7378285950620737,0.030893679131661238,0.8148515998146978,0.8119623041629163,1.0
0.820169957830994,0.6910141082082792,0.005503347536902949,0.11507021966045561,0.7721502137987052,1.0
0.5198567410741861,0.9073545290579793,0.023426072133621433,0.39675059834321186,0.41451787636800763,1.0
0.7605150094016621,0.564788953642175,0.01829786999545211,0.7271738019515277,0.7055592853571293,1.0
0.06348923449101711,0.7551971799498969,0.01846785533235746,0.07561842691311872,0.6793310181413502,1.0
0.5241035423751398,0.7940051786721131,0.011208435693396253,0.20270531131290467,0.3513832177915352,1.0
0.6962376687997667,0.8456744179403495,0.025511218462675005,0.1748135715105319,0.3668508677154571,1.0
0.6870374753584932,0.24892370633867722,0.01886315571696279,0.7920380133514896,0.6712683356466935,1.0
0.3335338838657245,0.6537109223164288,0.0196819034775581,0.09729709398257434,0.8741175976842726,1.0
0.4738876521842679,0.19924089729563005,0.01381778984499827,0.333492037452784,0.2714649471465974,1.0
0.4628130849200018,0.8893084876293526,0.033005695219603476,0.22025395579886278,0.10100532333844331,1.0
0.9948665422349704,0.8637364697843,0.0018057116720369807,0.2520122871557595,0.044298934764222656,1.0
0.581825569316024,0.5142048226258867,0.019851295987881937,0.2531988074378945,0.602036730769724,1.0
0.6463657122468688,0.734699396348652,0.023882892966202125,0.332785400793908,0.8264366522124151,1.0
0.1291690256013536,0.19594907631777672,0.022661686048060115,0.2901267174224701,0.12031350850479071,1.0
0.16645156335986025,0.47831311591156384,0.021651105416602912,0.17722587257956054,0.7127841137528579,1.0
0.3122465802555669,0.22427512245303347,0.027697008622068496,0.9598540191039402,0.4930073488294146,1.0
0.2613087471090504,0.1588922408277272,0.02965391768496861,0.08576913344577196,0.9665097644476954,1.0
0.5182220472870891,0.8475032717967677,0.0019366191239095095,0.7773755966576026,0.11748744152294804,1.0
0.529647043018624,0.0620682729577317,0.02933033131924503,0.02828680295418039,0.13923232220070988,1.0
0.4654062527340331,0.8815073156504789,0.022604595274896843,0.6239052256160376,0.29294287102588284,1.0
0.961211218505786,0.10569289145425176,0.0189863604025013,0.27329602224394545,0.2648765229178733,1.0
0.79813618306169,0.7774023033484474,0.030539257432580822,0.2936098351744547,0.46628563033335874,1.0
0.7471107655132291,0.30304076903014077,0.020090780131186342,0.17013098173743124,0.8195801076271942,1.0
0.8775754618382026,0.046891060109616106,0.034743596132350466,0.24853163502525483,0.3101242523613021,1.0
0.26826516566816583,0.553108694747543,0.009153558506328506,0.3943775400890044,0.6559509758607721,1.0
0.6930487587666126,0.5947285219425359,0.006022771126396336,0.8162994859397413,0.03823761310504565,1.0
0.05800185801502923,0.6677615466088781,0.013524616808179494,0.6523964347216619,0.3476839283442867,1.0
0.45850304915601464,0.046535073013877055,0.015627701895764123,0.6414232987520875,0.5465061938293584,1.0
0.6683879297010621,0.3095538921603457,0.0014907832944867513,0.15643996152716097,0.4980620976592429,1.0
0.6946886307397973,0.24141282209019868,0.027275069728155736,0.28719070421258597,0.6212428438768313,1.0
0.3861705725151051,0.04775813687365499,0.01920514771600195,0.9954136524829558,0.9690228745105367,1.0
0.7559408129148281,0.3456068799882459,0.006449264326225111,0.6662487859018907,0.5013678607972422,1.0
0.8275652695732729,0.33720713221153564,0.023681221824892542,0.36682527549566263,0.04368117268384876,1.0
0.9500844287409305,0.48377921960632864,0.004679834852453518,0.6881390025468497,0.9634159703688027,1.0
0.5723888769703305,0.37690446360418267,0.020743040729314176,0.8161151311370503,0.8613761046764358,1.0
0.456020902063296,0.11973913158065974,0.020351896509118398,0.15727239920533184,0.061897375563958135,1.0
0.6557180765965813,0.8542931590999866,0.027616408834446323,0.8573832722437916,0.7603087020500696,1.0
0.011127431571558932,0.6264762094974012,0.005096381340730002,0.05960846520020852,0.15725573995354974,1.0
0.7441055437069214,0.9488236328000071,0.03428519279411396,0.8933907023876081,0.13379312492602216,1.0
0.8387984976538567,0.8712147739998376,0.006157310981960709,0.11767503594554422,0.9238850707044975,1.0
0.3692531093115586,0.4565288646445662,0.005231045946205192,0.021613653744514863,0.994096379297349,1.0
0.9124255914212867,0.2852785062028464,0.00848345347334493,0.4264406916172512,0.4538660496090288,1.0
0.779473859447273,0.9966703711038752,0.01897548958347104,0.3888704363174388,0.3933591413279821,1.0
0.26689565654564773,0.5026306558459965,0.01568283203857971,0.5454897109973671,0.8492165829887692,1.0
0.02863651672540564,0.039187219837458,0.005561739380433185,0.5709125018195981,0.8083766252278868,1.0
0.6354780887729963,0.40374010919844255,0.006253500077309013,0.4020169211040356,0.33308271877387574,1.0
0.4872326580331966,0.22696970405457428,0.010819236271736516,0.13733369437814633,0.9186668636200621,1.0
0.01383340230733833,0.18380594459334187,0.028569716608961276,0.5239433198444502,0.6262174440896093,1.0
0.06960930756362087,0.856302004329676,0.0075244052522638535,0.03402614134456957,0.5731314317972604,1.0
0.09666609000797438,0.8005766544510426,0.01771472603681185,0.24226694379489586,0.34927779693615923,1.0
0.06728779061184524,0.1173641353172767,0.02195290918967937,0.6073647627326402,0.9724897223508364,1.0
0.06601254955033835,0.5379998974147783,0.022703791599900873,0.14046318300046282,0.5533091115616615,1.0
0.8448853278231873,0.8353263342880459,0.015607389263947022,0.9667764473222912,0.9797941005752919,1.0
0.36834609102763516,0.600721148576598,0.0038844855257691093,0.38327284831032293,0.26191091193257415,1.0
0.41217423700863903,0.762908187688965,0.01414798235941391,0.13268025834841662,0.8632883786306866,1.0
0.05688493310047557,0.3650200214911462,0.024354540687637042,0.34236259099548494,0.06724650480335399,1.0
0.24573587813117215,0.0064143800183797586,0.01918326504813366,0.11752926882944188,0.28820879250786946,1.0
0.7253905731341542,0.2641921712291665,0.012192584816217957,0.24766232888933776,0.9569317117158758,1.0
0.1839974230300426,0.4455902605357005,0.007436416212819352,0.15755174782932255,0.0967836581633844,1.0
0.6124701726469941,0.6505127289860884,0.027292200272319475,0.32703165477978324,0.9185053098783096,1.0
0.8049038799926057,0.7212412016628845,0.013187491944707102,0.28374945557457226,0.4230945525094351,1.0
0.45182922106438117,0.0440978421121446,0.0011341626409246128,0.9315674405352181,0.689647523727305,1.0
0.3417609373836348,0.570967476670389,0.03131357639550328,0.6527277538099208,0.6028795159555507,1.0
0.34635133362020715,0.6988485668077901,0.034353351994537686,0.42533293582706955,0.39281299881018655,1.0
0.4261184240816718,0.9906341485951266,0.025030460755317584,0.3598252647613811,0.37213087145289586,1.0
0.037675475392869244,0.5282885856192288,0.028586952351774,0.660907225414303,0.19922242591478004,1.0
0.7197391477256982,0.26327667643334807,0.022177738333135796,0.6113380840888142,0.8399478362323254,1.0
0.19564366600701122,0.48648353426403745,0.0025009350623384392,0.41617860340410484,0.7884308229577235,1.0
0.46048878819958833,0.9897794641490621,0.01820128045644539,0.49882550029796846,0.559234790140444,1.0
0.1480167188032583,0.6776772744859934,0.014456071536796187,0.29061672158726026,0.032360228299977686,1.0
0.03329653697898791,0.750233140959236,0.013987611005951753,0.5990891226941455,0.24843032268947216,1.0
0.5338546128341125,0.6959220772591894,0.0076467720281349835,0.43692258848513166,0.4452103153211043,1.0
0.5654843968058789,0.14678975109491896,0.018331471892831724,0.11431807985463349,0.4860568664462823,1.0
0.4527940457894535,0.434315610083731,0.031869726175832155,0.4904456643565063,0.8186804049729975,1.0
0.35273071183962457,0.07601429125255774,0.015305425023930784,0.669031187187856,0.8383288670752868,1.0
0.6404325969234854,0.1780898105393312,0.002265005299936939,0.7918964570321387,0.1678711692338451,1.0
0.9376247585856887,0.9635578426951174,0.02195274791448482,0.37925863541460614,0.8334063014230879,1.0
0.42996293510225225,0.35766028170160113,0.032031799685217174,0.9198576379469113,0.6512350403973427,1.0
0.48271059686864415,0.24608303785783267,0.031087132548272386,0.1392643962171857,0.05525596558484665,1.0
0.45383278889318474,0.8385265227154813,0.0035374074597566,0.8012750564752347,0.038297418091314164,1.0
0.46185443597929865,0.22206999839097116,0.021186436038222043,0.026791177217258964,0.036354152820615555,1.0
0.21095499732981934,0.6567607065370729,0.02649735349102579,0.06027183455924247,0.769984200509775,1.0
0.3901564122415485,0.08755255310302137,0.029513419434404994,0.5611680575394382,0.505160612569325,1.0
0.3351712541807301,0.8908885071902193,0.025469387956196545,0.9285996077163867,0.9078942507096973,1.0
0.1325450752851204,0.7962203756995034,0.02835280806821511,0.6447291546503083,0.2795820972799638,1.0
0.20521771575231937,0.5000758029800806,0.018730561835852335,0.16266751549120279,0.7228062935109076,1.0
0.6934046810678642,0.8487668807943463,0.012879478452801586,0.7097113877906011,0.15761723413970197,1.0
0.9520796668546715,0.15354099980627714,0.024523222115059296,0.5063252654599693,0.5319678325005462,1.0
0.4892517588371008,0.6007260656256991,0.008850634659986825,0.37912808989214164,0.8653751097214305,1.0
0.5979776856727063,0.18510277517265533,0.029782346329394648,0.5794649098996962,0.40364573388760083,1.0
0.4374078544904448,0.9576547135958206,0.0183131158512831,0.47002004216816035,0.7465275396868087,1.0
0.4279965259309132,0.33761078384004745,0.006131271681199308,0.714095404988448,0.8731578829697402,1.0
0.8809221350997418,0.4523320186355549,0.010658250534908674,0.6382858258512226,0.9547502069941256,1.0
0.4953537130285664,0.6891197659389348,0.0272662890234495,0.9193499920667426,0.7634525382181819,1.0
0.27433291194701864,0.5003817830648617,0.012158050116586041,0.9428218280951262,0.5084578776065123,1.0
0.34884802193670805,0.6397675833013087,0.018681743473112227,0.12991987397535829,0.8693386030196641,1.0
0.43314585152819607,0.2064613896069155,0.019815539059008232,0.7023530073661544,0.8812841553053136,1.0
0.9733585777896789,0.7041139242783364,0.010666155269991592,0.20527028025895208,0.29679183073594334,1.0
0.29209878302275444,0.46335831342267847,0.02499509384423591,0.8721178738601617,0.658912591183758,1.0
0.17415346949965965,0.8775304198634476,0.010374452243015763,0.1292497858924592,0.9762680460503286,1.0
0.1375153181078985,0.6263948792016848,0.011841347082867241,0.13421585597531283,0.6015199960986601,1.0
0.7934051758329494,0.15635708841126011,0.01993348030995804,0.8138646923107792,0.16192592441276105,1.0
0.003408986034245942,0.5251095222388928,0.007619177693306332,0.7245183331511722,0.9622516417619882,1.0
0.6494479147517691,0.21262262699705287,0.001612233205309936,0.7587956400203703,0.43457067197424193,1.0
0.5347515962612621,0.1583253861067083,0.01629233102110745,0.20368890301121048,0.878151243413888,1.0
0.3418975658500489,0.5282925024843332,0.02376232639924297,0.7830748589287798,0.08106706266067115,1.0
0.11533824447271993,0.3956013138623904,0.01686802474279113,0.13732516858363453,0.41174198476170565,1.0
0.1099808737138092,0.9167433002355383,0.02137096153798206,0.38914699492582583,0.5074002762887344,1.0
0.8544767006129484,0.5754400265269352,0.01782645768938048,0.910974517692502,0.8381417185358336,1.0
0.22638359502761232,0.1539699883568884,0.02446328167023342,0.4691736140850545,0.6840290002438867,1.0
0.2960181938374062,0.2853657826896859,0.017688273252778247,0.27427576421297084,0.6676279807401834,1.0
0.4725669071071911,0.7240759658330446,0.018354877348406393,0.7131588502450422,0.2257432795479296,1.0
0.7154088994335608,0.26733910134212846,0.019903013695365953,0.8554563562065272,0.25027312432546656,1.0
0.9540127504297402,0.8663756778378073,0.01465168281112939,0.6076005252551503,0.9917783641184512,1.0
0.11591257482793621,0.04638532402398215,0.027870693331296967,0.4242046970764443,0.24756607773856523,1.0
0.7576154936799059,0.4657820882981953,0.030528982745879805,0.7351906631889216,0.9740401362949797,1.0
0.2552926645742231,0.6594001735697508,0.001698463173956892,0.9911156177051686,0.261745102693794,1.0
0.8493044675783658,0.16130419806524346,0.029827897655556292,0.013233420125031602,0.442535160947322,1.0
0.37471662254547716,0.5867983615541993,0.03210463985588949,0.3276621251859888,0.5796806272792577,1.0
0.7732223997062768,0.0416925315406905,0.033054885980340516,0.047600257354354115,0.5891697158999553,1.0
0.7866038404716137,0.1492946087971287,0.007098593330131929,0.7523548258056221,0.15035524765921346,1.0
0.7319164421207209,0.6515906868538985,0.008160542327845237,0.3046562984273995,0.9690059283378,1.0
0.04541301895994416,0.2203653145668663,0.012642793048502481,0.9994899148902913,0.3033888559294417,1.0
0.5134086559777806,0.08452177958900309,0.010318298355654542,0.9923907929178452,0.7049338804112243,1.0
0.4492380318732042,0.17246587511622044,0.005180118317672123,0.5874783479354532,0.5061502337505754,1.0
0.8924139220036278,0.24743517557423028,0.032381727546283504,0.5184737807815414,0.25957608326693205,1.0
0.03649438811099348,0.5599498680954876,0.025535132191018866,0.2806977094689871,0.8636284256456547,1.0
0.8400344084490075,0.07946641886862478,0.006437538123526665,0.38160359931800625,0.8542014572853811,1.0
0.8755628015544473,0.23050179508618093,0.01638528555221398,0.35338166985607744,0.11900810038790902,1.0
0.4387401124614613,0.6906409300948383,0.020559101006577058,0.5022142009353552,0.6169610459332922,1.0
0.6996130633184154,0.5329475993757659,0.022936322662643196,0.6067878862285125,0.4336880862788268,1.0
0.4441262303639994,0.7578567634940404,0.03394302443975771,0.959905492139732,0.8209150506385555,1.0
0.7495826560826698,0.17887024696229684,0.01728662754867337,0.258047460226373,0.004491486128237748,1.0
0.8639847132899895,0.5141849198514569,0.009641177796046231,0.6932822349890374,0.4353662834653776,1.0
0.9995185920707684,0.3497335248823802,0.009309703478253625,0.26811510630596347,0.09425289943499128,1.0
0.0184076276641924,0.11528116184387432,0.010237655407270792,0.16070291313357124,0.7324269404012245,1.0
0.8661281109195001,0.22189338920724191,0.004692080977033302,0.011096537786827268,0.7154897993178243,1.0
0.509989106532637,0.11250443062548358,0.03450006139003248,0.12625935433088534,0.41251400071523636,1.0
0.24564206153192641,0.2677048135608272,0.02848898354028492,0.2740663175348207,0.0038684397837181654,1.0
0.013522674468796516,0.9098824915455375,0.02282164962209351,0.583431251955021,0.20238792135150074,1.0
0.6775773890346675,0.061403110351439576,0.030948782047559468,0.5798339495668757,0.7926744141575716,1.0
0.12292575195370069,0.7027471236135978,0.027992011332675513,0.3866475000856721,0.024668583040994927,1.0
0.20688781242411022,0.3396929099555907,0.02235985426442243,0.10085476449209142,0.07292377037232468,1.0
0.9167232203792159,0.31207136152438697,0.023462399713982486,0.9892460137687245,0.6697813427683815,1.0
0.5213990135837213,0.37754023130709613,0.021392508302472902,0.9588325981561586,0.7882559896646117,1.0
0.3331123842035007,0.8836479980934983,0.00561671807130419,0.8497356717073374,0.25582168458099,1.0
0.8064143601940552,0.4775195207462091,0.007537655188837328,0.844922975718913,0.3681408367082614,1.0
0.5105061661710861,0.43565115486281375,0.024223775379316626,0.1380606105642927,0.4362539643938251,1.0
0.037026646730285724,0.4578809948201731,0.023458086857097146,0.8878233759549433,0.5941924407062426,1.0
0.22346832794032717,0.3534566267916317,0.033032497313553455,0.8860891379795935,0.5583950297060158,1.0
0.45161632406300406,0.05973087190544902,0.03134082153452328,0.8183313589069202,0.45679489358313924,1.0
0.343577685820104,0.12403742528701658,0.02554085120439457,0.5571131866983028,0.23486931940207004,1.0
0.9792509840407198,0.12327274034070301,0.016588490361261143,0.4946646621012046,0.1676304166099786,1.0
0.606371281289542,0.1581871942796768,0.006260612566301798,0.8564923669181222,0.31207604923337484,1.0
0.6271463025995389,0.8393317047070524,0.0261564174618718,0.8407358570048395,0.625589574861015,1.0
0.3941729547917616,0.3796507368947744,0.015225365328911366,0.13017994290161655,0.42453441263216385,1.0
0.03553709165491324,0.2758556245710137,0.026564837141167374,0.5783676258382157,0.8063613292592742,1.0
0.8542296817097922,0.7962710325021151,0.004341675384836402,0.9770293616479764,0.015732699454427457,1.0
0.7927189978074455,0.33256224571105253,0.02135137293810337,0.36276040831660084,0.0615543600324944,1.0
0.09576716808107713,0.09931118452592674,0.0217702524313875,0.5263393657315507,0.4560078368729689,1.0
0.017809310875435948,0.2717124979343152,0.02743135286377935,0.9100671294106014,0.438898259641344,1.0
0.7989300104892595,0.8852852628394609,0.015064449203586463,0.24411189866635674,0.04492769655472235,1.0
0.9099596210719367,0.6782101374948053,0.011786452328420969,0.643245435965677,0.8322363390405775,1.0
0.8199287415078407,0.39251776698968777,0.012849193072256203,0.5834056372526755,0.4652217312767868,1.0
0.5168730341046466,0.3857868568871055,0.014427740466370234,0.5483920106625035,0.3555571259701872,1.0
0.38128226477393923,0.38476024213871785,0.02197709047881136,0.06178602582331396,0.6556995631970309,1.0
0.453573088172355,0.7195337377172434,0.026780696588165277,0.8464146025490469,0.3754283176966298,1.0
0.7146277593930249,0.5822230542813054,0.022481252575961768,0.5559673841987295,0.7729203301806506,1.0
0.5561564206086553,0.15894368715468618,0.014846565935893726,0.6643298295926587,0.4935785367058562,1.0
0.8850850314141905,0.773052888782981,0.01889388669001275,0.9501031025198123,0.42494092414555884,1.0
0.1687683035616165,0.2865066846334864,0.012494909765354466,0.10671493195181876,0.5023030102609918,1.0
0.634551703560209,0.19090226721344528,0.005199212749535362,0.9691176408713257,0.6585820655052952,1.0
0.49039790420123874,0.03436906060031087,0.020528619794669096,0.5587705579488728,0.015960630330657376,1.0
0.6203507099358082,0.74494647820677,0.0177933176093555,0.6187840354703548,0.2582124233352957,1.0
0.4013192875401175,0.16316429471629146,0.002901124224737329,0.6365357611522857,0.9833964713252793,1.0
0.7024024629189272,0.990607331063868,0.02557616090943162,0.3399118722779946,0.601616914927113,1.0
0.2224608077323183,0.4181226956925637,0.00786182878114354,0.9535475138133425,0.9956019292179048,1.0
0.7095197570911215,0.4083629599325773,0.005743312949131018,0.3375899208544065,0.23413832701694756,1.0
0.2158066667093188,0.11323277393918815,0.00839256659832204,0.905851274798013,0.0861364541007522,1.0
0.5289214446081327,0.35515814352217845,0.018598641230642168,0.04437664017411961,0.6489210637310134,1.0
0.6812852995888369,0.5676905580114098,0.015888721802472548,0.3507914007517884,0.22720875490967643,1.0
0.027026399925129466,0.3289125872712264,0.024047657981194,0.1096083226466729,0.06382835107720905,1.0
0.3983769464212079,0.8020232115128317,0.032868584335025014,0.9570834132788444,0.426167261040285,1.0
0.6090051250037356,0.6285647330023082,0.02215972782658049,0.32245683510516226,0.06468798468088573,1.0
0.1552650085942115,0.1247764454375269,0.032493632916433486,0.014833798327993957,0.6022558814970853,1.0
0.3606930743666337,0.52757099108329,0.02465664455815543,0.31785252496358063,0.4781743357195419,1.0
0.7456103096149833,0.8086409620813478,0.03456956556334031,0.3709571474612428,0.7473441716728373,1.0
0.6669381624539751,0.7401340309281015,0.026490864776174704,0.8858594041455248,0.34997235356081935,1.0
0.281010141165259,0.5949741364118581,0.02653995476584555,0.7912100850754787,0.4207043784861336,1.0
0.33451600131900266,0.16986731019309087,0.009857591776546095,0.9122248678949246,0.3096605728669066,1.0
0.24223660713016634,0.7233480163935637,0.020512711981442413,0.6971731794752738,0.6443139886625718,1.0
0.9056415013870235,0.563906026566419,0.003306858618735837,0.27155460901245265,0.7085107614283551,1.0
0.5490034306370671,0.5969838749249112,0.014009395281475379,0.7741216295627673,0.723811349012652,1.0
0.7155948638609098,0.8904676436525936,0.021243354501071333,0.9671051272974613,0.12007349170624726,1.0
0.7172096193898597,0.47774319054340514,0.010799085139535841,0.550487415258388,0.365382932610412,1.0
0.3574356201207216,0.17653128570942694,0.020597230765625398,0.396596598788989,0.09680224665604018,1.0
0.5383085647545357,0.17402388954656192,0.02131969774463466,0.5677916148836315,0.7738390104185494,1.0
0.24951076413997567,0.9512686670838048,0.020081395774614798,0.028112818925296122,0.8208909724276314,1.0
0.7862502813281976,0.7054572647288088,0.03393966662494735,0.9656137222929316,0.27513621403110416,1.0
0.317538230694144,0.6295687408907646,0.02132336688845617,0.055488972105543495,0.006176568085522216,1.0
0.12881410548420935,0.2583948388564259,0.031836477590247124,0.5191140426713396,0.7970948471019479,1.0
0.7352081554919506,0.3919937392961514,0.030371219390593417,0.7423077035675997,0.7434082919616474,1.0
0.599064808985226,0.5290458555322145,0.031265526958300566,0.4550072664360326,0.811759125332814,1.0
0.002288654511865812,0.5287641971147524,0.0035028043897569277,0.9765664704396105,0.006495672865758974,1.0
0.24414131109043447,0.9675844532667841,0.013972416121348469,0.028256142837601285,0.027908829643373947,1.0
0.9867252670522498,0.9797937615106737,0.012467281057835037,0.48322094553970807,0.10135534999201828,1.0
0.6001018974492248,0.2518106039457097,0.021811890821115912,0.8997930589445576,0.0019543780900570505,1.0
0.21070964376061418,0.1247623168307932,0.006647441233061465,0.6262866328200223,0.10359169576049199,1.0
0.887135567967825,0.9266611364541906,0.02344597768686983,0.1981990142229824,0.08621127896436798,1.0
0.9619952285992575,0.9623828565489614,0.01398524205322363,0.326465749556453,0.5105005716768063,1.0
0.9796827892039077,0.22200016863455282,0.013550851194214132,0.4299415048244781,0.125938959058081,1.0
0.8568739893818714,0.1412206404553017,0.020856746328090366,0.4072305009219568,0.1713661893913373,1.0
0.27406996018641033,0.06276713173730392,0.013810128024088998,0.8103996458436463,0.7199655756167348,1.0
0.4275884019197321,0.7080935971932609,0.02362161855146869,0.21782925685510132,0.30427892272742585,1.0
0.7968606616869159,0.46235092172846964,0.008743212229967929,0.9934722245900894,0.1164632275473148,1.0
0.8092372421420583,0.839054625788544,0.028027197825110983,0.20896277036331737,0.6329497950178465,1.0
0.7459401063095498,0.2722938051735335,0.007158059183965168,0.32879486093063465,0.4803646358970144,1.0
0.8371134119568413,0.7692651934769115,0.02398911787266155,0.2642258036498178,0.47940161843600837,1.0
0.2356932513709836,0.011235115023095972,0.012541706999403482,0.2568601514469069,0.5723304246398498,1.0
0.2712490771134909,0.04572472049842693,0.022808208753456828,0.5686213690100562,0.33814254305139874,1.0
0.9579619129359664,0.5848080549412248,0.02408985446345031,0.5318174045161824,0.8067267143985588,1.0
0.3833278330540322,0.69033528691838,0.008816174474577497,0.6522031921148764,0.3997564743465761,1.0
0.9555723405541982,0.8685731039931802,0.010888442711764966,0.9977595569186276,0.3178105468819776,1.0
0.8514077671482426,0.3052917549767128,0.016318369669175003,0.6659215799561322,0.1313370872176558,1.0
0.31010052742426486,0.6770975315589532,0.005622959262052641,0.23349874762183645,0.7116648275487303,1.0
0.42259724297764983,0.7131678413705261,0.027025925070620183,0.09578629749299679,0.8521436138100587,1.0
0.33995529410462044,0.7640390494779098,0.02576216142158241,0.6012903352818771,0.5589226922324385,1.0
0.9992606418037491,0.5789736970665694,0.028496407639916434,0.7445294435982673,0.8559525936317919,1.0
0.1938901242533544,0.16629417675872118,0.02093596216610663,0.44984576782361796,0.5711519702262501,1.0
0.9317827655691971,0.4179984093733596,0.025409709948483232,0.19760238865356797,0.5350173974051691,1.0
0.5042468165659638,0.5457911226663744,0.026005141416463266,0.6498353054167847,0.3590383375714957,1.0
0.11637038774932598,0.9730875928639349,0.0323593273827204,0.3257680699180642,0.2595940869839638,1.0
0.6902500895824607,0.35747084498531567,0.0032879908228592887,0.403392297351952,0.26132840548695047,1.0
0.16379428854151712,0.6591812293762018,0.018905451730337648,0.27159225417805893,0.5543086188249351,1.0
0.7961788817094619,0.9560282850708615,0.0054427973052743025,0.8840295654290748,0.7050921413466171,1.0
0.3749265962453298,0.3445642872694561,0.001191742483965577,0.9822226697626705,0.6068993265406757,1.0
0.5442250530702863,0.041486507062166195,0.006904132479916741,0.6237365650384391,0.5147474679539364,1.0
0.6590839477548918,0.6018342403034078,0.02871903394638066,0.06919484244634873,0.691195909634854,1.0
0.275888386130331,0.19645398685090704,0.008270984165503972,0.1989427225685622,0.524258408712691,1.0
0.659626575557931,0.10597318068982077,0.001914247770548711,0.31997095220342525,0.19266786400930802,1.0
0.3036933043166002,0.22284202193948824,0.007690173998973296,0.3744790518986868,0.6062430464362463,1.0
0.36521167149532535,0.6263450090627466,0.017390036541499173,0.846648850907145,0.5694727353812767,1.0
0.7038836699210776,0.8202444235349728,0.016824982329974814,0.9872100416434366,0.8792177823121221,1.0
0.7869691162840811,0.6013502931054163,0.01918358412546638,0.5144246479929888,0.8535577316396465,1.0
0.5381682790686799,0.04981104685129103,0.01624229757179095,0.9081335204834622,0.7120249926152743,1.0
0.8841082898688912,0.826840554155677,0.01958726319336395,0.0233830597170992,0.5628671884157669,1.0
0.32105858067784293,0.6292807092838362,0.03203904485199393,0.35843784162221926,0.8601637591005699,1.0
0.022022836576856997,0.240188409914779,0.02513531817373496,0.7570862000364689,0.393024433366837,1.0
0.6125464587446731,0.7400351866394589,0.02543438654333414,0.08678492719237099,0.15909193075912087,1.0
0.9325475897729761,0.9136291057046363,0.028112017166296983,0.11760184211528335,0.5746971984496663,1.0
0.3690155536212437,0.2678241853607755,0.029183653370573843,0.14530694811975395,0.6465329894414656,1.0
0.6873675286703798,0.08015425551795274,0.031866883066725846,0.6434365980119066,0.4568546686255983,1.0
0.8791652861421644,0.47765010068733404,0.019064930415615796,0.45299495181873556,0.07351883489734155,1.0
0.1272853318981971,0.395175440278022,0.014151976750662792,0.28076075129465117,0.403104618768524,1.0
0.31207592489550406,0.17333942576057818,0.030558495357247067,0.9708618172072784,0.45912524005244426,1.0
0.0484345957004511,0.03781468906944308,0.014357987851943671,0.9303117762826648,0.7309778348581629,1.0
0.9680783787568789,0.42932914535247496,0.010410953295137955,0.42692689147963286,0.21233168375684894,1.0
0.3618121371072726,0.6583109955298271,0.014227604760123561,0.9018296865459985,0.6427383709639145,1.0
0.13301082621215715,0.9020147461893521,0.01959177352124021,0.2857679199884561,0.8780489649248874,1.0
0.31476284041224206,0.5372915728009454,0.012553687425471964,0.47725752112347897,0.2650519360786529,1.0
0.03781728447823487,0.15848891834722975,0.0334001814768436,0.5758277302034017,0.4894711651526736,1.0
0.7087117258374019,0.14211821643018724,0.010388415500190559,0.6562462175440891,0.4795853002206427,1.0
0.8972127341126966,0.8235492187792854,0.007263062284864889,0.09237876529145155,0.17027115994450345,1.0
0.9139172584032178,0.9255234188361536,0.01113933683859515,0.8405010366355448,0.5366992994870745,1.0
0.5488164775376211,0.14674732655933906,0.0036934647364853124,0.9572619300601303,0.42637675387514734,1.0
0.3569467816835421,0.37955547706399656,0.0331298921484075,0.06364188281577268,0.11994222609491685,1.0
0.5498600818487985,0.12940822120299103,0.0021716446504634365,0.22501011393094816,0.2615499269725608,1.0
0.2168744477988562,0.7385806180154473,0.03008474544765813,0.8983375939399482,0.39052411861089986,1.0
0.9998609873596797,0.7695711104706672,0.01926997075085685,0.25551666125670724,0.3219841474322196,1.0
0.5425408368709599,0.014664965629404142,0.03361960289923013,0.576030641104212,0.5895690861647243,1.0
0.7652221916224466,0.7375272555717509,0.004235371095761978,0.5953993778876603,0.65853555158455,1.0
0.20688508773879297,0.8777571620095995,0.016690356438058253,0.09742709568633914,0.10651560028936506,1.0
0.28346795527932317,0.49690939865533984,0.026457540723315038,0.18753917611741286,0.992659142705037,1.0
0.5997785897544253,0.9290114954354686,0.029305252377812122,0.6482413124614967,0.7157775037941077,1.0
0.010653390706487981,0.43471463557601236,0.004043643495502304,0.3583948093509115,0.22451905077616785,1.0
0.8801759430090494,0.8191239056824774,0.02527410614607558,0.15491785717492298,0.04931905877295242,1.0
0.6426158790379242,0.37005486046972647,0.017071346658810303,0.4896602388497514,0.24068820461375987,1.0
0.4189711651088381,0.6035758508816782,0.03349785300459135,0.538946124909521,0.7314327456336583,1.0
0.11439461318724503,0.653471542886387,0.017391764488650433,0.5728585113056442,0.03937851883327555,1.0
0.9528313654258747,0.004478441760927142,0.00823491412941137,0.181013979535241,0.7815232127625715,1.0
0.178156329633435,0.8141569843635416,0.013018145641395447,0.46139601941680924,0.38791929871532477,1.0
0.48066232635989664,0.2753094186597802,0.015434905274790571,0.9084288127044459,0.5033912423427659,1.0
0.5505769207701466,0.7690484759708947,0.01098210452843024,0.7906230765543635,0.26505729137200057,1.0
0.16156821423451534,0.022631222157004798,0.033200129824308575,0.9999770433972766,0.7624680333559011,1.0
0.8990465148723169,0.7440324070828382,0.012296313523670988,0.5027756338971232,0.6620975819207069,1.0
0.5020393711877953,0.7326630378217301,0.007399662644475316,0.4443467829058537,0.5329975990557483,1.0
0.9644892570823144,0.8484272724562872,0.02213162628781831,0.5840570341599745,0.603583506379598,1.0
0.060303517378664635,0.6985980981936168,0.025355451204406503,0.5129678819047604,0.8705172177971404,1.0
0.36330199319915996,0.02067465924503562,0.003011495980921123,0.3524464633801445,0.46264321987348417,1.0
0.19013897811620947,0.23098114742055695,0.027537453545593272,0.7715165531108196,0.383556046428365,1.0
0.11179747667840575,0.08804218273512605,0.014303494530578652,0.046496890887798285,0.33430140208920867,1.0
0.5079971109944287,0.8228220121783537,0.005395042160443569,0.26881070362729514,0.9465998980994648,1.0
0.648757722319874,0.9761506523834268,0.01972678371524501,0.30604060327950716,0.5324165074961102,1.0
0.11325750421859848,0.008163933947217651,0.031063141413210146,0.671609148470696,0.29903143536761534,1.0
0.6833935245566222,0.9196125327204973,0.011170729095771763,0.322237550277395,0.8543864844685791,1.0
0.9141225302629488,0.2938610537986881,0.005090627298275863,0.44055757442654353,0.2964691002760399,1.0
0.03759830686174133,0.634246589166636,0.031810166435435876,0.97669369643926,0.6504804686987451,1.0
0.07658380316244222,0.3599190676502435,0.0012962997091089455,0.9812025884186276,0.9028237522879325,1.0
0.01911451780930621,0.3676025246122598,0.009790290870890662,0.8470853449652597,0.16132391886859043,1.0
0.5549052402906726,0.3780143796335828,0.005954471898934878,0.9976936146537113,0.6183681348006151,1.0
0.37175642899617894,0.9058225024002244,0.028920521478485877,0.8113746025798555,0.6165822744894305,1.0
0.29997909374994836,0.704002429028126,0.014751223241324347,0.6003988097511325,0.9981548476120802,1.0
0.5131063974509807,0.5742895887126598,0.031508940150668234,0.9856500768013411,0.7788291948234537,1.0
0.3233170946095201,0.8966657775803876,0.02712398519891634,0.7424908379534028,0.6682553072376729,1.0
0.40383807902435703,0.8091235551032102,0.010988529920012412,0.6851470408282725,0.7264823149005326,1.0
0.3205657051163087,0.742147377571364,0.004620656517675354,0.13892366722295282,0.4179187041332281,1.0
0.947750623143873,0.9019939146988512,0.0026637456478786673,0.8384734101703865,0.5093652999159353,1.0
0.8870442381288891,0.5773975125906209,0.004955121409677401,0.0035760318760996663,0.4974246107191951,1.0
0.5730492497415827,0.373566198950141,0.002051348580751054,0.9150644378609221,0.32782950419718415,1.0
0.6945429649093534,0.25462927820737913,0.0031684352196646613,0.3856153782931717,0.3178138828233627,1.0
0.8199627131641792,0.223222971974283,0.01895985637239904,0.041567739040773495,0.21504156711052844,1.0
0.7936049221685834,0.7766280589883514,0.0058411894496011845,0.5514836927409489,0.42328570602893956,1.0
0.6544157991892777,0.9352668893043333,0.005941910370286878,0.45142239982712884,0.7718359925057627,1.0
0.6328759876574931,0.512190470201287,0.034725599913411745,0.17469866752542598,0.9354133466347976,1.0
0.4685249734109172,0.529073281806289,0.010022462680741716,0.9636937851681822,0.9115757180295546,1.0
0.9969226526373135,0.670130295085791,0.01635730685739532,0.8508831675948085,0.024781072958502216,1.0
0.49778873818679564,0.6735468070563344,0.01371756608564526,0.36925453071294906,0.03268543565807683,1.0
0.4089458412239107,0.2255663107662032,0.009408991300352094,0.5845554408620691,0.31845367109696354,1.0
0.11227372175020942,0.5780673016284685,0.00644152072272948,0.5287123862937381,0.5529933410633684,1.0
0.4279975223256208,0.5099652104441251,0.007152388946763974,0.4635523343865933,0.37365735870519623,1.0
0.43538690177298955,0.77956230932924,0.015483731351505534,0.2365354018009847,0.274415030239626,1.0
0.5403788917903092,0.8310500030164214,0.027149798031797387,0.4383516768721329,0.19692423478936769,1.0
0.05772425301102333,0.39982350247729154,0.03012491484105434,0.39378351071679224,0.11875759528620296,1.0
0.6004294123012054,0.1528838717868763,0.0232678011126401,0.4387237692680465,0.33505511131970134,1.0
0.8235066558708528,0.39727727351593817,0.026108295030611742,0.440914837444747,0.09277531969989264,1.0
0.5081800919560282,0.4583843512998835,0.02875221819944127,0.9109404976939863,0.7869918965358229,1.0
0.5419085105943358,0.6449714140935353,0.010786230078938735,0.8120349993025364,0.8569913294260573,1.0
0.9029153899319375,0.8488839912676758,0.01543255009440535,0.9090912018906528,0.12131855481769663,1.0
0.3485189587684603,0.5658702631285176,0.012949048894117451,0.9421256659376882,0.2554555188260899,1.0
0.6351927849323102,0.004860018459366494,0.025736939780056374,0.37809201361006406,0.9777701197756528,1.0
0.053162740127260744,0.09353518093323165,0.003997715635421391,0.9526696376320518,0.6843674896763702,1.0
0.201282207190151,0.8737661066893674,0.007852901540825576,0.7069725372593416,0.7635610371838006,1.0
0.5054098224334717,0.22376629303607548,0.013883608353486936,0.9651692638817287,0.6934448966197758,1.0
0.5410589718952742,0.23980070240920479,0.025237915126684583,0.5010673928297759,0.17767201923895162,1.0
0.6352053787972897,0.7355965248255559,0.009269507060271959,0.8761213420099818,0.3801715559676033,1.0
0.19592493539827108,0.8043671630685706,0.013041595548846124,0.48391562886004674,0.22359700374031177,1.0
0.7812523741448699,0.3400858237043882,0.03313269910262767,0.031579998950675855,0.1338101601707663,1.0
0.7017054551863313,0.25143230651954995,0.01983841729430585,0.3190678607957699,0.5545351563759686,1.0
0.9728352455154884,0.45624116316116253,0.02303934536922694,0.578461208672012,0.3182373389936854,1.0
0.9878828510229789,0.20764550933981382,0.027869359080524053,0.14744080362974024,0.8045469180918895,1.0
0.9671894873721508,0.6863016689179428,0.004064020284978182,0.6934839423395518,0.6040171420187703,1.0
0.2614752617589579,0.719042020966404,0.02620628668029544,0.32787864310358406,0.8763508837286642,1.0
0.0707945615488362,0.600267976982751,0.004640399476274949,0.2773874002022188,0.5076792066553895,1.0
0.21578134607762436,0.7034822294907488,0.01959797760767805,0.8399214870020303,0.5816583550608221,1.0
0.2619950952591774,0.792273809216206,0.007693614291188486,0.24298618256218713,0.8417470081563169,1.0
0.613260615490541,0.039881610255786855,0.005326759021680701,0.5004575027274221,0.7465925845594081,1.0
0.018275731390368304,0.18508572866815487,0.021018067787087417,0.6945228426283033,0.03439488439919248,1.0
0.2620488053409066,0.08441819369117837,0.0194261718945744,0.12457827997472379,0.648571115566521,1.0
0.9705461470883545,0.9484585546760766,0.01029441510799946,0.030380193020549652,0.3300828038956562,1.0
0.06074140806326675,0.36035294501375725,0.011133174616594837,0.2201262901831577,0.7064246239755849,1.0
0.535958599940309,0.910863865041916,0.004506720992829264,0.15053953525365268,0.38406622954019365,1.0
0.5844952129531666,0.07496864478046404,0.033586443327379895,0.3057597516449301,0.35961364116931077,1.0
0.9452203519422749,0.6630255508641687,0.03346229320462194,0.1884035277016585,0.6191911190439621,1.0
0.5095154437865923,0.3628115021535111,0.03448179002108383,0.14184635305626384,0.411518598001128,1.0
0.900580265759415,0.9804017194582143,0.031084818136988972,0.051906068362025125,0.9298367331278607,1.0
0.6519675682691254,0.39488159329795197,0.028664714604860655,0.5763433570464433,0.8456990979114503,1.0
0.18579811166014737,0.4409364247832022,0.0011615525287243383,0.6931601019413618,0.296757674080203,1.0
0.07093355690038604,0.17147371502331127,0.022177211780745717,0.306356964483932,0.2155072206430481,1.0
0.21560454536076995,0.6232280984811176,0.006701501291961542,0.36334365282071046,0.6881989787278588,1.0
0.5976835899047084,0.2516560724842848,0.032712305687616995,0.4144653690680193,0.28767697267572223,1.0
0.6556343256491226,0.614331917275312,0.031148978173649717,0.05948174598511303,0.8378418324955728,1.0
0.36063280198534925,0.2570949911813318,0.00456340059597296,0.9411330960764434,0.14277019122620666,1.0
0.6914160723899004,0.7104422854481066,0.006466135956488195,0.814317029604862,0.5107769819071861,1.0
0.08819810445769698,0.043787169094595985,0.022657672970807893,0.15087377331270702,0.5254240966875666,1.0
0.7801493312876521,0.899630640008323,0.029522013906785795,0.9583944603372679,0.9031926589041309,1.0
0.39894986023520296,0.8962874843035715,0.03251591904214572,0.972863112369719,0.7685489176079399,1.0
0.9450091819746117,0.9471943253494034,0.023648466373041032,0.8574229860831353,0.5616152447427883,1.0
0.09484246019549909,0.8640997327882859,0.002887123387262738,0.3397679451658025,0.13619031697264666,1.0
0.23301391183447748,0.9521203069546631,0.020016925344215925,0.8978330055674211,0.2787804105820998,1.0
0.7758793486802378,0.7026752823119999,0.019546715952922584,0.8155273869994835,0.8402442882754844,1.0
0.9659618640620831,0.7199922356697099,0.024013762789529377,0.3620603707660867,0.0032563200214076582,1.0
0.7641565863078152,0.7101613831827369,0.012254752924223202,0.6259573915639004,0.19609219199366404,1.0
0.9474606858085941,0.4137673923626589,0.009329578206161055,0.48762113859215245,0.38762886390757884,1.0
0.9621539903843902,0.5921456870332341,0.021099004355855114,0.3654690248647596,0.56506630104332,1.0
0.002090982238029587,0.8662300767056066,0.015601098907737978,0.4925963965689427,0.08441741451050226,1.0
0.1711667333072128,0.4112105376255316,0.02956902860017197,0.45832515727330597,0.9312211831309972,1.0
0.7155175971248166,0.9780205250381657,0.01968686366549057,0.6924917147453489,0.39383343294140744,1.0
0.9089651824672054,0.7033525114834787,0.0328215761869533,0.5890639993403174,0.577560303010512,1.0
0.7099178636726221,0.8820705692343992,0.022974751688383664,0.23380618137798437,0.5445650056069649,1.0
0.93942395155788,0.15743945347103339,0.0053349010928630605,0.41353058670267306,0.12648555829314825,1.0
0.4248800629152766,0.534076908548837,0.008720984563954225,0.44967699741339234,0.9847092409263586,1.0
0.009815101878681724,0.24328500272037992,0.03426746423626914,0.9890784458973217,0.21128259668193397,1.0
0.07783142217490904,0.5778642008021845,0.005281303850538872,0.8188428621190152,0.9396354126146422,1.0
0.46324945642622917,0.10294095547615953,0.01253076024048115,0.06603265700576595,0.2652819814894096,1.0
0.04555866405408045,0.859109361289052,0.0036333876436395653,0.5294679341862427,0.4526676726349183,1.0
0.1998508124228045,0.1805023333642555,0.0264562790113063,0.7259937536272535,0.699482588722306,1.0
0.2606997270381837,0.840055282676445,0.02142917612953027,0.6025927258114494,0.2966206887994069,1.0
0.9466083331302365,0.7280275235743591,0.005313448005262476,0.93776923520162,0.5827877816662368,1.0
0.39774230695319884,0.7256791058422656,0.013793270157326842,0.5791660543194884,0.7107889971517565,1.0
0.9442972447563068,0.3568165986639744,0.015258741740615088,0.6988158534999528,0.6091763042983763,1.0
0.6500922982604906,0.9029254792644725,0.028209642965944234,0.8244347509448189,0.2591500001587456,1.0
0.5542653225124051,0.04514662834232145,0.027172934132829035,0.3241399609906738,0.28331348196297323,1.0
0.2840958861546444,0.3386768173256744,0.021564034974589415,0.5839817565781631,0.2564560418482735,1.0
0.8265318318812854,0.09363061433869017,0.018435976600831534,0.5210403133150868,0.57456267000481,1.0
0.6242900261546729,0.9736601324817753,0.03062600483385674,0.21552551922772434,0.24194212691507586,1.0
0.3921229006650512,0.5534421251873878,0.00890542951847552,0.2231228359326519,0.3820085674107115,1.0
0.6884374874830922,0.9761406233002493,0.007882124753341678,0.39346629270512373,0.9647128204411214,1.0
0.5926862462971971,0.5401064053499456,0.003567352924632723,0.8934804350070944,0.6258797101996925,1.0
0.5399608429785208,0.3925222931137906,0.009658599506270354,0.7555666633491498,0.5100579502439004,1.0
0.3996954052723911,0.9286750345846098,0.013712415092389338,0.41381977491764815,0.6243371619319805,1.0
0.6687926565870075,0.8502046763918235,0.004874999959383742,0.9246679607653302,0.9040180104789746,1.0
0.6251174955494139,0.21360023715120033,0.016230212891367224,0.20350065755889252,0.02295470226207849,1.0
0.2598873691944949,0.5935152005889375,0.011208513040287344,0.3712509985902244,0.3983637970236925,1.0
0.6377623595805958,0.9609753342181174,0.015573578100211923,0.9733533973302109,0.6681294401074384,1.0
0.2378667479471241,0.06385778519348143,0.029965782189922182,0.5744070828803247,0.414999448562457,1.0
0.3112698021947415,0.7838336387085227,0.012150770403797098,0.9209603052177594,0.26869890758234577,1.0
0.6983986116410624,0.16368440581170599,0.03327834370982551,0.6558995572764771,0.23162980062324146,1.0
0.9239511640813012,0.608250054937041,0.03138702422686217,0.11111497964097938,0.925466803383597,1.0
0.6687534944150192,0.37350259606973935,0.0030107709481980906,0.9580144689004872,0.9946037307793735,1.0
0.9439240618222277,0.16855856467060265,0.006259271288391569,0.07403872816916231,0.3918781381765666,1.0
0.39526253242328385,0.13925203822101856,0.025837945049480553,0.8335292866870716,0.6881276123684917,1.0
0.7670813447150477,0.2502506968362417,0.026822612296929935,0.5678301773214944,0.3673458037749185,1.0
0.8276820002972187,0.9397132678774271,0.023641204520021677,0.9645770251267454,0.9341773076239481,1.0
0.7314811362496153,0.34995551461825686,0.017575590259231284,0.1578084657176969,0.9748046486295948,1.0
0.2676414013213372,0.37210021847786545,0.015364419512178672,0.7477861904196964,0.9257715695028149,1.0
0.47302758819213914,0.5936143652618665,0.014373695741610732,0.5046771420423195,0.1066019213910819,1.0
0.40170015596292474,0.915024072758782,0.012878173555317543,0.25054301579640864,0.7431193586284266,1.0
0.45966449344648386,0.009596350611615921,0.024397077270171014,0.41564574081452876,0.673971891079599,1.0
0.0034057356731454535,0.34515172252685816,0.024962939648840013,0.39372016972618007,0.21995496551357274,1.0
0.752596174775087,0.12031365370551371,0.02451956914398603,0.6676766797801433,0.37136714180538627,1.0
0.8948105941808712,0.3168453193212678,0.002057097175390665,0.30899650193833156,0.20551722059850222,1.0
0.9188256767609725,0.870467172527484,0.01139819129260411,0.4291689360220814,0.0375056568804869,1.0
0.06430461207067813,0.9386675600628706,0.030475750384977258,0.21497343881106548,0.6996693111821833,1.0
0.8015563548036668,0.4761764546447684,0.0075202470026364526,0.6402035567227089,0.08120004666894906,1.0
0.21349210065899313,0.6852515006864367,0.029153467498755692,0.11041520455279039,0.4008682835964438,1.0
0.16453935845733964,0.5669571463656774,0.02384252538377459,0.35543881363214286,0.8321502919283985,1.0
0.6273678451005694,0.14173192390807393,0.0017874459341107479,0.05169782225416131,0.9040162280500177,1.0
0.8077838477226806,0.20041247914362592,0.01886559416628311,0.796320983447825,0.674994512074518,1.0
0.8956456586126114,0.1615217103851843,0.006841053576053406,0.9011076205415375,0.48513232215542157,1.0
0.5541030855557585,0.9814159354992793,0.005067435478195458,0.7571918999432732,0.3349915363818834,1.0
0.4225114219975857,0.5492041248475457,0.008002695682756996,0.4058641896375059,0.6360403494468182,1.0
0.7234374334607957,0.8365681284044638,0.014910771280158707,0.42354430818676525,0.497195442320698,1.0
0.10921435156365376,0.3133227188405793,0.006844321042818825,0.3864669095817874,0.9733807185014625,1.0
0.42995213840062574,0.5663709583284852,0.023748602884524097,0.43551850982711054,0.4482620944486343,1.0
0.06180172062249556,0.5405404877200558,0.01960914561540185,0.7569955088672525,0.9826621075843214,1.0
0.5042848240378176,0.17028372642757136,0.021000873035527803,0.8344645878259732,0.9324816495816872,1.0
0.18977963775620096,0.712863288484982,0.030925268214518676,0.6813359496603483,0.6860662888872869,1.0
0.6373392459033795,0.2950863385037981,0.004019542950715337,0.827887189840655,0.9432011630841242,1.0
0.3345796402270222,0.09443662115662037,0.010524705179467823,0.8429925404340902,0.6561586931255828,1.0
0.3433383374186663,0.5519206481713508,0.02786129953569975,0.23475795078908052,0.964125884685006,1.0
0.008889665756333535,0.026128122352384382,0.03099534455765424,0.6456362462333164,0.7633094465447983,1.0
0.4210393164745257,0.7988126348961595,0.032876103123626294,0.172998936661852,0.7643722631424786,1.0
0.3221715100508,0.41334209618534984,0.03036646367687491,0.023034011242739117,0.4344922806034537,1.0
0.11130504282423945,0.7924613434203991,0.03302468832851,0.0918438862559016,0.15379518969304726,1.0
0.19865778514495583,0.07986073602750128,0.03337454623746061,0.8927300870996594,0.6560697472603979,1.0
0.9193134636064676,0.6558645550363114,0.02338548641671238,0.843841878637751,0.6535924316151285,1.0
0.39033177640054945,0.5036307588984495,0.018764274068964613,0.3614710492371336,0.4486702905713657,1.0
0.41709685530721197,0.02653420686879393,0.010622656940310872,0.23251012222760647,0.7937884298201364,1.0
0.281030232492098,0.810894178957783,0.0016533713549248083,0.1750765918884864,0.8271278645764042,1.0
0.7738761248049009,0.8383378387473155,0.03302675861201035,0.06436117470403466,0.7994355085551735,1.0
0.2078185750758826,0.931770564073783,0.01474286393041733,0.8877229169273494,0.6055085909602606,1.0
0.16036440996208343,0.9144132966630255,0.01992650485031637,0.007086313091320626,0.01926625652921293,1.0
0.16277441702501125,0.599139697192517,0.024156786705755332,0.28008622735554833,0.569744494603001,1.0
0.9463691119405825,0.8603099861928178,0.010793454910913951,0.5292856764593894,0.5011322242967517,1.0
0.39463475140367016,0.5626653270669453,0.03257602422617287,0.1636482401253816,0.5509351176750598,1.0
0.6178814328866821,0.3663175201836177,0.033899626488106425,0.4159937719673778,0.13705144990416512,1.0
0.8210458247314912,0.6951647599232417,0.026459601264063756,0.2654505024717175,0.6424114469223585,1.0
0.19769325374614452,0.9323471681055335,0.026134000100810396,0.23144186844826856,0.11227170642976882,1.0
0.11307547839407261,0.25781297799920094,0.007209555761981543,0.008456356591356195,0.314820639323946,1.0
0.3425614025035471,0.504800574588306,0.02636181665334057,0.5515290219771368,0.7438479159048943,1.0
0.6089544599760157,0.6499992583045334,0.028171588310660536,0.710481203406303,0.7919831457844864,1.0
0.6779960589778298,0.7372848904132077,0.011198858704892374,0.8747027505154391,0.3054068916993977,1.0
0.8672297186650307,0.24777281827831027,0.015127083722681204,0.3685549072067821,0.8981637607357141,1.0
0.6946146243629193,0.7942448657391852,0.022348721745403994,0.9437508038265898,0.8027050217267521,1.0
0.9508610314144255,0.5250502584380629,0.0017676289801264605,0.26075326637324386,0.6221078574502292,1.0
0.5844839768483104,0.3622364242852223,0.01916910632198132,0.002872973025379619,0.8485729333140297,1.0
0.1410182758436751,0.43847794114807487,0.017530027978620362,0.6377653077856927,0.5250378779119275,1.0
0.871640809755687,0.45705242285517433,0.0036175842661223035,0.773055408292656,0.6604942643642852,1.0
0.4274870877338255,0.4110865655583674,0.019235513637169657,0.051543818486204165,0.29965880645370296,1.0
0.6625302966389477,0.41951523125190476,0.008560345499975404,0.7454641525383332,0.2610300193964852,1.0
0.15536038533405297,0.7295340158855677,0.022855548645816393,0.07073629327185939,0.11592777254684031,1.0
0.5715449857702868,0.6863130613114417,0.0070533228843509075,0.7268613183109499,0.9361603708632192,1.0
0.1969338896231411,0.6798643114288224,0.01266477724056619,0.0502384586393357,0.30303635665714596,1.0
0.4117281808557992,0.8648006726930613,0.018294417679774917,0.5174610109706405,0.006211104743829442,1.0
0.10870603118538982,0.4792696662673723,0.009850773092375364,0.39299058286348554,0.537540278311134,1.0
0.2852989996883512,0.9896223223575731,0.0029515702778990273,0.320074094669211,0.32210005348968357,1.0
0.685096137523903,0.24849605488428161,0.016649157700625798,0.6452187032855967,0.32299973627026,1.0
0.9796929623077386,0.12055389411982363,0.012689876069627546,0.20876409773666885,0.18760280596155804,1.0
0.5642632810267441,0.4262263885570016,0.010266865685310265,0.279342952679386,0.9921360281843901,1.0
0.07682294214836782,0.6568941013441295,0.016533838654484708,0.6891252831019629,0.5973637448350129,1.0
0.06792132597453619,0.35024831414564783,0.03450680027636988,0.18310306364162615,0.12820610606714056,1.0
0.777657724857446,0.6726012741269856,0.027390658177837462,0.6940278505210791,0.1366349116068876,1.0
0.7770998058769729,0.8656510897181433,0.009371998251246062,0.1283033301776,0.7813093531389971,1.0
0.03289754884256644,0.8253883500856549,0.01820369854956924,0.32730649929599354,0.012417676126317615,1.0
0.7928306472897344,0.49021617907989956,0.006090549676079646,0.3591471216217691,0.1661398423899854,1.0
0.27703151285346944,0.549959038914935,0.008140224665615715,0.34432741020348234,0.4784529530725032,1.0
0.12949917132216834,0.03982676990035229,0.0022055967162639234,0.35082883900983947,0.7190832764587854,1.0
0.7871931362480611,0.715958635004523,0.0011340786901107805,0.027721125108863265,0.1958381823225136,1.0
0.5318117621650357,0.04058763419695736,0.028289958491843525,0.4934691068768647,0.7282264123058051,1.0
0.5072571757305625,0.9254375133772127,0.03466818631108048,0.35985547132853135,0.1267382761089843,1.0
0.22413054311725583,0.5314746613946884,0.01386517844258165,0.4809689648725041,0.7634243884999256,1.0
0.5379372499150857,0.3358260880793597,0.027688669380102487,0.6398970957752886,0.009496225780100126,1.0
0.17099184605851575,0.7247493164128362,0.020289514672745576,0.40208119504545153,0.6943723627780513,1.0
0.7789649701482111,0.5458338972953356,0.02557160688882401,0.41450063983836083,0.7892370954415655,1.0
0.13815654303952232,0.23879332823435234,0.010179617069871387,0.16691563726310948,0.3931424718905233,1.0
0.5959437716156829,0.1025138274547183,0.010177251202909719,0.6658551253004104,0.39914657801021586,1.0
0.7981273277054308,0.9845270417376956,0.02021230463064324,0.07998810429214415,0.10380007124941229,1.0
0.6795556778357231,0.7527166492154855,0.02397596776130841,0.18043798409345813,0.4489137986639372,1.0
0.8664965999791312,0.23809817923162568,0.021262700888349903,0.1579448008357149,0.9583185962486298,1.0
0.7269084934752927,0.2318818312826275,0.021945834057870418,0.6596050427156338,0.32909967535129797,1.0
0.885485527349203,0.855214860323741,0.01224713946180039,0.7445959187536413,0.5599312641143549,1.0
0.4779476601732034,0.6006608868209028,0.0056122413732155,0.40943838588433784,0.17849409022595805,1.0
0.12868672138621162,0.21328310961679803,0.02758559469678234,0.5502866257154926,0.02461947539372276,1.0
0.909558927533561,0.8805488465068549,0.02898257401769294,0.992224226358136,0.586815553582395,1.0
0.948895388268926,0.3139254917729359,0.03035674770589961,0.7926801928932183,0.7760229786236845,1.0
0.3848058199103874,0.40065491092149447,0.02276177851292364,0.7380667332765277,0.8798573655549569,1.0
0.7216182847618736,0.9569358850437012,0.007073373044172238,0.9503895073329062,0.06512729055158795,1.0
0.09110676005111412,0.5684329742229383,0.014263730223494463,0.08252782207088448,0.6484686882191641,1.0
0.1750112282063613,0.6947422825894601,0.007087616671022919,0.1382590528659612,0.14821590325822098,1.0
0.7790120173184766,0.5972968077723397,0.028517949402620334,0.5918858637292989,0.7975239261011383,1.0
0.3915688481602564,0.1507922347499678,0.0056034915979685605,0.5978801190599414,0.5475559627894866,1.0
0.8822228577050057,0.9567916200857343,0.009609331865512258,0.20767604797016595,0.2147079304552397,1.0
0.8533739481236474,0.5963646493311767,0.0032968166789107776,0.47350610608689514,0.09124135134506449,1.0
0.4041166221610137,0.648704313043936,0.019681434876745434,0.8748800275567469,0.01725890748280687,1.0
0.023635682614885897,0.30498553864788963,0.03090854669810516,0.6907237575054446,0.17282468168777715,1.0
0.7221822767970079,0.9374059780181898,0.022566920773418927,0.02565073602149436,0.5002021578365873,1.0
0.04873177092444641,0.5989121240469026,0.027415344685354434,0.0370244949409079,0.7838056816945539,1.0
0.752234901280193,0.24548364434298478,0.014382245486776591,0.12063107638001175,0.23965205928423203,1.0
0.3201172028972494,0.175864848208715,0.007416201134418874,0.901568929392368,0.7841097212007903,1.0
0.9476958959414797,0.23968379007953158,0.014831895417301724,0.8137117861231361,0.443443483833423,1.0
0.36916693215386687,0.5012203513023069,0.022101909044451473,0.40620089308194174,0.43187302678885425,1.0
0.5358119511189943,0.22023677753577683,0.030495891415674582,0.7476197031960351,0.4108687094257699,1.0
0.007988945867563645,0.34514473341975416,0.01597023903699081,0.4703287090381516,0.7489827462326285,1.0
0.38061713331236025,0.3512492496783468,0.02175751770373347,0.28197236057738734,0.14220898348137406,1.0
0.809720426852213,0.9585410534711036,0.008406317875253167,0.018791405754700913,0.43782431416236833,1.0
0.13918701353288715,0.11806833731176378,0.0033443946643586303,0.7652529809330427,0.7861406072997054,1.0
0.054238553277213754,0.7235650474793885,0.016253379487697363,0.15873652751466835,0.2958308844741175,1.0
0.33032182079741135,0.9697794775148507,0.017141219218044776,0.3727783597418915,0.6734922635390687,1.0
0.0034368411248621514,0.6188552246024422,0.009288145142147146,0.3758584079463337,0.7066425418441095,1.0
0.36928648901094185,0.16824294148528693,0.01818639436642361,0.32004665748369604,0.913014880599667,1.0
0.8660980301762421,0.3907908474550278,0.02913286356879066,0.05748036526990655,0.2988209065424469,1.0
0.032618530534159036,0.9189433830777958,0.025373537309589116,0.6254849544040021,0.5329603166024212,1.0
0.6390516910050671,0.8267532149453631,0.02129421089704796,0.7488321823477715,0.28169707377790515,1.0
0.0328653112285919,0.3871900186820382,0.030989684751125936,0.18134243972350397,0.1421967548407243,1.0
0.4287665058163107,0.933460666601066,0.029428064180099918,0.46462554805282363,0.9730021257807214,1.0
0.8737850732499094,0.24681092350633863,0.017624778526199415,0.030687496143076858,0.009871313073182396,1.0
0.11917532884313511,0.5482604288737067,0.02466425439514068,0.03320235164340962,0.4492926577465363,1.0
0.8898412568669952,0.29993087050105477,0.03412336200926723,0.8446969581600376,0.6509844370097725,1.0
0.711399265823299,0.816377075801283,0.011312195746142948,0.9928372348421223,0.9087107503848844,1.0
0.7231070858596198,0.5244848857241631,0.02687163877469889,0.8271552216741034,0.024199332601885483,1.0
0.3371309484608503,0.9176960189997172,0.01454130182687525,0.8876247029867224,0.4629714787191212,1.0
0.9007445378794326,0.5611100981497589,0.013256466031021406,0.04536259662418898,0.11182219931577567,1.0
0.36547145412019566,0.6077256227885997,0.011458063890345616,0.0664621061310354,0.26554392858001646,1.0
0.9922776587436568,0.39359391784618775,0.004032644237413095,0.5815336996594594,0.9197204325536634,1.0
0.8363820908780494,0.9283035643062281,0.022642479115108295,0.9949278079228452,0.034248288309771155,1.0
0.8571536588527394,0.916783690371203,0.01725776155961887,0.7879681676969794,0.1958853187220586,1.0
0.35928650721109795,0.5965774770113135,0.023969057243382212,0.3477215980794327,0.2170220610035691,1.0
0.6642932878623351,0.6771973594391377,0.026204775824819365,0.1274100719641333,0.8186988728642071,1.0
0.03147457161394854,0.33626225158561573,0.016868182700820224,0.361256872896428,0.1182994713202047,1.0
0.025536833515222408,0.09398408419121027,0.010054204002634522,0.8201502953700949,0.5271108724272631,1.0
0.6625007810145904,0.5419690497646802,0.005471473509691292,0.22340074046036537,0.22329983862961703,1.0
0.4621627418231571,0.3881974774982928,0.019925731877980794,0.9701456699967747,0.3148792625998209,1.0
0.48088964562847153,0.7169263887140989,0.02582986911141915,0.7293416506916275,0.20231806035880606,1.0
0.8113635163381084,0.3821486403701031,0.03446467398785758,0.365421955050407,0.49816916051462623,1.0
0.4342301386667733,0.845785736951302,0.0062793580766324604,0.568097041707569,0.6189829757780683,1.0
0.6095909597661823,0.9600603274399929,0.030653702216871585,0.34939120840437876,0.8600465388455436,1.0
0.2579399837436617,0.6105985978577441,0.010581333019632608,0.6499177118031354,0.09454916174247488,1.0
0.4204000087667475,0.5877198714977604,0.001879321685798937,0.695746013755118,0.4964953627811082,1.0
0.31635230440379786,0.146674353247993,0.01580458402786883,0.9440351421650769,0.22856623262715153,1.0
0.05079370049050685,0.7183816854816615,0.009106864351250766,0.45206554316910313,0.3683853474941793,1.0
0.34623637055926393,0.3507748333348924,0.018751591727011557,0.9723791814070474,0.4705475049881197,1.0
0.46209610090399283,0.10843575757406453,0.008825198439381968,0.40811015838154263,0.32604340419721456,1.0
0.6789669565943548,0.5787301434667548,0.01770180474204748,0.39787334767077775,0.6125802473921793,1.0
0.16337065502868875,0.30381323704330326,0.00682027695967653,0.6774216203057919,0.02574355308483905,1.0
0.9027055013893045,0.9975456050738648,0.017578076246155164,0.49587470294873653,0.7736253634752007,1.0
0.4275944604190771,0.10072805393314486,0.014631497010320522,0.983838019287746,0.7538796475225578,1.0
0.7463025770449311,0.6085019617347818,0.026643508319526277,0.6594325812980137,0.4646019638720065,1.0
0.5206578812750206,0.25923498042752907,0.01754699577903294,0.1469892705151649,0.5658297038710708,1.0
0.2943144958376281,0.49952911364060604,0.006525892602733746,0.9624175037522832,0.4474973710774833,1.0
0.030167408487488348,0.8434111087491206,0.02227835312041707,0.41698874968645594,0.24628726653913724,1.0
0.9455291011659255,0.3814288959463682,0.005585786324893863,0.11008555252546463,0.0073556103615520264,1.0
0.9814139905157688,0.9928249350008146,0.02766270664765947,0.16302159451774753,0.9777317464572084,1.0
0.33428598988305114,0.6876496159395464,0.0026676723605313472,0.8259439601776517,0.9972999792112562,1.0
0.7818948147161259,0.3909233568959844,0.0032413272265323354,0.7928747668001889,0.5975609288178958,1.0
0.1168469372666657,0.3058179400310142,0.01326230922659514,0.6835964288361468,0.7879574179400518,1.0
0.2961117511658303,0.49414277215568303,0.001984671622764146,0.253734890230779,0.37462950461152067,1.0
0.4713746481055749,0.36511058471722035,0.022218650861997615,0.8287870614398833,0.24243945185180443,1.0
0.7052187260373329,0.7781626581597717,0.02906349363897801,0.21012188767813164,0.5397276942831712,1.0
0.39255850463640024,0.4304532071313341,0.03448398009262332,0.11393959338647291,0.7058963874721743,1.0
0.1516427231173834,0.7147387827712302,0.01697109954835504,0.8530379937899686,0.9075448645190702,1.0
0.06532075244143375,0.7570984215381592,0.0323319375495182,0.62172709223026,0.6012751844180116,1.0
0.8561769891837325,0.04735715726833237,0.011659326617078915,0.9259372022219283,0.9497953975867827,1.0
0.4769258833272733,0.17825211683462983,0.01759011255218885,0.10321061215796619,0.8726635728609998,1.0
0.40510139326758854,0.0804511717783236,0.014778183011765436,0.8663254167817188,0.7037025265447355,1.0
0.16074729252644968,0.39291618221679714,0.004446752811321235,0.9341071508012777,0.652639752586245,1.0
0.7882694049180803,0.3690375226433709,0.009325601914809509,0.5704149569977514,0.014358760987420767,1.0
0.8439611881020743,0.9281295383895828,0.012646859950158953,0.6427941515768792,0.22759661493046474,1.0
0.25477369842703584,0.5717851521188254,0.006838551987969853,0.9412913242039826,0.8870305589308843,1.0
0.7768862260360176,0.09640862660146235,0.026172270895984416,0.2831766704830914,0.13650612690718644,1.0
0.4703370110015699,0.5306094621287135,0.01869801266068931,0.06038853412391352,0.05232886884358434,1.0
0.6242407777130612,0.04812738195859948,0.013866937284185804,0.6132384282808669,0.6570239750973232,1.0
0.42131155131328396,0.5487095233658218,0.020671052770699787,0.3127332380170187,0.05477157703916999,1.0
0.8362892907024063,0.20103159069986398,0.02242865858141061,0.5774704311652756,0.40023344366377844,1.0
0.6987031940976857,0.023718721975733766,0.027407598494127283,0.5074918191837605,0.347672269793764,1.0
0.6863795640166231,0.3112776496310801,0.03442332163092797,0.6490597782250416,0.6061739327414397,1.0
0.2800394615643927,0.447527028324115,0.022441273946529,0.5132508670996474,0.7632699005379199,1.0
0.7024548382872018,0.8167804498442713,0.027011699169820415,0.7710757380034454,0.8886185502049032,1.0
0.6974943798027289,0.9687095229153445,0.0205041220957343,0.2180989956724082,0.9987550519684387,1.0
0.33622213967748443,0.17289012622875063,0.016793437537502322,0.41945713360134734,0.4917496556140622,1.0
0.47884606144839087,0.5151116998874304,0.031147191601227916,0.8179402360208174,0.24048230919421879,1.0
0.629870092609849,0.8450049740136826,0.019796903828753605,0.2119657430928323,0.7416137355846315,1.0
0.5654675048711443,0.8634728378469627,0.027664239999927117,0.6682841393313576,0.6650939103541951,1.0
0.5256395801716474,0.4644577229992031,0.02512641562295647,0.6108839869887609,0.49049058173824256,1.0
0.7022268598645124,0.6463525720073874,0.012636446483099122,0.35696684304886167,0.24747566175111702,1.0
0.8603411615058539,0.5614879803828046,0.014656206982989485,0.7370884384327269,0.5282004479498712,1.0
0.05606749130823241,0.035251448319421654,0.020332774611094694,0.20407594346621785,0.6046998593866423,1.0
0.13897165142368798,0.44116761596533843,0.02441468083727808,0.8340297071022983,0.4968477459463209,1.0
0.5862134563300473,0.4550625516562745,0.02724546451815252,0.556020488138745,0.28014342212546034,1.0
0.5182292659489978,0.17836900572604916,0.020144458986827814,0.948371739786027,0.7058107446767984,1.0
0.7111623021175653,0.28332370469117674,0.019451420476402904,0.5270691680237652,0.24814348803289185,1.0
0.9422392733312596,0.25134793787901816,0.02823491948345352,0.6677032094321279,0.5330965033932388,1.0
0.20536618195367143,0.17979864596681353,0.020951004805107584,0.9734098135217596,0.8773620235122198,1.0
0.2744528978378842,0.15810020147808512,0.034173046624528663,0.23637462436321724,0.20211187185375512,1.0
0.5566303969912116,0.22662563229745364,0.023792405394266237,0.09791020408339446,0.020349696964861275,1.0
0.36550335774979686,0.9750413115469426,0.019606397959518372,0.7549713769124516,0.3221742564793278,1.0
0.9662150169242352,0.3584031293917712,0.03496802078099085,0.6387715410806344,0.7488428210522591,1.0
0.6434476784080644,0.511495245210925,0.033517689946232825,0.9047703727417259,0.39727592632615216,1.0
0.8849277401972597,0.5907934665187701,0.00379200889884437,0.1616294504188782,0.07779737042912642,1.0
0.9769754220186846,0.21295513191693613,0.024489055799582545,0.6368917294250869,0.6315137199881508,1.0
0.5797672477902249,0.6259128112353667,0.02039378076593378,0.18697630480840297,0.7233375364776342,1.0
0.5916088118078022,0.436823073068912,0.009509744166524505,0.8075816000371127,0.1767166741055117,1.0
0.8846804632928658,0.3612269596149209,0.011375199649192173,0.13834919673548324,0.9164114881180219,1.0
0.03275179856125975,0.5114884151470489,0.003917164226199155,0.574176934267889,0.5094527566024917,1.0
0.8160447325236561,0.2630548599891114,0.019410468381667767,0.6393998377539039,0.9623422290415914,1.0
0.9173984565156356,0.35550248400635115,0.03015286485609983,0.23659040072446533,0.7077722826729823,1.0
0.9860643063269756,0.9539824634625056,0.016035263709590842,0.5244112827722633,0.5981770874557041,1.0
0.6747969637699575,0.6988633846579114,0.018852600739059373,0.1485929517927325,0.9192667579477084,1.0
0.6295429965418009,0.10398550801314535,0.0059674241105193695,0.021517775714800166,0.36400071977290277,1.0
0.5220226755131392,0.6748646120972372,0.0239506412696124,0.1410335702502444,0.058280066018293844,1.0
0.6535710806702674,0.5571470314065627,0.009355923855018405,0.8109544517652717,0.07661032948076082,1.0
0.12129112434349278,0.6547932687167964,0.01520267678599888,0.7183849523822338,0.05314001027445774,1.0
0.14573302098119956,0.6826992499788632,0.005078491464597202,0.07450973962897389,0.713409675385429,1.0
0.22530628711358455,0.8249104619285464,0.028529402465479695,0.8542716320229953,0.326773789699125,1.0
0.7735740052535458,0.1378485294960694,0.02562928989333442,0.09838886304525996,0.9133373580182408,1.0
0.4938120073770661,0.4852445254124971,0.007166309626726953,0.34657145508219905,0.727396541651832,1.0
0.5297768978961626,0.1960506486510338,0.024472318606425257,0.3926418671602889,0.1835705851000956,1.0
0.5072919481187395,0.5285086108648531,0.03436664494730341,0.36703973103332294,0.9430776638778872,1.0
0.633462537112055,0.2351838836405381,0.0027596928611848637,0.43834605444685365,0.011160791033729366,1.0
0.5957314289386786,0.7247473612399544,0.006710243285425416,0.7327679122611,0.949776100768157,1.0
0.7849305043554579,0.7010118676881034,0.008641072975461541,0.3615290522136802,0.9493176958070474,1.0
0.7892357092001382,0.9687259242258327,0.008868855297430636,0.3223649806592269,0.6451568511816651,1.0
0.571647858256372,0.8088796911349843,0.021755074710020257,0.29609789061221475,0.7243799792527257,1.0
0.8948786958092383,0.10181411600941495,0.030358698547922787,0.49831161830849624,0.429218356484314,1.0
0.20100609678982828,0.4582278939792548,0.029890473740554393,0.8011542869765802,0.16388548595683794,1.0
0.8569804277004599,0.8199478210301905,0.01547150307210417,0.04904474750576971,0.9312382535507754,1.0
0.3616156606190874,0.7597554295343342,0.009975055326728767,0.8349131752441247,0.07697550925849632,1.0
0.96582370095109,0.9957730280772994,0.032409348242181654,0.8708916430009032,0.2796013442332725,1.0
0.9279686972205385,0.5348381345181614,0.014670640249385107,0.11015798630463004,0.5910434437472997,1.0
0.40459258659834746,0.40662353106990134,0.02049258728428633,0.028756311811254636,0.9579080304903622,1.0
0.14174997090711122,0.006482907738455811,0.030134312407114255,0.8633441684238694,0.0962112979131924,1.0
0.44845432902651017,0.18651846889324927,0.026017918652449734,0.058981705960016624,0.5501596230534802,1.0
0.4654815372085593,0.42533236057790613,0.0062074122061782245,0.22106120382325373,0.06574289121151616,1.0
0.977916927596496,0.2805070248655747,0.011438868337545184,0.12797922410168894,0.7554090402922548,1.0
0.7899607865295843,0.6130032136047376,0.028649919130759594,0.4048260026999256,0.8596378577256067,1.0
0.0027229196120627,0.4883063407825995,0.009996963586693691,0.08714668345132778,0.846349846705027,1.0
0.730433338553305,0.9882039288761889,0.017388672068012014,0.3718692894114932,0.6062271215202387,1.0
0.24101174178150356,0.2514507277243827,0.02164405247895279,0.939939941033451,0.2991415357830047,1.0
0.9933399681588292,0.17704594304130927,0.0036169177247603384,0.5901654836417255,0.025242721433211362,1.0
0.6225869715097776,0.6598528882906417,0.01835445848801907,0.38436429818315393,0.5766213868374265,1.0
0.803678564245359,0.7929580773816376,0.023603226027508226,0.8943383506452371,0.8381872283418234,1.0
0.9567227618821599,0.8918505600156025,0.011911524103270633,0.021164234188432416,0.6043719708115292,1.0
0.7498170959235457,0.525075164744114,0.0036006747985321908,0.2454427328345211,0.882641232370403,1.0
0.7369329997288887,0.2926515644434809,0.0163897533034449,0.5314744264796969,0.25083127594989385,1.0
0.6937487758797783,0.08597442019110432,0.0137135205789483,0.7446329239050853,0.7219159222812908,1.0
0.7778971050881461,0.10853724814680342,0.005019183106714022,0.6578318109960485,0.6936405340272337,1.0
0.1818558408954838,0.517254887771674,0.023468264102609805,0.22447587425518606,0.5174109377283967,1.0
0.21523506196620265,0.37618784683989126,0.008355519544614073,0.9030399615241701,0.23756208304806178,1.0
0.03612015621561654,0.04590851893893882,0.007513931988871776,0.6086003027956454,0.01863222463661153,1.0
0.05910872443197603,0.40425511152886845,0.002651609086215159,0.6079342348442072,0.6887358412534962,1.0
0.22511905524760883,0.8686316617997816,0.0244697976892515,0.057593569080520574,0.4413259419927257,1.0
0.3115830327935095,0.3821772151333575,0.02240653012808246,0.0564253992357819,0.9669681054674094,1.0
0.027645327646614065,0.006317659058379834,0.014584848749979456,0.8843691121099023,0.819942317138711,1.0
0.5342485370095701,0.4492974876412892,0.014119273187631013,0.04737165771551455,0.9096117350488484,1.0
0.45561236362045865,0.5156523195271032,0.028001253615882817,0.22524661489658138,0.7101907783159284,1.0
0.8497032294759247,0.009674914865406142,0.006793448469994491,0.47157580519271075,0.850689847074017,1.0
0.5952737460647219,0.21292184144759713,0.007275879658037953,0.6398045100322811,0.2108590779123452,1.0
0.8349771172147582,0.390429828813628,0.013868054451225595,0.03710419655418269,0.2548304938461303,1.0
0.36103085388706424,0.15914061837263205,0.004596102947851122,0.0959583247725582,0.6594742996847773,1.0
0.5190024845964828,0.5008261217109803,0.006206652991387634,0.5011036205353272,0.06087783882377953,1.0
0.05896952644860423,0.4241066646990246,0.001019415917707856,0.7863642883444613,0.1670040183470944,1.0
0.044933770112703955,0.8209665472298624,0.02332568563573,0.25048598316700466,0.20321718962136429,1.0
0.8285744802921796,0.8620945917871201,0.0069597029038270765,0.35409459164464635,0.23825389251835163,1.0
0.6468029381413991,0.3465251522122998,0.00866305752239536,0.8661317757284743,0.7485696129726629,1.0
0.040156695292096874,0.9152153187818352,0.020541104851124,0.5042990018798342,0.011574760681753381,1.0
0.5443465800155146,0.8253283088781947,0.023287372665101988,0.7968969198973695,0.6932388168092446,1.0
0.22625870215321015,0.20289800462817428,0.02522641310613415,0.5018934057828855,0.5995620091645352,1.0
0.5478807688030025,0.78790575421853,0.011841490101818985,0.8591314531560924,0.10856867657267513,1.0
0.8902423750192708,0.25344143377380296,0.01211237894741304,0.30613633671424617,0.5646994480632588,1.0
0.10885132570990746,0.8913959345347036,0.007959005391394922,0.5345459309775411,0.5952100910413243,1.0
0.0966166153266829,0.971718020719122,0.023593419565079005,0.034531611869380495,0.7944050214323457,1.0
0.07612437250639713,0.6810713459497435,0.01797796139952793,0.2057148813098123,0.8778245698167307,1.0
0.2852720788178545,0.27350080821048645,0.027093496421027742,0.7064125517101516,0.9032425397848871,1.0
0.7865782309472655,0.5734725309515678,0.011495106728190707,0.03641867827534289,0.819128602301259,1.0
0.6321112931787045,0.5493190681237528,0.0011512843139906519,0.9943492863098227,0.8145150264443286,1.0
0.6806610288721406,0.4771176423541818,0.026315933223476848,0.13519421727307518,0.4469046442387963,1.0
0.4601955882505408,0.45102218020750384,0.005865194292492607,0.9765120821383201,0.016476650645339923,1.0
0.37406787721512413,0.6207559729974707,0.007108209711707561,0.5336608099002569,0.7230491959955154,1.0
0.9844379856079175,0.33736394709155504,0.022842124068766467,0.11160913832838913,0.709776902332605,1.0
0.10617985718829173,0.12673729121569616,0.010555612089165741,0.012923879559953954,0.9860652430428926,1.0
0.6079818605135819,0.9590032074819844,0.029288994646860522,0.8144286880373811,0.34016286753172403,1.0
0.2924462218528342,0.3473490660145436,0.01356329788623492,0.14086368529161275,0.35659191483939146,1.0
0.3100379914079119,0.16618162118939026,0.013695953538068921,0.48142686544321944,0.7210076582804612,1.0
0.20349233605224087,0.03761873977306889,0.011329183741440355,0.15797916855409186,0.39639269073647837,1.0
0.18189029953431574,0.319555069479546,0.025653886754865463,0.5096736000790597,0.04488421542981154,1.0
0.9353143052184227,0.10406182774628943,0.022593154765129998,0.7925333231920706,0.266173623662199,1.0
0.17072528385115007,0.2854655245589566,0.011601949050063055,0.9964385555736593,0.21535772292273933,1.0
0.9257657460439289,0.16276876312653238,0.030895517267399784,0.6508061710190433,0.5772846365724482,1.0
0.726272958190902,0.1114156632288954,0.034981847753827434,0.9419478367222799,0.8966953708990543,1.0
0.5232685400009819,0.5367423052977865,0.0015078561037599031,0.49997003244349747,0.6241457980922599,1.0
0.33280732558626164,0.47181106794325595,0.022634560626527533,0.42887720476490654,0.9621730637845417,1.0
0.0022724725046396046,0.024256202000770753,0.02447020691792473,0.4132324524479572,0.8396314782630541,1.0
0.01481308713823957,0.38869426776359856,0.026026179546453265,0.971756005644191,0.8837702254717044,1.0
0.8130044659131702,0.07126012740974644,0.020457259817886035,0.9243741146014557,0.3969887623432492,1.0
0.2214644116323762,0.10652817572386013,0.018841919426777837,0.9073396251092432,0.31196793952599944,1.0
0.17002806861440067,0.7458248256049386,0.019938916007172656,0.17584195841897785,0.718369162188171,1.0
0.5159197939142969,0.22624217000503197,0.005497992336329883,0.9572977934113295,0.656156725720896,1.0
0.6972735585211913,0.8296441915270967,0.0065246878714633975,0.49745327432249736,0.667457645731791,1.0
0.1508069923790799,0.6343486116566955,0.030535997344629882,0.660755762762656,0.03716860864261955,1.0
0.14036739400533882,0.23332967131893723,0.034148887584760625,0.7712619636567215,0.9366401036981281,1.0
0.6520827405281968,0.285268445864143,0.012113969017783863,0.9473238019713254,0.860764990539489,1.0
0.3738941502030831,0.29839669588560885,0.012088424849250136,0.8608067988224969,0.011496349733257,1.0
0.9428968388493799,0.543093718827626,0.01631515686489272,0.3130574348948885,0.07483871723204193,1.0
0.09136795152693439,0.1275727302857128,0.006559562500293174,0.30272740265219417,0.012005663315539926,1.0
0.12469527358429758,0.3837657234872275,0.03090393703030254,0.10746140222057149,0.48412064750236666,1.0
0.557405661410106,0.21113325182733728,0.02600732406802777,0.6816597218046403,0.3628237206403774,1.0
0.008856825206197808,0.8255674902440444,0.011932950293008332,0.1386321287072987,0.5190326749368191,1.0
0.009472383657875316,0.05708739713573806,0.015179527707892462,0.6762899408483083,0.47662435830828315,1.0
0.04504047098194067,0.34080072877409984,0.012945828239216505,0.34078709876035534,0.48819822621126724,1.0
0.31856473378641453,0.7447387234255703,0.005979826023488428,0.5611641307783163,0.37571293763987956,1.0
0.10864200062187718,0.9535093839141476,0.03181127997126045,0.8265699079863383,0.8928900405646638,1.0
0.5042180512466462,0.31859124959776686,0.031171122004341394,0.190248244816967,0.22072540978683036,1.0
0.08981075942858051,0.7326348097397232,0.010116327802680162,0.6612744299018802,0.8731647485742998,1.0
0.2134710495528229,0.050116360013677384,0.00251687503763224,0.0897230701319939,0.5802380945572462,1.0
0.24386387041850224,0.22008725123939402,0.03325177208470537,0.11969775931618232,0.305509596361882,1.0
0.0014490765481811577,0.9210322342882488,0.004369352085843531,0.6827881300854863,0.6292366116853259,1.0
0.6517363428315903,0.7696180297987635,0.015322452698809937,0.4892157900570716,0.701960440062255,1.0
0.5120270117164532,0.2063528476484948,0.009775680867416764,0.3591387438183341,0.01027510103807968,1.0
0.0037657072881489015,0.5654504204854154,0.024936978145059865,0.5625864829835113,0.693826453231671,1.0
0.06038253131102525,0.6987639784346797,0.0282986050305302,0.7179838693185051,0.663349230310998,1.0
0.7398503358703696,0.7246531208692016,0.026092288241403555,0.07494568770776565,0.06420827994313008,1.0
0.5280691178342468,0.762856434867806,0.012380065838894427,0.2758419595570012,0.781666859810411,1.0
0.8210205354376489,0.17795641617031854,0.013222099777664212,0.40167453381696394,0.30021093686033523,1.0
0.23627374856342662,0.33831590531999484,0.011663246413906534,0.7857699409807299,0.04832039477393654,1.0
0.038477940123861805,0.9307169185628803,0.02786712085905728,0.9821794376387755,0.9102503711643225,1.0
0.6918918289182497,0.30724753339092997,0.031199180389607218,0.41134211709737406,0.3765116543623279,1.0
0.8369035473322345,0.9664471398109372,0.0032605949095311933,0.24409553916082102,0.30155689011917863,1.0
0.4736569159025875,0.29218095563867125,0.027875314386930968,0.22402090034057143,0.6968207959858139,1.0
0.6040945409204267,0.35480476696692803,0.007388302234686146,0.1352118482092923,0.7444305644099125,1.0
0.04727323161620026,0.9838556674356776,0.023824308221625665,0.8443383688755502,0.43875048264569444,1.0
0.20032549590320314,0.18595098681587727,0.031271380982192204,0.8918253469417224,0.49952046601354316,1.0
0.3059112417450687,0.7543981856964332,0.029763724872044317,0.34830709299707224,0.06217244813505097,1.0
0.7397575443968553,0.4245906611878289,0.02082531879500756,0.9873841260265592,0.24575360076029973,1.0
0.6113494531490798,0.5495580888284387,0.030550404970089057,0.6054025243901943,0.5083821323688987,1.0
0.7035059900941321,0.13297525413320568,0.0019033763743836047,0.48904263190039876,0.5728728268755846,1.0
0.7126144676608311,0.8487417299073498,0.012777193327045681,0.5094057678973876,0.9742947216711937,1.0
0.8074831343775815,0.5264631286267516,0.00861470295202218,0.5808382185736719,0.2188439663419512,1.0
0.2366601194578699,0.19395068852273528,0.013611320024780748,0.8887083069054789,0.38846522052507715,1.0
0.5560574071114497,0.008607089518344371,0.007417048238709315,0.9313467671628284,0.6045692727515208,1.0
0.3108099002831494,0.7168458159044601,0.027248855436506837,0.9757239031335192,0.01915830668579174,1.0
0.39219862738656097,0.8381544133391221,0.019520239219516854,0.5650848934903321,0.36001851029826365,1.0
0.26474955726699556,0.4927491447924279,0.020045932958094165,0.7427785723340609,0.4721637017044955,1.0
0.4858088022516274,0.659661316321636,0.02392087819107704,0.7097321189687146,0.8234764940664657,1.0
0.1940848857060234,0.6799612007774363,0.003622014838733504,0.21973606743872284,0.7923653711361344,1.0
0.49854612348356586,0.9874095215650466,0.00899586451886321,0.02053319678639862,0.11226123690832626,1.0
0.7261941043720728,0.7760462099527772,0.02022662443647987,0.2557913522994632,0.5222201526322968,1.0
0.6821191417990544,0.6146832578537587,0.0017410823389724817,0.8171946219991628,0.7636631086269596,1.0
0.6357412739816737,0.6018914705015082,0.00586812949371359,0.1940660418132515,0.6835229300919015,1.0
0.5767080363780543,0.5682453324139853,0.02298717761993051,0.4411377218779507,0.0551178714578424,1.0
0.9003519579077718,0.805141853591157,0.03253240133162023,0.15367875354727817,0.5064517992817906,1.0
0.21071558448298147,0.2017692690297011,0.027589119709855277,0.6721800651351544,0.647540349278345,1.0
0.5072626548229596,0.024046883535838504,0.005418165788414549,0.5187326118980304,0.3103626033562809,1.0
0.4720132385437436,0.08448059220049381,0.0016066398066806222,0.7255326159738237,0.1723352313122636,1.0
0.4243834154180304,0.2647965285643112,0.021963620711370445,0.48620681471654004,0.11233915087575284,1.0
0.4264329955598338,0.6112234852697113,0.0011340393061111786,0.6267736334031005,0.28356700717390354,1.0
0.29842288321746846,0.9962644838976006,0.008848638700195201,0.9129467418877674,0.9180486651980869,1.0
0.3046991124078329,0.3816545113518924,0.034637528971321135,0.6191774311102685,0.5452354575828179,1.0
0.8479951873666287,0.0847216503513918,0.002597060479168966,0.275583228031874,0.47631281645246065,1.0
0.7902887202837557,0.19843451236133713,0.013650703966527403,0.7804600243542639,0.5275653550216283,1.0
0.39665914747565506,0.6263098687051971,0.03408967294350038,0.6621502428015527,0.017178967069165545,1.0
0.25161394264977327,0.862296755299601,0.014052256879688712,0.20041542271654592,0.46847923932372426,1.0
0.2365856670093527,0.5736885389727195,0.027089773208929906,0.8351194197857157,0.39827220059992063,1.0
0.48449102346708783,0.4343476955513575,0.007697284240603341,0.8962487562429761,0.9741741047676682,1.0
0.795950633477575,0.6460708413835972,0.009888832777640872,0.6355209621645301,0.129514548491791,1.0
0.9934955859772082,0.6367334886002015,0.00960956923412994,0.4505839219478622,0.9501380941155426,1.0
0.9005440874703419,0.8689403887804832,0.012701314747088672,0.6963129950730255,0.6608380052788099,1.0
0.366563235103218,0.05318426199963459,0.006815334197825375,0.6169371339860854,0.7753250867104562,1.0
0.5840979035299156,0.0856733875691776,0.0015878133243176244,0.7823596155647506,0.5498270577556729,1.0
0.16362567301790948,0.4080157476003724,0.032251755760651084,0.17242639325591852,0.06246537690873179,1.0
0.5949418042811345,0.9520784753518756,0.031819926315865776,0.7496809598303504,0.020138080640373934,1.0
0.8962058346005018,0.4342174370263628,0.03371295446684182,0.6528354926633385,0.11034767041525134,1.0
0.6959215185095025,0.06630360326738106,0.012718084090406093,0.7173639819909323,0.1579142909447271,1.0
0.6902204121447667,0.7757653609622497,0.0186294009900643,0.9569006701723096,0.9254055279401975,1.0
0.16111413570121105,0.7731586323200745,0.009266745563366896,0.8429784886891059,0.5875571968139431,1.0
0.5568269752239616,0.5332759596894693,0.032440916760597203,0.2151486867118013,0.9282302940991247,1.0
0.7694340782515435,0.9197484625808536,0.014397774493542006,0.073994119808272,0.8048628639622164,1.0
0.336921130600465,0.5190746924002202,0.028521948312345086,0.19285093427286942,0.6293467806348787,1.0
0.17524133650200927,0.8316087670437086,0.012039148294797509,0.9344916895393612,0.5693649359499822,1.0
0.4238826382751397,0.4012702189664491,0.028810853344461537,0.6778233486366398,0.7739164409922991,1.0
0.2621757874780327,0.08777835330965378,0.027406303659457523,0.41586115408718644,0.5097143685045863,1.0
0.43170671851287096,0.6842156774907819,0.021696959935792695,0.9720817448456612,0.13976500374158243,1.0
0.06417692323891167,0.8081105002894917,0.021954585330537166,0.42895043717654535,0.8024334189893021,1.0
0.22855830921813372,0.47302826034922657,0.0034082810856695326,0.8979632485297481,0.7312274163597267,1.0
0.8746188107144238,0.7917810162262685,0.015682988068616954,0.11951776512392417,0.3739914152009718,1.0
0.9491414007401483,0.7681029946582718,0.007950639824427176,0.19525540860569646,0.8798917393698397,1.0
0.5845533398551568,0.37887343059678874,0.011268374270680002,0.6777046436513035,0.9596095075752858,1.0
0.4866764305084524,0.44127079669401414,0.031860582402961156,0.5785289913752802,0.49714238404312905,1.0
0.23791666331239691,0.0646717520873048,0.0300737889765017,0.6076544389987574,0.16571222412384376,1.0
0.9899435790769412,0.6347892088311916,0.022627812792882163,0.0730914995455133,0.9690227425096879,1.0
0.5482346598209573,0.31007952753442264,0.02473387776512712,0.8335410200773973,0.7863352884134303,1.0
0.6372185432682755,0.3219042061273064,0.017929538844330146,0.8165008507826659,0.266077244628162,1.0
0.7251097457461443,0.4449829990888954,0.028763393436450572,0.14453990257282992,0.3363607666862573,1.0
0.6981702799182072,0.7595698841133228,0.016504091660142915,0.47855134702253666,0.13289985090634035,1.0
0.9923253159656481,0.7781439189909776,0.008585818988379356,0.6234996168546414,0.2956618538535887,1.0
0.1806430328001777,0.10349097869157751,0.0076617068213186024,0.7958088170275545,0.2935393018964013,1.0
0.9489136922879281,0.5746988419527069,0.017503904028341857,0.7503770484146735,0.09799304975319692,1.0
0.4993257703371286,0.8312202590879793,0.02868340044786418,0.8484170944901313,0.6981750549398341,1.0
0.8280514420220387,0.8734091328400143,0.01733647615039967,0.9856762459808829,0.8749433068541995,1.0
0.07021830775175927,0.22526755882102437,0.02739755169879369,0.11204310274168607,0.47033026625294394,1.0
0.8784684815421447,0.8472667490305864,0.02698544931603092,0.4082865483685878,0.14310700508795476,1.0
0.18210733386598418,0.5617531689252072,0.03434305820375371,0.5507594660314673,0.645911310393187,1.0
0.8305579693178294,0.4355456974289417,0.01791533663578492,0.17679604191066536,0.6150652078497645,1.0
0.5081171241398109,0.7667906363163879,0.0015973767591875446,0.5643516110577887,0.17427157229337903,1.0
0.03567856680691092,0.17029329742571633,0.034545399371763166,0.9985242384381127,0.7201280719697578,1.0
0.7772299461461658,0.8966577179129765,0.01865637202522388,0.03624871541828351,0.7096864247594726,1.0
0.25879490301598934,0.46400209989563884,0.01328332963574356,0.3910770267356335,0.7216785938814816,1.0
0.941143041333268,0.7898687953097968,0.0019399988529816342,0.8187303331516911,0.7730845650162199,1.0
0.49732057934966717,0.8356913765634864,0.01544269983154319,0.16030288095000514,0.3135859340161836,1.0
0.6813779706217988,0.1796944766908044,0.02292226283871544,0.4665009803164981,0.83982126848237,1.0
0.9298741306348135,0.9005686587577022,0.007299777689536777,0.6864801859995318,0.21541012437165444,1.0
0.6360874313820326,0.29482357658736946,0.00947020336503922,0.4301480773903846,0.8009222484896699,1.0
0.03434284932938053,0.3029849282554292,0.0153769327579704,0.5859964314307989,0.15037748180588434,1.0
0.8857114235473907,0.4770709659002359,0.02630086968547694,0.48529372798984355,0.4655175938240631,1.0
0.26010514767742793,0.2505522972069437,0.03463803106631471,0.869123017309903,0.7380171415531949,1.0
0.031194486473581896,0.1762370916928959,0.03288285279325568,0.8164734804787389,0.5235529364760878,1.0
0.1474355207993987,0.5595912895660309,0.0072295522975561344,0.3071221761995016,0.9401948839442624,1.0
0.1026969868449555,0.25029426175537756,0.02121325396578972,0.062291434553483564,0.550534562704086,1.0
0.29167621414912903,0.29382985714499826,0.008788695138182407,0.9357406938258467,0.3894822695583784,1.0
0.302272999679261,0.7029613404104894,0.004449003215993846,0.07256990155156931,0.7445394768213044,1.0
0.2657363348045216,0.35569166601196367,0.03354685704531596,0.105225964700319,0.18396391948012433,1.0
0.2828168071494696,0.6493595400835749,0.024480458580187273,0.5268616958062051,0.611586104101367,1.0
0.7606268664714408,0.043056399348423466,0.01163830544629995,0.6847456113534992,0.3303154627675071,1.0
0.34566841503830853,0.7117832770168746,0.0051474854186128035,0.7249067328474429,0.775680260641218,1.0
0.2449898145095861,0.8054900618378663,0.008291045060467822,0.9059151312191791,0.70693905344294,1.0
0.7994878315430014,0.5069271068195474,0.01639006247464375,0.4210906815057883,0.607023436374476,1.0
0.8960806391088361,0.2736718681342781,0.022446393278954407,0.6866562688566618,0.6751223426471057,1.0
0.39163152565549736,0.7626164382500246,0.011200333337387246,0.20884510923584487,0.5462833645663637,1.0
0.03419992960177449,0.05252416763892311,0.02463035789715374,0.973172700146081,0.45523369524244894,1.0
0.8182651273188237,0.26217446107674613,0.03485129969453194,0.563700901661233,0.23339991601154053,1.0
0.33604589055781897,0.7796925126423209,0.004597740117473897,0.8571457143155157,0.7675695573698705,1.0
0.8950987522956232,0.23054804512013816,0.018714197445773108,0.850072297946211,0.3780105841439954,1.0
0.29234272218197804,0.24267839116333603,0.030582129035429555,0.4643825030597391,0.6838606932088669,1.0
0.29988866453281854,0.7614383579698684,0.0017739801316365286,0.10501205913621664,0.16270322491327482,1.0
0.403584227914249,0.47753887484152213,0.009341265773635515,0.0671491042905258,0.6778455687484031,1.0
0.8096611642238661,0.9292256703260502,0.02515254306442757,0.5963645567575571,0.6573615107993042,1.0
0.931773430930434,0.9643415653227734,0.01550819582487954,0.6174620969722697,0.8030042466804381,1.0
0.527488900910888,0.65322346347788,0.025384985291077775,0.36942061998688486,0.29634877619098066,1.0
0.5582577335036318,0.9193841288198694,0.03146325712461764,0.3606059612305347,0.25859728479826444,1.0
0.7252550382259441,0.5058344913063547,0.014227028824321156,0.1246741058414298,0.7853534505031443,1.0
0.37750479805827863,0.9188691880907327,0.023428872018003314,0.9293096279769025,0.47493804787930427,1.0
0.9373020510237655,0.9598316368152897,0.03366608884188214,0.8190784965135355,0.46294373867951427,1.0
0.38405744039655043,0.9383591940262709,0.013360846032730198,0.7569607093967139,0.9230813467400167,1.0
0.9477264727284808,0.5555025401245537,0.017723922538129593,0.9876528682592183,0.2189610253757265,1.0
0.9632191154480892,0.6895056270023454,0.01923433633313737,0.13291774304846438,0.5137270087673129,1.0
0.603288432025323,0.40522399381709523,0.019737502049814365,0.8862589419307667,0.9129358124741923,1.0
0.6084529414318878,0.2799234100701479,0.0163369000693882,0.22066275414635977,0.5319407896037096,1.0
0.3384988993946424,0.2728461823380095,0.006134870625469366,0.1404041225399536,0.7117496545984036,1.0
0.11885904408545393,0.9988728180745244,0.00983716106422794,0.896152267112704,0.6095767677981655,1.0
0.5613579925881357,0.18163038386490893,0.02979975342938849,0.8281447937202974,0.3503357798849172,1.0
0.5434972180860834,0.9091400914195046,0.02829602862433491,0.04195477403222876,0.879396696219067,1.0
0.7424140464224787,0.12079361731622094,0.02845078025446209,0.6478415535809623,0.33948749120445826,1.0
0.5660011217647196,0.8530750030883828,0.023783867451864255,0.28922758760122325,0.9750436771651755,1.0
0.5172384865846325,0.40410611862500173,0.005635702904641371,0.6865266671561255,0.4313683988078082,1.0
0.9651320714502793,0.767873214494601,0.009244821965886198,0.7162637011231624,0.02140132921409044,1.0
0.4941249485234386,0.9368029102353013,0.013843841405082814,0.26391043087936045,0.9950612824172832,1.0
0.8633193598680277,0.9111461068569877,0.018627936234568397,0.4562582115936685,0.5533330688175778,1.0
0.9646955713691988,0.32899378726034645,0.02611343299207479,0.2860891028126695,0.6113420882901739,1.0
0.886599838336632,0.4492674680949675,0.013571693207240313,0.25419816039887694,0.1342837532477694,1.0
0.8721058269430993,0.4193907066944276,0.01178796763758155,0.7393931123418284,0.2163688871543128,1.0
0.9359727396899642,0.0825081029245995,0.015097460128276393,0.5771744412024096,0.231030454898991,1.0
0.22262351938391578,0.34584038648858095,0.03154919567266724,0.4321557592250934,0.4184111875069083,1.0
0.9641516112106367,0.11818213678359583,0.03064376431193846,0.32783390666024753,0.956555080113648,1.0
0.08379148889306415,0.5205218424681634,0.008747429696536952,0.7532368256579025,0.6576483127096264,1.0
0.194295999122026,0.7089216346202554,0.01158525491733147,0.998675354032011,0.7320358954109323,1.0
0.8672506614363324,0.5897223880197077,0.019793495470368138,0.23807828720257418,0.6784338833300996,1.0
0.04403954518431822,0.8162457345735877,0.0027636876660572236,0.6726278227176854,0.15756417059343028,1.0
0.859232566888174,0.09532512956503249,0.02368312307078911,0.6130061237435992,0.8676622166099365,1.0
0.799987717131169,0.4506710755445869,0.015573893024770349,0.36242256648903504,0.38618857204972196,1.0
0.10769302310054232,0.42564080400308496,0.02316736131202378,0.49869416108487624,0.16666363938077317,1.0
0.4435187127515039,0.6692059398183352,0.03162605496627493,0.5508251370752306,0.6766917599892468,1.0
0.9545125623182454,0.3158934816651674,0.013045919489389329,0.22361993786087112,0.08558540169378365,1.0
0.24124959162446663,0.2834050476099678,0.00718107340461327,0.9749103950185812,0.7812537624819252,1.0
0.8618616436864569,0.9063905027457164,0.017287157762872565,0.1713708959197434,0.3275534540231868,1.0
0.7174167037637551,0.02664701362103509,0.005829435307211221,0.6832022351346061,0.12431891144664099,1.0
0.11010594944657966,0.6909834788900532,0.005737058819759803,0.14715805677534488,0.2310698965623402,1.0
0.20115255934851523,0.03634002132748299,0.03179935408958198,0.8764421058666318,0.18563418189557593,1.0
0.1893690138721973,0.7198150044227681,0.00950030206243389,0.9315183076211236,0.8278133833591853,1.0
0.00992928648899948,0.88378573701025,0.025743895982106843,0.7881194891444654,0.07275337936741905,1.0
0.8047848841505195,0.9566787208008977,0.02073599607460281,0.5085338101472723,0.42597139319192984,1.0
0.9209004834098992,0.6001552936673197,0.008727643811283554,0.018556376358867567,0.61949400514926,1.0
0.06690930229583597,0.39817363775238457,0.0329615954867507,0.5021753188609485,0.22143757155880447,1.0
0.4087314266286115,0.11817222490237535,0.02346693629084598,0.5925721647633839,0.6480751549877117,1.0
0.01765539622005133,0.1752883867167533,0.006629448066159258,0.09885353481169146,0.7357402974250781,1.0
0.6685258793768939,0.17921191934402175,0.005022546060429496,0.16336751856746326,0.508895053081482,1.0
0.8121129351975791,0.12943364325916595,0.021950349411118227,0.774065759811836,0.3130927663363765,1.0
0.15679001710344737,0.09246708891289628,0.03116520565477105,0.3773249666918743,0.5238252565306502,1.0
0.3721269236986031,0.6494535519729852,0.003607115009426883,0.48142474192103185,0.09742244720413733,1.0
0.2940474867678732,0.7178662200830597,0.023919542333834632,0.7473330088421347,0.06269329219009782,1.0
0.05536560868105915,0.8259220436477148,0.026169143738338212,0.5921700287013281,0.4394183079798422,1.0
0.7401179454655773,0.1380411571543147,0.02794950408066959,0.07947844043753029,0.5010455959864062,1.0
0.8218671685178525,0.4636471078749607,0.009053174637214938,0.4911689558411499,0.25095790232668297,1.0
0.46304567492341137,0.7807239792666439,0.009163063857045985,0.20078519900614916,0.474711154227393,1.0
0.23011128780707032,0.3543512092735042,0.01757941022707095,0.2701672745141387,0.561075858213698,1.0
0.5441837338962445,0.2875526822146954,0.0031073530480787066,0.13752963844357532,0.5616561511786434,1.0
0.05061827561051649,0.1863642798837682,0.011848763203003399,0.3204533357716219,0.9584486071637831,1.0
0.06345782912962979,0.35366181448300676,0.0055710270150091026,0.12745538317065333,0.4080432104560112,1.0
0.09263504937920415,0.6046991259980219,0.018057792044691903,0.07802256928235407,0.8628817295401302,1.0
0.9614194041622321,0.9316070939237693,0.015759285291437594,0.2293383734978966,0.8350178598176923,1.0
0.16438714397662693,0.5520561081031222,0.017639683051843037,0.8501678609351424,0.7295520984594928,1.0
0.734968209474987,0.6425327856871492,0.018006023177418434,0.9875657362069511,0.9592056591761722,1.0
0.7755438945717423,0.5779819905683936,0.009831614257891032,0.8755635880608769,0.011805318744078759,1.0
0.40432871263938536,0.586570998078838,0.020069896892252102,0.1766400105588994,0.10569340161371825,1.0
0.3493600801075871,0.015039634232166125,0.0245434978986951,0.24847970830175395,0.35205303211181405,1.0
0.5123179710776433,0.8599399223725164,0.006079258419188401,0.34138638611803873,0.6923367789240518,1.0
0.8301486565270615,0.961863315356929,0.02165966488778769,0.9565518626596906,0.413648767602316,1.0
0.10714266050402402,0.036411488064769924,0.009313146816574153,0.47865052844404654,0.5081747084720262,1.0
0.6131928689867662,0.18202466896354952,0.012091178769149405,0.19651380567413812,0.6969669363901474,1.0
0.7363649979735428,0.05819092142205804,0.01546231072799481,0.9669916204024391,0.05456589519165725,1.0
0.04135782063676494,0.14750666764982917,0.01672589935348375,0.15835588428636854,0.5192366695388793,1.0
0.2012071506392293,0.10807932320248559,0.02905940310742037,0.46080957756634144,0.8827284877452937,1.0
0.6279044731819026,0.9233902407473626,0.0068376571812288015,0.800927830746098,0.6318852330952822,1.0
0.17152265160815505,0.4346523838666753,0.005380465768216391,0.9601220258773793,0.06362903123717434,1.0
0.8982580359895206,0.3014613859895373,0.021298681116803105,0.2881880533783995,0.6491096172519041,1.0
0.4594105885934178,0.5339586826056141,0.012343858269762422,0.2524489106576831,0.14106646100354558,1.0
0.16911443327842882,0.2928342647969565,0.012454897996961593,0.4549124301826904,0.7028661308505169,1.0
0.871222527814048,0.6801058609735643,0.02950854834842612,0.7166376073696097,0.14948316803726253,1.0
0.7867996795025972,0.5731490468653785,0.00661785198509629,0.1735079679303955,0.6147168436852816,1.0
0.6761836410146306,0.37305529717480296,0.01843673582952423,0.1887700799259981,0.15604594314953277,1.0
0.8198196655936537,0.5558308653280816,0.03320279535682652,0.7497367950779688,0.7689943970892444,1.0
0.8156384825891251,0.942121381868503,0.025539168579404883,0.10648335194611433,0.6513688393942527,1.0
0.07814519999624917,0.693207504710822,0.029382704685417312,0.15968264923863723,0.07507445935807867,1.0
0.13307712765387802,0.03605100764999343,0.025515848538060628,0.8478678385412476,0.514958868122762,1.0
0.33752365221465125,0.23922473566736635,0.02667789038596993,0.8494351237129215,0.3219235134070315,1.0
0.26852392782550505,0.05154482260433376,0.010556550844572956,0.026625266052036006,0.7886192148459045,1.0
0.6904650341620123,0.5436451971550156,0.02947376341922476,0.9604183488294646,0.3679243225150358,1.0
0.7498961186215368,0.022281023872984192,0.008580753372532375,0.05419741780466539,0.8982502232481956,1.0
0.4932494228502166,0.4245751280318212,0.023193318594636744,0.2904543444806806,0.8738217050689889,1.0
0.43286213156624065,0.35866822326302883,0.028740200414917875,0.757303238237235,0.3996010579660234,1.0
0.039849101672879604,0.08262553819470549,0.0028332274888439794,0.02539107086167879,0.15371950975864013,1.0
0.7983611514451092,0.8457282739803689,0.022209212288466045,0.6244390381394294,0.12480781480646362,1.0
0.2807463844596025,0.5197340764564149,0.03346056852922916,0.8707447789241088,0.23396031378849635,1.0
0.10498665920925188,0.02771574325828856,0.0019579253425832466,0.17107623773379435,0.6952534536916991,1.0
0.016926496527725092,0.988034608745465,0.019134865709887768,0.3944863348962062,0.5193310451537826,1.0
0.4707663405159007,0.6133359555605058,0.031111305075522424,0.30241197838500944,0.48748165422311623,1.0
0.8599544670368844,0.30659798502420316,0.010224094543164542,0.9975396320418236,0.5848085458064427,1.0
0.2662594449236774,0.35387336167804506,0.034526041627602234,0.4311910562369431,0.23090385430451627,1.0
0.4053548983989534,0.05590542775372856,0.03027126682344707,0.01667183975602061,0.8985851521097311,1.0
0.07674738693226871,0.7238874667352408,0.027212017192736845,0.6027047663552558,0.5780931293559671,1.0
0.06043687545095978,0.7275613611858611,0.004589216083242934,0.24260225660577106,0.4993377572295354,1.0
0.7900497209894756,0.8075706457553096,0.02963286918287033,0.05051855265393026,0.4284452880723908,1.0
0.3638561709163922,0.6961245579446994,0.021034360742460328,0.34786140809047145,0.27712842426133333,1.0
0.13449051286589409,0.8602623965686709,0.020599076996743917,0.11239200162071333,0.7038241175481703,1.0
0.20487733394781252,0.9611082236319413,0.025468024690490473,0.5934006297046681,0.8490183138783023,1.0
0.44202914172057095,0.19025741300084759,0.0062152744540180755,0.43253734705547636,0.4565186044484883,1.0
0.4426429250268395,0.5935660413648524,0.029305629818592367,0.9933413608150312,0.3232027898361312,1.0
0.8062448209817453,0.06893868362923353,0.012361403649032304,0.219823916874549,0.664719888150575,1.0
0.4953562015369641,0.7638002000437699,0.012332495657607436,0.38336954325771233,0.8657683142772238,1.0
0.7765809834270644,0.21785390380244904,0.004830155493570809,0.20999594261803622,0.4233386036578735,1.0
0.9011401069239398,0.6710521788656728,0.01516879432262248,0.27453792112869924,0.3812803441358234,1.0
0.7141085298235529,0.09025221667065002,0.029860319952824156,0.12843247109904982,0.26318763189046546,1.0
0.1910184254102069,0.10204104559855931,0.022705780265239145,0.3937359507713737,0.0927435988342402,1.0
0.08008241480509633,0.5232128431931348,0.008850360134452038,0.7777745821846309,0.8576511244386712,1.0
0.3376828508637357,0.14742755134272928,0.010747551921786206,0.23996521433182072,0.7870780360362494,1.0
0.4960692339454322,0.6742212103675085,0.02895672607117435,0.30190788123212936,0.21001144703631514,1.0
0.32082739710284947,0.6713970310816947,0.024046595383045346,0.5145154161539415,0.22921899803907242,1.0
0.4875291287695167,0.5114186071746656,0.02729446973034312,0.7101236105082414,0.9121292375570309,1.0
0.7281234748733412,0.07743473758142315,0.014774022513381488,0.6091935674708422,0.5906048763785076,1.0
0.5833617847214205,0.3503308273735627,0.012523512724686343,0.8341729982959349,0.4225112255095518,1.0
0.5633099881734442,0.5634337830717646,0.00824613146863465,0.5998539097858581,0.3352889853351755,1.0
0.14655190136676136,0.9941214790390358,0.02724947190941545,0.4178341820508232,0.3020504990134187,1.0
0.721487064501101,0.6557523917849806,0.024871145408019973,0.8891101962560878,0.4568389310840989,1.0
0.4420664470049084,0.6384599800417566,0.017144003656740205,0.7768869637105552,0.0062548631604493095,1.0
0.29714118753808133,0.9454491117448651,0.018239571240875208,0.3649875281181431,0.4049078034980582,1.0
0.867962559723857,0.9623735298144577,0.029701597751167843,0.8418151066555295,0.19981609584450574,1.0
0.596453131377541,0.6564812760278697,0.007891982697166764,0.7465355908737709,0.2007635893666672,1.0
0.307488742443629,0.8461454250738267,0.025890852493610034,0.5311547502884572,0.8199295488367603,1.0
0.3904432628527747,0.7816558501999324,0.008012254248056357,0.5037256211055539,0.11912348865828169,1.0
0.5208454039974234,0.0808384395581542,0.016728833898879497,0.6520188724171729,0.6144741465099931,1.0
0.09624434622229287,0.3520048897091859,0.029651314579147596,0.8698862971141951,0.3103032568382181,1.0
0.5778132017592915,0.9834388365006731,0.004217893017849518,0.5483328614980146,0.5929451112223826,1.0
0.04790629424397931,0.0530524311521382,0.016423013842821698,0.6927813156544752,0.7004756100173243,1.0
0.8581141688647805,0.3777852635437752,0.033788508667062206,0.11904147479121117,0.8366182439368464,1.0
0.8228528506175877,0.8090323000584843,0.01328454052376813,0.713629763614252,0.5797672194452891,1.0
0.9931185843576261,0.2911642634269748,0.015046896754384661,0.9029581763007792,0.28971927081717785,1.0
0.31068974991981557,0.7595523654246893,0.030235036329877046,0.11533054263473874,0.6220909683937518,1.0
0.6691289877278518,0.6713853147556692,0.033621893989061964,0.34718267921831253,0.300467154814043,1.0
0.42998904077942307,0.4742805180402657,0.003355417779152755,0.1490939347766394,0.935439561656269,1.0
0.5905554470879402,0.7548204539888723,0.001403359966988135,0.22352539978545144,0.3776949588185374,1.0
0.3422536994609048,0.6493502588909009,0.008697515586524231,0.026457453492589978,0.002569479767435895,1.0
0.3623011363950529,0.9486555132691574,0.0025225442256880345,0.5305349950750459,0.5782355009495824,1.0
0.6390958655405199,0.009131354230218904,0.0224831608959064,0.3230655517600324,0.7730960923864542,1.0
0.7164894463252022,0.6258698383553719,0.02317789010113415,0.1767717394004667,0.6695048273311298,1.0
0.4899208509765678,0.34102531730455765,0.00666286487579798,0.2906705645856298,0.7640645340900685,1.0
0.7030105287512644,0.7403512336734882,0.02392178762022585,0.6738648852592656,0.6111973961217255,1.0
0.1986188701833995,0.8429605835349283,0.03378498186457824,0.46701758153456613,0.9333055171287711,1.0
0.4867097166732348,0.7246310183762181,0.022888871500517768,0.23802755118474647,0.048042354310564465,1.0
0.787417792398876,0.32580952802700724,0.02767091652056827,0.6551468802809925,0.6958458104657697,1.0
0.47057733546020386,0.18252209622519192,0.009383737954710699,0.09076019304932276,0.12764663288991182,1.0
0.5806539771644611,0.44176990842809216,0.01007594342722911,0.8612513344507914,0.5256225436506441,1.0
0.6353299973152902,0.016771808932187923,0.03205817349453364,0.8576058723451455,0.6356359515581183,1.0
0.45347314724526644,0.4826926709210648,0.027153501788639893,0.5136284607563271,0.1768486740037382,1.0
0.12706009001022595,0.2521896677285487,0.013502960128950026,0.8925235961630336,0.2398481449674683,1.0
0.22379152498724708,0.5461960768874272,0.021980947674012555,0.5325954043652635,0.9519047945657233,1.0
0.8375585938157577,0.8054908487454119,0.013445794409486692,0.5802037226558364,0.35212094652993625,1.0
0.17265930795274417,0.2174550425803484,0.002315598409590501,0.6093307336646544,0.688849720530168,1.0
0.5112749782302564,0.37749766395128415,0.027940946581838103,0.03985185525264475,0.04951712312926047,1.0
0.5920472157251842,0.8312589329750123,0.02113707423135028,0.9494214577629099,0.31507025759218765,1.0
0.9776969918364137,0.10841671912840635,0.028060765008673508,0.012557145945779852,0.4870267361539489,1.0
0.599262842024337,0.7983717997381202,0.0021234382799233675,0.1646089538651535,0.34326777078074056,1.0
0.3838366699164488,0.9519164315176344,0.004441008332968177,0.4238588265571063,0.45763428023597524,1.0
0.27922805112988214,0.7150374095875713,0.02200669065013341,0.81301918771342,0.40566814925557415,1.0
0.8936945525419019,0.851477143244669,0.03228079534499861,0.2697060475056967,0.9854357633475881,1.0
0.795012998235262,0.6679110223577006,0.034431111094650226,0.4421216648184339,0.7417977654576483,1.0
0.7323568175406185,0.7517133493550875,0.007485700298121256,0.34970241823269993,0.392861741830079,1.0
0.716531727743585,0.8335328390304835,0.02780965136827143,0.5964378455100213,0.14080853800095508,1.0
0.8871722243538416,0.6435311890263414,0.03145129857164322,0.9990539651187625,0.3598430307905094,1.0
0.5404186739679049,0.45551682890745737,0.00915548067554368,0.24666868139993509,0.18578731447321103,1.0
0.14291104354645995,0.4319550833472337,0.0187933301352546,0.4387962427117808,0.8550745839604427,1.0
0.0837492608713383,0.9922073416314746,0.029729442096047234,0.6603834419205937,0.7565672971877989,1.0
0.7661488793090716,0.20854119277038302,0.017625188405515177,0.17880480653495928,0.7540311793678596,1.0
0.25395521007320104,0.11011312699095877,0.02550061953677164,0.296548786150097,0.5187617331887654,1.0
0.774926557563411,0.22725717283750727,0.03298837300157732,0.32201863491481797,0.1047477696694599,1.0
0.07486698813810802,0.4692699922614324,0.009508541504597946,0.8861599984004315,0.5176114915999263,1.0
0.4518190595750365,0.19679827786828388,0.007076798781447228,0.30135581366331055,0.1091931633041778,1.0
0.9381088261224265,0.6671358320627645,0.032317490557547034,0.257590094526316,0.8571563224651229,1.0
0.14505078614136316,0.8049023929041926,0.003028104483333505,0.4054479860960313,0.8194953538431319,1.0
0.5185476297042935,0.3542802875820772,0.0035518982331926878,0.9909810140498628,0.17559895299832337,1.0
0.23667984673212314,0.9080334652790174,0.026965405352600034,0.45787246963989725,0.9554676109179072,1.0
0.8937767108404304,0.06136690835247101,0.014298443661775169,0.054950873498113215,0.9989700227659276,1.0
0.5852141562909849,0.21862672942424727,0.010410442656713955,0.4500938226910632,0.3234574023098534,1.0
0.6565997521090174,0.6138144761892079,0.03174656390944059,0.47737718606534496,0.34536425283658945,1.0
0.1955002959049438,0.6259148114729616,0.027181118014865495,0.15430825166231646,0.31906483441769384,1.0
0.5060262168851881,0.5323048100308692,0.025561878699813956,0.5783149224061052,0.07051018830574533,1.0
0.9229132012112192,0.05422395575782141,0.0051224917195567335,0.702273227005273,0.604869458582011,1.0
0.539709400291431,0.7036352294330577,0.0181521997039516,0.1410481363110136,0.0903465931041569,1.0
0.9229618730909849,0.5582213955337854,0.01317948234660687,0.9087974633515145,0.38924352402275914,1.0
0.11738283129809247,0.7376635445738619,0.024810300542886334,0.7944497488664697,0.32586612211433563,1.0
0.16917336981567116,0.9645403712204029,0.00392662981186801,0.6493642903711324,0.705552137170621,1.0
0.36595788262465934,0.044083440195720795,0.019924680757945797,0.9949432046808006,0.4304550718653367,1.0
0.12709919838515354,0.3930618889245279,0.031666808981648045,0.8768187861758147,0.32426798629191445,1.0
0.886274011386233,0.7671105886870745,0.022368190695719194,0.15342303894546253,0.07392968987799291,1.0
0.500775390023419,0.23879862307175287,0.01095417302860684,0.39269509002420866,0.4960253312703831,1.0
0.38790438041388065,0.11661707850004158,0.030430074220681672,0.6095449276963162,0.14695608241740984,1.0
0.417299196117516,0.6010202576106336,0.021701567006877275,0.6455769148427826,0.6982051542864636,1.0
0.30561727837223923,0.018330471353499692,0.01645781141073302,0.430000647752457,0.7345926032492992,1.0
0.6318629626683854,0.307387503732222,0.013985160143529771,0.7195675755090827,0.07247650052500175,1.0
0.39193190690951224,0.7160335625398171,0.0077736301124038225,0.9474655806967726,0.997764190841364,1.0
0.3004127889620646,0.6642027874187818,0.0038270330777297242,0.8714080363908041,0.5164768783890135,1.0
0.32808914300214087,0.8009420017434868,0.03058771009251958,0.520193673547489,0.48083118881036246,1.0
0.8263634328960363,0.7650819655834247,0.014070553707963063,0.64228383584771,0.8575025483626567,1.0
0.3887485484298482,0.05756226499138944,0.014901827713371597,0.7725098018347303,0.19783141498216186,1.0
0.03754914768840531,0.8977523407409266,0.02888015962661535,0.5248847825952788,0.7060812089759779,1.0
0.8453642869009732,0.7155462695406996,0.0050788914886527375,0.9807085958336588,0.023507913762240228,1.0
0.1725832417440759,0.7195383915703172,0.0033938126349384854,0.082019781960273,0.46682544882256916,1.0
0.27723972353088056,0.6129156325957661,0.01863236852872401,0.8422774900407871,0.289301018097455,1.0
0.9506728915900756,0.3332532225277215,0.015939789764546155,0.8889245011891678,0.33316635837722336,1.0
0.30481469006882056,0.8097218439497479,0.03263315699488452,0.6314677817862387,0.6240065011283928,1.0
0.013471265821925175,0.1747636612247497,0.006012904056067973,0.1167661208102237,0.6543932687373418,1.0
0.08654831858418252,0.38319892505529635,0.009466770540908552,0.14671468509024635,0.14698174768300942,1.0
0.5373129136126653,0.7583375044911601,0.029994405870572744,0.7516664318891113,0.6285850464444666,1.0
0.5202170659315164,0.6337234840128377,0.014995098711283527,0.3280568166798653,0.3323800676817922,1.0
0.7968010530231775,0.05631271624921024,0.023939298287993682,0.8645957326441988,0.49793091863838185,1.0
0.42898904417525396,0.3438833762794675,0.03450833685618065,0.6915739364173253,0.721638445024091,1.0
0.7097048401876543,0.7228484057454461,0.0032562019453675653,0.22338391795279308,0.01395458787345717,1.0
0.8759240549811905,0.609944980160633,0.01800705594546212,0.9260398817630293,0.17304629251073214,1.0
0.917388430673308,0.9028789731638944,0.024221064531240285,0.2467331829339559,0.9697942606796663,1.0
0.6742206890010844,0.22368841269143233,0.018445031835525934,0.8227536650557028,0.8603999645075537,1.0
0.523271049875545,0.6979861444793329,0.01896046070662408,0.41826335702759526,0.08633359241296429,1.0
0.7605151927324667,0.0256394005596438,0.002778370877118694,0.9047389345083312,0.7042931163412302,1.0
0.31273133098051786,0.7635551421349492,0.015198427199226693,0.46932902503525353,0.4593402619850093,1.0
0.7216700464603626,0.10390332419084827,0.01824653758858682,0.17078587163190243,0.04748627676757884,1.0
0.86946560137543,0.1769715171156807,0.010464553106419918,0.1389566934321858,0.7358095565561009,1.0
0.9436914036064259,0.6646602576656545,0.01906723349655024,0.6569743006965397,0.041384957826454495,1.0
0.9564731808068309,0.2768637286869741,0.022362046413266546,0.20271332889573473,0.5479243228058585,1.0
0.9398819030805867,0.3398777063424062,0.02457917894345389,0.7167106872328323,0.22192765236357648,1.0
0.6557658678985888,0.7643120302396883,0.03499820675345414,0.04119213705705408,0.20310273863388054,1.0
0.1552796183682818,0.454794411961343,0.030870242924839874,0.4492745457986873,0.6688119174365789,1.0
0.320343651995804,0.8344009496442132,0.023288615344026268,0.3515443927944535,0.9142461009859177,1.0
0.1890864725519892,0.4837386406052135,0.023939780889738176,0.36774547666690616,0.843940951539118,1.0
0.4682970151545318,0.8588527118404549,0.016739205419849204,0.41499573170896564,0.10461267893816248,1.0
0.39765125226251863,0.1814416969052653,0.020985988858247703,0.14469822847979735,0.2244660988152871,1.0
0.26971458116001235,0.6400286418182249,0.024477446519303954,0.3019891201960436,0.08830029381522322,1.0
0.09380552167172533,0.5157204458423442,0.025691406632384645,0.6207094616793326,0.44881937357080554,1.0
0.10264548584908831,0.8801215054050193,0.028204381669800906,0.42031884178421997,0.1537143047288137,1.0
0.9218839549820546,0.23447095961398182,0.030719934071586175,0.5037919247103586,0.4622729020906392,1.0
0.2158240438103397,0.42894230338563427,0.03290847091936762,0.2390186720497711,0.921661975320872,1.0
0.05285528088742127,0.5318477434687802,0.006841856189585413,0.6220925417007206,0.9895531005716608,1.0
0.9249236131447471,0.21413646349878723,0.01943886636223625,0.23559618537855567,0.8995252828700736,1.0
0.15480495349679058,0.01315046908230475,0.007186227242945137,0.19057308400767828,0.07841269733808605,1.0
0.7802178108874279,0.25522701584990953,0.02763076191258089,0.4227423822500015,0.7757447890388364,1.0
0.5650895722613892,0.38222893141221437,0.007380977778797951,0.5860472511179987,0.7510799691778732,1.0
0.3569331289009243,0.5191930566374222,0.02696847235189294,0.05544309692806825,0.07281644496755944,1.0
0.22424812942793781,0.37527137353067014,0.004187604715227201,0.5924160226446122,0.67206876548836,1.0
0.6508724151372516,0.39698501361106975,0.03278755964380716,0.7266056840119625,0.5281535645809488,1.0
0.6493260117494795,0.5921288045608701,0.024233219963876583,0.7813436405429929,0.9151345693592458,1.0
0.6305553166234706,0.96599007971759,0.0319883615660193,0.0036117426582058373,0.6379798487797618,1.0
0.2958974618040399,0.29820269953585327,0.017426407747661653,0.011855311815373056,0.23656061161663186,1.0
0.6509080071535186,0.8893982911141403,0.034924814434285696,0.4491083348903154,0.2608809691838586,1.0
0.11404535902293232,0.9742647420750846,0.025304473460418878,0.5044307307020467,0.09755388678690911,1.0
0.5449876652844572,0.41443665693258136,0.02965059280830925,0.6426631742137434,0.4324644501491994,1.0
0.48094178660319414,0.16383128450737042,0.023678430524088304,0.6061233433932942,0.8102612967580767,1.0
0.2793698844945015,0.8365589638765197,0.024493900769636083,0.7070024548952907,0.5285564868349393,1.0
0.22855572396406432,0.4022903333275677,0.028071907436604007,0.13382794106671247,0.8083013835231985,1.0
0.1263781953313366,0.08007033604969382,0.029662976437626963,0.77883693008001,0.2887533040441269,1.0
0.24798719161168034,0.21377464805798205,0.025923892157534743,0.2163475212725606,0.2168824232458575,1.0
0.5972628286212086,0.6892905687078512,0.023218675944234855,0.5690305569999224,0.9661088738919944,1.0
0.8602763716131135,0.6463639004669615,0.0038615059833864243,0.8102783725151131,0.5848041531481284,1.0
0.18104720818822806,0.43805260404821506,0.030939804128725663,0.216215761893229,0.001124781630656465,1.0
0.48805490672723556,0.8214567652586194,0.022871890619493934,0.9191444054882186,0.4561088671962656,1.0
0.23218679837911754,0.21884442205456506,0.026027736498274057,0.08127876392226381,0.24347087124817562,1.0
0.5773438972815532,0.04754102145926393,0.024944671643212707,0.5071756853853633,0.8546672057705176,1.0
0.005442141389810841,0.2065333480877457,0.00977076581920813,0.7025300568724884,0.5098048634924242,1.0
0.513354331584679,0.3280572260859044,0.004524461988095438,0.20341947657006754,0.401379300265336,1.0
0.9386987657874319,0.24048045688943467,0.02364688794118725,0.15339336558180836,0.7140393688004117,1.0
0.656264029979686,0.16405443905780984,0.007131031176947994,0.5593487256812627,0.3760361343628037,1.0
0.30957999367370165,0.9535135824787968,0.01088230740278422,0.5425053773107644,0.8545011999853044,1.0
0.3234541700347389,0.5528842466834526,0.0038216982919127324,0.5461407163049845,0.4319576992651884,1.0
0.848054940290983,0.2004169051257916,0.0037722207856659444,0.3911664242635908,0.5346162577923464,1.0
0.628932609827082,0.5061456284393561,0.03284528517861306,0.40998173219627343,0.08341167877563382,1.0
0.6062879685008813,0.25676907350847905,0.01014560736139155,0.3402329115383285,0.7463956381291461,1.0
0.35102625721393216,0.1962925517207314,0.015301656373681504,0.3524878532866465,0.9900348892090528,1.0
0.6796040694590522,0.9138742785782084,0.02238809363037204,0.25012909644493403,0.607802685237947,1.0
0.42292751956936825,0.9793452567890346,0.010472094462224989,0.4694662113318325,0.1607071786535011,1.0
0.603880939661748,0.751264692444562,0.022639635702972737,0.3299547139050678,0.06055855439245476,1.0
0.5047653834408701,0.7708809563518587,0.022769845117926464,0.8713873689733859,0.7831998958163966,1.0
0.6325892021011735,0.7475392429256715,0.03353393255187333,0.4229298104596236,0.6486337103188249,1.0
0.7380903506909172,0.9120811781392467,0.03225368453446555,0.1579304298701225,0.20489250102325796,1.0
0.6313788760564595,0.9052021795680998,0.011669219020128204,0.8481727903351167,0.684092081126876,1.0
0.12736787462664362,0.703020878406599,0.006387691432625113,0.794534710703405,0.5575379450871899,1.0
0.2762535068854982,0.983861749329935,0.0255536817709579,0.778285583517712,0.7689422167376728,1.0
0.939759143116919,0.5842376818792941,0.018681549893541084,0.2744367319804444,0.2824541839218318,1.0
0.33543265421796586,0.7289820344015312,0.03339202979970406,0.43986812934198005,0.09822831723676231,1.0
0.010513508663790144,0.7872165177510245,0.018872205979316426,0.49024247180464625,0.5698727184171096,1.0
0.32445349452422667,0.28222740076956265,0.015120113661212436,0.8950143726336511,0.13623508932805517,1.0
0.19310812752145498,0.42770983976064453,0.0055389462501878204,0.76103481828833,0.10436392519199014,1.0
0.26844261454415447,0.47271780686080506,0.007799590698396409,0.7304934557962434,0.9483277132790561,1.0
0.9532000545051155,0.32594852721042256,0.019966803679764656,0.7018883611344905,0.20006934744912844,1.0
0.06875965318338603,0.697356722251992,0.015164948070632268,0.8917528881069513,0.2747178966845648,1.0
0.1418988048381622,0.6073594995478694,0.011465478115654083,0.1825998293423341,0.09484323454744632,1.0
0.2339347653259862,0.5732415976589766,0.03430023657639945,0.316645858459252,0.035909333439012085,1.0
0.1202026874017596,0.46382024367803054,0.02631811936846133,0.29714794139607653,0.1466969280729994,1.0
0.30187902864039323,0.5755951789629205,0.03274874302887357,0.29205560797159963,0.5129791228717823,1.0
0.6920263943851306,0.7517266966044066,0.02726735874510741,0.540376104313709,0.5365260457943628,1.0
0.6979506218434421,0.6703876063656554,0.013992579532850564,0.828714102959272,0.2369666864815184,1.0
0.3458170568965859,0.254577409164551,0.02354820541490732,0.23178683329881092,0.6568333485125181,1.0
0.15329761800718436,0.2591378678569019,0.01873871066630958,0.7333721986197744,0.3988533925305013,1.0
0.295783130884695,0.09602207208412346,0.0018550830370679242,0.9731561826848573,0.09731352443154948,1.0
0.8710931209945629,0.6638417304835388,0.015826466062341095,0.6493743823201237,0.9350498387068799,1.0
0.2444673161481569,0.8604401030672701,0.02754173774023764,0.9942624648356336,0.3145949062571203,1.0
0.3443451424637092,0.7153780979943077,0.03101326021913394,0.17161131316310338,0.2064330163801651,1.0
0.8439809452654786,0.07987058568688957,0.029929947531700724,0.3437774090155514,0.4068203873585293,1.0
0.9115684247030797,0.13166353225625624,0.020525332359995672,0.14895997254516594,0.9286660354647465,1.0
0.23458545498681677,0.2984804898200654,0.013971521150731036,0.40601225762014104,0.817525515773423,1.0
0.42852136557683634,0.7197252122794164,0.016567405795689424,0.12911177686790568,0.10838169508525883,1.0
0.6032673673775569,0.13570648632058618,0.01970456180371185,0.2703400351639248,0.6957180021926834,1.0
0.46955440804909243,0.05321188486521836,0.012237264359360898,0.016559569142592236,0.4696296618173534,1.0
0.10111981770819863,0.7354874693020331,0.02086263908113926,0.5051006678628841,0.5998837790179614,1.0
0.7106292142145211,0.7798861760788515,0.027459611429953835,0.27019032960429473,0.6542531026801627,1.0
0.4959241939826708,0.0036266307994580623,0.007581949806283598,0.632102381716773,0.8744871436979262,1.0
0.5589942393821558,0.6371382450849254,0.03270129336021337,0.6554886508503116,0.10392966976826763,1.0
0.6361283647581107,0.21640405708646945,0.0325623861458278,0.9207665135851002,0.9487072042970561,1.0
0.7172329580523561,0.6633508930279146,0.0022105285654842512,0.2662995112699334,0.20755996294978893,1.0
0.9531006628286798,0.84575603731938,0.010976436106521416,0.5305014995682238,0.19307385546507524,1.0
0.06593824576586964,0.6429638944159197,0.023335306332875186,0.83866311918264,0.8716802616138268,1.0
0.7432979052168243,0.135572925194505,0.01370631039935757,0.5160210349876619,0.05042044417298894,1.0
0.27184498389004813,0.12841478730455513,0.03275927325501533,0.2890308688990292,0.5016704928444048,1.0
0.5670760342543126,0.41208427921709256,0.032612941801425696,0.22327525761124192,0.1803212400978692,1.0
0.42787443609355874,0.7971890912381495,0.0024283414043484866,0.6181080985868087,0.7109684637549786,1.0
0.14661743703959562,0.24699697549075816,0.03270306987335424,0.6309982166378173,0.03901098370277612,1.0
0.7856551200670406,0.5679070239579593,0.020224126375041715,0.879985777667974,0.24185682145185702,1.0
0.6141921416744585,0.8825406745562295,0.010018521918699019,0.6816130704265606,0.1532266528264159,1.0
0.9016085478048746,0.11884702991146898,0.001827748246276619,0.7751655076626734,0.3631470389766552,1.0
0.8000576873632873,0.18075585578577083,0.023111116011715213,0.31421480050879685,0.1051641921861973,1.0
0.31934547041638517,0.8667375001757907,0.03224721210788463,0.8492027101590318,0.32302939568802647,1.0
0.892907841765392,0.4534940368925848,0.025063150600972535,0.8273370372092237,0.2784089682129547,1.0
0.6252027357799426,0.5906020635074619,0.010186802470391578,0.5851220146639569,0.7905668972238646,1.0
0.2430754012066466,0.7252762123959466,0.027719648567181024,0.9543351484310514,0.14843823709455367,1.0
0.7653337123787125,0.702198008022957,0.011643823392472857,0.023170758236965967,0.5080429436253229,1.0
0.2905311979077645,0.9272114386154608,0.006200942329809112,0.9342981472109633,0.5043029033007292,1.0
0.28430398387046846,0.6342867434206504,0.01992400545459617,0.924241923328416,0.18011912841557862,1.0
0.949015435054091,0.09886665616531891,0.02257920394749588,0.06150354910203787,0.07791381731248272,1.0
0.5518165941919047,0.5734531725548392,0.01710417128269806,0.7426169812410232,0.9921963478285337,1.0
0.3241162276476335,0.3237264928008715,0.026951144174398985,0.3486674856226044,0.677060330515068,1.0
0.6081968623559895,0.8291863574320943,0.018477995376842995,0.47569802764585883,0.2677076090216977,1.0
0.26314986063669427,0.8437266355122407,0.014221376913293851,0.12997852420311892,0.24072756039843365,1.0
0.9163712283139227,0.3012609370762049,0.009989130939376594,0.4071532749753252,0.9677867238138543,1.0
0.15051828312361687,0.6141395338131639,0.02792338291369718,0.7682423310288674,0.4893566462628612,1.0
0.5840030239823907,0.20224353786935048,0.002905823781641294,0.37013018037028683,0.06287706294559234,1.0
0.8290501225691891,0.8444498542551778,0.002158513325560607,0.07046593204198463,0.6701972205036535,1.0
0.15020903433766047,0.8057240881143611,0.008360869532018346,0.07907110544101506,0.7497576309619086,1.0
0.3950482959925923,0.693033477579751,0.031986943415500894,0.035148260323881075,0.62805175823766,1.0
0.4746636221814425,0.4245571477544862,0.014259308706374013,0.19116574414721452,0.8028472865085372,1.0
0.8873090646755434,0.35531360467354434,0.029550253719091216,0.5449218651931631,0.38623960962493237,1.0
0.7868679699788188,0.48320809948420734,0.01546429456504025,0.5778415514019498,0.5855782151272125,1.0
0.7579052155641951,0.4003217263060541,0.016401943658004754,0.6057129060552329,0.986862053028734,1.0
0.2327208471116133,0.1777103792464697,0.024441103286476543,0.4496455427809893,0.3892177337342005,1.0
0.8912472390259351,0.4437298621871634,0.021661572590535187,0.11341704871423589,0.10886424446821619,1.0
0.3679787347574553,0.4734137155897197,0.009315657081274053,0.3503278283714323,0.007253773989745964,1.0
0.12005216349601668,0.12925609389551568,0.0011532073170401125,0.6966841854990418,0.9313524902753346,1.0
0.09710584987598174,0.9896597999431116,0.034169895809801454,0.46876630112183126,0.10876134918788963,1.0
0.9615067362789538,0.778920904534554,0.022222897055413356,0.611221070468706,0.9779401960914231,1.0
0.15040646357103551,0.8309806332949414,0.005933844730871806,0.3839131904421006,0.2822177567986956,1.0
0.02669622915731825,0.5666850122712763,0.014642143708337673,0.5520386224243742,0.30520369829100613,1.0
0.5917558450492859,0.9612458394857346,0.012900202444794395,0.0032872478089757684,0.7814842993974781,1.0
0.05964469380313568,0.6257438592338567,0.023474607479364088,0.14658813318051775,0.5529720282997286,1.0
0.01743525150131165,0.8670441792857417,0.01771763582169978,0.7819174018098004,0.7231701391968797,1.0
0.438515450497292,0.4281230561504204,0.010579689279739788,0.6255220661898114,0.4866263880547289,1.0
0.35715518674298585,0.1317138968677166,0.030322805372061442,0.82821889502272,0.35164918692862845,1.0
0.4929105033693362,0.761211125033969,0.014264500534593423,0.5361035961558384,0.0587582879606825,1.0
0.7819838421673279,0.38218391669070456,0.002193584423806066,0.1684686494262347,0.4121864340535289,1.0
0.36412155676542374,0.7454405686244902,0.030174059968032838,0.3417954775915069,0.8005751952835709,1.0
0.4158682415465879,0.09846483388531098,0.0027859516190223746,0.06546285010796145,0.1056472750545548,1.0
0.5441334465100564,0.9474407995892337,0.01929201024462546,0.6290826209780764,0.18529947717935255,1.0
0.3859172462545235,0.9315039067982298,0.03275332133658093,0.19930011388973876,0.6205107330744275,1.0
0.5629725443785598,0.12520537828715417,0.023236520840589303,0.7992861996392759,0.345880807819277,1.0
0.11721161840292862,0.9307580227755406,0.004724287007858881,0.2091687295615788,0.2991799973242349,1.0
0.7009552645818525,0.008007423565099427,0.007241092603419958,0.7504010280127099,0.4044306565098116,1.0
0.9639529614417047,0.1520816800276215,0.01835586576159214,0.24906778154719858,0.7377318509051343,1.0
0.39782318312136816,0.6587911718375729,0.03190850187458051,0.8149943093741137,0.41548281992726976,1.0
0.8869913957529936,0.0353384276259166,0.0017755934586700963,0.20658954622345707,0.8277940230406583,1.0
0.28599400566340427,0.6294396214500356,0.007264255542086946,0.30381322490232987,0.467445814396069,1.0
0.9924212702939551,0.16428257130394658,0.029897861567288606,0.47062973166722044,0.12999455604046828,1.0
0.5007957599948045,0.354166651297741,0.008976478169841786,0.9589801980285831,0.46391636089255767,1.0
0.164835726338754,0.18428260116278222,0.021264941492043353,0.2706057669742058,0.18575291775564914,1.0
0.07719439963685668,0.753415217028013,0.010593546976573763,0.9784407341543272,0.18393800635164567,1.0
0.3755337108628511,0.500652639944093,0.03060161954530142,0.8349354397542231,0.01094637453293153,1.0
0.8281087943095414,0.0011976100188834844,0.019143745455420292,0.2602161457118687,0.4133557806928585,1.0
0.3923626862767969,0.8920581720890518,0.019239762704964178,0.9038429771041567,0.7270156649140296,1.0
0.49407011786740596,0.3904686796670864,0.029171525458810937,0.18841021415899273,0.9364758699792899,1.0
0.6121461960141159,0.5172845988517193,0.0198528802195272,0.6680077410064043,0.6553802198457588,1.0
0.582857720712201,0.35527181424775406,0.02265903039729788,0.5482867456876508,0.1805002537787801,1.0
0.45755643403201074,0.5518901107338509,0.023869857407443643,0.6532189021432199,0.7491798912699545,1.0
0.11128084250361957,0.66951039509967,0.009023488186633193,0.11549026368127682,0.1321062553165986,1.0
0.9917952610011959,0.15810306636039792,0.011150243118147907,0.9208134177302608,0.9633447550776618,1.0
0.8805722443536069,0.13977902657849064,0.026892237984217533,0.013995152486724165,0.40721300961171913,1.0
0.7043040061449636,0.017040075223829505,0.016806658005752123,0.6970322957201903,0.04765816837693273,1.0
0.36183620998905247,0.16610056641000032,0.008665792865035668,0.3395670228516828,0.19917672672046982,1.0
0.6332988047628566,0.43399667877444137,0.015519093096434159,0.7819178198493338,0.3017156962449272,1.0
0.893028663458429,0.22229285073091617,0.022076624820831548,0.9480238082747294,0.530265459700499,1.0
0.31073599814061165,0.5647295987735319,0.011575215540832398,0.004715705642333238,0.9973107923452127,1.0
0.9731288832514949,0.65337979382048,0.03173374270425147,0.9672355443065793,0.568261377135641,1.0
0.7675625793660945,0.5242907415374798,0.023268071662490123,0.19507708596927267,0.012021588818909539,1.0
0.43553589085818706,0.22882453427489224,0.01847722053153073,0.6582861980824418,0.6561380552509376,1.0
0.9663527773867265,0.8908043183465285,0.02208594861779549,0.20655839043653793,0.9435077080107569,1.0
0.1522759551279547,0.3182517585775296,0.0205025890855018,0.6817911593538184,0.014279384668290358,1.0
0.1758445295381549,0.29718836666150816,0.011950948677052153,0.33311355289984373,0.7606072346072619,1.0
0.1973213005739272,0.023296911921295713,0.027462181528200055,0.9837386160267585,0.6598876121072977,1.0
0.9081581471751143,0.2556990323771193,0.0032597183746921774,0.5104599350672435,0.2610883544706549,1.0
0.4568435507312275,0.31951299224400137,0.01753503577382382,0.38077172866935177,0.11394627744509486,1.0
0.7015724407157958,0.042267556134840706,0.004936738459224416,0.09741795624131198,0.06268180346181884,1.0
0.1579552206032641,0.8480215391213982,0.029159932070737977,0.7833633288031068,0.6150918000320341,1.0
0.7387427296294659,0.8894235574373596,0.025899663007616033,0.7367228487129445,0.8042770915407703,1.0
0.2138157612525666,0.08545793509148925,0.015247481052984561,0.0925939860143765,0.17013472752277684,1.0
0.30090608474547337,0.9700278245796163,0.013883663270589963,0.24165171344503023,0.4040460276610933,1.0
0.6742029461054323,0.6348322943979215,0.0019296588641968706,0.5118118326509783,0.037163487987761694,1.0
0.9358725222966312,0.9075803908486916,0.007994211811091502,0.742902502573672,0.7932729050695246,1.0
0.2603390721297205,0.4513840111261879,0.008531150587244074,0.025285147753980185,0.6593536152370922,1.0
0.24886876368300373,0.8472568433523123,0.0178531417592929,0.994663019535378,0.793564469112028,1.0
0.773558916548874,0.106818974051671,0.003210986022224803,0.915163693841849,0.13905899085176227,1.0
0.6103011005443749,0.21268645155209365,0.008659691486064412,0.4667751009490851,0.36153419636846723,1.0
0.07600111932510686,0.4892699108083418,0.006924837202327577,0.6071182839917474,0.11709707846858278,1.0
0.8040850938604701,0.23593182304797577,0.026060221518990075,0.2737896369885028,0.23579247772859727,1.0
0.8810510524383258,0.39776849367739125,0.009287858016055106,0.5371028342232163,0.3862557703733505,1.0
0.9904551726947146,0.5270478682231678,0.016359462520196877,0.34369236291557176,0.9733653935378677,1.0
0.17881886307611336,0.9692466894792914,0.03366999228397814,0.43628932728274145,0.3488378270199242,1.0
0.8290952066548243,0.49903360015124393,0.012247641695803137,0.30209261685215044,0.32727212848720366,1.0
0.7788418159188535,0.10585490365561731,0.014542692827750994,0.8351083938037241,0.404701789796208,1.0
0.948305470079464,0.1274172097794776,0.031085032694672127,0.0630147219380678,0.4141158834397174,1.0
0.3706683457575392,0.5350718145404969,0.007936056663964196,0.5694654829493699,0.1354241581823389,1.0
0.5842061235286877,0.4824501827040337,0.002858671058324765,0.5002745615808055,0.564005860930879,1.0
0.6779127505673137,0.07768838356480706,0.008095428769248856,0.737810968806911,0.14807499670709814,1.0
0.6512044925564798,0.7291128621073012,0.0027506346571966886,0.12746282383896285,0.4466718878374194,1.0
0.4543274531112652,0.6474229228189462,0.026703758821746606,0.9495943036603944,0.35053083241631766,1.0
0.2648199202839157,0.14901628060673927,0.01440435182707915,0.872694698635664,0.34771283704741224,1.0
0.5231102491409464,0.99195187284348,0.0073981614347378225,0.7780970768049651,0.8235355846307283,1.0
0.6199318872258603,0.4329410773004374,0.009919115842359045,0.4266926812722879,0.09619484649344151,1.0
0.8293638385976748,0.3080925334371123,0.020260212028919405,0.232916383507397,0.1283329897226389,1.0
0.13497348891140445,0.7821970901369611,0.010239654657531419,0.818694879609658,0.3691360698160365,1.0
0.7508221879118118,0.5107555088608358,0.007833232497935714,0.8505581395053816,0.3408130560265238,1.0
0.4165850438779547,0.5743878014065092,0.021736101353929317,0.8357722374585164,0.5418654169696812,1.0
0.26240466440517213,0.10173974770610827,0.026021425834032903,0.1068356049532582,0.6062068196425208,1.0
0.7857180534183824,0.07555506998573568,0.007898985679379826,0.9096528146461154,0.5726645926325501,1.0
0.7479285891968195,0.9026279206380692,0.009942327656284665,0.901574153182532,0.10958593141471289,1.0
0.16568697327451054,0.26697013223369165,0.004284193963115803,0.8038728303797138,0.9842478299796372,1.0
0.32628634844139204,0.27970092347662256,0.006264155407307454,0.7876567725219539,0.061659120169113325,1.0
0.9273882089845392,0.11932064619896215,0.019003810941156402,0.9928585072856926,0.8527666297993779,1.0
0.023438484495461036,0.06930906792287318,0.027996581347051543,0.37706840933677777,0.6687634455815886,1.0
0.422761993347564,0.14423836895007874,0.014147613104693204,0.871177393876286,0.3317546932529468,1.0
0.9591722857675969,0.6809962320648946,0.019389129565877242,0.8292782393345566,0.4117495174189988,1.0
0.8577154963284259,0.28126419691433474,0.013615631564039757,0.2764672212342472,0.6596815020053904,1.0
0.5229833676392043,0.9658745341982582,0.01705735979804145,0.7839386718023688,0.6584370220594932,1.0
0.04305301210418691,0.6578375287963114,0.022848232865391664,0.12574912059795557,0.7961190603853051,1.0
0.3248218683904039,0.8241354264601198,0.012674612622926006,0.6222289404925425,0.6182968866550358,1.0
0.4234107969441412,0.2235559711820245,0.0077854025046359,0.6553069267385826,0.01239858529046795,1.0
0.3959956149988163,0.2995047249164602,0.03227912959787355,0.4871854699647381,0.6147109262337924,1.0
0.871539862210979,0.13061224782723904,0.003776208089128804,0.9937170735504044,0.009874917824444428,1.0
0.6114542965966624,0.5529984706874578,0.02771815061212318,0.9924804746878232,0.04783893567243347,1.0
0.7170608908705116,0.30663336686684556,0.03135728708731166,0.45753584860826213,0.16531398348999476,1.0
0.9429826948042193,0.10041540345037485,0.02655714948325481,0.21579920494605445,0.00771549545135268,1.0
0.8550549253855262,0.1420426929069486,0.00544274202194766,0.7393086584939561,0.40695327892607347,1.0
0.2307703761056896,0.7948073230606189,0.02219113886197267,0.761167843793932,0.09867546574904966,1.0
0.7973091445305508,0.2665269581175626,0.0067524249247849725,0.3824021099233749,0.33404659386494195,1.0
0.9539909804309022,0.4836153061508847,0.021674596107737438,0.12198580184084547,0.6104250530433813,1.0
0.9319973984452595,0.41290448427097165,0.02759011141619138,0.30487679748365987,0.5793614159715527,1.0
0.6254462394481374,0.7114475250827419,0.030783473856888077,0.9254989389454907,0.20906660032786403,1.0
0.5509256507818769,0.9955208599300548,0.01766517899256652,0.33157405814032376,0.5377240136581554,1.0
0.17802956353960414,0.14977149692916344,0.0019491285324157637,0.7224900907422387,0.3261490713159617,1.0
0.5127315267550978,0.32412096156609277,0.01436260420713469,0.3162162852447493,0.00497953084447332,1.0
0.11157978825532562,0.21992325466590648,0.0074707794811702715,0.33203592820320876,0.16103748181685976,1.0
0.24402108146192641,0.062153898059238606,0.030599141223774197,0.30627552599161273,0.09618686423000417,1.0
0.12415224285043444,0.7733201082553901,0.0030936500701545452,0.4651713139942871,0.9438825037856625,1.0
0.20216730822859247,0.6008644464838205,0.034315038434241545,0.38644991253730815,0.6489964476844294,1.0
0.641755736131038,0.2534094028899383,0.02185177865470524,0.08957254687552584,0.5254440526836238,1.0
0.682026994626084,0.7479221172812471,0.029836846039019514,0.9924029735501629,0.45989542487357876,1.0
0.01940529253586957,0.9051819462729049,0.02193526694797169,0.42192363429396385,0.43487843001789,1.0
0.8336365335323582,0.8080957726385369,0.018359878203598808,0.37177549093046364,0.94559382205412,1.0
0.5441097555852173,0.5987206130962643,0.02241546127833361,0.713359811222797,0.5536315103461247,1.0
0.8598545000594425,0.44281548690818456,0.006730227812268243,0.5770790580573297,0.621118782609051,1.0
0.8906872354606923,0.09392723676734152,0.010772229164396817,0.865924056476296,0.9394738997091834,1.0
0.19345133785909696,0.42090916701342485,0.016509659144420624,0.5200498087843877,0.27507872710276815,1.0
0.6559320437147459,0.6221723568456428,0.023511485513921376,0.3779076982143835,0.3371203816613923,1.0
0.9512253090041787,0.3958498580411785,0.021608501475489473,0.523320343979372,0.8763455941784977,1.0
0.4347102999118143,0.8429514944934282,0.006472558877016798,0.5947002533274247,0.4005082994361602,1.0
0.7216627326838191,0.011545706543322074,0.02954211261518589,0.7034764765251303,0.5613999546670606,1.0
0.15016733375728258,0.6287711632955596,0.015957969275667973,0.8617586919188985,0.2631111967073936,1.0
0.24959419362235863,0.6366807620141951,0.0026437178353342534,0.39231571938757015,0.17351293024988562,1.0
0.31741132512455406,0.7717610850590726,0.004896208254620621,0.5566568538523231,0.5940841850787132,1.0
0.03694972513964812,0.30893193215569037,0.021708564940005014,0.9626673651670443,0.09169272647867437,1.0
0.6930234060006542,0.6698047692599733,0.018549009612094863,0.9668591246595336,0.5022733633501927,1.0
0.26325808227178915,0.8065021908075483,0.034882554953923735,0.9101759017859863,0.3047676470331934,1.0
0.09616186590569108,0.6780298520534396,0.012632971921547343,0.6590114195060024,0.4128367585718859,1.0
0.23204527749390305,0.043343846625457684,0.015527177375194946,0.840231215441455,0.7382587622161032,1.0
0.8073924491559245,0.37256784825543204,0.01820487480277555,0.5089427189153157,0.1140953084191363,1.0
0.7204595992213352,0.6113568512941809,0.026362841780123773,0.11977237685673188,0.7616475373878431,1.0
0.8769499960166933,0.24568638103844478,0.017727741045474966,0.4877790303599776,0.2695814700716215,1.0
0.1864111523265164,0.5705305967610909,0.03204295286133833,0.31729096478928875,0.5085545471616862,1.0
0.453046547898527,0.8314290681294616,0.01617728261577557,0.44080222424416243,0.15808272221716266,1.0
0.6118852475501932,0.8275061911540419,0.005603820552906584,0.9101838521608807,0.3595209220624721,1.0
0.894558948616111,0.896400153871085,0.018845201814993447,0.27748817950888754,0.17276753286583768,1.0
0.7808467702274998,0.3252662114114359,0.024615089675122295,0.1960056214573175,0.4790251290562107,1.0
0.5041087109969105,0.5703753456292564,0.03469178879757114,0.899995152142013,0.6961706110466666,1.0
0.9191095277828791,0.8926934846372917,0.03114791662252412,0.4795378474887029,0.17153600434999577,1.0
0.3891265239514331,0.3452237214025427,0.014286588427015431,0.5595114869083465,0.33418531191341483,1.0
0.6480760719479189,0.5093537512130735,0.00283508987730684,0.9366061396888011,0.4122845868372698,1.0
0.45657647973092247,0.36566293028023067,0.02393598896101233,0.014903778128025425,0.8736348209813681,1.0
0.9997139614297126,0.6284545465475443,0.0032523801195592558,0.5628746223674141,0.3319764846731491,1.0
0.7557155337771029,0.5075076539797879,0.015612431583254134,0.9958729969237469,0.6677167008758,1.0
0.39854617330287506,0.32525827458312123,0.0249842604092554,0.5882976293911212,0.8483366504686286,1.0
0.5827490587416787,0.47787913834833723,0.026929112173896267,0.4155771839224197,0.852087665125185,1.0
0.6929324213345844,0.8930779282005525,0.027148511365668117,0.3432655343734353,0.7066326639478221,1.0
0.059106914372357565,0.7915903579052059,0.02847230991787663,0.0239080079766819,0.9478472188561037,1.0
0.9053668752879538,0.7883863511192619,0.03162221994549622,0.8335422574839516,0.9740213742172373,1.0
0.2280315882054496,0.3901735676022546,0.026563894453048763,0.15781230952425848,0.9299124938428407,1.0
0.8760987634414308,0.48424022089374924,0.029581085044625588,0.9583374017803012,0.42272530462364905,1.0
0.2274908858059424,0.80098493096186,0.028877472075625653,0.29595045832876327,0.02511662170821917,1.0
0.1708305337109668,0.8187325291886042,0.009877307452583311,0.9437490997539806,0.9718371521158123,1.0
0.6000148632284681,0.26816057598193,0.028446786104323222,0.7018937858268063,0.977191178703212,1.0
0.05970923116855241,0.9983879425101073,0.02950096374092177,0.22226819861025054,0.7259022380337542,1.0
0.5582512488256969,0.3634754027606268,0.013965323402079316,0.24527528636590373,0.2755703704177107,1.0
0.2488968904422978,0.46697350692256845,0.020629822499395493,0.7114003114296575,0.6774685050321352,1.0
0.04015040083768499,0.8328491842270376,0.03065863666079617,0.9789106302135383,0.9597518456789516,1.0
0.8943774322376367,0.4485604109020673,0.027769411750651462,0.955379207714461,0.7964822786504564,1.0
0.3783814878196982,0.29225121143313515,0.013480159826670135,0.8207560851304108,0.7017988208973581,1.0
0.7118235934541673,0.3800160705739521,0.019964265239245944,0.3709989034965768,0.5221077235329543,1.0
0.7313995199698785,0.7534293967217938,0.014295319046666666,0.6908049474704406,0.23947291981563554,1.0
0.5835238098864732,0.6867957050847534,0.03200786371964452,0.30546386790325114,0.8454406287303147,1.0
0.5523575096162916,0.8282717475773744,0.025587086579169475,0.8630067992084522,0.8150663113238571,1.0
0.9929437350400993,0.9370614337748656,0.015625937122101852,0.04816226621318736,0.30419317651594097,1.0
0.9509195490793348,0.8318402823056228,0.014489270044556269,0.0574799631866449,0.5180652611655312,1.0
0.1238494147909067,0.10674749304271638,0.006203254044307258,0.20661784971125505,0.7540326229561064,1.0
0.4375011920649835,0.5987829536481348,0.03364453823268856,0.7567125798514381,0.6460669012673198,1.0
0.719573228597469,0.6905590117332825,0.01787784206299513,0.5672802330598387,0.4620299749824978,1.0
0.2714973036844967,0.3558579880611278,0.015570006988528248,0.5798000255795014,0.5003752221058109,1.0
0.3406336818018032,0.37681727513302843,0.025035482813845142,0.33355919227109904,0.008947859769053233,1.0
0.4975014195522597,0.18930700876809822,0.017817161983493913,0.5746311667140364,0.9335044646667853,1.0
0.03200968191079928,0.38134978776655964,0.027977537006572312,0.2613018935339382,0.9250480984287408,1.0
0.0933552441303836,0.24242886964010005,0.03181417276901453,0.991468291423635,0.8631528766747861,1.0
0.7690501934975884,0.22300541595265944,0.014073757773236342,0.6974709604720968,0.9689324378453772,1.0
0.49634058461230324,0.2209483604221034,0.014709573253478414,0.06395558908794874,0.8587273097312119,1.0
0.6838410600087583,0.27394847975271286,0.017187720689127498,0.28227688165965775,0.4006705973588775,1.0
0.6412525180207626,0.9403458569560172,0.01229483066037203,0.5852726554607781,0.9018204250610359,1.0
0.8651849311443555,0.9575975412934593,0.029814785991315068,0.5702906408402554,0.7223934244533016,1.0
0.5976585486452853,0.974499592911294,0.00953809890928853,0.7927545754181035,0.5067269166050484,1.0
0.6438918453237396,0.7926344796285416,0.02033769785699456,0.8375953681906675,0.36650274547290035,1.0
0.648671779886341,0.8033561656066315,0.01028149424518247,0.44668218359101375,0.9097077943284052,1.0
0.4045777318496174,0.780538339395782,0.026289699466052068,0.851771207938597,0.7396509443440645,1.0
0.4987612957946958,0.6246655470164377,0.029821995791047707,0.7019892589064908,0.10295466215479551,1.0
0.5530382075335402,0.7549628263177073,0.01948129733983149,0.777771692142408,0.837771866986445,1.0
0.6164820749889514,0.5575532671033022,0.008728786590265505,0.49038821114759457,0.5490197162841487,1.0
0.461528385267638,0.0818350664934735,0.017568062579895044,0.8381129934320563,0.5716841968752181,1.0
0.9210499770362741,0.1564957332414357,0.012113840184772278,0.43769755593895043,0.7382399100379505,1.0
0.05950191576895424,0.7922437846431309,0.025497966118522553,0.8947576525070046,0.9005425478347165,1.0
0.19101248157942333,0.3145576351493946,0.032834869760848935,0.5985751265540039,0.5392219736548984,1.0
0.874324375525565,0.7277686571630645,0.03099657834142448,0.11472114221828848,0.7577864226333082,1.0
0.049927815489122986,0.22382260613884356,0.027994925221424244,0.5205271172662217,0.08753173618672005,1.0
0.324735540322725,0.3217416591241028,0.030840873481940284,0.6623744209006833,0.7351823610906428,1.0
0.42808449095747136,0.3185028074374614,0.02996546367616591,0.9539157842659318,0.42391750873741824,1.0
0.015344844839724347,0.3263936848043972,0.0273476600496183,0.360739530844558,0.9210413680475383,1.0
0.7958710606007826,0.20250055015012186,0.007701567200876481,0.4463036090248911,0.9449956477420021,1.0
0.6353978619787066,0.010722939796147583,0.002924916957480016,0.06786709163536245,0.8198225324865709,1.0
0.3295093464541035,0.6103428258503516,0.020854446800212853,0.41111896807087195,0.005295905828803656,1.0
0.7391437331043031,0.23600407601012993,0.025084172349309816,0.016137666997460953,0.9080997965102172,1.0
0.0034590219411347596,0.45836059539270585,0.015069945968114748,0.842041472563587,0.5411808697319455,1.0
0.203303497083336,0.07798760332908382,0.024539257304209257,0.6210553159774589,0.8324964052492947,1.0
0.6314042386989637,0.5388230215673379,0.03207628114640294,0.8014628717164649,0.8825425699726105,1.0
0.404102281978746,0.71721772762846,0.024394305717873665,0.17496857061946716,0.6369120510933501,1.0
0.4511849545235974,0.18095785186420288,0.026321137768622938,0.6982430486885776,0.5327578488631615,1.0
0.5573079205717697,0.10103328872487334,0.01253864888883672,0.3729854849499202,0.883541967148104,1.0
0.5988713987571712,0.8749042089160799,0.015475820917691407,0.8838198165506613,0.1373248512141131,1.0
0.0956325218173981,0.5613686996520034,0.03354759005386528,0.657294883485944,0.6264495417313999,1.0
0.9311756518644987,0.47206324999091887,0.01007806980355785,0.9877122804525745,0.42370080986094427,1.0
0.035926306031535585,0.1791166781715379,0.028512506072457533,0.4832124094975481,0.9549198521982684,1.0
0.6163274989560333,0.720264163395772,0.02212022629979652,0.5303476825657296,0.5787200220183721,1.0
0.8634002800938916,0.33700829964040113,0.0166282387350167,0.6362736770305537,0.31490173637412106,1.0
0.966202588021355,0.19553415990744105,0.008912925243676525,0.6190674143821099,0.07829094161158129,1.0
0.06494959020154324,0.12414038213998255,0.015592693312562364,0.8294313828210268,0.3426299212024318,1.0
0.6006508417430311,0.30284228119813744,0.015706287878111336,0.3869253751774964,0.34254165810836984,1.0
0.012106592701651268,0.8863744074534631,0.03422979111325549,0.8626336952247222,0.006736531780187417,1.0
0.5735270724141268,0.09508073609674257,0.03271721058590632,0.7764409120934143,0.14615099016164557,1.0
0.12707255405782944,0.4552251986307742,0.006405174910411882,0.15104060426284655,0.9678379326362355,1.0
0.2599157427753095,0.776622971495667,0.030758309576285253,0.917686332850991,0.9330519859959052,1.0
0.639293463530644,0.34312418315725,0.032469301032922,0.12337403147238563,0.1696310152357667,1.0
0.28438127727096846,0.6161170814096475,0.03178026538079719,0.49154029504607516,0.5543167228251138,1.0
0.7078615908159627,0.10158809106636761,0.0026520561215030926,0.6416971359587297,0.5353436666089978,1.0
0.3346586492372928,0.05275563659908241,0.024138909522075928,0.42204606828489655,0.4458227714800971,1.0
0.7378103346409554,0.22022370554459822,0.02334366088174061,0.13312306318515402,0.194869803984291,1.0
0.12676452783164766,0.28091375741960695,0.03153404911144034,0.7385771628032642,0.9295300581233789,1.0
0.3132668425533372,0.6327450570465555,0.013875653056140294,0.6974072272944836,0.34910856462926204,1.0
0.09484427695661368,0.7712413138965512,0.0038561783222568744,0.5998232605570022,0.8579207338468331,1.0
0.4140253560247212,0.20939561107785984,0.032366274583222145,0.5668332821032748,0.40601463920778874,1.0
0.21580272612803894,0.4428395905811679,0.004693954111559216,0.12575538063863864,0.39919765974083826,1.0
0.3395550502100292,0.6899083746303991,0.02837647595458135,0.877700336738683,0.04567478454968319,1.0
0.1479949801017941,0.6985640310060348,0.013636523830400059,0.7080855043971669,0.21461042026348887,1.0
0.12638857297487863,0.17057580210915013,0.02189170545559503,0.33743472015871034,0.7040742950406946,1.0
0.6220123562648233,0.7308100006930834,0.02799379818256457,0.9115118591893522,0.08143531365227841,1.0
0.7490280567867805,0.21772451521320743,0.009963118861216163,0.2676973799910854,0.5727606385030437,1.0
0.6664286453814775,0.6106294422859684,0.023341802325503654,0.25306529919241716,0.7676040044471739,1.0
0.13151896301881946,0.2009726795566573,0.011232814974419815,0.9361054663308924,0.3270235137406291,1.0
0.14248411192119104,0.033139651827162026,0.014696534300869365,0.7973562475687342,0.45098534480841435,1.0
0.04848179203937666,0.4702531412806192,0.027760562652400313,0.6750474954362966,0.8529727116033264,1.0
0.5013499454917606,0.6772016997638859,0.006728658509398779,0.81599090796236,0.3121585807401818,1.0
0.7659355893912786,0.7053129617522482,0.031045111611670933,0.8921826706916869,0.2792472587969959,1.0
0.99912387317582,0.24456274191261101,0.017077806730993017,0.910256198275868,0.10397656188506972,1.0
0.4886674389672145,0.8931477477834296,0.022126627968113925,0.6717641114760552,0.7732127656765652,1.0
0.6281405707005998,0.9240133075270869,0.03350820661463854,0.9683531225593494,0.6461870463886691,1.0
0.5529126017105164,0.6079458057925377,0.021812009633027464,0.04336586025316697,0.08978241464748744,1.0
0.31490221360844683,0.30212405952489085,0.007576981736708973,0.8012688994646546,0.9643641752169092,1.0
0.9454744757108157,0.8840002723538771,0.008409517266723062,0.1543723752756945,0.2123751987430847,1.0
0.5832962878199717,0.28336739279472534,0.03203916762154861,0.6137943654540085,0.36025094521296264,1.0
0.9532413013959785,0.7788366200738911,0.027917244964947584,0.9772928613929653,0.6008557664173204,1.0
0.06576289457769069,0.5545084569348679,0.018085555541923037,0.03868613835862816,0.08786503333880893,1.0
0.2947209894819599,0.054457718286760125,0.015387429281867255,0.8129336649615445,0.6142159786280462,1.0
0.032475180422526256,0.8396868338956114,0.005970472899021685,0.3033482251564545,0.517277101038453,1.0
0.9981510192050892,0.7828780229377884,0.025796683606733956,0.5281546483813198,0.6659617106611628,1.0
0.26992692445427446,0.9846582206335874,0.03430691078694831,0.3236494222681502,0.24180752399898775,1.0
0.4853795191206954,0.22454281321131447,0.02304888550672361,0.0757449915425813,0.10457354519680749,1.0
0.7776657901450498,0.3239662495029699,0.017007770597650955,0.6569654239631724,0.7887513820510008,1.0
0.7312384417530579,0.28678133694698127,0.022911851084464595,0.4514292606538968,0.9267011915312519,1.0
0.7743489845826018,0.9155488713077884,0.005641144228822497,0.6548094935903667,0.19916957363083582,1.0
0.5233004179744125,0.7422452817749551,0.02553079852264625,0.8695898826150862,0.5597155772744605,1.0
0.8880007070913062,0.8492084319910099,0.008803683665347875,0.5319165451940094,0.7365003604465334,1.0
0.012635626463373165,0.3277874194111536,0.01263990858791885,0.2892460352120749,0.8176068754631822,1.0
0.3600753152584549,0.7119729236677591,0.01482915044963744,0.1449195201085571,0.6112416202863284,1.0
0.9818569972797528,0.748777692902088,0.03452998358675326,0.1871662884748857,0.7618334142686245,1.0
0.7127969897020163,0.4680839110453815,0.008221287870239177,0.04669092680165938,0.8384499690693683,1.0
0.16337719405255002,0.6455357186442967,0.02608294581809349,0.5580673703858094,0.3179116741930092,1.0
0.6427981969038892,0.7204972945018365,0.02317189400307929,0.7215673829135029,0.1459220777895096,1.0
0.2865249871605431,0.8367146718069279,0.03137506293929508,0.6515723830533812,0.5987024613266564,1.0
0.4367850048535487,0.6120327402634936,0.003783555264414274,0.11235054946606643,0.9934877738521016,1.0
0.35038275480387276,0.2522776214492921,0.02296467216280542,0.47360281091999,0.7906405264161307,1.0
0.016400564303431998,0.48320470293646883,0.0028763678802223355,0.8269595941009459,0.11454442689971595,1.0
0.460505277552034,0.19598887134501408,0.019333478646699074,0.4612377260222586,0.9525700883063716,1.0
0.5771553162202818,0.7206792100343398,0.005339318307899116,0.6368256656296442,0.8643748151156563,1.0
0.935235519738629,0.7208651110442039,0.014395552208858796,0.92053093320622,0.2261314108471859,1.0
0.7658922871495747,0.8724088858284836,0.03216243245719295,0.08589067383288078,0.7263331102847409,1.0
0.7793403220453634,0.7009890422016752,0.007165980192410551,0.8329973422471089,0.46232701521454306,1.0
0.9714323497899233,0.6569689619317796,0.021011146930842432,0.017746009591403895,0.20001562025884562,1.0
0.33397911329043334,0.3451638446742965,0.019031222393322698,0.6900786785455247,0.18016582672441683,1.0
0.917059298254378,0.18582284830304868,0.023408993029022374,0.04654355211065547,0.5316164866568331,1.0
0.03500773940895286,0.3343317257513918,0.030850537503327637,0.2262543160042386,0.7231516798413007,1.0
0.1645239782935354,0.7419658064678495,0.01909075376309472,0.11291377492555693,0.9494220318620047,1.0
0.7453357539682002,0.2184825652602098,0.005664229119747973,0.7415654693537888,0.6741503543798236,1.0
0.7465371520801998,0.5054872687574841,0.012852306726011814,0.7871049256621807,0.6171659647946658,1.0
0.7733339896542122,0.5452835314462033,0.03291017071974202,0.8182376370946899,0.35882938516745677,1.0
0.957375735626693,0.8953091903991227,0.00750030827956659,0.27502952899052546,0.3650560988426101,1.0
0.927489894583369,0.8025379005617966,0.010374087166048913,0.8871777418285963,0.033848244814757775,1.0
0.37825100369940584,0.5357043662986691,0.020061778945984182,0.22617908235661546,0.20535114708297042,1.0
0.07712060104200372,0.4937927578181834,0.0075159778243210846,0.3202476578958567,0.27801712475283613,1.0
0.4565645826912549,0.30014239261165765,0.029265967931326974,0.08670934614951122,0.7665942848281666,1.0
0.9181012034041558,0.0065535262841793064,0.01992655347021754,0.6226427190435662,0.5777230323142535,1.0
0.11305184407572741,0.4161404482882916,0.030367050282679105,0.888846553240462,0.49884605883552674,1.0
0.7641445320494107,0.7798307839043429,0.03119476418319927,0.84401354178386,0.41500888955143006,1.0
0.4837520226038723,0.11884350495371158,0.028937151280172133,0.6021617661708062,0.05894719860210665,1.0
0.28381793486120466,0.07019594350796406,0.021624023099243918,0.7324764454751143,0.5177670100271705,1.0
0.5773058542056608,0.007602466242641996,0.032497882244102015,0.268037852567327,0.8711355968935272,1.0
0.09811929398167811,0.45195689629805436,0.02679265088779075,0.942619138800136,0.5215737203532614,1.0
0.045509985377263876,0.584125762266973,0.013921487992950147,0.9092243511903658,0.4805791636171607,1.0
0.8483623176866808,0.09917933406607653,0.015988774463712323,0.8938237135812998,0.42503084302137184,1.0
0.8732308433515488,0.2333609931031029,0.03141577653599776,0.39763139276842574,0.593440295330406,1.0
0.5275919347058304,0.05023651721948001,0.0032188391581179547,0.4153080391756479,0.3356169715101449,1.0
0.03887225687676243,0.16850100106715443,0.008126124400276933,0.44105127676127065,0.24758792761657378,1.0
0.5979761001086554,0.7441281058254187,0.02429911427110554,0.2769039151322937,0.854590391530597,1.0
0.6150520343064164,0.21363560326474082,0.00923523816942922,0.47527546722066666,0.2385832100095439,1.0
0.3092459577435025,0.15276423780738782,0.0061548710282980645,0.1281005509324495,0.44031032888740806,1.0
0.5428299160142283,0.29900461999663086,0.0197842802526473,0.9354899880281417,0.8691785625733002,1.0
0.41865224232608633,0.698664308411424,0.03238673730923372,0.49005752087161014,0.1002084163612333,1.0
0.011468674740489756,0.764873841161033,0.003887164532143379,0.10750995779192062,0.7819251631415145,1.0
0.5623412262073012,0.8207646075174834,0.029946529365287956,0.45805474340063046,0.9963023883674829,1.0
0.17233625885417744,0.8461304666767717,0.01512938950501723,0.8746251515773856,0.06210517814591363,1.0
0.04123238856273848,0.6024089493421076,0.029283382157960988,0.40325812282506307,0.0916047542213527,1.0
0.3486980862073902,0.6438284528393506,0.023173155379075352,0.10392069353410172,0.42075660074800186,1.0
0.2596023479808447,0.40767320624194914,0.021865627675930643,0.403467830543657,0.031830110594002314,1.0
0.7763048335510582,0.24925557467128062,0.02880218916619688,0.4674409178761221,0.47344821606008075,1.0
0.3839102195028792,0.23924211156021857,0.004571100808392728,0.6722379662925994,0.4704725972530905,1.0
0.45821703386573204,0.415395864439726,0.011160970858541069,0.20022844506741744,0.8306065077038162,1.0
0.9022255956282942,0.027882242086113142,0.01875657939789509,0.0592702335889332,0.7798275141883233,1.0
0.566356653660299,0.9165296564883535,0.023074803810822494,0.17914164500894153,0.7968810909861458,1.0
0.014163561604413922,0.4872782051377272,0.028624479026953573,0.43052767320277946,0.7586696224295124,1.0
0.45745540502094645,0.3239593024404219,0.025702360053113313,0.3695494993206271,0.17091701962192304,1.0
0.8769623537351202,0.2841057230252482,0.008988658184721028,0.1342866506598316,0.056122666723156286,1.0
0.5372400504333499,0.7299148161600768,0.027281097193535976,0.352964677725752,0.7991070042510598,1.0
0.7420200883902937,0.7120213935361163,0.01569594874378868,0.8414788056829859,0.0897485377482263,1.0
0.36263154860071434,0.5664079418819935,0.031360768176498924,0.6054145403945207,0.026555948832103667,1.0
0.9290954816974356,0.6423699333652487,0.03028828263362551,0.8254704595865924,0.8614309907009785,1.0
0.4746893635815725,0.8481854715247018,0.031953551547669476,0.14769465776048668,0.18235084721189246,1.0
0.7705275303511786,0.8751061761006369,0.020728164807713743,0.11415490721783775,0.30444448173719885,1.0
0.3482074232917449,0.10370443584630631,0.011270327847844661,0.8068996459475085,0.4939860534861231,1.0
0.3133197402073581,0.9536276983939327,0.0156865545953533,0.442157655551287,0.15391653244216905,1.0
0.8148714468071064,0.78641277542886,0.01580695916406364,0.8937586098949674,0.3808786581457595,1.0
0.032533985034117974,0.34788305993948104,0.030072328252674405,0.9014082519128538,0.7566676171791621,1.0
0.815689404552837,0.7078506300339072,0.009643512451816064,0.46677066379416915,0.6610442928882734,1.0
0.8852125095159373,0.4743707957474405,0.007051570852789015,0.21536745537546875,0.8462105023004315,1.0
0.8692612316348368,0.05653249751838078,0.014316387915039785,0.8003760512181833,0.40820776144557663,1.0
0.10119853569125736,0.5120306842087512,0.020804116611966315,0.8909777286400039,0.09452778493285416,1.0
0.6596887468019417,0.9799501517782178,0.029841327014567137,0.8466485666341936,0.5176653468953634,1.0
0.8587215139865714,0.8697559606705028,0.0282773352260518,0.818752703909391,0.8797502291418812,1.0
0.2933467375280659,0.9761374204196539,0.01952238943877584,0.17728739618165032,0.5035525775663277,1.0
0.8283937619537197,0.8123645492974444,0.002674210773302167,0.45407146198543585,0.0215484871308211,1.0
0.1747321694431063,0.6252498204724709,0.02040102462353361,0.6259039052082228,0.5638532062085766,1.0
0.6264838560571434,0.09120994652404346,0.013470110334252968,0.5470468424987172,0.3258722284722789,1.0
0.3185798173399369,0.8288554901287365,0.005988946513370448,0.769623172420889,0.18428197534440371,1.0
0.32120384859095874,0.6376971015410625,0.008233173934614311,0.7956143236185407,0.5740102825000738,1.0
0.712058558586879,0.6077881439637477,0.029191395475175606,0.22046288519401486,0.6331097184035929,1.0
0.7440471881672919,0.025444940081774593,0.01554221128191508,0.6520501999310863,0.4611786971057181,1.0
0.46488490242775643,0.8498947809640366,0.008032526588136494,0.3678049914660136,0.9903451859786275,1.0
0.034934373784529016,0.5308016356344124,0.00322404291282804,0.9239810187340531,0.44210336777234577,1.0
0.27367308580747135,0.5692501614117617,0.005929956581775355,0.7991560455350116,0.4917191345017371,1.0
0.840963942906866,0.18596362511106404,0.006956224493631934,0.4213808711969763,0.786342112953406,1.0
0.7953750336948469,0.501255836998218,0.020099957298239636,0.564821552340894,0.0571112215687625,1.0
0.755542154063183,0.41285585136979436,0.020057577396563043,0.9449237534045205,0.04722549654904388,1.0
0.3619128587150502,0.10734297676854644,0.03332700785783313,0.9614981301587948,0.3121766660352175,1.0
0.03613843311756131,0.9809150943458658,0.029421688557894593,0.21511589059040268,0.5999476067806538,1.0
0.31997966504377123,0.35439804030073674,0.02238507437015951,0.14794695688250442,0.1190923991126862,1.0
0.7415184856016843,0.36723262718514504,0.01825017953616101,0.19625510625072512,0.19491156168222235,1.0
0.10926687661658531,0.6681728864891898,0.014623862979862812,0.671599642704008,0.38234774753847317,1.0
0.05650061304643855,0.8934040145003647,0.010134480026095238,0.043499667755516155,0.5628420174603004,1.0
0.45974392006093556,0.8025118918560414,0.02791258986543716,0.6007852306671313,0.9778940367489897,1.0
0.04034900196445853,0.8196057246606632,0.008523991581933265,0.17706257018802746,0.07093991204452509,1.0
0.3268328080871337,0.3034687604344859,0.021168559952135037,0.7517906271587776,0.9378289519286919,1.0
0.15123145065565882,0.5902526680140427,0.004336610191826852,0.3713935203346437,0.6249276783154909,1.0
0.21838168817057355,0.6683175785329148,0.022959568638805255,0.8597565101320561,0.3144337482682264,1.0
0.7522478645770531,0.2399553474492662,0.02211936648378654,0.6754869255807957,0.27515398420965154,1.0
0.4363419495292365,0.773736058802665,0.0010235027010672838,0.5015255848452366,0.18515647275024769,1.0
0.6806884941079787,0.5016253821848896,0.01942900442066995,0.3157431308661135,0.314009356621071,1.0
0.13259963605889344,0.7717318113785997,0.023270448174465466,0.8845902099708426,0.2608845475075977,1.0
0.03995052201770268,0.9125940684797305,0.023963309663091386,0.6232523738223702,0.7329565117856166,1.0
0.604256408483482,0.8011209884948399,0.004070011119938184,0.9588580724010088,0.8919949156988166,1.0
0.8085401605225728,0.295016781346881,0.02077288589957825,0.12104225981616028,0.75441256493439,1.0
0.8669571109893078,0.24131639556029846,0.006454004847619536,0.07183345932728155,0.7116537629227607,1.0
0.1984701442496582,0.1705269072589155,0.011397034163928807,0.9412702226942653,0.48713505624639775,1.0
0.17122036894475437,0.01988251828573258,0.013409750000323814,0.11095141275185606,0.02798498367349341,1.0
0.31920299487601395,0.7511128377368502,0.0032775325397298946,0.6789952498328257,0.6209219862724451,1.0
0.184803021463587,0.7944734379732951,0.03040541737963456,0.9765076475200851,0.8087408086611391,1.0
0.9471818811532673,0.8151770607509801,0.008219056271459017,0.16603220314574887,0.936477736249981,1.0
0.7773262820236777,0.4058539950088951,0.0256093790267538,0.09275952878648208,0.7253332294507308,1.0
0.9004780069535089,0.18921001882671248,0.00471810665115005,0.1970240781863809,0.07949679188213059,1.0
0.12373376928536782,0.20165009464909917,0.028529315407397234,0.2475076413060848,0.2230710468503473,1.0
0.39936646520938907,0.835643674646512,0.022701157752528272,0.2889265023673924,0.5983253523440767,1.0
0.3651184775919094,0.7367342508027092,0.015138321332823229,0.5435303243807212,0.7339663277704386,1.0
0.45549457281934946,0.0961183024766269,0.02565018851205117,0.6081984589199538,0.3276027307288891,1.0
0.9258766595678879,0.31568871682711436,0.010362810431489169,0.10190396594666606,0.5777758558874838,1.0
0.8430102291295661,0.6830840168431886,0.0011331067975198271,0.5661089370543625,0.2326028421429094,1.0
0.6197477958244584,0.20570944584522133,0.031587617538409794,0.5738073602123833,0.2099759246103162,1.0
0.5468951250445044,0.16630669995424885,0.01858623378574852,0.9593897091648761,0.42478602061137655,1.0
0.46166559550257374,0.28082344760333433,0.006500642843484152,0.5793487756650579,0.8943059965208339,1.0
0.09709122022991386,0.4014481270793726,0.0011800599167870703,0.30863244550118935,0.6697072160214718,1.0
0.8407177607760713,0.4779068293271709,0.023751717536558043,0.883981358058202,0.6831274983407732,1.0
0.8082572905693787,0.567497181148996,0.01110592540059413,0.29884426224670474,0.8754557587684977,1.0
0.9414954112487272,0.32773274039198547,0.026121616033655787,0.3306997228848108,0.9533480878439275,1.0
0.35396555776367616,0.8675935859802169,0.010317922330657106,0.2763438571166825,0.8988530642525476,1.0
0.10666542410109284,0.5805997299594773,0.00859543640355747,0.21592313349309314,0.6157885829166589,1.0
0.470309222001973,0.25656591252861716,0.030033364067630155,0.5549397381357639,0.21589372243035357,1.0
0.8230736338763449,0.26602693813554773,0.03367573086533981,0.2684711782249041,0.29335047892492944,1.0
0.1656404152341129,0.6873291225740551,0.019949469078144988,0.8945680190703713,0.24163435042088666,1.0
0.35926476928685014,0.1469625748245806,0.03316913495766475,0.717729250172539,0.7963954629945141,1.0
0.24357635559791418,0.1415159813822163,0.015600741822321263,0.8291901026527069,0.3311848132721677,1.0
0.6604006414193491,0.20086300778231095,0.01945639552131576,0.015865169975593254,0.5093410057659556,1.0
0.8805315749957175,0.722091985644586,0.0022249572666984494,0.789732874242188,0.791436226921285,1.0
0.9293674391677582,0.8034502741384699,0.008442554596466447,0.3821643391392982,0.3505732992139368,1.0
0.9537599065774378,0.615982770079364,0.011639928020284379,0.9415762206470532,0.7005712013568675,1.0
0.9066062560334271,0.34486868490496286,0.018551183369872465,0.47974362284406075,0.9237072424258879,1.0
0.33397344011944635,0.6605000231539726,0.031144933899065367,0.11576920657818467,0.21067363538654907,1.0
0.7775198073000261,0.3467236977203951,0.013159583474707361,0.4700643367956691,0.6741257002529413,1.0
0.776343832545956,0.05511262498836136,0.028847385245515774,0.05899330040071321,0.8810929510967478,1.0
0.1287045989474238,0.1810041874452309,0.008583726592748059,0.4023603105176633,0.6558265248704009,1.0
0.5249783073263387,0.5329572511063609,0.011856373330289263,0.800879743881543,0.11137574189007922,1.0
0.097884432325404,0.21496663800738766,0.020944328992896655,0.12683442759293134,0.10151717746825814,1.0
0.1191808289660432,0.608445296562241,0.012968380218401788,0.89647075465447,0.7078424867714103,1.0
0.8955726423988052,0.41448499564149976,0.011139733265459344,0.6731092395413029,0.7182559473114953,1.0
0.3523048894510484,0.15717417899718378,0.021177081203511926,0.9569521442782901,0.4172078378810499,1.0
0.1772381898913434,0.796303359582743,0.03255568062288473,0.6883662983105875,0.11021696302155488,1.0
0.08658014736411432,0.6021463727948848,0.03493705951140366,0.3753798586220238,0.16378209748373504,1.0
0.5712311672409787,0.5693928250474353,0.008813908319834406,0.7509540357972871,0.08892427920186707,1.0
0.42627325000143146,0.1280478448234035,0.02256908157125224,0.6733763687767347,0.4405802753355602,1.0
0.5098072678260751,0.2864686976464438,0.033422443449897345,0.9440999937121209,0.09652577332362662,1.0
0.7757068983575782,0.1075375183946774,0.018657059242975296,0.035916358767521396,0.5892682134903159,1.0
0.3688415277479726,0.5091165488771069,0.008737051080690986,0.5414052936889637,0.8027720940746207,1.0
0.5539332752025526,0.3552886338407964,0.02642765065450777,0.7023366232952458,0.6990908664579709,1.0
0.5996800236675076,0.6514340985027859,0.024147675060570795,0.5756810976835348,0.8669379420764017,1.0
0.05675098257201513,0.962540950419926,0.003064946705211531,0.9030527001361628,0.6126726520172693,1.0
0.5653889766320763,0.8211877167673143,0.025523868949974143,0.52558702152701,0.36396026636366563,1.0
0.25165436929480756,0.9518150416654694,0.010365702827409704,0.7521005902195381,0.5089891169168046,1.0
0.9911023555134181,0.04792740314726937,0.02079062162011681,0.4620566977937016,0.07744988329235954,1.0
0.6945477317042135,0.10922030116364007,0.028234853758690222,0.6254359329581614,0.1017567372887233,1.0
0.1380406844845176,0.7978036942622093,0.019120627254272677,0.0038271067798699033,0.5433607435809243,1.0
0.6434333265895126,0.0358092114315091,0.002204476925723608,0.3500187369902614,0.6888495580653257,1.0
0.27898531563104445,0.216851477018333,0.024226270310956134,0.028085623397668805,0.5572265483627602,1.0
0.23984773111727492,0.5207777912431323,0.008383700325175302,0.5647572839436931,0.14982486239011708,1.0
0.5109159089695005,0.032669327015783636,0.021764386175966887,0.7505649782040059,0.9561174892482283,1.0
0.20948667188232914,0.3055259934046085,0.031285977273534785,0.4074503065291794,0.30249201926287894,1.0
0.03895218740006481,0.5492656967969981,0.016306459696592866,0.6252333525319131,0.7313685738169221,1.0
0.6367807688372192,0.5248043742580336,0.005554905553269405,0.881844481801651,0.7548355776630242,1.0
0.7206841868725354,0.24556175391060533,0.01563789165462364,0.3874815570194241,0.036786110699524005,1.0
0.3462238845437853,0.004919862414678973,0.029802190809103932,0.14473055058284534,0.5014512152178788,1.0
0.6048768877307092,0.17018187415726826,0.022019178272613796,0.7578392975542874,0.8549097516280355,1.0
0.03488747913548331,0.6083402582364641,0.008676129344892826,0.7811141788706468,0.6802018276567582,1.0
0.9675636691210802,0.5849628477533927,0.03174666071394374,0.6422514890915704,0.18256260185248538,1.0
0.6940049255895014,0.9779618378972411,0.009276687623985298,0.33379239076764855,0.8216695355757696,1.0
0.6335665648503258,0.5359405766801423,0.006739943657096933,0.16595658755098291,0.8103874236327254,1.0
0.7470945988696321,0.7329345597774825,0.023089119196534256,0.41010814541818486,0.029292362840682817,1.0
0.12658149660263485,0.28150669667554595,0.03319061951090091,0.302559165489655,0.2558840112445267,1.0
0.0868462698935732,0.1615296975294301,0.015902795505980696,0.7878854547137092,0.8844745800043332,1.0
0.9761988565712509,0.017829296464351645,0.022063222869708948,0.1172298556830489,0.9104523778642652,1.0
0.30372518948609384,0.8278808266478154,0.022429369563168138,0.1013882957005731,0.6031653911691157,1.0
0.3087859549567174,0.0021396353698563846,0.03421091702490809,0.41456943403305263,0.43150183507553946,1.0
0.6047810017572798,0.30268462569967697,0.004399247874302888,0.8275351574272486,0.48389379917005615,1.0
0.8606441954190264,0.018704656905937134,0.03021909941605151,0.7520434644970112,0.9468749282364773,1.0
0.32309991486071954,0.661817263869907,0.032476961614481936,0.9926766920879413,0.4173209129350953,1.0
0.1713804566061178,0.6942813918713597,0.029470594378359093,0.7988506631319756,0.3464972017113472,1.0
0.12122624045099333,0.49447604508106363,0.01985630242656558,0.536977343196601,0.7581328888992651,1.0
0.07805230386088048,0.1806718017833095,0.019096126702273526,0.6948530534623554,0.5146603576783676,1.0
0.05208342718411864,0.7860950184357761,0.017904604156535015,0.5392503414165456,0.46948918212764823,1.0
0.27709709127930404,0.06443728646274065,0.025058366550865716,0.2726010002603884,0.2992627868261034,1.0
0.3864267432683746,0.5111865105462549,0.014140085425880175,0.29090092213113106,0.006844887508518642,1.0
0.47368052176462155,0.7201704134057075,0.0335943275154054,0.003828508613783562,0.6753645672374129,1.0
0.4585070926248391,0.8469352988105575,0.003430858865471921,0.9896238713937557,0.5812549922902447,1.0
0.020490755070068936,0.5872362550832237,0.017826275776255184,0.21610168517031636,0.4909570860539132,1.0
0.9994781364147651,0.33278232672446284,0.017327553034080453,0.7849933898823562,0.713065565249824,1.0
0.9413844111296845,0.18998865313540006,0.014273594771676338,0.6871301749704289,0.04597925115498424,1.0
0.005878556561246493,0.9141743877912663,0.0254177612912145,0.5659336732925178,0.4294720713289239,1.0
0.7367752216261128,0.8074856645563782,0.029063089667983117,0.022853058354513855,0.05562970067719755,1.0
0.655562378490978,0.6243252470032143,0.012055560863321614,0.9730257644112854,0.09401353548599668,1.0
0.48139624256555824,0.4194153657725556,0.001869209768626548,0.7280718419786008,0.7718039352562074,1.0
0.5174459077252498,0.6068356811116274,0.013499938257363077,0.6159664241532022,0.4346929323573309,1.0
0.7187947134639238,0.11138948316042456,0.02818650824439737,0.3381681257636139,0.9356328536099765,1.0
0.028550382680155632,0.7346283423959586,0.005444968545015578,0.8773902154743214,0.9483819772498449,1.0
0.5333399039392279,0.6024609448251471,0.0155810758206617,0.08449919923257554,0.9289146553354822,1.0
0.31353492592670257,0.19213345105699076,0.034741880460371716,0.9426218728430112,0.3500829374839042,1.0
0.8055641601526777,0.4231874401459434,0.03390479370299686,0.9013155128797259,0.7596918909179323,1.0
0.7024256088189448,0.9872671324740148,0.01369194612144807,0.8816874340462648,0.4087336975068471,1.0
0.6539377802159692,0.09740398243087897,0.01728755511901719,0.050679024644320045,0.39568064796242197,1.0
0.23296999228688112,0.9506172103036419,0.004397383517594776,0.6651467355270971,0.9657198705943507,1.0
0.8991049498015278,0.991039444171152,0.02282267682544378,0.7824815834433164,0.032953208585957336,1.0
0.2889770881514072,0.8243611486631595,0.0240376524277644,0.6147998081578089,0.9316271291310987,1.0
0.9538874309423581,0.10166394246205182,0.012798596594005597,0.6306433911323852,0.34213472766360864,1.0
0.7756432005763708,0.8286773241113979,0.007097685830735996,0.18289461949265773,0.05326171390098069,1.0
0.13839608522713803,0.3192783943957242,0.029574766855632106,0.9487102837749659,0.8222538713996644,1.0
0.5684562170974333,0.16749346943737095,0.013775394981029764,0.4284910252010302,0.9429978170542256,1.0
0.26838739692819563,0.643152045792806,0.033363426236833374,0.06009996496799459,0.8161716801747816,1.0
0.15395484411189303,0.8989680517547767,0.001062881537928508,0.7413446546325194,0.08814118147949868,1.0
0.6212760044891777,0.8629132734419701,0.028968620905804654,0.6854791787429518,0.38116704283051106,1.0
0.6360472431731854,0.4974728289092047,0.0036500369175671734,0.9556063285783838,0.3151051003919005,1.0
0.9017886135336042,0.5774738289907957,0.025924062900710795,0.1535135740550894,0.4052010683520158,1.0
0.2517137434550138,0.7017974462389737,0.008942907370911775,0.2099186993127329,0.012613025610122458,1.0
0.24749005523778853,0.7645922001236678,0.020370136809709307,0.17864665924832446,0.5685593434778884,1.0
0.4260767777741411,0.8883198536578268,0.025454711463560785,0.6514489166845218,0.2822019658728167,1.0
0.7531960353156345,0.5683224941632421,0.022173845774024068,0.9751382060597718,0.3489725992470373,1.0
0.5593978840313576,0.2360246859810155,0.0027982032875441183,0.6163948810969717,0.29831852024119576,1.0
0.7010264345766636,0.4560050073515083,0.01923750197254633,0.6269203108102397,0.4691363388562745,1.0
0.07685864067451167,0.9798383412713347,0.0021373309878815632,0.20888825954048781,0.7085995467997063,1.0
0.26291058039712384,0.15482270236982848,0.025601433169751237,0.5793544579188349,0.06541413318027064,1.0
0.20929442508802948,0.9677308993844194,0.004669210208507765,0.5984571201886711,0.4823653886109713,1.0
0.9565363578554408,0.3419405959386696,0.026458056689176675,0.44801901069833805,0.66110085311081,1.0
0.22789508304706332,0.08453274301813991,0.004459542544909846,0.959470888444753,0.7886681630551201,1.0
0.5296180896006254,0.7145184916257171,0.012986288668084753,0.44054807010162467,0.7186635376531336,1.0
0.5268180141081913,0.21087808351454604,0.0011046384345278844,0.690573471829439,0.7075575947616212,1.0
0.18183442895040475,0.7398407447406743,0.03323089242832969,0.6449357564742947,0.9631774199096151,1.0
0.8018227773697676,0.9992866227971706,0.02227803161646389,0.49755863692106367,0.9177186181158488,1.0
0.11100196127039189,0.30341992415196617,0.00986193409461951,0.855406397718331,0.2340121089524969,1.0
0.5192698656414426,0.07704336722704669,0.0336818078496892,0.49157171375936987,0.19124329030521206,1.0
0.7982856633400746,0.6343724736982439,0.016797284823595444,0.332269766020627,0.900783678645852,1.0
0.718393925312512,0.4465545041126158,0.03435944512583362,0.7103602264895198,0.4242011002616723,1.0
0.8958292715344858,0.7402252283507891,0.02707786813508278,0.42420387219421113,0.5078431531265425,1.0
0.5958008492883146,0.370546631810713,0.012812903069392008,0.9482799729369279,0.16561864975081336,1.0
0.282187102437086,0.029626973391005472,0.002375744714180134,0.4297483150932857,0.4550064452423252,1.0
0.6691108259588017,0.485857435714257,0.0035198442552593343,0.3487231237183623,0.10286077111605404,1.0
0.2090983183724447,0.7008748857004055,0.024664055954674743,0.8615277379764577,0.7566628731979159,1.0
0.3132994759212516,0.006805683672582951,0.023002674363785013,0.29042347442723204,0.25085000162619003,1.0
0.17506595221384486,0.03340230510954754,0.03327927343653196,0.306700715334378,0.3940266305700298,1.0
0.4046611492388677,0.9722490694777817,0.0245966704064946,0.47435101998836643,0.30816417436634064,1.0
0.6116169218102383,0.25519561254270434,0.006166215866836803,0.6965324452697045,0.8696003073417304,1.0
0.8415771133461322,0.5310690820182193,0.02782025294613886,0.9264293760356191,0.024339227017527085,1.0
0.2049213540906247,0.9967720166390985,0.03260524432752793,0.8023837651249107,0.29658392532103944,1.0
0.030221189622082135,0.18885166681105806,0.0219737076438515,0.79321370534625,0.8837472222624547,1.0
0.3914137964684997,0.45537257455179264,0.0019171098301531066,0.86410528379905,0.3386104669707954,1.0
0.409787866036853,0.7108528115241256,0.03061112969938957,0.21616108974940695,0.17344035406836036,1.0
0.5513421261444041,0.36640624697293156,0.007776861472180177,0.9952525743762404,0.71946510280446,1.0
0.09216818538232571,0.2000830616242776,0.009423248532857656,0.11197456361234132,0.2304217193430229,1.0
0.37835396918567604,0.48670906391067215,0.016479689067751213,0.8293808582807156,0.2547413909483767,1.0
0.9082146957102734,0.9598399122916405,0.007153429952086084,0.24650539508913594,0.6242084450800497,1.0
0.08653570900608808,0.0746235148194163,0.021609087578652462,0.8048734638679765,0.2596267769965295,1.0
0.7921435723911519,0.07838294495970619,0.014848306369843703,0.06894685116822451,0.9152789636357014,1.0
0.6868585852243624,0.6830191447675842,0.010696205064455282,0.933605616045508,0.9228538815621744,1.0
0.4694612768647212,0.04806861505992447,0.001962585904659213,0.13899619859094392,0.5961689289993646,1.0
0.9485172945133454,0.17618671719687062,0.010367947947069384,0.05504618676736064,0.9890581197139986,1.0
0.4812334150608374,0.575989789947143,0.020113929985325126,0.25510639239000715,0.18620530359912618,1.0
0.24790639624635374,0.5579705617744967,0.011478895398555136,0.7292158468240605,0.5683717931241785,1.0
0.9513424733221573,0.3230871258449409,0.022599175350157548,0.0010505764004012116,0.7371867236299919,1.0
0.20917657232717526,0.0025090458721885762,0.02503609477612763,0.6630380028470233,0.6657417093630874,1.0
0.6396580284441787,0.5717634553159542,0.009122431516783134,0.5192492734269601,0.5150782018242763,1.0
0.4340555336480652,0.4366493503305107,0.03446975202334376,0.8945694089860742,0.243043704053698,1.0
0.13882868968968676,0.8535376676812604,0.007232994808820589,0.4261777455494657,0.9839377096370712,1.0
0.8399480321480374,0.49523921557813194,0.0047737064363537526,0.9525388877258978,0.5496821367710867,1.0
0.869237835044764,0.015619948357757162,0.010004583921238422,0.3375846580335393,0.5353291814959636,1.0
0.3895779314313602,0.8148234854994736,0.006888497910247064,0.7015751981018064,0.46086907997788645,1.0
0.1781966915633258,0.14188970100212075,0.022070406774837608,0.0882370744839389,0.8232237339967154,1.0
0.08098193512366166,0.8883090005324533,0.03361146807299076,0.04442463008306384,0.9503792385686949,1.0
0.6650971788623873,0.17564093049072976,0.02879349888655651,0.8420714282188635,0.9783630637912988,1.0
0.07678185006825204,0.6583056376767964,0.010283570023177943,0.12645220784551403,0.14964662329638295,1.0
0.6839655891069998,0.05141049001807209,0.03446382265696715,0.808004424124354,0.3098701263450743,1.0
0.7268494032228402,0.676356053753607,0.016744750559684017,0.5128775107983679,0.04416447273601609,1.0
0.3409066448323124,0.2857661492744814,0.010167162442118325,0.649297950459092,0.42982836310059724,1.0
0.16002780436012726,0.9619017046753734,0.008613490883318748,0.40670309739418387,0.19101455941555923,1.0
0.43669261771439344,0.41423628907908344,0.030753226103228285,0.7597203699436599,0.5203551778362917,1.0
0.9599414963992587,0.9565057025265457,0.02496220950893618,0.7603877785599464,0.899193815245662,1.0
0.08319249150455249,0.9973414936381112,0.024902755308959554,0.593152109337436,0.4137539582015708,1.0
0.8044059983154533,0.6547806214900659,0.007823975739930798,0.6103011260968719,0.14202493561974391,1.0
0.5838741801968138,0.6360483866732883,0.005938914450596797,0.09650293012211957,0.2594494578093825,1.0
0.9317511311569519,0.7793444073694532,0.026354157855862533,0.3309021122131582,0.11259567239538339,1.0
0.5013526515116121,0.10141033535804773,0.019188936823984093,0.675734832422591,0.32058012957273607,1.0
0.6219853551856144,0.04105542291105552,0.015714971889620368,0.8249504528987203,0.9988487847101377,1.0
0.021106799573696898,0.4934101988368333,0.010393363512687737,0.8928822385756032,0.7117916471773663,1.0
0.7622662026872513,0.34186466305400953,0.018739961893868857,0.9228624945193712,0.20095710897079241,1.0
0.8857078191144325,0.4624164819501013,0.011808220174901681,0.03826137151375657,0.4195340845493142,1.0
0.4069265344537662,0.2781817745367883,0.013550425900831449,0.642802353755166,0.8913884402430394,1.0
0.6465162735377923,0.8170579871188969,0.006614854442931056,0.3017965318286803,0.0515403919918961,1.0
0.9988249584842392,0.3299830829702103,0.030232281864880844,0.086691936216502,0.46025265097266344,1.0
0.2023812803681842,0.37313375079980715,0.023143455788074203,0.4908177668142038,0.8444896971772533,1.0
0.48241093833827536,0.9817445878369685,0.003448705960243854,0.27706288211491187,0.4172945591381673,1.0
0.5463838115718974,0.5684087870182917,0.03147252456869346,0.27828762676135266,0.8170368918430401,1.0
0.49099999243976855,0.3001140121998437,0.011338339293840096,0.38909139157344214,0.7637469776115918,1.0
0.1546798515709937,0.7601033141654571,0.023554919589139526,0.9492895296327659,0.5298846875179237,1.0
0.4798509424884502,0.6810994280696864,0.015827980148806237,0.1387186222570886,0.9866965530628318,1.0
0.6090171994046216,0.4819393294353339,0.02518858607441462,0.12764814721304577,0.32678728474355245,1.0
0.1268990710021059,0.02232619733232361,0.02670037611481272,0.22808131600055404,0.8321757113506174,1.0
0.16939749359224074,0.7091551782936051,0.01665039476866207,0.9190421962486448,0.48493277660785084,1.0
0.2952705539111299,0.9037178187879292,0.00869009631588996,0.8278870768178771,0.19499326013035967,1.0
0.45161457408447203,0.10550406634166269,0.00528172214677978,0.282227640765754,0.7668850332691162,1.0
0.20591513115595997,0.47672599237233293,0.004297556731017838,0.7162303398970196,0.7935087329823834,1.0
0.8858602204237837,0.33855441483885995,0.009654150336960775,0.8966927853716224,0.14686096784469035,1.0
0.31492873504674973,0.7605397438707481,0.02460279293328576,0.9870682237478295,0.36017403753682764,1.0
0.37882940163568163,0.7824740051690237,0.008286198338118696,0.9478002362622063,0.5130367831971654,1.0
0.8274345626594327,0.4793363022204123,0.026206626933687957,0.3653296296115254,0.8111170862589311,1.0
0.5666396136189804,0.2189296680571643,0.0339875879561324,0.9470328903050725,0.6202007240347575,1.0
0.5032935000948404,0.37610889055110647,0.016657102536168537,0.046861111167324505,0.5495727263431706,1.0
0.11041045375691838,0.2563419741244735,0.025520259734927678,0.7937965881805064,0.9858811822951008,1.0
0.8415980321929164,0.1729308621490524,0.005449865443553843,0.7294743775944449,0.4464264990697128,1.0
0.28328223053906143,0.21398068322259892,0.019659157289983707,0.11619516419625987,0.2794704647775048,1.0
0.320727246478669,0.7657332071456966,0.005105239465066772,0.6122570502521993,0.5851813044127432,1.0
0.484763355870088,0.664196743584078,0.029961562285495708,0.16287460171049212,0.8143171910492213,1.0
0.48264232539286317,0.5119540553699686,0.007717918274881527,0.09058343225118096,0.07583606448651115,1.0
0.5740194310948635,0.15631913594405128,0.028495961480618004,0.8990537683123588,0.2931157520399162,1.0
0.4102022637444627,0.8816886310832748,0.014593852233601897,0.1092279597176093,0.9846834246697433,1.0
0.3430290997197208,0.8937271690543607,0.03253171879167156,0.4973076620421474,0.30740967739961444,1.0
0.22006266921901693,0.4787598598409924,0.008800657592987557,0.6225805583174324,0.7601292918886102,1.0
0.8427278988350794,0.08704870996174709,0.008191777918016402,0.5321601660208268,0.25833340319481,1.0
0.7550361589611094,0.3584142355799832,0.003247401102275303,0.5093275801061137,0.977231504435242,1.0
0.15960734712943597,0.5147812903437675,0.03165856346637851,0.05518942328513629,0.6382553075641717,1.0
0.7043076876151946,0.1510202481285377,0.03184747007831889,0.32294906138035956,0.052690281367614084,1.0
0.45811980441789885,0.04094202007696807,0.027504785604120962,0.8659576824643477,0.014359801846283557,1.0
0.9812252626302984,0.03133779294464372,0.025648886317066962,0.9990949847188394,0.7973214677076603,1.0
0.8849381491010515,0.7082244924776333,0.010943356115653476,0.2250954622951925,0.5130318483119158,1.0
0.3301385228171937,0.178746891910158,0.02973972410783773,0.7053094861442318,0.3319901481890847,1.0
0.12900977509562722,0.11340044171768054,0.022266258297381058,0.10970836088885845,0.9602524113529903,1.0
0.026779055721249792,0.8554743941193417,0.013497971458910208,0.3436229170919847,0.11950199120456689,1.0
0.359434578217844,0.8231715350371561,0.022441022323424396,0.8800324402413723,0.6229385968300882,1.0
0.6968427456198204,0.46312983221602555,0.024414915726658742,0.663953400540785,0.007696916306198324,1.0
0.262897342321023,0.5422809991780309,0.004785301205969067,0.023999479070767753,0.01610458906679466,1.0
0.020872614103541475,0.13326502343016744,0.02001190258220513,0.40087255874142297,0.9807673744680627,1.0
0.14762897873414182,0.4173726040675944,0.015653007083152905,0.36275466217233443,0.4960941908948606,1.0
0.6412488259439931,0.3577420649694198,0.02497155118704977,0.2901959132647692,0.8356323763821538,1.0
0.2954419177944463,0.7849038642176608,0.02865647733116273,0.4912726111603441,0.08865956434139112,1.0
0.4080707599942873,0.20886320422625032,0.022306107907066504,0.43750116757508345,0.08848487623150192,1.0
0.24541720837390119,0.5114540904241659,0.02368780089885481,0.11597427503429286,0.739670683766898,1.0
0.4942591444094949,0.5288016616770124,0.033463030932971136,0.9109869394316951,0.112871340547416,1.0
0.517254660337849,0.9200558700558797,0.02876315320143756,0.3870962202914197,0.8863241951051348,1.0
0.2719217428685052,0.6102827339310418,0.013100659663703315,0.622785152362663,0.4102743909701792,1.0
0.9543566624005393,0.27103886969255747,0.018340342864305574,0.724708002867286,0.15936057611194254,1.0
0.5833889896837818,0.1505907833881694,0.030519805951338977,0.4272745582662836,0.17744272657872415,1.0
0.7857208933665586,0.9357804444243933,0.013860497356641079,0.07974924723192556,0.10172225637440352,1.0
0.3713809588790859,0.4267053658484478,0.012459610857046922,0.4660730274235885,0.6439059034271847,1.0
0.1650771827273261,0.4917973632918602,0.016660844009615615,0.5461915108055874,0.11155936100934348,1.0
0.5307139339298389,0.27615960750708374,0.0223870774161858,0.373378631296481,0.22151401291777034,1.0
0.3945137619728719,0.15845485803921489,0.028499505295189864,0.4323269532286738,0.9151552693829209,1.0
0.8764738843718667,0.8160940607283701,0.004533138018999849,0.5321496343346671,0.6540291772863004,1.0
0.39087282110174976,0.9438982852363399,0.024827909231235467,0.9659040076869264,0.8463840805423384,1.0
0.7259066580097097,0.6464331629031216,0.031153311097820303,0.6137963628904002,0.07621311252426644,1.0
0.10373231643518792,0.9493517690523041,0.022986745187443734,0.5560906371299434,0.19862331160035468,1.0
0.34318847282551285,0.6757107818406323,0.021549933113618146,0.4998077829170516,0.2534882604429065,1.0
0.4622351888594795,0.8514146115848633,0.03140746960633469,0.7594899049543009,0.3203203166556986,1.0
0.9254106232846346,0.9920202394070106,0.005318705918965274,0.6859304077594192,0.4257213889542307,1.0
0.9981032096546014,0.9332956256073124,0.034408701793612266,0.14475235811577494,0.4924326007976716,1.0
0.6754832873332617,0.43516720148829213,0.018567604189905645,0.039563003096355166,0.6119056596374779,1.0
0.0037908329147406197,0.1608047129700763,0.018611664148180936,0.561403361694845,0.3440089928212596,1.0
0.743856495454289,0.24368219312689782,0.022915628264627248,0.5595875943365697,0.43140724437746547,1.0
0.6953437052266912,0.572672073628016,0.019955864691491198,0.43664166911022956,0.4306044879496432,1.0
0.4526258342438837,0.4395855597227072,0.00815258242115406,0.7251130831345135,0.1338195164405949,1.0
0.6252213645613864,0.04985177844415151,0.02340595579144064,0.3621527472443114,0.9298350795362647,1.0
0.8460824534709936,0.5682810530719782,0.03225204150437719,0.6501583808837859,0.8752539264156393,1.0
0.9042761331177726,0.6619291038709019,0.011311313386716584,0.9978157136537193,0.6871970833871186,1.0
0.00657993545604046,0.5527860711396366,0.0252261092014719,0.014723152229592692,0.7627966658977269,1.0
0.2754848939391037,0.6892560014014009,0.00545063532589609,0.8242131615700378,0.8663588921412455,1.0
0.5079347257803732,0.4026523065054851,0.012741355496929197,0.8730253805745942,0.30556830261175205,1.0
0.30061638014806785,0.6570560480319337,0.02868342325779381,0.16517149111719714,0.25548777337933654,1.0
0.16102377306986526,0.40747474283125945,0.027379793850110724,0.542076317033946,0.05422300160927622,1.0
0.7955088647194317,0.39407433377498646,0.009330428446653662,0.7641737904688907,0.024882332721964547,1.0
0.8044553219626557,0.8880979447635134,0.004042317981203238,0.10865072342272027,0.8728800711032163,1.0
0.3929461689034541,0.5737202715652354,0.0029918243853189618,0.6440724537261847,0.9451380704358086,1.0
0.46507057719687434,0.9609201076228772,0.02440955807271606,0.057903475274356415,0.6703764852813184,1.0
0.307922652907178,0.6160677969223146,0.008330944550353356,0.0391509954097048,0.618335735091107,1.0
0.533431260114859,0.2618844333257165,0.024338580795579618,0.8958056897685444,0.08747823799284629,1.0
0.1569389600652287,0.3300803773921318,0.013150420058048532,0.20710367902924265,0.07615910652217445,1.0
0.7938339117340023,0.9968364570876457,0.03277654446584113,0.4352077809614376,0.13425462652723152,1.0
0.5319860209586531,0.860705844422015,0.010108727145737694,0.1997424266200811,0.4395144183990515,1.0
0.45222215793867415,0.7229901930917167,0.016725891145939573,0.37358592256150125,0.4414711424416463,1.0
0.7546516498221316,0.43232642043678493,0.010098992464574628,0.1399879120446615,0.00236832468085648,1.0
0.16549060992670608,0.6902478531901075,0.028809139815577704,0.7372087205649778,0.723509534435153,1.0
0.9626351415816696,0.26957834793410734,0.005933425484644129,0.1541449396977525,0.8957110640405714,1.0
0.340804024712539,0.5308161818926513,0.021857317125228377,0.5961369051770599,0.7866213144177849,1.0
0.8511954927920958,0.08554559384811261,0.030204825421044898,0.5904131576162266,0.22370963328450014,1.0
0.9397945394551009,0.8458800958520377,0.03199426861085802,0.38275957932426125,0.2285770675771399,1.0
0.8738862085424064,0.8268047175521857,0.03435190503338788,0.8484038493526429,0.6327335480125638,1.0
0.16568269081587617,0.47422582726957935,0.027105048058908433,0.17410211478757442,0.9156019904209237,1.0
0.3129967813559731,0.8858738325683897,0.021353432518151985,0.7334253235431013,0.3860567640493021,1.0
0.013604952910988916,0.5383641207322543,0.026867091398351473,0.9688556890730172,0.8923346098715293,1.0
0.9805396002364517,0.15033120831184968,0.002397886145330823,0.7491809056327571,0.9059805638788221,1.0
0.8251511316584458,0.2057013094956691,0.006236099092809976,0.059909509093881395,0.582387110814229,1.0
0.11017432482793516,0.4653622915528913,0.020289002078172563,0.723231688866988,0.4147833724633873,1.0
0.6660135189559757,0.6845394194024997,0.010194570926773837,0.02080325915488957,0.9457448791727769,1.0
0.2019032301288906,0.5660999853428711,0.021228216042986362,0.12686264336368355,0.19246543025221866,1.0
0.5085028491608767,0.19225077717408257,0.02811754163919629,0.47110272923093927,0.6387736711894211,1.0
0.05884619415802423,0.1657792793404802,0.034083254706963495,0.6239648473923872,0.8312541133758311,1.0
0.7656970386532127,0.485467114475322,0.023620467813620708,0.35884683530043404,0.6212479579920714,1.0
0.04654312382417411,0.7990375734952426,0.005231819105214967,0.014969950651550422,0.9125440331470166,1.0
0.5827997811331419,0.8390780535679663,0.026360840700464575,0.047581192990122374,0.5613877521579844,1.0
0.35073009803225164,0.7538094183869832,0.03377619237116767,0.1480394672819781,0.1460787797406178,1.0
0.4549619937561119,0.7954237116491363,0.005796638728000401,0.04081768659806789,0.6982361407767894,1.0
0.09570341208540487,0.8644735515610193,0.014099851186296102,0.01777275574781406,0.5105117711782395,1.0
0.69370973837866,0.28854279181265685,0.017377804196723568,0.20136468609284505,0.8282736562855167,1.0
0.40393241846224737,0.4494311525354145,0.03441124488919209,0.14297336124793875,0.8088108950754487,1.0
0.8808536864832838,0.293136116282085,0.011069370851491673,0.3264941281073516,0.017614451240632448,1.0
0.9945920544787052,0.2496996252101486,0.0016771813238617296,0.27926177372445715,0.4089817778166021,1.0
0.06949745384556101,0.7906384907850612,0.02906704311869996,0.21394741829282968,0.7986197700467436,1.0
0.42368706770475173,0.9364518660597025,0.031324749292640584,0.3757356024772986,0.48862219541688,1.0
0.5159188240903131,0.6822259949321081,0.004150701707371472,0.919921285049514,0.7191550941765352,1.0
0.8691200029868636,0.7439391833765894,0.01164631177231346,0.52191165520958,0.8602705285304763,1.0
0.28179631855168474,0.6509076241449973,0.030248395415753866,0.9881786819941021,0.07164777015766582,1.0
0.8737920960776425,0.004154966175228691,0.015865997466585065,0.5846145253955131,0.5269638182480576,1.0
0.066456564867027,0.7856313068622572,0.010627798228538437,0.8244051571374317,0.4200684388524797,1.0
0.96395085090571,0.7807687412065497,0.012825745097599879,0.2707573408501448,0.5893747647216041,1.0
0.29087665735556795,0.9483228456294067,0.012233162067032028,0.7043936674925421,0.38235262343424775,1.0
0.9362531762476757,0.16476406672187932,0.03311950991191836,0.10420351910292613,0.2676804975115423,1.0
0.6588823220446655,0.1902939524058539,0.021131172589479573,0.1812108168275184,0.8745676256026715,1.0
0.5302479200797209,0.06440955280363311,0.02463077353629926,0.9358614379584737,0.8312353832219818,1.0
0.23766800057427942,0.12190646489449615,0.030703215571006123,0.082028019918365,0.6292003623861888,1.0
0.9957825400525931,0.5093144902048267,0.019658892289915977,0.9179708962298363,0.9696672663475718,1.0
0.7963858926676077,0.635131982359338,0.015531615775783035,0.058258041917422135,0.7180261296682416,1.0
0.11758560438203655,0.2308388060814094,0.02589235835373999,0.15056226561694527,0.691244099398304,1.0
0.3539905120839862,0.2589236679296476,0.013683339977522848,0.3598374247715011,0.6074127858988778,1.0
0.8618908822155135,0.03096229171811195,0.025702752950558565,0.3148718322708711,0.8388033686997614,1.0
0.5516233356628935,0.5491249161642594,0.012101389713957763,0.9703362907560118,0.10781622801751888,1.0
0.6446153385900869,0.5147849254190096,0.009991882370769591,0.3049675246609844,0.1578662854001105,1.0
0.5699493542665507,0.2455897415776778,0.014376305762117656,0.9067783692505782,0.88695432049141,1.0
0.6544460381414232,0.15381819979875408,0.008170034428640744,0.8643433846541699,0.895295127158482,1.0
0.874049406149215,0.7287650592903814,0.02737415235106777,0.7920235123181647,0.5077260384662575,1.0
0.20115924437661467,0.5054601424100255,0.011830787716205757,0.822608811559705,0.08361801141664861,1.0
0.7737041785890841,0.3130285706461817,0.00917619366519526,0.26328660564010126,0.7138765172991387,1.0
0.40328086191751694,0.5461224193517386,0.03298584268418753,0.794553212327042,0.18609638255979324,1.0
0.8449226657520184,0.745479295035314,0.018574803142246122,0.07074514030205388,0.7117937361477767,1.0
0.310465150892138,0.010928062018255556,0.00885566534639586,0.6060844874018129,0.11319427974562427,1.0
0.8198524167331898,0.31886016239551523,0.003787508341468784,0.14055909163579225,0.35855102360237007,1.0
0.6346444409930424,0.8680197604480888,0.03481052182945824,0.20336363669626023,0.6951266148005567,1.0
0.49398458288587355,0.32625582215724364,0.012645415309979958,0.6766056664493697,0.6211821142788206,1.0
0.11946233790026675,0.5786630460208942,0.026139475728806105,0.5590631684242953,0.004647022783184632,1.0
0.7788007602953768,0.7428056570714615,0.0013539485864107535,0.4708259365274182,0.43788085447768965,1.0
0.12585506002493274,0.6217938176493877,0.033195212685475727,0.3723777850806347,0.33801906124209835,1.0
0.05833766389647608,0.9316408744827888,0.03416706278231543,0.0066360587361501515,0.9007790066568215,1.0
0.5617973599377731,0.6784627826052205,0.013207996159059692,0.5294591036789464,0.62791464596715,1.0
0.9942623649640965,0.20467795374990053,0.0013515077993450357,0.9443403075126433,0.429698573163279,1.0
0.2763956471478571,0.02680609486437647,0.00999531857492514,0.39390704222341594,0.5208089196178556,1.0
0.8791571714963188,0.911418532068219,0.011783267341734311,0.9595950392815841,0.8650692379482342,1.0
0.7066245515054093,0.19907357148221594,0.007637744950364332,0.9087429115208593,0.5075384144745089,1.0
0.7208273313101277,0.21329979203073257,0.014081833882140427,0.9678573898074858,0.020563178682060843,1.0
0.9788009173781308,0.10504279897770431,0.010247757068193874,0.5474661075605098,0.8439211628189525,1.0
0.06053645094757709,0.12805713900782234,0.013782074540307191,0.32321813308678843,0.22045895254803216,1.0
0.027854802064986937,0.8295149035293007,0.03233712590395595,0.6304809135265131,0.6257250481891763,1.0
0.568749420472621,0.3757992195441243,0.008787691891686655,0.5837462262996759,0.0021892765952839215,1.0
0.6563859822641492,0.45558556989683446,0.005951778377151261,0.0023167936382078153,0.27116887475589585,1.0
0.5350110195485118,0.13194082747254796,0.02186570286256736,0.9989254538468498,0.5852820393548421,1.0
0.6230104904693234,0.8797912193704721,0.0331639777196516,0.04199248223690613,0.20578880911223862,1.0
0.7725814319169373,0.046517296092993946,0.03168958819769844,0.021534809538227683,0.6029442661361745,1.0
0.47109296141611984,0.44244402809087763,0.02646237120461542,0.4971454589588583,0.4217996092964243,1.0
0.9258811123855507,0.7941284791220431,0.026048379071086838,0.48823435905451584,0.9003155824830499,1.0
0.9303554995302211,0.8031193401591884,0.006108848010744406,0.04794518055462477,0.7411148311791995,1.0
0.6024867907023936,0.9762630407373288,0.019543703624246678,0.34855196723426163,0.5654008849717567,1.0
0.5796849703357295,0.9025277748359821,0.0011472223296167712,0.8454585083659385,0.802126965205014,1.0
0.8469836626285957,0.7637817204676761,0.017695579557034748,0.24596872446137336,0.2888123154320043,1.0
0.24705769537612113,0.3260303199982943,0.03264850665911045,0.7295992878897466,0.736337975667264,1.0
0.006788225783323312,0.24524135752927845,0.02337111474065344,0.4388332624032042,0.11369214318423837,1.0
0.048025461545846804,0.5443072610772987,0.02012378727244558,0.6363253582910432,0.3163106764190912,1.0
0.8890943027946017,0.9292755900336274,0.017387616714738235,0.021619713128046735,0.5812902890632256,1.0
0.18330309125686312,0.16978370372482418,0.007094684971327697,0.3315101595787324,0.28133959547698134,1.0
0.49581939268263425,0.42821984497258314,0.005958340941891923,0.8760149023280428,0.05576738358799526,1.0
0.6218508034595823,0.7026101155823583,0.028239323543851003,0.41088101016863715,0.3473933465547763,1.0
0.5685265764066486,0.34928697953021687,0.012155204182981725,0.01787396258196114,0.9483676715540661,1.0
0.2716006467926285,0.9214982077133554,0.026001838638919746,0.5785616643832526,0.6611530992821775,1.0
0.8088386963115669,0.25085665502082044,0.0335112752478816,0.23214322919022473,0.6257390518155936,1.0
0.14395999087470004,0.3635642406489953,0.027563953661123713,0.21337548592510897,0.9628944575271111,1.0
0.6270949378206057,0.6192481725502751,0.01700646023361562,0.6557051037015934,0.7438333668829447,1.0
0.5604346247146451,0.6070207806646909,0.014666501293666638,0.07180229396441856,0.16053868080359918,1.0
0.9272467185250247,0.02671480802261106,0.019497196700114655,0.2528093715761805,0.5621781655790287,1.0
0.7357176790374232,0.7251609120203157,0.027483397841940857,0.07353807613413665,0.5100682560840343,1.0
0.9213492904414106,0.7830963427974518,0.004656524810185252,0.24400288290114977,0.45576503524264644,1.0
0.11056351093693081,0.5684043961735875,0.012603775447934987,0.6466940013908247,0.6490580202956818,1.0
0.7860235909057601,0.0921712088634731,0.028816721616969323,0.21275489172091455,0.589989719193161,1.0
0.6101700467952728,0.26815043042610304,0.020344764846317365,0.009190061953350615,0.3750800031595848,1.0
0.46354357991900225,0.4997618378909758,0.022133612489075763,0.43477538923514836,0.8672096509960898,1.0
0.9426098818090074,0.8770610853009341,0.015316984610405497,0.36643507372403855,0.6769513908812682,1.0
0.1866757157472635,0.24180415798329588,0.00597258556604876,0.7609311863101302,0.7146874631141058,1.0
0.5373379113681886,0.7644751198441964,0.03319897453327468,0.17934413147690037,0.30502545010979953,1.0
0.625352381774076,0.13728243135877816,0.0075765883545473554,0.7806564005545942,0.5425116121902145,1.0
0.38904431526021716,0.13535970113640106,0.013331460042052627,0.40079909591642404,0.11299830121377086,1.0
0.8817202883672731,0.8877604415505786,0.001087681757230096,0.6415628923277124,0.09458532853144086,1.0
0.8796828297615978,0.6169985402148557,0.021847285544900032,0.3721100275446705,0.25021950039349883,1.0
0.13458350625307747,0.6725526699660528,0.01698295444291043,0.17842390452489978,0.5887259385364936,1.0
0.5892106622054638,0.5301317502448877,0.029822394256447542,0.011744629615829123,0.6171308802067949,1.0
0.19437258250901163,0.9795982722360136,0.014729670191004438,0.33592754962978033,0.16983943130090606,1.0
0.856195304673647,0.07090244625627623,0.020235631788324233,0.1482538096645904,0.7160656335979341,1.0
0.11127857523507663,0.5574818523730256,0.031962972137495625,0.34185348765081935,0.051754809147217,1.0
0.14265738882144113,0.47557694888035246,0.019519022346841667,0.23785037571807546,0.17824061400610086,1.0
0.07088532707161944,0.5086184211326644,0.02962870641236676,0.12763201259523468,0.7009184094170529,1.0
0.036189014731615544,0.5364363376947168,0.009568281048527997,0.6056488389474619,0.3499736878280323,1.0
0.918584859568098,0.2453000175193777,0.03295457594558172,0.20510455139008157,0.0716241873411397,1.0
0.8151017828160328,0.6778786890192773,0.03400836121088866,0.7101174831145058,0.4132186337715973,1.0
0.9581703896902515,0.7918632660391458,0.019925745918393436,0.8259400155242572,0.17986566262694728,1.0
0.9995594235040495,0.66547502628889,0.007660227345720289,0.14529222553312648,0.9594549911947468,1.0
0.7489301727132022,0.9491701343617959,0.0181157275975253,0.887858656599362,0.16365749367439078,1.0
0.5128307026147295,0.33317715118367974,0.015705655112498364,0.7983987893142327,0.0543540634713168,1.0
0.08914103918491217,0.8476535492301398,0.007864593422212953,0.7352039814276475,0.5922875195887014,1.0
0.26826871416849635,0.05840185695014269,0.013014927035042242,0.2013282278445748,0.1367765914480303,1.0
0.21330247602218727,0.22393488966845226,0.012576369359637485,0.46319050646214743,0.5141990315454105,1.0
0.5889335257900894,0.4822021958469151,0.014393967297673992,0.2665204257173052,0.7102326710693564,1.0
0.8497318121323695,0.5865762934320987,0.02255410546995814,0.5092814406468557,0.9286275085873958,1.0
0.4275414849653938,0.8931214812760582,0.021566835312645832,0.44969956700841623,0.2628889634022142,1.0
0.8016328794414808,0.28018661154609636,0.0011950814703144332,0.02044117865902532,0.9784242089849681,1.0
0.489535607227536,0.9179581930392219,0.012957371565669956,0.7952025620955777,0.7220880029673586,1.0
0.7748572655612322,0.9658126092050446,0.007820650776760403,0.01849190508652048,0.8216329518580351,1.0
0.5448580910214931,0.2232398584117995,0.029620817902997823,0.7214850428236387,0.9534132615666033,1.0
0.9765884477480669,0.5113445375809247,0.022128351089334263,0.6744533123818688,0.4902816842644546,1.0
0.22408375763678848,0.36300069507477534,0.02486777033313644,0.039949971057916346,0.7007127068473077,1.0
0.2725640005378479,0.6937949758882583,0.008308135532505713,0.9617217524534248,0.9906883546793586,1.0
0.40201691750645074,0.0799584189423341,0.027459435249002156,0.1635612725496918,0.9331148126156048,1.0
0.12328737030162984,0.6833228762106147,0.016843727713302725,0.5416047083563094,0.18039510497512712,1.0
0.1674461082441549,0.8854146777659938,0.016435136887667467,0.6352332312681772,0.9218693159412806,1.0
0.5413070355665194,0.40327497019551656,0.016712594147785944,0.34233138655092876,0.9462376414271528,1.0
0.4099369363143754,0.7784457007264247,0.013387616869286181,0.8867242855416811,0.24382956750690182,1.0
0.6291223611396168,0.5087452042773953,0.03272397471628797,0.42370919357006576,0.1364546677002357,1.0
0.3938185981504627,0.583548682011979,0.010333016697031983,0.5507630068536312,0.9081378197003978,1.0
0.6519179244436936,0.22966968853867023,0.028245119531564764,0.27040095972969896,0.5802229907120512,1.0
0.06833494771178518,0.32034307782046967,0.008209042464185875,0.8927810946342264,0.26689595252350506,1.0
0.4928534659131404,0.22184390160108153,0.014305700527633651,0.18424768638008976,0.8338495705916084,1.0
0.8736542237439179,0.04687113140363613,0.011186669671997322,0.14074683352253403,0.6855802803748166,1.0
0.939400233275023,0.3668145803195685,0.0023854691790167787,0.7618974041319383,0.5799211490260416,1.0
0.42671243350153454,0.7384429801950941,0.0068162340090819175,0.9995270282770092,0.17447332789423986,1.0
0.21322573079376345,0.7827254766095738,0.030282582178934085,0.8767642653035582,0.47624272846626325,1.0
0.8339573390006056,0.5799097337278633,0.022123412270609964,0.23683105408741287,0.4467108571884041,1.0
0.6656562375289461,0.19728679673917682,0.014795565508557816,0.8488833269391595,0.5468992314114438,1.0
0.233294916512724,0.44046343326167126,0.018014151588633575,0.40116683989888013,0.6848090687851828,1.0
0.5198809897816858,0.1396335781255332,0.022392714618776864,0.8304178851411925,0.020977049646870492,1.0
0.4932108882184849,0.7205339564424841,0.003540477687151217,0.4066147604888259,0.7856957499413834,1.0
0.7500963419251481,0.3646457704913864,0.032282981184119076,0.07826791296129536,0.0920732413969947,1.0
0.4713530251866169,0.6388290599374367,0.008787908581133414,0.22680226268589873,0.749360458201934,1.0
0.7275644434248423,0.6410662780945002,0.0038331232131919033,0.7114185100963379,0.8796358592313196,1.0
0.009853004023885337,0.5401741922324852,0.03205346520029634,0.5991269485249672,0.29103574458244846,1.0
0.685262581825607,0.7714826807781601,0.032027882007191616,0.9058108669495721,0.33994088594960026,1.0
0.10241766667313479,0.09536808761363366,0.0034299312712185843,0.9272171018418243,0.15327999380126603,1.0
0.43363929242961285,0.3254463385170278,0.01928284217994884,0.0037880995831150147,0.3807691889812778,1.0
0.8035010818190952,0.7012624658723438,0.02989190133661055,0.37692193702985605,0.14176462226959113,1.0
0.9630965742910825,0.21511326646321127,0.0069416823411181505,0.9443929388829166,0.9499731617254026,1.0
0.7696834086896479,0.43031276168158467,0.017735334344167335,0.49918945831168804,0.9684031895572253,1.0
0.7732906715175655,0.006668434251248746,0.022372743634899394,0.6530252987223605,0.7539525032412371,1.0
0.7540812705499835,0.7324118418536693,0.00962877555491315,0.9928468694623079,0.4689404021130019,1.0
0.5023756957038163,0.39466239929792973,0.021183677421682454,0.3502749651952414,0.2407049040956513,1.0
0.9279006514908411,0.496749167367908,0.03371300969410632,0.4163014426845131,0.3879914895981519,1.0
0.6332840860201506,0.7627548526268854,0.015033290273176724,0.40759466281153917,0.08422040117322235,1.0
0.22873100787526393,0.4947727965702971,0.004896749242766399,0.647306659741012,0.3914845747975193,1.0
0.528850275833477,0.13034983586975277,0.0013651772922281646,0.21323623361800415,0.7246221483256352,1.0
0.3419937006239548,0.5363891461616216,0.009160451875590905,0.8805627976790408,0.9652419387632727,1.0
0.08979783387123928,0.43768146203830005,0.034677193179499216,0.2301554444839515,0.6708011985053033,1.0
0.7734301848751239,0.6092512955086146,0.018227975402449127,0.9288855479746961,0.39533863374058764,1.0
0.43162187607856317,0.756788478735069,0.03213427257509421,0.5510922657195912,0.3105699684859237,1.0
0.8094507035412704,0.6223879107727237,0.009943552026066857,0.8775342415084281,0.9203824610120256,1.0
0.6019163804578274,0.9766050255621241,0.030743391460860116,0.1051561445407137,0.981124869983385,1.0
0.9201158676544139,0.7605810933978491,0.023017266962084237,0.32734570927470724,0.028002993560749815,1.0
0.686134502550722,0.8632517919647084,0.0010797843019263057,0.20876580001303544,0.6733946476866848,1.0
0.14256115119956186,0.0828541621252997,0.022687885892034906,0.5952649572113164,0.8587549585775196,1.0
