0.3485062658016275,0.11028073149826102,0.030192329276987007,0.6976706610303045,0.09508317053976188,1.0
0.3427517261936685,0.1967300120139615,0.00535586351096856,0.45093555195767154,0.37142722620834867,1.0
0.29009543891621836,0.20586764170443667,0.01607608276012926,0.2280114830629921,0.5550302022288189,1.0
0.37260639622466935,0.15828443538139414,0.02677498316290271,0.3551714421617385,0.9707273263705084,1.0
0.3504941901861191,0.049465038255139926,0.016868514126719164,0.04475996202144155,0.15513520257548027,1.0
0.3353982080026099,0.2419099233761183,0.012078062176697166,0.371089246328834,0.4700862554645321,1.0
0.05933475589562677,0.1194505266302575,0.00871491786773006,0.6701441806878279,0.4377147669534584,1.0
0.31541903079900985,0.07877929370412823,0.02929683324743684,0.8049595931393051,0.38809090065114427,1.0
0.307440481284764,0.03579836841871814,0.007796878884153684,0.008354907481254507,0.7871374531246362,1.0
0.31761925500322447,0.19540152872447,0.01660313636830356,0.5691724547569409,0.14065720112952979,1.0
0.3011129298439218,0.11830295532964,0.020218027620360422,0.7652338585586096,0.6350836016805902,1.0
0.2520840151746907,0.07668357441759044,0.00204780637530994,0.43728067184313,0.21537008814670966,1.0
0.3841779798974066,0.059250931980469844,0.0029822932174282447,0.28210250812997456,0.29430016400891695,1.0
0.251107436401234,0.19619065406749697,0.023586660371131177,0.40698047457863046,0.8142063642813686,1.0
0.011197720837103355,0.023421917333134798,0.02556021792027931,0.462415353021136,0.1621105072545682,1.0
0.06938813411821262,0.17438377339435626,0.016169313369517047,0.381640204870386,0.30221057705872867,1.0
0.1634538621384723,0.02282482990970915,0.005012200672097521,0.961935766884965,0.9086721100168994,1.0
0.12037561269532429,0.24232491795958325,0.027477530734837018,0.7171732989698366,0.44991214064164486,1.0
0.044279542006921184,0.22574799673941656,0.01649639385434278,0.20316100143043508,0.30665066752650183,1.0
0.08037097953971505,0.2142969567390015,0.026789664014397144,0.7197434929949859,0.4326609467353286,1.0
0.26325998804181827,0.16281180378715018,0.003871106918756229,0.416391594768439,0.04257255968803059,1.0
0.1491076843374206,0.03698652302764568,0.004515700902566756,0.5880569276055343,0.17142237556834922,1.0
0.2618964517254773,0.08737058132917443,0.021091126710368172,0.0237810671586678,0.9586006540282039,1.0
0.35244811703537854,0.021599769980687203,0.017546383248497454,0.4912162873601664,0.9378886285200079,1.0
0.21359674107457227,0.0674769401098815,0.012273345909646774,0.5211517300690662,0.43947254884474163,1.0
0.37200507396326665,0.22414403218810192,0.005768469025952767,0.5544821073955103,0.1094671653943081,1.0
0.12727396894371473,0.16519623603828354,0.02571781688575401,0.7688788444257394,0.10863320500994067,1.0
0.1043660819118015,0.010315726487868765,0.019864983959310436,0.3715513615785763,0.8299599533892807,1.0
0.1433953628773992,0.2382719493723665,0.010891206496764033,0.5155420721024828,0.25670912547703517,1.0
0.07490891009432615,0.012182744228689918,0.015793300040103292,0.9923831884917812,0.891785588988659,1.0
0.40096582840445766,0.22346821328476793,0.018641184253139268,0.3166131227789622,0.772240419678877,1.0
0.16877232026429584,0.0245222003473173,0.026390846785866885,0.2631980554069418,0.9368763373832455,1.0
0.05611831165275723,0.20794705535910163,0.0062116667652327975,0.18008903984958136,0.5997834087293227,1.0
0.08919916490584338,0.0782705945521236,0.02743176450020004,0.9718545996349064,0.50124044501614,1.0
0.007257393180982494,0.05818435146971496,0.005481955404741715,0.6779810149392446,0.12271067212390259,1.0
0.312723833603656,0.14569803569600467,0.00779237215644196,0.8043204016560804,0.7156917224861858,1.0
0.05984493044923365,0.03181469710893581,0.03253712673422126,0.3981806156311157,0.3016477430891588,1.0
0.2986260315308485,0.2389501910046955,0.010739171713989871,0.9248836208827151,0.02583463189487006,1.0
0.2856548251448072,0.02736845353393757,0.00577154630017303,0.41969520499698754,0.9662656802310385,1.0
0.41992742649849485,0.2012858679876297,0.016890974452879914,0.7849786858029353,0.01881894719301075,1.0
0.3734134480823486,0.19940745499296528,0.008909785226858747,0.5312388210084544,0.606409804879311,1.0
0.27179511364508785,0.1037303207491464,0.013722257475844213,0.4264562042871364,0.6522790945543943,1.0
0.2047997000522586,0.06271205117488816,0.00904652034191776,0.746268265963203,0.8167521946604864,1.0
0.030884926772874993,0.1490139822753565,0.005969890302551742,0.824839526265885,0.3110243392501504,1.0
0.41451574214686515,0.042217398961084264,0.01068048279948981,0.15445978179686656,0.11637457360168961,1.0
0.025872538714752792,0.04448572626302732,0.002814985709323963,0.5915526722948603,0.6810338122727069,1.0
0.1437780025314702,0.12662703301853528,0.03075016803597669,0.8512804951953838,0.04443158695077915,1.0
0.10729844712587382,0.06309750638222074,0.020421910159254274,0.4168461632774891,0.05020486580766639,1.0
0.23616507397421913,0.026316303823025276,0.02933759082881103,0.05290990459863915,0.924917027149044,1.0
0.379765153267391,0.22576063283797665,0.03430540313994415,0.80222385439332,0.7796980632305576,1.0
0.35076936320557994,0.03450349989487362,0.019226313222219668,0.514708647320224,0.857714571978435,1.0
0.17390518374905872,0.16025125453804043,0.010059752795028767,0.14062864254300292,0.47839939674972204,1.0
0.10542390329746429,0.09251044071866688,0.013457343294092414,0.32816806884813293,0.38008461564720203,1.0
0.1342975370825071,0.23726562375211976,0.03215583266429805,0.4814295178717785,0.3290328437996841,1.0
0.38200365945935744,0.16349424779946542,0.028349322150200633,0.5331895537896745,0.6332847116383531,1.0
0.3309670298773206,0.05139874368830387,0.024623136379828943,0.8608583492575682,0.13297073446424237,1.0
0.04369799095524064,0.1817031914395853,0.003872769439999688,0.9360038828779254,0.13827052210776436,1.0
0.3605969950622084,0.14882681911212217,0.027609219557404596,0.7953197241441028,0.946081035754513,1.0
0.26594407701588085,0.024667250193535904,0.021949633800820125,0.17212001278869601,0.5653856608609694,1.0
0.21022733368857108,0.13113531210276758,0.026973395260223992,0.7994454717955546,0.4926610623598537,1.0
0.41912506982485576,0.03081366353677958,0.0049815212406037574,0.08862130289885764,0.6582054217554872,1.0
0.34867031584768765,0.16813662191383955,0.012343683783160099,0.8984681808141742,0.7627696149235816,1.0
0.16452221597965225,0.07929555507086146,0.0063587960532499885,0.14863558916964945,0.9361913359123682,1.0
0.17311060042705703,0.1826917414606671,0.0198017642185986,0.9362038468516237,0.7805211924154828,1.0
0.16998540359289097,0.2466712546861562,0.02540384802412388,0.9512434653438373,0.11936009863982432,1.0
0.2870461739120522,0.03135849790544303,0.021000771998953505,0.6864102687403434,0.013290383202714235,1.0
0.3716043805271482,0.07454439731067837,0.016590634781150738,0.4428718129408253,0.3026254640510491,1.0
0.3518010219087506,0.028536514338031515,0.03489917836647748,0.8793208242834375,0.28462452942617494,1.0
0.04878236981025091,0.24977707788808542,0.023633281027622254,0.6504748905432381,0.09135028625714861,1.0
0.01402077693880677,0.060966186452245615,0.00586274375566559,0.7769911727515263,0.19900602298568498,1.0
0.29566479865804307,0.010004514913179358,0.0011846143603758156,0.052606259097384526,0.60631925247008,1.0
0.10811021646169743,0.21250280188784515,0.002945885965210853,0.8011628897880345,0.9278676347421081,1.0
0.3144562320064081,0.20965707444519038,0.0023651441846002583,0.20258032860833633,0.12579875562633744,1.0
0.3355894696196512,0.15787294929952328,0.029938457391905794,0.1560577794486498,0.7348864708432264,1.0
0.12257067934169232,0.17776626962304468,0.03432696268655518,0.6119320623710925,0.0554458146763043,1.0
0.020015397659495025,0.22115228213033747,0.025125661693421106,0.17395471857608072,0.09262928481837386,1.0
0.4410322036198324,0.11518159997216397,0.02765875224360787,0.6367719337656691,0.5728407368086788,1.0
0.4257649796475847,0.07603431549616477,0.020652585337456435,0.7000761686444771,0.6495839220900635,1.0
0.06764910647410605,0.12757983187328858,0.014737169285186045,0.4746945607531355,0.12009830867154687,1.0
0.12585592005578455,0.07687144633644699,0.0155487092651659,0.6113765594895917,0.6349944883008447,1.0
0.184543616133485,0.055189503147543534,0.021002412445906282,0.31772387040592065,0.037023774443086334,1.0
0.21388557111548648,0.05717262418284853,0.020463569726151935,0.566206128531489,0.702300178929261,1.0
0.2939424423779432,0.07973732380418673,0.027772695547522434,0.5495952392160798,0.4319867769847102,1.0
0.16293514316816418,0.1286720719070828,0.026047993408395493,0.886516483836984,0.9211361400978965,1.0
0.23460352651851551,0.20016773228019527,0.011691323519302844,0.8375449799827235,0.49464750487090603,1.0
0.03335455703575172,0.2106563095488263,0.002889309174833849,0.28133082469752224,0.3347959104610443,1.0
0.14193812304109316,0.18593044911454631,0.0014992166810424061,0.8273462510961658,0.8566914755509836,1.0
0.06997219167822502,0.15060926157832513,0.005068866899406408,0.36555444171717427,0.9584707517200715,1.0
0.34767509621820897,0.07842941597027078,0.024380611671647148,0.7057009591185287,0.3884538534684861,1.0
0.005816712594078633,0.053055356991958125,0.018853002300886882,0.16458755295403757,0.1667409610086571,1.0
0.44512071820493887,0.13943638757908364,0.02952837084997826,0.9903313426619463,0.14245429268020593,1.0
0.17726514941302204,0.02093227162790007,0.026681225875021312,0.4343452482952704,0.4698576072562109,1.0
0.0822360668516598,0.22686880191689754,0.0025180690251254824,0.23361943265876253,0.29276727098421385,1.0
0.26431388268364336,0.12382920398681597,0.0038599213749339893,0.24442378660165784,0.8437447963777787,1.0
0.2924679235102892,0.16788061058248738,0.02693870264734399,0.05905037323972589,0.36724177654767975,1.0
0.1529669610004994,0.21127523944850946,0.017407465291967995,0.7688589618699198,0.8521635013642879,1.0
0.4093889574982361,0.14719386119370817,0.02990932616034654,0.34125020479593277,0.49931814157295373,1.0
0.048135892437335695,0.10023957416868362,0.03218948086675699,0.6312014081243776,0.1783290758545305,1.0
0.08702975133855223,0.007180959817844563,0.03253365558913691,0.4487591209286146,0.3082275373483654,1.0
0.004284190875564021,0.07022750454360265,0.02490313783376235,0.6341360032961937,0.981824141594993,1.0
0.21540013725885201,0.1905967082328179,0.03171314764677781,0.7209752507716333,0.9632480123258302,1.0
0.390193845779605,0.02941191372472566,0.025902059101788784,0.44064861082784124,0.553550698608864,1.0
0.4364469874008007,0.24615994227647453,0.01079976034658878,0.7340197439404783,0.7502335543973333,1.0
0.05661752891403524,0.01119579311114422,0.027429666335992073,0.490210042075089,0.9855546293254313,1.0
0.4400847236041543,0.10348242454632091,0.02798519311903907,0.08573445303952022,0.5559062484276261,1.0
0.41619104858173,0.20582318956374046,0.0022570047248399237,0.3733296389654275,0.04964977384153742,1.0
0.3042122272717004,0.17860129088161283,0.027306503213555298,0.8655910915076072,0.7396920370080333,1.0
0.022984705710652382,0.059399252459883346,0.02214452429475836,0.8582671793201984,0.005495624814719463,1.0
0.30510204231461435,0.00837221499302469,0.014646088956815191,0.8957392465023132,0.6719411960470029,1.0
0.3838987272047288,0.08765982442896907,0.030013718818898024,0.2996447074677866,0.5907299306322659,1.0
0.1243964477890251,0.22175283298079543,0.0073781851859427055,0.08572677964452734,0.3425850116071147,1.0
0.3635367910833505,0.24968709914662443,0.011076309938379608,0.40853400918015087,0.13768445675159666,1.0
0.44891343673104983,0.17551937152004396,0.02123723657405464,0.3929767238288722,0.9153834615252693,1.0
0.061330744077564614,0.09197923733658424,0.0032836667408240746,0.20277705865109277,0.018651112218912292,1.0
0.2859085789633569,0.08647982313234803,0.015292980231179422,0.9592500635717314,0.7522111584533406,1.0
0.12875885292520953,0.2243522028944758,0.008993301973942424,0.3260173877861604,0.9091557496085255,1.0
0.33430075928867153,0.14809545374677777,0.023216933106322838,0.3000839082233107,0.24213068956503625,1.0
0.07079326227345668,0.21870427695741104,0.010630395730503879,0.5619279050199703,0.7921824507162327,1.0
0.1978354301043026,0.11958806983809468,0.03481985946379085,0.674922879502045,0.8148238046747648,1.0
0.3546278364669733,0.04710965689343833,0.020113804947077457,0.10279226315723033,0.6532692044374344,1.0
0.23121669687074997,0.10881015072407403,0.0022186535482175483,0.9598147478068911,0.10389968144602862,1.0
0.11148390856571738,0.017317078045677222,0.01647400664199992,0.5165717134558553,0.31325737907955536,1.0
0.05110856534390279,0.0967415901194921,0.0030579673281022285,0.6984915358843036,0.20781352098328718,1.0
0.17796247395296577,0.10473579863421782,0.0010564640609432182,0.11295830062769885,0.8629017991771372,1.0
0.22916714275998093,0.12288599962029481,0.012325201474361686,0.43189569312630316,0.7808005563890578,1.0
0.11789649599344727,0.08130011980096473,0.009244417002963313,0.4803835371505141,0.6835750993011541,1.0
0.14950034818263513,0.23266576977969847,0.002651355854796575,0.4613088356343267,0.7118464835551811,1.0
0.022270934982461355,0.035413137537994153,0.03223998858004322,0.01025052203930229,0.18913365283654046,1.0
0.050672630935429265,0.15541717237044578,0.009215722897128917,0.5696428383802461,0.59060518738336,1.0
0.0031288854174313903,0.21348899537624932,0.022050048938517117,0.16358074261885264,0.7731644507471487,1.0
0.11516430420561663,0.22977962654476752,0.016451552630154367,0.6038210298789881,0.984664884084026,1.0
0.3661085462732307,0.08028138033928645,0.028173259756210697,0.6011331849437799,0.21713933953017603,1.0
0.14361839982923919,0.020448989877010607,0.0020143821833897143,0.34713217675177377,0.020015113669669092,1.0
0.3266073110620401,0.1773147176852134,0.02611173313955101,0.3178360179588488,0.8901294376605777,1.0
0.05758582744423531,0.036785946702428,0.024565244515609853,0.173770992505636,0.5077854088804613,1.0
0.002799414525269435,0.005128370672491674,0.03476487578563722,0.5850541953000313,0.12778306554299462,1.0
0.39629075475733383,0.13451390286473244,0.022140929015265723,0.27391400430937546,0.051469176675633145,1.0
0.13334508174804058,0.16624164061842764,0.029432336012648445,0.019142383370449694,0.5961180609110417,1.0
0.39337593555880684,0.06416246213389529,0.021766184530004222,0.5539872992495218,0.39677033355918967,1.0
0.3268705659872298,0.14216751103452732,0.02678635606428164,0.9834336589169447,0.41985311551290433,1.0
0.006598975195604743,0.1992111105212842,0.018687822279563792,0.4085534689302046,0.0949778911263064,1.0
0.17835825077820985,0.17096281795409587,0.006078721316517126,0.9615880799114915,0.17926332006000908,1.0
0.3866833043904135,0.22823310329134086,0.008213011855792249,0.47033108728665307,0.733761409658267,1.0
0.17119466007175005,0.12973785222550788,0.02621835795767099,0.7314048406761426,0.7831771698960588,1.0
0.04797217846534407,0.22608934942863196,0.03042946633691496,0.7982993383825147,0.10076261468356876,1.0
0.3348765639333357,0.006761883550904663,0.03429363754604751,0.37776753567532506,0.7195932211571328,1.0
0.17818881977938694,0.08046398966131685,0.02169719838254039,0.5814083843743026,0.40973083764717233,1.0
0.42098623493535614,0.11744242390002252,0.007689234145521465,0.3778287769001209,0.3947128756105255,1.0
0.07412930374899515,0.17145595627502563,0.012542243643102692,0.9549434934639518,0.2443531486132488,1.0
0.3393235487871158,0.22037797692754965,0.010455854133630588,0.20288601354383248,0.18658036873621608,1.0
0.21131907191980018,0.06560052012377902,0.0025358859776404975,0.48200984898595445,0.9593730152879728,1.0
0.22348244392624966,0.028562326433374412,0.009582833878685968,0.29547917562496817,0.7650387490546271,1.0
0.40583719225133086,0.24615758345443778,0.03440046722555411,0.9530461336352134,0.0727503183623815,1.0
0.13770547038773878,0.1386716652620509,0.004297248215986297,0.8459511608443403,0.6171394228982318,1.0
0.07522478419191372,0.06406061312564915,0.006450608849396774,0.8520812246370039,0.584643632201157,1.0
0.13391875544660156,0.09344190663498102,0.014765068790502149,0.7602549567722908,0.7725806346868935,1.0
0.42375094667540647,0.03104317902347791,0.031468150802403436,0.10129525000415948,0.26527527134015977,1.0
0.08159194048339326,0.10397841489618248,0.01629521619810029,0.24601371405018643,0.7105349561346506,1.0
0.3936842377951517,0.08549121428840367,0.019048913405785694,0.24915799746178585,0.24555170504859528,1.0
0.4230685358525741,0.2221092183227894,0.02743019625314154,0.5181438597664413,0.49111730759636,1.0
0.2419190380961131,0.1092062080897249,0.005479664318330294,0.12653818901566746,0.9522974661298376,1.0
0.42898928068242986,0.041730642549817384,0.019850162769357742,0.2085095360981877,0.25393142152047493,1.0
0.054410036522354883,0.22929525349966973,0.01193212171039928,0.608521082702677,0.4655491178572837,1.0
0.2398168550143846,0.04762249720922004,0.034612532549665606,0.8184895608351591,0.7418730180987838,1.0
0.06964182783472485,0.23024579871011838,0.01260716029097874,0.05105658300723684,0.343061273133818,1.0
0.28059622649970545,0.18795880760147005,0.027983603051320836,0.21274265646946205,0.923859532777087,1.0
0.28791712851960993,0.0015748843740987586,0.03477452894598006,0.28161548957819094,0.06300104343361508,1.0
0.05893449567473674,0.03892935082923635,0.022497615643027147,0.39353446417866306,0.9219305977048401,1.0
0.32705487764437163,0.115813758108572,0.02343834423839548,0.6000956613592744,0.4733111887862392,1.0
0.15487842559697518,0.045131639811068866,0.02405519806991416,0.8461615537466008,0.041213486199983836,1.0
0.4017269726696095,0.18765503611179402,0.034721462360919365,0.5318823977856465,0.6603357230823501,1.0
0.42644348425003054,0.09221753665057754,0.026109364231345373,0.40373706391496283,0.5622571111329363,1.0
0.22951143413635808,0.22686449540046763,0.015256233589545549,0.6474247263451819,0.34302007086675407,1.0
0.19858249859686503,0.032325947559759025,0.004118605088006227,0.6678224332236111,0.6558622206047092,1.0
0.009875133958868562,0.0823101638252732,0.007725534806812696,0.7783732711214684,0.860769770994734,1.0
0.3008642723227459,0.03321133806111034,0.010355185870458253,0.1395158417371861,0.28423724583263,1.0
0.40973678267317837,0.05142807957312231,0.019430687188324455,0.7016897101421888,0.9529695460170802,1.0
0.11554301203129393,0.15674406107157013,0.01189669949705255,0.976152262301016,0.40027645902847325,1.0
0.011429184473694558,0.10061530008755408,0.0307536588529654,0.6106172169888126,0.44449894350958036,1.0
0.38443898489010586,0.08123170278191162,0.01951464566940555,0.49033443183637027,0.6325702976147475,1.0
0.11064804534388382,0.22825528697862849,0.032411732982949214,0.8434795628762171,0.9782262263337967,1.0
0.34433558562433786,0.19088493289869754,0.017340659452038422,0.45699574231975737,0.24098604987285416,1.0
0.1309047411099482,0.06519429401588625,0.02092268671926586,0.41057240583681814,0.21963775218583756,1.0
0.38739589376317485,0.04275718039976746,0.0012552391151999956,0.3367938385608443,0.7977133248450717,1.0
0.0631097524821061,0.19380963939457974,0.0049339416885206015,0.3906725275663727,0.9986109054969039,1.0
0.07012964857735426,0.10627728280415158,0.02206872988297529,0.93296788163084,0.9808403243875012,1.0
0.0629608852892095,0.19789375550010246,0.010201493177209257,0.8849642104468542,0.6637898039718577,1.0
0.3748056489308792,0.04491273862201089,0.01539884341910823,0.5526327436307706,0.501265382931198,1.0
0.2940563439562956,0.24801845937648567,0.03498034491362239,0.5169429432330053,0.09610388787390313,1.0
0.4395221711192486,0.08026327051962606,0.01668110211847751,0.42535214789064046,0.052367735402372426,1.0
0.15964862508574204,0.19707850478324407,0.02929208255958753,0.8214095558112476,0.4172493320418403,1.0
0.3372205300705076,0.20054596902683802,0.01770275317730645,0.8931379885167667,0.14476478738247972,1.0
0.04414675960437469,0.03922785499159886,0.019150560451314653,0.0684509617072276,0.053754294298710245,1.0
0.19690618020272416,0.19388134644176522,0.0021845039095171326,0.6526053488593896,0.8233041900987703,1.0
0.06694181693481051,0.21533944243151348,0.028986236738303223,0.5394028244979227,0.8193806794146863,1.0
0.17812220155450073,0.18471159147048685,0.009753366617014755,0.7525765855191192,0.5046744257864231,1.0
0.20964115739794098,0.09260818071523258,0.008452433360273499,0.20917096209358,0.7517393197608246,1.0
0.039606075199814364,0.04489654989051041,0.006961781389433344,0.8232845151840928,0.39910811685073816,1.0
0.06260785474798496,0.1637314165977172,0.01625680324484252,0.3935252585203769,0.8752091148550282,1.0
0.39291367248960624,0.04888286907974813,0.008507129321103759,0.6564178052159683,0.2897944980565535,1.0
0.25532287221353045,0.13817628335411034,0.029170595444518718,0.7108222389709351,0.027551187232294407,1.0
0.27109974515275104,0.1220618268299466,0.009846278281661708,0.41923743122748686,0.7581524084141277,1.0
0.25298915748262985,0.09695700073341865,0.01020368989083364,0.5223965522984843,0.3154348689458166,1.0
0.30481691974682734,0.017453723518929314,0.001036293810773406,0.2130648617019022,0.8946169862210622,1.0
0.07821019801972326,0.22267572649408107,0.01697850196976956,0.476615664921982,0.9356064018988124,1.0
0.09761504530829462,0.14685705996352588,0.007646541325788139,0.6798474821997489,0.21487819704738348,1.0
0.09393633667873705,0.1062607745337435,0.006988702171884717,0.13555733289842395,0.860421604332722,1.0
0.16298065024669586,0.014762331965805682,0.013150567199069842,0.2655423701442581,0.6108745822744468,1.0
0.39987608842521544,0.23248698860896921,0.0043942559440108666,0.10829555333228863,0.11621111167287698,1.0
0.05576406493012068,0.2132431971646363,0.026645231507888344,0.819989049379786,0.5265344663591349,1.0
0.02083462122192841,0.10091497608234222,0.012013846743879631,0.9486968532139284,0.5772840975390953,1.0
0.07748319595267497,0.24467990183120927,0.01795374459379472,0.49417840419437514,0.970913843817192,1.0
0.17948873602519183,0.1466034229984292,0.005353788758624756,0.32176454078544303,0.1940151141226854,1.0
0.389898928242628,0.14774346036574154,0.013194874911948982,0.4092607079893461,0.43208748468366726,1.0
0.417119456778558,0.23326212529458865,0.014310727304042556,0.3299331971381718,0.4515954536850698,1.0
0.20835624224093696,0.16502959904435854,0.019849566794911965,0.32139483114738204,0.34638507495687,1.0
0.043493255943975524,0.042349595471079304,0.02558586927294313,0.38970761481055793,0.2153244335875835,1.0
0.34023725457056886,0.06509816822399749,0.029110855985407313,0.9275773547654246,0.5977971345447669,1.0
0.024606619655051863,0.23643445286445472,0.01434448096500809,0.9239765001448844,0.5793985472254923,1.0
0.018305357696222636,0.17042428261181056,0.020130712470285726,0.02750590476886827,0.743716501261163,1.0
0.22389144961524943,0.11697360264895648,0.0011860857003773344,0.7868630627811056,0.3313853506793593,1.0
0.16850420381356582,0.14170439974704568,0.010191620798777137,0.16142772427233376,0.7751329954779467,1.0
0.2418830777647606,0.24138857241695214,0.03376171701555323,0.8557864795807011,0.18842168347226854,1.0
0.3952881936703363,0.09424152017578549,0.0044376096418098894,0.8111519393376819,0.4822817878108095,1.0
0.4419827890467121,0.15219564619302395,0.015449299112647448,0.3706143834793506,0.4182016733613916,1.0
0.35784300072948977,0.20959149768857324,0.010669502575495902,0.30449282179153414,0.8744599220784784,1.0
0.23468539225148524,0.11645525295569376,0.024464310165667632,0.16422830844930503,0.6686624100543586,1.0
0.2788029353981693,0.010983657458321205,0.016698724704273322,0.5227286430883897,0.21511207645213162,1.0
0.08562496205252333,0.08669112843777366,0.00429154507636903,0.9473724759338749,0.4055890674343215,1.0
0.43851328827587216,0.021103084720682036,0.023156761909789797,0.8715376776544728,0.6346001995327616,1.0
0.1945532845794343,0.00993882261583237,0.019176425543835363,0.9935494537900605,0.9587488184459622,1.0
0.3179028546296402,0.07613945180753577,0.03170163121580865,0.04606963096356926,0.9359382279090694,1.0
0.05375946763141808,0.0158962599920075,0.02938006058711582,0.1566019133036048,0.5353632548228946,1.0
0.2557842029836462,0.0999110920667332,0.016130545865035737,0.06405405353316715,0.9687835690402372,1.0
0.08602420776111137,0.07222577815825842,0.033788688626310286,0.095191767434519,0.8674357374606801,1.0
0.3736786114424036,0.2439984875516062,0.029633258287573645,0.943438968926575,0.12780832153412885,1.0
0.24600838664239044,0.13633040317488532,0.031563333594897464,0.9718320148280646,0.7051334847201378,1.0
0.20592533219792855,0.09719902284857226,0.013294367005470532,0.39211533484274697,0.09066348201594408,1.0
0.351161559898668,0.1120721503371363,0.032643272610517096,0.6126087875853585,0.03614080620223533,1.0
0.0934130870628404,0.24395827007302548,0.008435943689155586,0.5162399206117633,0.936240754708556,1.0
0.10712583548721151,0.013230293293759993,0.006222462306283789,0.06426515022385552,0.19592911685124406,1.0
0.41068950953674316,0.13476750203989066,0.022283644927768746,0.20266538435793158,0.8007830370531763,1.0
0.3889974363075335,0.23726193364444023,0.012828626375724139,0.09148847947690392,0.22670302895886568,1.0
0.4256164496691885,0.0951991457709804,0.027206289264622582,0.5409362154785843,0.18362596166054557,1.0
0.2942831563752456,0.16854049527653847,0.01578183139150757,0.22941695705945253,0.7221848727331637,1.0
0.42156469164744187,0.0477879911800827,0.004648620336305695,0.49815005466301343,0.5200300485115843,1.0
0.19706370271313892,0.24870890831457249,0.017533540830799783,0.47846863415909113,0.42234429665184675,1.0
0.2672375273861776,0.057763975283572425,0.022678705327787697,0.051782628486528676,0.9814057141517487,1.0
0.4036431618442236,0.11941473213500076,0.0030512478315235392,0.8223913325477131,0.6485355459374672,1.0
0.19324826871548412,0.1598462493174146,0.030111786129084658,0.6314343774290156,0.3483259612010674,1.0
0.30266253068771626,0.24018615366414964,0.013611018932416754,0.425656685746617,0.8123108382258721,1.0
0.33172131880896416,0.11546765664894443,0.008326834821631816,0.7454586389382298,0.13202401401552522,1.0
0.28244441727010966,0.18707018024782537,0.031419388153505715,0.2733139109184758,0.1116135343419538,1.0
0.07033596652194196,0.050219078581405244,0.010905201420987836,0.5298619626722612,0.882942740468044,1.0
0.31896274167534316,0.044619961396144915,0.013161209471883125,0.47892652116059126,0.14827852753210027,1.0
0.13944160857482707,0.03269177338393077,0.01970814952488076,0.7053231683276687,0.07086169984538435,1.0
0.35221282667523995,0.18724954210915928,0.028712485271437643,0.4487923925374364,0.8207365255572209,1.0
0.16300394207646438,0.04491253852803252,0.016894474340571442,0.3926679623930278,0.24168618929789787,1.0
0.14191720067812932,0.06892827820631309,0.005450271248916832,0.43938288010014676,0.30366166420846474,1.0
0.10696277091662815,0.19102571696515522,0.03262011381006039,0.49843392093609873,0.6433554249174918,1.0
0.44947450716281273,0.1537656046977282,0.031252501862355536,0.9086996383090863,0.7916600363198147,1.0
0.03743814619033079,0.0049355833045933275,0.017224821531619437,0.49482021900108314,0.4079550254751093,1.0
0.24892105378368776,0.20931664721714055,0.004694341510916922,0.2259524884394399,0.7932119739806708,1.0
0.44767607191576964,0.21835509208038395,0.031256566240459256,0.31503359468727493,0.402259972375367,1.0
0.2732284297885293,0.23476253319755255,0.012717790141395003,0.5574447800995688,0.2970033308230316,1.0
0.0886383028885764,0.015428390789994355,0.03327597978231475,0.40347672889912195,0.8342867711101061,1.0
0.08717260147357735,0.044690099398192865,0.028607598851358527,0.2654469989089178,0.9133718985182738,1.0
0.30529116789005684,0.20380399513170255,0.00899871720613193,0.2769311560931095,0.9645543672530624,1.0
0.19405071540512148,0.10869638271734916,0.00960318149760924,0.7760152953506534,0.7720774938859261,1.0
0.37597148019524945,0.05405565866535159,0.001146396372701074,0.5715961946936853,0.9940836946799261,1.0
0.0943911350950988,0.13020974597928398,0.028537985039125604,0.08995296306997817,0.3958394191051354,1.0
0.16782290057445634,0.04802026869843411,0.00764685813148397,0.4106387381280793,0.47993765773108527,1.0
0.28937133593702913,0.17291008667435986,0.03442156383222084,0.41243159686067277,0.4039510488458792,1.0
0.11139813856527132,0.1827239963294138,0.02665548669941658,0.09869020944799764,0.46876317428789044,1.0
0.08423349748831607,0.11649319950525618,0.01084061005527421,0.796264387178245,0.9076972864990919,1.0
0.1204478618071277,0.06925946402846349,0.009660763903993893,0.13590305796017982,0.9438545697356074,1.0
0.10188557407109732,0.21182109157655263,0.014572640290364878,0.03608169429855691,0.16277962867938156,1.0
0.35252446810310406,0.05352266273368952,0.032191450035048835,0.8511461229321122,0.8485323733070198,1.0
0.02369065890387591,0.21698846133116334,0.011397207777111291,0.6192974647923524,0.7602069168170293,1.0
0.35159642117905254,0.23468935328130539,0.02576474883537791,0.4417815257320775,0.8768014606129512,1.0
0.3354021465897226,0.20530598002079242,0.026477997297766204,0.2885670211721058,0.11872605700492525,1.0
0.22679084670417862,0.12681395365098086,0.02080990787669428,0.395706735710343,0.7871044900685776,1.0
0.1117795490122826,0.1843942812077701,0.02405104298653152,0.5235674087800356,0.18934170364028607,1.0
0.4323212022473459,0.18073724672616975,0.032207239885274956,0.9842010796830517,0.352698623564999,1.0
0.213795799199497,0.2466705579689443,0.004189466016262648,0.4129625393829274,0.875663505482709,1.0
0.35471898993685386,0.09631300753228367,0.034319270356265384,0.8836463065872838,0.3020190373049527,1.0
0.15224858818113765,0.15198434721366824,0.02338834612537193,0.8297658136766193,0.025426390041132865,1.0
0.32065109695427185,0.1413172860054148,0.017850572658838867,0.05615474675127247,0.34892760757799474,1.0
0.014870883829178451,0.09971262260583821,0.03313504178080627,0.05182985381046961,0.7499560452935922,1.0
0.39010736563699894,0.1867709267608819,0.03111397580918434,0.21670886564083475,0.5317614620637864,1.0
0.11131918460474646,0.05845583001153702,0.001924192538917891,0.9585567786814768,0.7103068631745687,1.0
0.33505363049005094,0.1333716167551644,0.017188549917073952,0.4500827088823973,0.6407987728915376,1.0
0.3997383540616765,0.203126340433597,0.012885162789369152,0.5790306875157119,0.1418862726500646,1.0
0.4063988167459973,0.2305524791183009,0.012293543621917357,0.16996557267547288,0.21256039130284402,1.0
0.05492967291552157,0.018754829012026502,0.034653984352965704,0.07498362568570452,0.1334095388704622,1.0
0.2615278573175815,0.19382988393776376,0.02245100826427027,0.8822928952586191,0.6388290602369758,1.0
0.3210246124988236,0.11240079519623526,0.012766169978760981,0.46818479999776225,0.1705443909934621,1.0
0.11805599781983914,0.03922935503792482,0.009375976220629712,0.8422280816204675,0.33087109430213363,1.0
0.38552792416442694,0.020358422064335486,0.02701082977605346,0.308357800912651,0.21740574181985864,1.0
0.40949868360722197,0.07445978296938645,0.02034034938306685,0.29054427973564206,0.5547313001407015,1.0
0.2750405895667907,0.15626304604104374,0.0055927129353958195,0.6938469291171329,0.6750756060238431,1.0
0.034257678179679146,0.112262871761124,0.014907194489554812,0.08762477215955594,0.2231455599689139,1.0
0.33456493312627894,0.060028457169181135,0.029211496944246993,0.546252487453724,0.7606612634994329,1.0
0.2251382072145783,0.15531012795553042,0.032551000677638026,0.49232076883149706,0.5291288805701827,1.0
0.3321442966466789,0.018890733536072346,0.01853337290974705,0.4821099976168375,0.9217632992533328,1.0
0.21127592007775461,0.2405877971451408,0.016319599762429974,0.18170354589176824,0.21769920668298254,1.0
0.001255090037266058,0.10855446958912,0.02715424776413953,0.733732976357036,0.033116938715047346,1.0
0.07027312331065072,0.23532799490640963,0.006690409987902096,0.6270125784797841,0.3269121238018927,1.0
0.18610410981236974,0.1901511200242923,0.008843090261147168,0.9058860610613458,0.5007094396640388,1.0
0.382528855939151,0.24970832412774643,0.00861415263019458,0.2876055211498914,0.25118265364515635,1.0
0.2625176889511805,0.2483871082633149,0.03466945496115365,0.5272464581309454,0.6393881830544091,1.0
0.41988712284562385,0.051761296205056435,0.0189704187840434,0.8330042176068507,0.30389887455795705,1.0
0.4435438745788916,0.24627662748349688,0.031807631566016174,0.7986498964832296,0.26986137022208295,1.0
0.24672999570098875,0.14063356626594103,0.018187095858140278,0.6370336096363898,0.4089146996103558,1.0
0.15076391698878155,0.08333857223964179,0.005325682704322153,0.18952349781889033,0.8506703580424363,1.0
0.10331263616222237,0.19007593390557448,0.019835358277773222,0.022134855411870193,0.31704509587937846,1.0
0.29548691458129545,0.06948272911693296,0.0032081904931380834,0.05588005420847159,0.5821455706607562,1.0
0.3821076587981038,0.039693882695061626,0.021623255396644614,0.44524333998273496,0.4434086697106706,1.0
0.36143576034528485,0.2233700687035599,0.0013745666910637679,0.1794255715214206,0.9040002846066834,1.0
0.06836777063344635,0.05149482269968055,0.023439532304061882,0.7250920054246262,0.5998273817713553,1.0
0.2228345580441379,0.07576770612348914,0.017225918939177083,0.36030662737294433,0.22519147678201162,1.0
0.15914340961074075,0.17814092757972583,0.0016268852977565896,0.43973933469272874,0.6443653920484186,1.0
0.34971514771403345,0.2028194091992896,0.02519799791125919,0.10369489844860467,0.4755474215603563,1.0
0.11125915142544378,0.011595402594047352,0.008602070909785596,0.4554395073309062,0.41451638873554625,1.0
0.3711625786648883,0.23149598051544443,0.007845842847792318,0.9296433426516544,0.018843098216005643,1.0
0.42841602674632767,0.004000913890965375,0.026942656090409436,0.9702313709972735,0.9059963165989605,1.0
0.24809525405824007,0.02046087883146168,0.02989283272537123,0.6142144275532025,0.6151220074441007,1.0
0.257757047457978,0.03924136499244252,0.02615218090324911,0.07594229004419079,0.7300509862767482,1.0
0.2131384362264552,0.12794776114820527,0.011615285279350662,0.969489125141862,0.7333913500849858,1.0
0.07948851641861927,0.055675318458320744,0.016773357727741703,0.9426258319140235,0.7344121994151571,1.0
0.38694294890508524,0.09517193022941059,0.029958554213585637,0.24245789838314982,0.6190419513243813,1.0
0.11679441010735958,0.17353872105587786,0.03456862907854289,0.1514476889557605,0.08931388840997373,1.0
0.15354144053931465,0.01873987486428119,0.017160391008042543,0.7540169089643117,0.2858372780147736,1.0
0.3807190308904905,0.13049790615311052,0.029652886939420052,0.4469431026515658,0.9530221863985433,1.0
0.05303859052834299,0.22138815406847337,0.017635016488247127,0.1424973290049321,0.1535374437075793,1.0
0.022270255521540914,0.0723618474635395,0.005752778075975516,0.44163635218766695,0.41493941822236696,1.0
0.12655671176703606,0.00897885375516612,0.021889127622196317,0.374344284879469,0.6516836637413064,1.0
0.007186032527028599,0.0628252677234379,0.016522608981797776,0.3946779021942988,0.8104922527181929,1.0
0.23916808964178243,0.14878538251810586,0.0017422673159575945,0.5156182434693428,0.34548642813943903,1.0
0.04602904192436737,0.19592232084651265,0.033041744527489765,0.023246551808970405,0.6017713900485365,1.0
0.12887860730380035,0.19710134063094098,0.022500071726054244,0.9292334696387989,0.981023806542419,1.0
0.2007770547011258,0.13719995910697633,0.005989269929060185,0.3369495445969343,0.9876598003087053,1.0
0.20417606125444845,0.21082100080783084,0.012012642932455807,0.4803187042523982,0.978067700042192,1.0
0.05978366915377807,0.013878651424931374,0.03314416346295825,0.2665436038617906,0.5045598426579864,1.0
0.19122114912722168,0.2325962742932809,0.018082041783451908,0.9711640166505255,0.2595768016001623,1.0
0.386929325522387,0.1126148362838822,0.010502570701386446,0.8556198880544638,0.3904995794037364,1.0
0.4394606528204004,0.04743434039421011,0.011247621648486314,0.0320385304697701,0.39244587220014265,1.0
0.30633568599814326,0.04614904323269724,0.023943633581799573,0.26421195276112835,0.3558626162870786,1.0
0.3228215358234606,0.11716080652144742,0.013284162560991226,0.8527700963204105,0.5723786750155615,1.0
0.4051409838865135,0.08631992371237651,0.0023252988362688935,0.49510562375047845,0.12481411638643693,1.0
0.33645278183664756,0.03355720153070332,0.028436103628037217,0.9369703808428227,0.6069255683075367,1.0
0.32140038784843045,0.24820918136034079,0.012612300914855178,0.16369369469145978,0.5196480676794072,1.0
0.08088270724496888,0.15366424532954073,0.001480240938212015,0.9277407340517674,0.26530970354344036,1.0
0.049603999222210815,0.06082198812163079,0.010312809732605538,0.03377718949823094,0.28007545738153544,1.0
0.17100079641809884,0.09690676660163633,0.01252626318049789,0.3285959596471733,0.09064154646350997,1.0
0.0917493207702535,0.1894057074267372,0.03468753202873815,0.9285976488822717,0.5047151361822309,1.0
0.1422471244970933,0.1937109202207764,0.027001727389710056,0.8444280852248621,0.8956090726196875,1.0
0.3453271300801317,0.20179328347017378,0.011487627164923506,0.9293130017621438,0.09524716113701581,1.0
0.3467707324533324,0.024224455425757484,0.023311808035570022,0.0351452315173319,0.7704167624947387,1.0
0.27148220363806,0.21435823758722605,0.00432803152730523,0.2766479181987724,0.41476334407107784,1.0
0.2022490233194536,0.06703815057202893,0.014352990411459602,0.42567752936031417,0.8795323217541974,1.0
0.40229066479360615,0.10706677023839946,0.012145462503595526,0.5030095372858109,0.4183255430764768,1.0
0.22670301683343405,0.038798631536628984,0.012965618062780848,0.5662244291547165,0.4139948361454687,1.0
0.11626807092928965,0.2424731231289215,0.027680548708945946,0.9676254329714747,0.8382984182754738,1.0
0.2373805806951212,0.04332465177775064,0.02881972998932675,0.5845779870341126,0.2641858650425489,1.0
0.05271853793810305,0.1414017384643572,0.025515378858668666,0.05978968879509935,0.5982581771729975,1.0
0.031319764173705966,0.12854849980555014,0.009790944057057162,0.6632615270853839,0.11955868971176606,1.0
0.4027331331899146,0.047307630549051585,0.011991040068413557,0.58804733967839,0.7183442742976162,1.0
0.0711748035604778,0.026933721956915024,0.034992021455087695,0.45589676932204376,0.8726592173993497,1.0
0.4151385797071555,0.0228520863101161,0.004876652505374733,0.9297025555365,0.9475455519997401,1.0
0.16046903426024844,0.11366010847385474,0.01514949712228789,0.19085517074363706,0.8984770085554352,1.0
0.31766731185546554,0.017721763756008247,0.002317545271966602,0.6540767421043437,0.3396768417156871,1.0
0.043215519773804834,0.23751299359904995,0.026449491874365245,0.8763909657927734,0.1373340834904664,1.0
0.1663865297286485,0.13475598943337783,0.011093528507252086,0.06157011144721571,0.36950950235673324,1.0
0.1742786598669835,0.05004292611238653,0.009904476735201007,0.6273253880918365,0.388765680743487,1.0
0.24072362909234543,0.1931932746701375,0.013881510515830546,0.5879319730632847,0.9662364227428081,1.0
0.40949911185637744,0.1986244834398503,0.00299643517610509,0.4296697725977876,0.6986200894607195,1.0
0.20681095473151914,0.02410357807755812,0.020108311940237506,0.12743722833183632,0.751768040719114,1.0
0.32582068440140166,0.2174710948927524,0.022384232583534426,0.6128268899239284,0.7548157251441916,1.0
0.3912051500383742,0.010071118725037943,0.019910470091124836,0.2170530404877539,0.8604855448910016,1.0
0.18967989308556474,0.04783795280221648,0.0125268032812741,0.7040739168456843,0.20515518566642715,1.0
0.3997249124441704,0.19128837704544907,0.007793027642376508,0.29301923188656165,0.9720981069537549,1.0
0.27512437989200733,0.07759949287060845,0.011170254901661757,0.04048409507154024,0.7287533850350295,1.0
0.003180944661998287,0.1826442768773838,0.033261707743070267,0.7567465446795831,0.4721685504337543,1.0
0.19682525376944832,0.08183627311047308,0.01873828328231857,0.43171980618397393,0.598569712160734,1.0
0.44775922837839083,0.020607079180846363,0.014079238070485608,0.18152548957104264,0.3527683534516082,1.0
0.07936717210042794,0.19125493730190132,0.01787381725619402,0.9193263366350085,0.03355985080376748,1.0
0.1820698387357245,0.020989052780605245,0.00993280627810434,0.986043713333547,0.20975064787712944,1.0
0.2585646602892734,0.125001574407496,0.020734902104896723,0.37735854293033816,0.8269355975350521,1.0
0.19334829798281808,0.1727507002625777,0.030520038969618593,0.3702020347504009,0.568177853494659,1.0
0.07747327056221119,0.018215402454062505,0.025747950327949746,0.2887719087534185,0.7240215449016459,1.0
0.3882839623833381,0.20904701932966183,0.00402357726370961,0.024732749950729334,0.05723252416900919,1.0
0.1063818665843012,0.13752005614668897,0.01549230290812193,0.7957300007023734,0.4894094031691999,1.0
0.44510228083545617,0.03838225963056502,0.02924393391736167,0.0526979958582809,0.4781711208033978,1.0
0.2996810705562505,0.1716184402221671,0.00995278759672051,0.4191562165700928,0.36721448243555144,1.0
0.208540340634507,0.08239768961737035,0.011386340820619784,0.25160203876346704,0.3656821996378737,1.0
0.39257483159960466,0.1509277285665234,0.005548738470191086,0.6941654748747924,0.8478188015299752,1.0
0.0686196668574315,0.0031456970263042615,0.0026065115211204937,0.7624890969552081,0.9871991457096522,1.0
0.3368838606268718,0.018893679294399054,0.021132516046724673,0.7563192071458096,0.35984519287046995,1.0
0.2682400191043162,0.2478199124068669,0.009758992376508856,0.1903017859100286,0.12480196686076143,1.0
0.2688038496127627,0.1982754384554302,0.026604491303097333,0.892648953300292,0.8059669256439591,1.0
0.2505889547892167,0.07505557781430142,0.012212702904751084,0.9320124248607663,0.6822140091620065,1.0
0.1881937289867163,0.13482195576514017,0.01756192427715834,0.10817977046620318,0.23746529253207674,1.0
0.031251063004719803,0.23293402039791342,0.005210685186074608,0.1987827656704902,0.7655559027146979,1.0
0.40522486672731883,0.18169954170991137,0.0033331091417012028,0.6921552142243672,0.6319969136291465,1.0
0.3728608357677118,0.1798692902301156,0.020929994039213046,0.3231408552631959,0.6975763881680992,1.0
0.26479727945746456,0.16642187224012922,0.015862353434793225,0.7563646889333313,0.9976697249462972,1.0
0.09187997049718928,0.13532000190743299,0.017366763506896383,0.5719982147222121,0.05002497367654877,1.0
0.2627572396674368,0.1467126464749357,0.023349354700124704,0.7204958129736612,0.6419056561375157,1.0
0.28151752497338167,0.1348394079717639,0.021610678582185572,0.10209217338657901,0.27388338418479447,1.0
0.3929712597153665,0.17008383751571027,0.004073874668044518,0.5926826754939599,0.22251624964946184,1.0
0.3725209427764275,0.14877061187490337,0.021106328731558134,0.3392528517676032,0.4468037711401481,1.0
0.32577082860425327,0.13041866126426493,0.013519901132444613,0.0513293585502658,0.14386439392505873,1.0
0.16864921092314497,0.23609176812199237,0.018175215425197455,0.23560532309597185,0.10664438732405256,1.0
0.36726305536242454,0.09645235555921647,0.02726519740476206,0.802902271150752,0.11170994892900543,1.0
0.43163413245362875,0.10113238065098493,0.0027320990261027575,0.9233793875676207,0.8837826152909105,1.0
0.24896165103446033,0.0537235345912551,0.02886132568851767,0.4991014383537343,0.034843917347413954,1.0
0.427772825141415,0.2074584720960918,0.010424736767158353,0.054271759848407305,0.9404110611256423,1.0
0.24005447855107837,0.16093703550621224,0.016728402064167484,0.4203456017316599,0.12032898749277166,1.0
0.10549673385760817,0.20932354585522953,0.00595829822501312,0.227471953262796,0.5490654452628854,1.0
0.07427980143828641,0.14126574418279259,0.013515171213884927,0.6265331265546288,0.9122931350682676,1.0
0.4111317132560657,0.22572000188830674,0.0291889778334207,0.6316546313887791,0.6205265108080819,1.0
0.3110325024967981,0.005104067948443097,0.033575147691462096,0.5860181577041143,0.7816843735630192,1.0
0.006566349048192385,0.12792393030923455,0.018244464056741586,0.43755229902314036,0.3403773371079147,1.0
0.23786764864923507,0.09444425678368003,0.0339776840236935,0.1737543804591645,0.3203459020594599,1.0
0.2449458201299447,0.12532078398656282,0.022887175824425288,0.9500517688036336,0.2859358644083735,1.0
0.012243051149327442,0.0663347297106725,0.016766470751884154,0.03196379369265333,0.6180517910930853,1.0
0.33628253996228297,0.12962705170591005,0.021534118609273307,0.39666918602720874,0.04221177947405597,1.0
0.2950931699664574,0.24889326959685829,0.00153731013155207,0.5580259133295564,0.7512577441296753,1.0
0.2457970006489654,0.15535907906584218,0.02468864813933482,0.8591072834437372,0.12316724766561583,1.0
0.012681814194654932,0.20921373798848605,0.003609174503029707,0.19543358339331734,0.00489025223475148,1.0
0.15112729279610912,0.042332234960269804,0.016337065467332816,0.40296851228901165,0.7678933716660428,1.0
0.2940026960434198,0.03197818679290445,0.011043287020134922,0.9134049785354476,0.08964575851488127,1.0
0.4241845740358331,0.23771554552590193,0.014980908019662344,0.6677294912106986,0.45728885275564496,1.0
0.015180017481156332,0.03689513008141825,0.021882759320482375,0.23331971018062053,0.6663862469698794,1.0
0.3991038555993918,0.20499558700443662,0.017756485202338596,0.7731221920077629,0.27186674834885527,1.0
0.0896694412866119,0.21536065596172746,0.02898429896332611,0.9022475187405923,0.8775995042430351,1.0
0.10352296800273476,0.23302424840803354,0.020421248505967923,0.423072588834234,0.5608135220719052,1.0
0.1305603001254675,0.061087270156404666,0.003802551641542312,0.49706833225004027,0.8878739140381735,1.0
0.23491805910734231,0.10771963664447821,0.016789655294784527,0.21006807022437898,0.8231129413159042,1.0
0.32276361777056356,0.190236267862542,0.020545547428942965,0.8630634485798737,0.2917593020981994,1.0
0.3285052963600876,0.19988870711267842,0.023595710123928682,0.8464966739729795,0.9931057638549183,1.0
0.3664481419855971,0.18640036011999037,0.016397585634208612,0.9270220507327794,0.3950315036430221,1.0
0.04856811828894174,0.05721802332250029,0.029583669798147864,0.3971561701060185,0.3946900053258429,1.0
0.22173304009955702,0.20164842337630498,0.03143558000430715,0.0710443176121397,0.5752459105088753,1.0
0.27681255086173867,0.112371646040159,0.014553923909016116,0.4724088317170599,0.5824171296276577,1.0
0.21299285850827013,0.2046409921795621,0.026352031702087164,0.3420371156870116,0.8007765403978051,1.0
0.06991800021301153,0.14608793297095893,0.01070060778237327,0.7394331496047958,0.23954654402932457,1.0
0.11555097056987762,0.12827479709405584,0.033253979909150536,0.38192623091797806,0.8758627474772445,1.0
0.3938080311135183,0.04230064140111237,0.028868379464195546,0.033117245705460686,0.39390858181560856,1.0
0.310249743529204,0.13365236640713163,0.0141873768528091,0.8124846495238157,0.7098488455442726,1.0
0.40172546740713727,0.05825705643683946,0.006793311311393247,0.643160960569248,0.9720223483590685,1.0
0.1131020001412881,0.03573521314258529,0.030259160879303495,0.22717114287092274,0.503675348198163,1.0
0.00645126451399756,0.13956503653718774,0.01841782745196816,0.8076399290337446,0.3559262580132242,1.0
0.07640415328888979,0.18546299267731087,0.027680102912397045,0.13752665745805143,0.39406361691433345,1.0
0.0022155658804284342,0.07539100858503545,0.019871437691786623,0.3347597658002934,0.27277314398849173,1.0
0.08250387554125249,0.13287668499891148,0.025027661324649682,0.5757196576758736,0.09401622152767238,1.0
0.0795650490318822,0.19143818815217103,0.013259213766378914,0.7829785867080462,0.2070666305019404,1.0
0.22416460495164953,0.009201067659891763,0.008660109518599336,0.724288239932164,0.8375460948271201,1.0
0.3970528915377089,0.19958178380924158,0.030569266054036825,0.6987301260242611,0.6744789142266707,1.0
0.29410146379660046,0.2298583064770847,0.004417748048168087,0.3164487133682451,0.07338251862227596,1.0
0.2009241942337252,0.16916077319837092,0.02959808219314693,0.991009247828412,0.16262067533447347,1.0
0.3994528812633946,0.013169968835868028,0.026639079046309497,0.35537059587535375,0.6489481946789616,1.0
0.11762427118689998,0.034670119138992525,0.004976205925033082,0.10421953485078321,0.6381522500944432,1.0
0.09826841375443673,0.17327938808376986,0.024352885236059874,0.5396291240646407,0.9350228590489851,1.0
0.3763024740999126,0.019709712575116882,0.026154257197309152,0.988458966418098,0.846751618071529,1.0
0.2824179628828951,0.08896909780979975,0.024102497420775536,0.7706249877981457,0.998230252636736,1.0
0.02852552553227558,0.1493686297320153,0.005046821099393733,0.24552027851255395,0.3294511313944315,1.0
0.08352984762144675,0.04227248376374578,0.002528784244960134,0.873366696417527,0.6938119189317046,1.0
0.013703245231513447,0.14010989982228897,0.010606169643748177,0.5971296240814968,0.43516957150528435,1.0
0.1302262477176542,0.1701071967412845,0.0028378465950323725,0.9559046736547364,0.9807767104404438,1.0
0.20988039973204434,0.05577836639248807,0.028625555568430803,0.7366177430498753,0.2227320855213881,1.0
0.20879672307973648,0.20677622694320458,0.024250719267358604,0.643524375996515,0.6501775951407152,1.0
0.16789835566346079,0.012369909073739829,0.027755998617612212,0.43356521695464406,0.43880011873048597,1.0
0.09503284937528358,0.1473676604626883,0.008906802516924977,0.06514464271389894,0.7677399085649175,1.0
0.1717257771707877,0.10839825209743204,0.02871152399587519,0.3215160590438773,0.7582781750465782,1.0
0.29772981997023495,0.10848858921307913,0.0264248505869866,0.4584394723816341,0.4150128438370327,1.0
0.14365732832937292,0.0269583038537203,0.015104968187889617,0.12473302424817263,0.41103103208189123,1.0
0.4188893203613354,0.010019360430280594,0.022129585821066104,0.4582774514634272,0.02124086707593503,1.0
0.0541998783073059,0.05498174228712974,0.010335388277671219,0.4019050290468141,0.5295103540954014,1.0
0.07367934292230462,0.024298030016591376,0.019688895574933286,0.3297457955308685,0.5488493382986833,1.0
0.011878979985325604,0.23540035841629145,0.0046824761204257975,0.12773188921375508,0.14740027968363037,1.0
0.27832944783632824,0.1529621979742588,0.03454773885163001,0.08935033050538012,0.9745263916497469,1.0
0.2807591050993539,0.10560080776039513,0.01405436165822406,0.9313120851509831,0.1500785007118162,1.0
0.1712271524301053,0.16254495106825004,0.03390882887043425,0.05854344932859581,0.9229414985622654,1.0
0.3172741986608761,0.03814686178770074,0.019135172648255098,0.6738402010105184,0.45679106008029413,1.0
0.11060946471342391,0.21374380495738113,0.0021720137563139346,0.7091532163623716,0.9993906464780123,1.0
0.07330951158615302,0.1688619309223905,0.003039688375901841,0.5902001938720031,0.684316103457495,1.0
0.16496793165645918,0.1746232917006731,0.021206010552469897,0.2084295349218258,0.5635724080415246,1.0
0.30040814527501203,0.11847608534106793,0.011933859497561341,0.08680032322813529,0.24538250562626968,1.0
0.443995036968709,0.05639808078005625,0.028705782051302673,0.16947623692317362,0.28431754845596835,1.0
0.1466581431995807,0.1997893523772054,0.03356157587252439,0.8754191891671976,0.1544242890808088,1.0
0.06742816407381544,0.22843189553396323,0.01860787157273167,0.33704470696865,0.1578684718368586,1.0
0.11232819925573725,0.22859099575704667,0.028106914537255737,0.9698239140429687,0.10166075960025167,1.0
0.1164605628398187,0.13619248473732945,0.011895466109157475,0.2841820846931142,0.5742714567225728,1.0
0.21164091320048048,0.16305225399596465,0.0053581904882153385,0.9306636766060271,0.5062189747546707,1.0
0.29460353834885744,0.17779023436441382,0.025348451993756495,0.8752247971644112,0.6139918296118771,1.0
0.045679829646590266,0.15195640424308524,0.0032559953281997562,0.24205215823784068,0.0616464774173098,1.0
0.07299181809934775,0.15299142253893483,0.0278894144493511,0.8220588400510905,0.3102339646294898,1.0
0.2537918312787752,0.11874890835638748,0.023273872308442006,0.21087703669971003,0.9792639963472075,1.0
0.37332029240020054,0.14892990075084578,0.009325061404586341,0.7459293256596395,0.08539641478139488,1.0
0.2659033647871131,0.028576829280703996,0.003703189145140588,0.7510854971030261,0.29364297059733335,1.0
0.34317078644254906,0.1748493709347113,0.010472605789537332,0.7092355745025963,0.9481995368303192,1.0
0.14744702625960115,0.05943339409993694,0.01437050456962267,0.7425903221990925,0.4747683388439612,1.0
0.14205554474717572,0.03618102750468804,0.01007574406388277,0.8598206209407451,0.602814545191257,1.0
0.3556677857992788,0.01704990068127228,0.009632296989361114,0.23087305090328195,0.9853791976060539,1.0
0.2783858854384608,0.002241256358323752,0.0072665400710551515,0.6359057516801052,0.38033960715518406,1.0
0.3443611743946493,0.11239863412822587,0.026483509236301196,0.9754289195023953,0.46151984387676914,1.0
0.4134804121625215,0.06291999084700714,0.031142969064653466,0.09844716206620968,0.6487997224170589,1.0
0.27695819244433934,0.12438816623398322,0.02198980139747333,0.15251204507066513,0.21635513961988814,1.0
0.2694029239428871,0.11103336736252255,0.009312178644518545,0.8829265228124356,0.3745479184529302,1.0
0.18495578337049856,0.04630379586391141,0.025875318524627936,0.44900980400658913,0.01724085278282573,1.0
0.36727786160634074,0.18116627916885902,0.030549123597629988,0.9069004463519447,0.33815221667805423,1.0
0.27435470633331177,0.06755761753383864,0.008546376549200286,0.11479334756420306,0.6596548817205363,1.0
0.34266788780313473,0.07975256891905862,0.007978834915816876,0.4541605642761673,0.54726664678027,1.0
0.3937955962690503,0.2290985244941551,0.02990892109462331,0.9646166232318749,0.4660344971718884,1.0
0.03851935243466673,0.09817875930131345,0.009761361103281909,0.17077065076970624,0.9532505707341399,1.0
0.4317612932695387,0.19044887123998056,0.0227921528522576,0.6763429411292889,0.3321428493354649,1.0
0.08482476110828813,0.23448865270145888,0.011260973558660181,0.2559313257812486,0.7114516353959633,1.0
0.20363321433614406,0.1584791124380058,0.006422764439869109,0.6736549790945531,0.2713400844999987,1.0
0.07381879078975928,0.08376190662400498,0.012262536050585157,0.454724832690567,0.19122908516168313,1.0
0.24424061867678953,0.03309047376294831,0.024422498271620397,0.944003178736734,0.42736882604271387,1.0
0.04514414941551313,0.011696449216535497,0.02552654183547056,0.761260551408515,0.8432151827247856,1.0
0.3498312676756169,0.09475814446634886,0.011313479511194753,0.17385089742195362,0.9960197393474245,1.0
0.37232659855899175,0.16023411443714136,0.025992735104903485,0.7120054028018746,0.8585760505881094,1.0
0.0013702529587737342,0.15003359377177328,0.013031193736993355,0.12466354378602056,0.1869526153501346,1.0
0.03253478352812975,0.015171387329984264,0.03214489266430311,0.3127906466043425,0.9822484667761113,1.0
0.0650145057648741,0.17901615142115154,0.021427366230320353,0.6909564260320484,0.09709480901446031,1.0
0.035410758991445794,0.15142941709905072,0.0345440965788691,0.6723125531202835,0.7110507734869077,1.0
0.3054271878231365,0.011005211584489112,0.03047819042912432,0.3653136120884175,0.005359257893200651,1.0
0.4217197353934424,0.06507534111155082,0.01771144788379656,0.17460311089460837,0.05863497899477366,1.0
0.3274278967766486,0.2161545432147951,0.005872160534584697,0.28903024924265824,0.1958344381771825,1.0
0.24949068507925565,0.17528062036427425,0.023027834350092397,0.38866549375494536,0.5554552356939654,1.0
0.07028236970648531,0.23301686026869287,0.026891263425876492,0.9228163567293421,0.9167636042148679,1.0
0.4177791530023622,0.10475932166753334,0.0011229523226879918,0.06350854473031321,0.11037783837511439,1.0
0.1589143734917683,0.17561643097023005,0.027882059424416832,0.5906230610702801,0.14728973838242257,1.0
0.16030606169278194,0.004235343819277265,0.010540013098113478,0.3312699535868369,0.2749712896828848,1.0
0.34220695251974653,0.17419245557274773,0.00572617266941702,0.8080260757965757,0.6774987857016604,1.0
0.2919941746964009,0.12139439860991658,0.01593790210311165,0.11301104030891643,0.5187859715693202,1.0
0.07474977087716572,0.034004032254415915,0.03343968148838026,0.2855798257534462,0.35584911927241175,1.0
0.40431444988498655,0.14117851192238723,0.032251436563732604,0.30062498092206763,0.115719839757517,1.0
0.15614610931371786,0.20067480153919634,0.030900395902996394,0.4731009373961647,0.9713876650614228,1.0
0.12264325663045429,0.12275490332072436,0.0022685499416995386,0.8041971591028045,0.10233361580356652,1.0
0.2548271296052196,0.011700806286077819,0.0036967745721692403,0.6964202412553998,0.07270531596770796,1.0
0.15307433940591691,0.0577917725811477,0.007418482527364625,0.7636478824388468,0.9515906509571322,1.0
0.43189686740918304,0.14909586336530084,0.022816453782350744,0.7102164517644393,0.7044147714642264,1.0
0.21807742445511616,0.13380628829116056,0.012010118083756141,0.10615233618933394,0.6649755507352928,1.0
0.12476013793643236,0.024463236247078964,0.007484723348972415,0.6390921819844835,0.6288481535747132,1.0
0.04148721744378153,0.10891010519839268,0.012993325643181976,0.7207386937030938,0.5794475815908526,1.0
0.21965495495494283,0.2416079249278443,0.02671400353791732,0.4974825808996677,0.47974339027608864,1.0
0.4241866592305932,0.08047431897006509,0.00970192878394529,0.9994095164622837,0.7189709818330199,1.0
0.028786579184483827,0.00734988942608927,0.02138704258343755,0.07249293556188986,0.9334549684880856,1.0
0.2461782759698878,0.15454309391759175,0.010924409651858494,0.06490856986586505,0.7377229847466237,1.0
0.03941538081725852,0.07849455419185172,0.0014238324344879902,0.43460158014055966,0.7079732291699966,1.0
0.2723339794057157,0.21187167657536424,0.014821074928081752,0.8489233129754161,0.5069668371878809,1.0
0.42492139535054924,0.06946774758544201,0.001890850462384966,0.2434313689120719,0.36732087369617034,1.0
0.23657571174016367,0.22089859362694494,0.010939499721729772,0.5212498373512097,0.34079881473479084,1.0
0.0717630794665268,0.026774056809204565,0.018101838610078462,0.6722156981797264,0.7957296758896758,1.0
0.34845854283223127,0.09878480458167002,0.002117500789059945,0.11698320859365498,0.039683878627767184,1.0
0.22347561222963838,0.0897230534305779,0.020060382152257337,0.4811285393442949,0.6782648590620763,1.0
0.14381080205179708,0.08720739938491179,0.020895025935804314,0.5968360354229509,0.315385213723496,1.0
0.31262621092058007,0.16220529489614133,0.00559172735911234,0.441600837795718,0.8928133726318797,1.0
0.38496861197141197,0.04163136110897176,0.018246453503698343,0.42491209249408846,0.011119208004117363,1.0
0.20526142707310324,0.23861280091339312,0.010749292633293408,0.8664094976425564,0.9224671844216349,1.0
0.09200232675260517,0.1716266105943243,0.019665254262001646,0.9445851361867732,0.43983278974868134,1.0
0.06309086367085409,0.17495975860298318,0.0341197270453398,0.029315426800827077,0.7407049094233487,1.0
0.034576908868079854,0.028432341231427155,0.024526541347290095,0.6483154125198926,0.06975858790092945,1.0
0.23601730768235668,0.22689214596081653,0.03085168995375195,0.8126952612811156,0.5163829973481769,1.0
0.22818300125609853,0.026102033072643235,0.02340076904809649,0.13484324200977862,0.5116617895382224,1.0
0.135481108133316,0.05878803470677717,0.022081072452196798,0.7869999253104862,0.05824565158598562,1.0
0.3874846950346174,0.08622499949771767,0.023406138242990954,0.40321041867174606,0.15503669130744188,1.0
0.0397754938512169,0.21973956669360098,0.032425851819926695,0.8217915238743921,0.5629655926352226,1.0
0.4430887120938175,0.06272752076796453,0.0035822444407770547,0.5623789826775766,0.3294568122122932,1.0
0.004181324022306671,0.14946361297743532,0.009977145877370879,0.18867068964448833,0.04139149946161071,1.0
0.3956570237015194,0.08483103109174571,0.024088523144066187,0.7567904164385054,0.32877270838100936,1.0
0.3116539671904601,0.14025131494653692,0.0010337437777213831,0.036055675156885326,0.9908749782619574,1.0
0.4219668011890532,0.22567349802458886,0.0016950614268535285,0.7920554425012828,0.4516945982671434,1.0
0.004015387089359929,0.0727616259989405,0.026545008376904277,0.7932277678129882,0.6200948866134094,1.0
0.14035280348825047,0.24172422694686613,0.015933214093962957,0.4476784246935932,0.5527804174904588,1.0
0.24914953250423896,0.1086515202691219,0.02910830726647435,0.9091419687784856,0.9321781495555463,1.0
0.19952470230155842,0.17660477463916766,0.029503002104060826,0.5634192598243107,0.7002810408004391,1.0
0.30470080574606173,0.18678725537659807,0.008093941306903945,0.4988761724747757,0.5886802860504821,1.0
0.3853271664573432,0.1528961026027831,0.005390635277738911,0.8165407155032512,0.7173399094741041,1.0
0.17702706537597343,0.21369642416705303,0.015076937792500317,0.5709386437926458,0.0016416613961738515,1.0
0.32346093066544357,0.1422102320067093,0.017882999779482947,0.8101265372379965,0.6816913444480766,1.0
0.43162392879791367,0.17710953135463986,0.03458992358302244,0.9712900549525995,0.9189908130872798,1.0
0.27463378645513836,0.04387049525704813,0.019473948192407765,0.765611145871933,0.5213363015468623,1.0
0.050235498737072524,0.09585414666410988,0.018202790232184348,0.43289297057323894,0.10947796127373152,1.0
0.37709016449211374,0.1216116805411613,0.00265656250959274,0.017474767718672263,0.47400192659233226,1.0
0.3176015497536506,0.19903554216941008,0.008762088087541592,0.592584767936899,0.15529019884190062,1.0
0.4000691768874636,0.1364804247790954,0.031120215634902807,0.22602255637532745,0.33069431890541734,1.0
0.21655595376234976,0.2494143438287414,0.004891140845018423,0.8521130705659892,0.8638183573824483,1.0
0.15547268854836005,0.13028729996778576,0.01094390196342317,0.7993083409914996,0.4987808795516198,1.0
0.2805884136158637,0.12906551394555615,0.025176358035240178,0.5044290314658041,0.9046018440690277,1.0
0.43803355900191165,0.20323544741094682,0.03026493430340557,0.48342492453870006,0.8373643477882597,1.0
0.3431147321753147,0.035972089438866636,0.011439765142725296,0.4462869306963731,0.3229973984252784,1.0
0.3692270304078804,0.06491229714339973,0.026339559853255458,0.0746383570425402,0.7659733684075457,1.0
0.18136275020061443,0.18089697796870013,0.032114705727333374,0.8009122605809723,0.39105606388656294,1.0
0.35093153760882667,0.07385605287243177,0.028332013170501703,0.3287430714183802,0.8061845918031526,1.0
0.02093438631285497,0.24942118639508576,0.03056154218997943,0.8829646559627377,0.9513286676590109,1.0
0.12978916405138835,0.03337622375945785,0.018041110540307794,0.2208282721561312,0.9356153058825804,1.0
0.06529533524666159,0.06237248741777327,0.007764528194168632,0.2265526581431306,0.6563915574561172,1.0
0.27714594747461463,0.2226742254779265,0.02148693002787387,0.6948382584950951,0.3661377949231359,1.0
0.14494224404000786,0.24110637952732292,0.022141587071406663,0.27823360831458116,0.4514643518949417,1.0
0.3011311632468923,0.14060255734156288,0.031095537805550598,0.6727671326445736,0.6430870010603044,1.0
0.04876851867257109,0.24132038714729237,0.021361184583411994,0.41626772573728266,0.5894318000893074,1.0
0.37013514598294395,0.054944738355519655,0.0283545642148102,0.534844064820347,0.2772954416432459,1.0
0.36730917654164597,0.04493857522585736,0.0027613739317556975,0.756121853095055,0.3506931791506058,1.0
0.11193334668904283,0.21493544119552738,0.011109203887622092,0.21098237718127283,0.30994047660981994,1.0
0.14362719414153816,0.021651119494175086,0.0063900209900615845,0.4176358305127517,0.8795873887342864,1.0
0.09649094333525376,0.22717807320985747,0.03126049892143734,0.6797713824626453,0.24123308054114273,1.0
0.09583822650264631,0.03301853877217561,0.013919945413472311,0.5762457834652799,0.36057274278934043,1.0
0.13401837618530815,0.08711678141243678,0.02788290211591673,0.8784364161629642,0.32271204744952103,1.0
0.12589486546762835,0.014280325785149452,0.026087144166253875,0.17183247975291419,0.42628681122317025,1.0
0.08382774129641855,0.02454428231518567,0.0128324424988164,0.952333621642768,0.6155204543984331,1.0
0.018470958527622504,0.15046804706637937,0.004136759791802668,0.5430015269764789,0.7521985577634712,1.0
0.13543576117261946,0.01279867422058205,0.0018424477554942911,0.4305965430758757,0.8834619254322649,1.0
0.2587509220960378,0.17139214910026068,0.003068215495046289,0.15394727542757372,0.3319455166261475,1.0
0.19812676539041552,0.18381457198634307,0.030498327429488548,0.7586139043219443,0.9922549601059358,1.0
0.3836284585583453,0.20825922325778523,0.025829035917521587,0.8020000148392347,0.9347485446395428,1.0
0.28759087373673203,0.1292199906716204,0.029935257564530485,0.4319282432686358,0.8199070443735882,1.0
0.4328868595144972,0.06298125411509728,0.025127063336121018,0.7571625781498388,0.936342214311861,1.0
0.2585131119070933,0.14520914328013096,0.0066879017657437995,0.9749877397213473,0.2557624452407234,1.0
0.35831195715758535,0.11086266064823387,0.008180586480987974,0.18977142383546705,0.8566395049006902,1.0
0.04147150493518175,0.17953784871795928,0.009505815795371008,0.8765183560001284,0.3102622142439453,1.0
0.03910144115616551,0.12837125302277422,0.016325077985821772,0.7515608324585398,0.4651379846058433,1.0
0.1184830571191919,0.0702585396220228,0.03254682866214568,0.16591352348572452,0.988188248132593,1.0
0.04068721570245636,0.06292390481617838,0.002986088904857036,0.790239739394752,0.5130403596285643,1.0
0.29826027247957154,0.15803098496162973,0.03295565103373807,0.9612992562316313,0.6810030918897398,1.0
0.35679887005049515,0.12333457964227505,0.02495158179313618,0.07918074867588662,0.7582630620671567,1.0
0.03915366415345656,0.20919283036337177,0.03272132090607523,0.22696270091226003,0.5252863764215946,1.0
0.4321414760308126,0.032842713703726774,0.012866143668885322,0.6984464965097058,0.22233694088654438,1.0
0.011457685942107282,0.039226898551868526,0.020119202810203293,0.6534369762378786,0.6492629192647411,1.0
0.18746135476871736,0.06909918834404773,0.0015297438014458496,0.2074231962263345,0.3130754243898352,1.0
0.010044867701974413,0.040204454557632704,0.02364738482129746,0.6299558310561232,0.9357479557586444,1.0
0.25592249646169485,0.03525153052580962,0.020178441843455335,0.06253346585326658,0.43145401251344195,1.0
0.1930884004039608,0.07067665368030202,0.02431823521921001,0.8411035228314807,0.7687484756063786,1.0
0.24271681490052296,0.008739960821999562,0.02557975595552532,0.5454379566389189,0.271470309613223,1.0
0.4210874471249139,0.15646619903418954,0.017181022778355964,0.6213008179686993,0.41432858266067135,1.0
0.131348856261744,0.11052347184731949,0.024310135902888958,0.04090198316138274,0.7952323798888586,1.0
0.3074693472511924,0.16103860335533493,0.023189353670804384,0.6085207873395471,0.9591427362314653,1.0
0.32981128286639283,0.17665688347740982,0.009033097627463233,0.2840225333476388,0.4245930810588109,1.0
0.16566765141955192,0.09834919286814818,0.021531395071903697,0.22067015269232657,0.8044875740108106,1.0
0.3181036061457779,0.02127917782896365,0.016978823400228476,0.029191312645150982,0.6762340818237492,1.0
0.4272145135335171,0.08170692943575343,0.020169400532602716,0.2581301881189201,0.620492516318393,1.0
0.16741208941602917,0.05171864792096479,0.00479172569502948,0.1207592548227166,0.9990409774880477,1.0
0.0018664388351294172,0.23827926886587755,0.0016793174238136303,0.41916753942897916,0.7177601083846853,1.0
0.3210859448530134,0.11644281297010294,0.03413102932545952,0.040280063650237154,0.98690531033547,1.0
0.41808957768973526,0.06443833360028663,0.005843574457665172,0.6636519640933274,0.5163435785481338,1.0
0.4161540111389647,0.15540014575666228,0.011576170393556058,0.40066648986145814,0.13436233925675942,1.0
0.06536418152408278,0.20276254396162727,0.02496569791105204,0.530814672593241,0.37499346579394316,1.0
0.36599450111539666,0.22042707070225553,0.019598551759015342,0.8200652366978811,0.5117946474592824,1.0
0.38957890317432303,0.09720711012990134,0.014461031087383879,0.3056064339396312,0.5191830265663221,1.0
0.2975470542443952,0.10819507521728305,0.008406467924042378,0.866975220351462,0.34665486637077636,1.0
0.09410164652887863,0.1404543115828214,0.019244913180001377,0.8288192000790683,0.13971253536407893,1.0
0.2396112493052595,0.14694123659467723,0.018345653972124083,0.0369888819294302,0.4975935711447915,1.0
0.15486699298964632,0.16262629819759786,0.017921702402119603,0.09412499445479298,0.07396823348699716,1.0
0.08670743081092842,0.15246688848586987,0.007045691777548456,0.8818377038514958,0.21055089995279974,1.0
0.3942099613454815,0.07453656644310651,0.015464369414347019,0.9590673576284299,0.9444248499386161,1.0
0.031953589327917066,0.14874169122743797,0.03462864979143677,0.9469693121955565,0.10689649002742292,1.0
0.14267599891037486,0.033302298619321484,0.02462314258245787,0.2745745159958765,0.3455209373221725,1.0
0.22458743389162086,0.04038379804936206,0.015691074401702632,0.1441988798811982,0.9538960400601956,1.0
0.23532733207893433,0.05004797650442789,0.0035963013180687143,0.20310631022325606,0.05571933328304565,1.0
0.22257438683568442,0.16330206474333597,0.0039695537124406375,0.4415776052803642,0.5816657758304986,1.0
0.1680632067706954,0.01888688256366855,0.008484456727925228,0.46728617299302105,0.990451736746397,1.0
0.4408501348248053,0.10634851018878157,0.003743132866098611,0.3242498638120842,0.2384766609956063,1.0
0.04375989101948056,0.11384479182721745,0.012548523769346098,0.18117336791284855,0.7163838706880883,1.0
0.3834886672301984,0.061003312905516215,0.019305378662945242,0.18495507793203328,0.49580531576945613,1.0
0.07354880234281334,0.15344362088346192,0.00996872543397607,0.17319485933768305,0.9298384818849381,1.0
0.2547515026004533,0.13751769661648305,0.009520701729704033,0.453318973367705,0.08865004529955284,1.0
0.10054201962119362,0.049152954596812425,0.011705868261435104,0.9024675503428788,0.796670181635259,1.0
0.2937310933688554,0.16606745624698982,0.01732105398049138,0.9052811370436085,0.5113662721210587,1.0
0.28852837945303167,0.1369887338568399,0.005216673720536446,0.3933326884985171,0.3140120856833855,1.0
0.17110030808092583,0.20556725292708428,0.016041246192632152,0.7537470628821644,0.13614664658267872,1.0
0.2167713909687143,0.06568976316095029,0.009210646616403435,0.2658122112863969,0.3673574487450497,1.0
0.4273717662624563,0.1675903201007844,0.019603653212099427,0.4491492102091175,0.8283662725705788,1.0
0.13257391582033554,0.2384016419147041,0.01443392234901699,0.8002779911223362,0.9668530582041511,1.0
0.07353627617658598,0.14694810183830878,0.005038422185249666,0.7893528978290574,0.2820338587000091,1.0
0.4096302636844593,0.04607145281687292,0.01435716651243967,0.6474716692854927,0.4202389342166916,1.0
0.014053154761789853,0.10224293778178876,0.023073106903785293,0.5744102239443362,0.15708499852088176,1.0
0.1668924997353825,0.06927639817105657,0.025795222291253236,0.31034237799715714,0.5406018103806962,1.0
0.24313491603185852,0.15463870462997964,0.003490363529696748,0.17895600959799457,0.10185024809881536,1.0
0.37632856533166226,0.04742736800544983,0.008455239531385095,0.32388408220329007,0.5914865393368816,1.0
0.3093525273851145,0.2263929962971522,0.011031364776882298,0.6591002302175689,0.5601631229319145,1.0
0.40842941878055933,0.02477536957784516,0.02520803491228975,0.7281458393095793,0.9154112011622716,1.0
0.14540842986044142,0.2071074267951451,0.02720754958230135,0.5008152988050509,0.7680895182581773,1.0
0.26568834235115707,0.216430680242181,0.011811473156961426,0.4840664324483125,0.9510938093187166,1.0
0.3992805201284182,0.09692651816172114,0.034881178827575,0.15341303907912915,0.5192518126330927,1.0
0.3594960536692604,0.22724582535623797,0.025858738814874032,0.6271894198941725,0.42800176165765524,1.0
0.229675840637945,0.006071749947410038,0.018103557364141043,0.8561148293739508,0.7095647371311059,1.0
0.17632776040606593,0.13271433599132657,0.0021384413459014165,0.38361494422717424,0.4749416288477514,1.0
0.015027199566801767,0.17291161908595906,0.01579298352886067,0.416262514919122,0.2507367672744804,1.0
0.19767402479055843,0.11902213378424364,0.02074962584683699,0.007318322592495624,0.9077882076348841,1.0
0.20346521154488154,0.05263584593460597,0.018808600558575764,0.2809498786883407,0.8601464915645413,1.0
0.28780124454002837,0.06297105230882186,0.0016598091167965951,0.4047503810776628,0.5369500030687319,1.0
0.43294444935466814,0.17700295428766105,0.03485277322126344,0.29576503022365797,0.7892642263275395,1.0
0.27568039914737624,0.2464774469101396,0.023235564791537978,0.8989180754445809,0.7260244844845278,1.0
0.31504124593471833,0.121594581582685,0.03223913176139964,0.8070276127432647,0.10503055291961799,1.0
0.032255339807573905,0.12381797381140974,0.003746239813050003,0.7239546582381193,0.5528062228689823,1.0
0.12662830911342102,0.13026605525612403,0.004994309320958509,0.8847253926476302,0.17582995732754847,1.0
0.0930677187369093,0.2017516406920224,0.004597693941279216,0.6148130673433277,0.7464351193145106,1.0
0.08633733808705088,0.01634437559602539,0.016259417048255398,0.20328285989930153,0.6995715382049241,1.0
0.20275991952387631,0.02925774834232624,0.02029670974263852,0.1863386654422754,0.6793066752540221,1.0
0.4391766719343142,0.1714472176678671,0.0071788053056054905,0.015080550816393937,0.3351284293130135,1.0
0.09906668857067615,0.21831481435103448,0.021508958441728884,0.1772811953758706,0.5571027412867613,1.0
0.439314188096782,0.009156550335660119,0.025898826353705714,0.7732240291652359,0.06809560119374257,1.0
0.17355368993767695,0.21717055180573788,0.01925799790622898,0.6556515431572832,0.7832298226213857,1.0
0.2148517598445728,0.12768949155459686,0.025412199140984502,0.26407901637689074,0.8546352466291589,1.0
0.08890144939216638,0.2002497858160893,0.012568779204350858,0.15068299985961364,0.18756800095569193,1.0
0.38093550667589954,0.01859202822700654,0.00203635091023808,0.4657029677010063,0.956231227638581,1.0
0.4316675720411047,0.22203261297091034,0.01062659259717538,0.8171311161918906,0.68618143526625,1.0
0.19088934822625075,0.20406018622543873,0.027964700711630725,0.7571793996066166,0.9982576952640806,1.0
0.3633084170411422,0.21575711337888615,0.008194487769425255,0.04302437561100792,0.4053436537863911,1.0
0.1308073732563351,0.1753025283627886,0.0012498367281849312,0.3560090678879175,0.6159011780633931,1.0
0.40357650355419783,0.03991222030215273,0.031932980530135824,0.2171729193742917,0.9942843952419249,1.0
0.03887085760280177,0.017254031385186303,0.003547337672821938,0.5903028545436609,0.8097696231250578,1.0
0.20073125591755595,0.14773263821249238,0.019123380562736096,0.6883736713681688,0.4723139344428635,1.0
0.4487925234034387,0.08822416271994246,0.0014153257391219273,0.1264994205061031,0.5539606708019669,1.0
0.42305218457354166,0.15723407643673834,0.01869207632282591,0.7982414617707467,0.25933128117804605,1.0
0.0023744360839777325,0.1552996631717937,0.032781743135556485,0.7880720920818362,0.853780557955212,1.0
0.3710832867989567,0.1381570845925364,0.022030368041108764,0.059856423996467706,0.20235014547721775,1.0
0.027401674962750446,0.1856202548403406,0.029561938289744655,0.9204419989335101,0.10266669072062612,1.0
0.03136138342555345,0.11903999776602602,0.029568534701345604,0.07124082742589091,0.01921284191599465,1.0
0.23056033750677907,0.20308758940456909,0.0053325068164683884,0.1254856438254611,0.5689783081947418,1.0
0.3288659670800484,0.23745921165601072,0.027045135824414045,0.8772981910125376,0.5200664715140987,1.0
0.08312352961002038,0.01801862470851122,0.023302405744239325,0.05290055125429788,0.8925889377205408,1.0
0.4285381257086015,0.07915777742199567,0.01752938251285511,0.7419486746800739,0.24353620647535973,1.0
0.2971008064774597,0.24472335495731326,0.026319912004241084,0.11901271942879492,0.475858117931927,1.0
0.06683379114609438,0.10855954818828852,0.010656197755417983,0.11970871471976394,0.5125298915299911,1.0
0.2661512964549898,0.0432545361282245,0.025602227402495917,0.19604638140664074,0.8963888156753734,1.0
0.23537682678353544,0.08070608670575018,0.008652601876336088,0.4721311763859829,0.8421775167879365,1.0
0.13715862954838276,0.03940666190167274,0.025484775217254448,0.5824167267305324,0.20181513252888234,1.0
0.23399976542372136,0.16369540467734447,0.013217527154755217,0.4396584637410736,0.18116175627656725,1.0
0.07149808454415454,0.19479734609301427,0.02813226706607593,0.7468543630910666,0.020403365270681685,1.0
0.21128364651352438,0.14929055030048216,0.032253551378547705,0.37623036615657357,0.8751482954551801,1.0
0.1677049388913735,0.014018220694509427,0.02624463589589116,0.15150210467548003,0.2577629956328093,1.0
0.2410878061227968,0.004479207135197179,0.0010759969614115026,0.5111499711081572,0.3056505582354456,1.0
0.2765036780345338,0.057880681457639346,0.021135043089288232,0.3798866846356866,0.18755947145211993,1.0
0.10735041080415235,0.008428194895233285,0.011476316709233127,0.9020527354916124,0.8315307637571452,1.0
0.2595492947432299,0.14227277919450057,0.02917707633258622,0.23705381141544865,0.29709110130421934,1.0
0.019350625407481774,0.07935727795900885,0.03084906840399224,0.9120756599239095,0.11052571042278184,1.0
0.17222565681284996,0.12285043995922358,0.019860463817995028,0.021238501257728325,0.8424000056732396,1.0
0.2943787605896354,0.16545260738484893,0.018951315166244088,0.33493913830266736,0.14982884635534158,1.0
0.02117869017563397,0.2063011393552766,0.015310997782000927,0.41533946993781284,0.3278436876174299,1.0
0.07953771179405277,0.03867564754732758,0.006628071052531026,0.6588689553679132,0.9919034234108688,1.0
0.407622211283302,0.07037552324283493,0.023028597284260207,0.04145845298143436,0.4961583206016128,1.0
0.24180757997296023,0.06022101083556599,0.02916889624110913,0.9701663747270021,0.45973689959637326,1.0
0.3558955574871621,0.0611307760948267,0.030391312985578706,0.2809207044046875,0.7760549727117235,1.0
0.13048562983296222,0.13387136355102705,0.018847351253946716,0.8505807533018799,0.9961311303809686,1.0
0.12285327163844163,0.09004195434554588,0.017283225865540174,0.4944158334112447,0.8563388680852683,1.0
0.009464358988041039,0.11430041838521378,0.022014510500299022,0.4609351915059304,0.1315146107696766,1.0
0.18583340711325153,0.04774126468998993,0.026714441892012417,0.32207927946233433,0.5893983032780475,1.0
0.39496475856815855,0.031381718033846706,0.004884942280617645,0.30101934945389275,0.4317837531577092,1.0
0.34367099999546447,0.06207119493421562,0.003882341254256321,0.4143860100742634,0.7736059088503455,1.0
0.3302718369151445,0.13991378294643628,0.02562251785947201,0.6817081457685575,0.23513226586256578,1.0
0.347003590354656,0.07996304480690941,0.023235086988375668,0.4819989470912797,0.503655692094075,1.0
0.3001315072221155,0.2165560718032755,0.0058086637928793355,0.3667395565542329,0.04961878738599418,1.0
0.44535666500561294,0.12387440556828977,0.013087646633598378,0.2756021995483939,0.9800326323000141,1.0
0.3268430696862467,0.07165576585567751,0.00339664318213525,0.6835933379034234,0.0026292167822350083,1.0
0.11341909294643059,0.1867799537858038,0.02717150568992208,0.7243831315787204,0.02545895802614278,1.0
0.4455753807110377,0.0614137167628801,0.01032411145566151,0.8137130230309589,0.16123640825102448,1.0
0.3400068434977597,0.010253004793019938,0.01982791120501769,0.576301381277347,0.3041394544944024,1.0
0.07407462396563551,0.09168448266695928,0.0298547353630092,0.1914521138493865,0.8215527621913473,1.0
0.22066385116830553,0.01975733494898015,0.024048721892091486,0.7908108875665446,0.850008689698556,1.0
0.3027350593125145,0.19249641654616506,0.0181957814629252,0.9128241642799451,0.6441146238172631,1.0
0.1067179556392325,0.124687707398798,0.025813843316169337,0.2035190328081206,0.21212845346871628,1.0
0.1961400519710055,0.046272047778019146,0.012269771987371204,0.3979787721176597,0.6234621722127509,1.0
0.4439789440890189,0.16327299096886702,0.024797360267122644,0.32250734052689245,0.8573014368533003,1.0
0.04876491154062444,0.24334074153431506,0.0303807150118981,0.30434148940359523,0.6754955456646682,1.0
0.14608456455931643,0.07240677847931341,0.005624933137510821,0.5497687641935634,0.4471500934273903,1.0
0.09769536819825261,0.23471405702253867,0.022712100675238413,0.8997010567259535,0.11016189486672269,1.0
0.38240835657122835,0.0833992741738022,0.007634867750623538,0.26575628449981403,0.2736607930230492,1.0
0.1473576576479199,0.06854724410428983,0.02304941814577469,0.05397933930021258,0.3410234143615902,1.0
0.07995653742717167,0.05601103769101518,0.007822665264039195,0.0019251806246735137,0.47429398407974116,1.0
0.12354997548693016,0.24870605272340093,0.0322254711872702,0.21586073234817788,0.3106924294820188,1.0
0.38014168245000035,0.20085883940687968,0.005292208843253594,0.12532439950000376,0.4173155216401506,1.0
0.39705616459388055,0.027734096571946015,0.020526107790828755,0.1565195219279878,0.68644318069278,1.0
0.20519141232154153,0.021687610898320824,0.02069464266041455,0.4091081534657188,0.8110878535816263,1.0
0.39382884301219256,0.06915140150106143,0.006355599620215323,0.30717389694126135,0.03588087603092376,1.0
0.29739281761303177,0.036428461660591493,0.0047864090747439915,0.13325290596309605,0.0784741225872049,1.0
0.42490768685794117,0.012593726780467782,0.02684244057248037,0.7374145949704806,0.9969125151854303,1.0
0.12919353726899688,0.11381744808164698,0.03012355602307248,0.728865048895361,0.47215219015353527,1.0
0.32743006782949863,0.21377719014250685,0.01459834185629469,0.6689168603751633,0.40081180915542153,1.0
0.23668476059975624,0.1941557276915472,0.03423520346038366,0.44492179647559416,0.3429726912413583,1.0
0.06111619214945656,0.07493774571661296,0.003939212051139412,0.42846636891606793,0.16818991204173783,1.0
0.35731640947683124,0.06223598499669487,0.021804417125630346,0.9012802378293642,0.5673622578425174,1.0
0.1558000210907135,0.14800193258883246,0.018224778751835022,0.1494712164406269,0.44734954834587837,1.0
0.12103238879145004,0.15349893331962314,0.0033854433824971352,0.3372704265319513,0.8044725559447968,1.0
0.2727244056513821,0.10309739871386767,0.011759644842118392,0.9162155562221168,0.3439184563623031,1.0
0.40927629072248145,0.1867401446280179,0.02418119026573871,0.05048540712480893,0.13207375575506003,1.0
0.09503534360029084,0.05718385842195941,0.027490709521682765,0.2866390238881057,0.07251571484976409,1.0
0.19998691627313422,0.15466501584347686,0.0305420979353213,0.11169359063760664,0.197476153462008,1.0
0.1644846546466468,0.12115182536012817,0.032420238065463326,0.5453467622108225,0.4157054900014639,1.0
0.030281835784891804,0.2330962486444218,0.018056502630226425,0.504252581429371,0.922042369869006,1.0
0.19784478364803681,0.06884965943718255,0.023399770071792312,0.5700754458887818,0.2151310915108353,1.0
0.29019499894415157,0.09993613716742866,0.0011496313447207193,0.4471345690260115,0.007052059013121476,1.0
0.1943438462138945,0.021398051162146596,0.010372624748763652,0.6558358771904094,0.30930672726680963,1.0
0.41241961322782655,0.1467421662417954,0.033876202713587635,0.8681492771380895,0.31957962032164655,1.0
0.06243747101777236,0.17145330467030653,0.017696782100815735,0.017809113313571892,0.27495559256798036,1.0
0.14280833680472782,0.04618215937005873,0.0073760691834550834,0.47973405137730707,0.8428065914298644,1.0
0.19714655138446066,0.05297299397580318,0.002566206603474498,0.4631676891632483,0.8149605731696735,1.0
0.18446174466463539,0.14908096530748247,0.0158323817121714,0.5794370936803876,0.5179877391491556,1.0
0.22896127074637265,0.23521213854372208,0.015552958173777331,0.01690038673667121,0.23713716187357556,1.0
0.24371676149800922,0.13854381253870132,0.025294771341182794,0.2753734944749104,0.6652387753624357,1.0
0.185665057926751,0.10114010568743419,0.007083442712319293,0.4145733888791184,0.7870294754153054,1.0
0.2675323229017665,0.0755432154952204,0.02419785043443087,0.7404060624873079,0.3328805660018817,1.0
0.034089428630114695,0.003677675682406356,0.005181006269489788,0.15685233947968222,0.8790501039147736,1.0
0.12444432969470139,0.10783970388071802,0.014424590351821498,0.302160206320029,0.13876168282955334,1.0
0.062335376848065255,0.1940806887154959,0.007857392451535423,0.7316399358261784,0.8057805195897715,1.0
0.03994884996131383,0.2374436198927613,0.016743591429587746,0.6306052594780154,0.024237179681645987,1.0
0.22792354689716443,0.2216683600339616,0.010228940197188794,0.7754161285388609,0.6625507153304431,1.0
0.13272545258360646,0.06022814507321632,0.01604593797749171,0.6356989088045366,0.4339863357529981,1.0
0.31344956693449566,0.14653330258316097,0.018656672852133526,0.5548651778485324,0.22267874564752974,1.0
0.17498774045690696,0.09150348711277488,0.006090963081070199,0.597240497215896,0.6030617461359601,1.0
0.3870726755326248,0.21151901678014165,0.004707846420402665,0.6953433494221083,0.39444092142883724,1.0
0.10203560972840893,0.07085052714820786,0.016031614014894734,0.2694464335319825,0.6923013730201277,1.0
0.10017459684744355,0.1270871433021541,0.03121878405641131,0.7926032512032027,0.4993300955023942,1.0
0.08176902265143497,0.21971733641953697,0.025145675976955675,0.572591139844311,0.8795552113077147,1.0
0.30743768941492866,0.05496136579089476,0.005099632994543558,0.4661429014969262,0.3880055368345893,1.0
0.14646681649156557,0.2039106625039486,0.026460118015923722,0.6682559461884777,0.9204800724870995,1.0
0.17596236250630667,0.04107590847179583,0.010375910566832352,0.8798966796048099,0.47490775077845665,1.0
0.09803431273189483,0.12175510231066014,0.025366622595793982,0.28740533343161834,0.7579588042918415,1.0
0.3546155905803272,0.06347649758985316,0.022454956920923544,0.15458154420935308,0.3644331851824721,1.0
0.28461910512539124,0.04777732060904297,0.030183650851145993,0.05429763136283669,0.5956204728281329,1.0
0.23964562459739414,0.20036728316989577,0.021236153088429473,0.7833052266080696,0.6559385412199319,1.0
0.10328720683778644,0.1857134074796565,0.009088936146587246,0.9806596348674456,0.2285594037702435,1.0
0.386544231097255,0.06150347962874196,0.013270694978703621,0.7149255210178479,0.15958983161456847,1.0
0.2193749320467119,0.06168049180394899,0.009012370489347141,0.010229682497094167,0.37107914160675,1.0
0.014988959061175013,0.15568706137520222,0.022306276188114038,0.07172967130188523,0.3177245213465436,1.0
0.2623930136418157,0.10358170627898498,0.016813465567779264,0.20907171444136932,0.8120696192072201,1.0
0.4098881549702696,0.05675966353138262,0.011565169104399536,0.16146215203472725,0.30789393249868086,1.0
0.2852644759420213,0.04822194900548303,0.03225949542850328,0.10399637061522464,0.007871133023298721,1.0
0.31699264368695634,0.08948460771864362,0.021246990000944016,0.22432055673839413,0.1692212589967306,1.0
0.15958133554471143,0.15419228258328774,0.008417072275075071,0.663264772860058,0.7670946587825104,1.0
0.020692369254644273,0.11045725645003335,0.027316818923742863,0.6511290557385685,0.7021798386941767,1.0
0.10649054981862838,0.13341293197786774,0.007948433587472695,0.7265024682880807,0.19776948950351755,1.0
0.2284386054670294,0.12219077360173024,0.021428878797839,0.438007155899417,0.9195538352015813,1.0
0.39572193960525065,0.15774962627945593,0.02259026913926742,0.6095894850322328,0.4354492702670348,1.0
0.26680929646454277,0.007357427447474127,0.0012535186684093033,0.8517901844704518,0.047377620732844565,1.0
0.27712950556439064,0.05034463617598647,0.03145484850101504,0.1909056759766266,0.884630472379308,1.0
0.10909358613236309,0.0385352974027473,0.011751912146331995,0.3985526157040044,0.24653889182242453,1.0
0.10411389897157189,0.20782807191873137,0.006410003401076074,0.9802643806506716,0.22629793482480176,1.0
0.25179526597879004,0.030951143073867236,0.028771882294289446,0.275410847148149,0.5497206317000621,1.0
0.2715856528942775,0.014816010644554357,0.006733037902273308,0.16203105068044085,0.302749208156436,1.0
0.4149426730276561,0.12872565817731388,0.02220155502189127,0.35813068722272273,0.27696989489287765,1.0
0.1331510157008403,0.08656783550671131,0.016393529725209143,0.5062279534971712,0.9843296977700569,1.0
0.22010129803230857,0.03822842313284539,0.01289997391207107,0.7175934079876979,0.175287681616814,1.0
0.18809875958203523,0.013843306556713774,0.03272455821026712,0.4141895371525935,0.784142609215415,1.0
0.42187478438887427,0.07332711327279547,0.015015842089381694,0.7591053760190271,0.3443236479655761,1.0
0.44767560486298635,0.13934801689689763,0.02443893542478504,0.6438187719194562,0.8280962230094157,1.0
0.253902003479169,0.07434446266663344,0.0017752084175489617,0.6147888478132558,0.825643364432354,1.0
0.07495305708039807,0.07273243616097459,0.018339623603403396,0.8368445377586889,0.1725813929223522,1.0
0.3392625076637949,0.23407583256337097,0.0049679255170812205,0.9264652425303929,0.6018660676393051,1.0
0.025144844596281402,0.12703089075450819,0.02216940891874699,0.30752700603296734,0.4322185578931514,1.0
0.24909402495806798,0.01142351982630268,0.015942380063682343,0.21460433663743864,0.9167783830072644,1.0
0.13554145646207902,0.04462116391551363,0.008463141132243666,0.4782745030976008,0.8746310935140652,1.0
0.025871035710168643,0.010931515075572858,0.008731292151176852,0.8429285063318194,0.6218590769776088,1.0
0.14421734706960632,0.23242692585650063,0.012260060328712503,0.8351094682402938,0.8960076144579082,1.0
0.4025358819968534,0.06992401856037073,0.023386736490231378,0.08887578477586187,0.47446027987830147,1.0
0.029180711790840693,0.0019276515113275622,0.012041571958987486,0.589941063942226,0.45577511730350617,1.0
0.4460488138185367,0.23494173495493978,0.005272212432474894,0.41569231924182626,0.6491980870596172,1.0
0.16550109755436118,0.18682417137110158,0.005221100438963062,0.332480812632447,0.7167167425801492,1.0
0.3769073864728831,0.012667398644121615,0.00692931840598365,0.04944608768969449,0.1929221100249621,1.0
0.22739042545381097,0.1325502844964956,0.023368320567803826,0.3855275347538424,0.004204482994498822,1.0
0.02537669839881275,0.21667643727361824,0.0017702355820698704,0.5309446481333758,0.8950229645031352,1.0
0.2741791191982246,0.17072110123601403,0.005161900822835879,0.675252173709749,0.8804745271308024,1.0
0.19993034771189783,0.08678170806770917,0.026612526930274782,0.5433314138072193,0.2580473498005755,1.0
0.07743340496614191,0.11533508211493186,0.006784229790932105,0.020699225067474288,0.05303668619472031,1.0
0.03375964218090095,0.01922199195465893,0.016340407148140106,0.24585518205269752,0.9627311583203252,1.0
0.18272971865339893,0.11273414833464855,0.013753864204569389,0.03882825052648509,0.29355399241545393,1.0
0.046964278176790115,0.14065453166116057,0.004358005162261117,0.10382839247146833,0.48103320110452924,1.0
0.06279801852443385,0.002107807177406887,0.007561131020106691,0.2366563619278587,0.8004481951652588,1.0
0.1832690344720984,0.10185165489874348,0.025224363647835472,0.6272950936889843,0.18495604650671574,1.0
0.1974877389041178,0.14164226242752798,0.005716058507399515,0.2939802199150361,0.3066370534341443,1.0
0.20788180856501418,0.1636128324956149,0.01831925604294374,0.20225510568509686,0.10383610800035235,1.0
0.2162078025402858,0.016472656849335424,0.009776130988084972,0.8042297446057707,0.7519745984487763,1.0
0.2713374338747597,0.1063035776551557,0.015505589916851324,0.1948060444484508,0.651148162556364,1.0
0.07053412073154731,0.22153006709129833,0.0135279189125603,0.050689026755547414,0.328553039859004,1.0
0.41271350705194126,0.12310920589764875,0.03351555796249621,0.8753665674027641,0.8254054863821261,1.0
0.17246206006380174,0.18936076624813036,0.020629526104589076,0.7199643177385664,0.17860832147319386,1.0
0.4309590029531831,0.07636316727297596,0.03452948501449132,0.3789976387905657,0.20052377352401185,1.0
0.35344789906639185,0.13915152469376552,0.011442463984508981,0.6088419194239642,0.33276908665316374,1.0
0.38833619246313794,0.16737345273793203,0.02692166254996036,0.5839100579181067,0.9914066508367354,1.0
0.11876873116274783,0.024047175745844886,0.01983666307040416,0.6137458771719595,0.726235611325921,1.0
0.0065033040373972135,0.15842515473499166,0.034955646745693014,0.2952548044362025,0.1847505180165507,1.0
0.19201154817489421,0.06347731930918861,0.012796640862496017,0.6385685318407832,0.3456829588557721,1.0
0.01897403699686951,0.22956768290409457,0.014834122637105025,0.32881537251875953,0.08739771204913913,1.0
0.388857402668426,0.011247146813047677,0.005939263890445207,0.14724343905732112,0.6026725804924451,1.0
0.19755799681241382,0.08660780560026882,0.027038583310287505,0.7428264926938958,0.24750938313793241,1.0
0.16165670455449502,0.19412524466443118,0.024632155257109264,0.666187852649849,0.8295991316030407,1.0
0.15351799273581004,0.01154252320168482,0.03053735637732014,0.5828473051872559,0.29882416959180963,1.0
0.3258108669199444,0.1874356423677162,0.02365007417191077,0.2045771899757828,0.9133028424500963,1.0
0.29633258928920264,0.16308503693202508,0.0317481618031158,0.9283788259640267,0.5960417805922297,1.0
0.16431655682217788,0.2049506314290999,0.022916581554367342,0.07818876422339999,0.14304382700201218,1.0
0.3981396684989209,0.23800627972566973,0.015546932889163008,0.7842768467330664,0.8283968022870073,1.0
0.06625663234098686,0.24925956404815405,0.0020274529275458968,0.5977385827927315,0.6505620619075272,1.0
0.11577685704212129,0.18067323183041384,0.008357585151563028,0.8292092174959308,0.2198975574105499,1.0
0.35275265513945514,0.048047491865085,0.009091540579508495,0.7793246349956325,0.08691297266331789,1.0
0.20553337687927192,0.23261530025744787,0.020103846386362357,0.3882901703600173,0.9783918520002541,1.0
0.19574700318567945,0.10349943490504315,0.011614122468631074,0.32636911492784676,0.6881492228695686,1.0
0.30713570981519717,0.05109992003334233,0.01406307210895276,0.14739243358777165,0.5531982930283973,1.0
0.16024035364930775,0.041690727807525474,0.00870118978565997,0.8182948056070469,0.2683810863247926,1.0
0.14970853365598877,0.04799440603139767,0.025728491027332656,0.4690764844457315,0.0322459740235316,1.0
0.06734129683737623,0.08899833713681975,0.014083017589854049,0.48994046935915486,0.7856585783118365,1.0
0.4196799510498975,0.1618513755905498,0.03332206189106381,0.8175721478790693,0.9279103798651337,1.0
0.1614317333118515,0.11128560171528733,0.02337309855305984,0.42750492790656996,0.7319411106843214,1.0
0.37366400539421507,0.05184297127085904,0.03309421872384057,0.15639025413733065,0.13003503190629542,1.0
0.36859712063865346,0.18495109555043057,0.03365803577275996,0.27126908905673064,0.8268220902512973,1.0
0.24229198288063397,0.11195440739563085,0.0011989007709026461,0.5748877313456185,0.747758381876189,1.0
0.4193134819899738,0.13306948531520746,0.00706036410713718,0.6463016233459684,0.19273078580682865,1.0
0.3087065438462398,0.028563025943068126,0.004611393244798801,0.7402036196186315,0.05614703097486309,1.0
0.3584707926328746,0.03620696359136374,0.018624942007416944,0.0975288654779734,0.6329386485662012,1.0
0.4250719044889135,0.05272495310702583,0.024218418302253936,0.12916313295273293,0.21038685187844972,1.0
0.25832016746234077,0.24971694685752904,0.0018814917550921007,0.0013141052244428737,0.351016727620233,1.0
0.3978429190082856,0.2282330543766282,0.03093784919621684,0.14403557173556172,0.4126927303458924,1.0
0.1413623694351244,0.16614626909912725,0.00906285734849713,0.32409583870284725,0.8605692196991354,1.0
0.43398151501130344,0.07725863067327489,0.0017999557339914301,0.2556460028987679,0.17203373730118232,1.0
0.05160951378120915,0.15688617043410702,0.03074656839892082,0.363156362921932,0.16932422658609902,1.0
0.3538991028313315,0.1482804308458193,0.0044388692531385065,0.5376499671727063,0.4686172960741376,1.0
0.050462107627942156,0.24529687196944844,0.006985472876370692,0.19355014789995473,0.1464371094101336,1.0
0.20020763894273247,0.06313973832461243,0.015600395022731958,0.6738483292106562,0.28241883096713155,1.0
0.1385494604927899,0.050346578674890466,0.03345530679367569,0.8107500495080612,0.3437944872186221,1.0
0.23394759787005623,0.08734137206700464,0.029546794044333288,0.7524129017975759,0.2985769678004627,1.0
0.16685621036038895,0.0012619411675366462,0.0337017352076095,0.5500794469967639,0.5988341690641173,1.0
0.24823801590791186,0.07322191334862477,0.034033588246873914,0.6220467441027696,0.6712504391934075,1.0
0.13024976882036138,0.017022896561557407,0.012907826683308133,0.17692133183912373,0.6624261799887549,1.0
0.13693693135229787,0.0838877737280976,0.0237923931301864,0.1501221628069951,0.9295079892510214,1.0
0.046438551221121824,0.04449631722523974,0.03271336658425358,0.24787216908065096,0.6626065350274551,1.0
0.0881516598646012,0.2199303165060944,0.006033129483487102,0.019731836149542884,0.5017319563367499,1.0
0.1473699793916155,0.03291240539078192,0.034395848205231686,0.677061890859924,0.8508399413162082,1.0
0.3145107810211464,0.09675645271559916,0.012027559768923739,0.7172416372985796,0.7169962951690529,1.0
0.2563282582138967,0.0743606553411307,0.017643979177236233,0.6141001029091933,0.42730306977733556,1.0
0.2634913322849112,0.003349496179284986,0.02037455619988829,0.633970182155919,0.9153459902925266,1.0
0.2589359790128399,0.11927436522787911,0.019076318567942105,0.06823676659832746,0.8973863838655685,1.0
0.24707876481934207,0.13958232341451543,0.002956905222094454,0.598352562606637,0.4297226380892833,1.0
0.022159087551412,0.17801103299964297,0.010754390010298672,0.6520536251226549,0.6274988493368109,1.0
0.19876310300210379,0.2090726815042778,0.021590115882222316,0.06966956367643305,0.4434659224895089,1.0
0.2890989098313231,0.15402642138251996,0.0013535354513447783,0.6080878139090445,0.7351148043309518,1.0
0.02748012090509256,0.07661094586035737,0.015323301058751813,0.1805919360871169,0.4213131372938448,1.0
0.05183456007016616,0.16750499594801144,0.00992746367944527,0.711694441632093,0.049060419488651315,1.0
0.17676044995049128,0.19944587658695084,0.027654353726989107,0.37618408281505067,0.6230913000736266,1.0
0.2616026694450087,0.02123490879293309,0.015776545660032743,0.18354495385657105,0.8834978009094312,1.0
0.26625741313825313,0.0907350832221726,0.0108171951981533,0.20371686327847205,0.9119597110843526,1.0
0.060834253849532866,0.18693449419665778,0.01523004641924621,0.016381258305609287,0.5288389530558458,1.0
0.095260506579024,0.17431419939459916,0.009742829262800668,0.8919963136399748,0.6575125886657457,1.0
0.27722010271025266,0.21734354816448195,0.013297278950753107,0.5495914363086941,0.5163745100438892,1.0
0.07504701846526748,0.1449371300334864,0.026650660603717333,0.37067971077312667,0.8677139430913604,1.0
0.07881563319326633,0.1464280404958529,0.015299312341268625,0.016174914577322543,0.07076875390100971,1.0
0.3464291518236504,0.22311783949240332,0.019551789716483563,0.10645989705160934,0.5348845332896042,1.0
0.3375154554760428,0.07348344276064636,0.0052122807158041665,0.9007810180624808,0.8542346578855788,1.0
0.37082984593122936,0.025205946808449935,0.003151643535669259,0.7588422962491131,0.5367743113030331,1.0
0.4068341259932338,0.20998658944487067,0.0029591980325999246,0.6164711546992312,0.7724951358042508,1.0
0.4423694690852085,0.17182582865723953,0.00454086243169886,0.1990997139879535,0.8264193755782625,1.0
0.04515433082570298,0.02598200014341705,0.02695515984087164,0.06528992743482302,0.06949155594878262,1.0
0.3604019657309845,0.2205092367662312,0.023117455672513627,0.3232138855169196,0.9064068771424584,1.0
0.12470436691522735,0.22171370437900004,0.02414796814476907,0.8957764126245336,0.15674538796471843,1.0
0.2761212283584469,0.16734072597926347,0.032078059731099354,0.381372221719934,0.7198554197011663,1.0
0.35470097077081614,0.22433875516649351,0.02412206908462322,0.0685719149485613,0.18395720550393044,1.0
0.43592406254637456,0.24188591511089225,0.002251179613604011,0.38306571978146886,0.759913031284008,1.0
0.03957309832253137,0.15276273288529021,0.005857567030389153,0.49371612353492556,0.24044601514028038,1.0
0.0369287220614477,0.22781234448274715,0.02631796278285216,0.9318921577911775,0.47051994240121914,1.0
0.1619248743334409,0.1544604669169704,0.012953019157025344,0.7465269607480242,0.8015160088896462,1.0
0.11001761768012949,0.13222849027380149,0.008597116968814522,0.0385182675969208,0.7081174788656679,1.0
0.3260433485193346,0.022818104940227738,0.03484789008810603,0.994354218380085,0.4655348256780092,1.0
0.11036228155669502,0.18465397414460094,0.030893679131661238,0.8148515998146978,0.8119623041629163,1.0
0.36917548655266896,0.17298549844230382,0.005503347536902949,0.11507021966045561,0.7721502137987052,1.0
0.23419987661892847,0.22690818592135822,0.023426072133621433,0.39675059834321186,0.41451787636800763,1.0
0.34236360282417044,0.1415239734303319,0.01829786999545211,0.7271738019515277,0.7055592853571293,1.0
0.029085752038505188,0.18898308088841273,0.01846785533235746,0.07561842691311872,0.6793310181413502,1.0
0.23610859912556334,0.19865594543479095,0.011208435693396253,0.20270531131290467,0.3513832177915352,1.0
0.3134741874785738,0.21153446453167868,0.025511218462675005,0.1748135715105319,0.3668508677154571,1.0
0.30933916560156505,0.06279479767600664,0.01886315571696279,0.7920380133514896,0.6712683356466935,1.0
0.15045717102673706,0.16368770736415492,0.0196819034775581,0.09729709398257434,0.8741175976842726,1.0
0.21353909492566195,0.050411394821433315,0.01381778984499827,0.333492037452784,0.2714649471465974,1.0
0.20856163676584663,0.22241022364335214,0.033005695219603476,0.22025395579886278,0.10100532333844331,1.0
0.44769277023373544,0.2160364173936844,0.0018057116720369807,0.2520122871557595,0.044298934764222656,1.0
0.26205173235525003,0.1289159167505964,0.019851295987881937,0.2531988074378945,0.602036730769724,1.0
0.291059264062907,0.18387402371452888,0.023882892966202125,0.332785400793908,0.8264366522124151,1.0
0.058605497993000764,0.04959091091404044,0.022661686048060115,0.2901267174224701,0.12031350850479071,1.0
0.07536211406263989,0.11996993579777716,0.021651105416602912,0.17722587257956054,0.7127841137528579,1.0
0.14088960413888843,0.05665115664745278,0.027697008622068496,0.9598540191039402,0.4930073488294146,1.0
0.11799562307503866,0.04035452248859267,0.02965391768496861,0.08576913344577196,0.9665097644476954,1.0
0.2334651643962993,0.2119903049823775,0.0019366191239095095,0.7773755966576026,0.11748744152294804,1.0
0.23860012243779996,0.016221221187662855,0.02933033131924503,0.02828680295418039,0.13923232220070988,1.0
0.20972713461219306,0.2204657873843536,0.022604595274896843,0.6239052256160376,0.29294287102588284,1.0
0.4325664035126105,0.027094624596705395,0.0189863604025013,0.27329602224394545,0.2648765229178733,1.0
0.3592724186133121,0.19451769122498838,0.030539257432580822,0.2936098351744547,0.46628563033335874,1.0
0.3363390727882281,0.07628343492342848,0.020090780131186342,0.17013098173743124,0.8195801076271942,1.0
0.39497635872407705,0.012438312279573985,0.034743596132350466,0.24853163502525483,0.3101242523613021,1.0
0.12112218156657303,0.138612677669808,0.009153558506328506,0.3943775400890044,0.6559509758607721,1.0
0.31204093361982893,0.14898638835204348,0.006022771126396336,0.8162994859397413,0.03823761310504565,1.0
0.026619453702450575,0.16718981492053117,0.013524616808179494,0.6523964347216619,0.3476839283442867,1.0
0.2066244935646152,0.012349582763218606,0.015627701895764123,0.6414232987520875,0.5465061938293584,1.0
0.30095713757335024,0.07790682597389997,0.0014907832944867513,0.15643996152716097,0.4980620976592429,1.0
0.31277797317534434,0.06092271541587534,0.027275069728155736,0.28719070421258597,0.6212428438768313,1.0
0.17411470176104327,0.012654430512052143,0.01920514771600195,0.9954136524829558,0.9690228745105367,1.0
0.34030773273148934,0.08689300612319642,0.006449264326225111,0.6662487859018907,0.5013678607972422,1.0
0.3724993053437433,0.08479937529596834,0.023681221824892542,0.36682527549566263,0.04368117268384876,1.0
0.42756547397865646,0.12133235804001584,0.004679834852453518,0.6881390025468497,0.9634159703688027,1.0
0.25781041617585426,0.09469390534278427,0.020743040729314176,0.8161151311370503,0.8613761046764358,1.0
0.20550889392034025,0.030595639402987262,0.020351896509118398,0.15727239920533184,0.061897375563958135,1.0
0.29526267907093595,0.21368267929519186,0.027616408834446323,0.8573832722437916,0.7603087020500696,1.0
0.005551768544174135,0.15689947564049342,0.005096381340730002,0.05960846520020852,0.15725573995354974,1.0
0.33498837750190963,0.23724432889609787,0.03428519279411396,0.8933907023876081,0.13379312492602216,1.0
0.3775480735201018,0.21790037910506463,0.006157310981960709,0.11767503594554422,0.9238850707044975,1.0
0.16651115723812795,0.114540227524021,0.005231045946205192,0.021613653744514863,0.994096379297349,1.0
0.41063973027843614,0.07185620424875751,0.00848345347334493,0.4264406916172512,0.4538660496090288,1.0
0.350884647539365,0.2491700924973623,0.01897548958347104,0.3888704363174388,0.3933591413279821,1.0
0.12050665644544128,0.12603106437002315,0.01568283203857971,0.5454897109973671,0.8492165829887692,1.0
0.013421217226934066,0.010518135875402445,0.005561739380433185,0.5709125018195981,0.8083766252278868,1.0
0.2861658276867621,0.10138266986027247,0.006253500077309013,0.4020169211040356,0.33308271877387574,1.0
0.21953700045736266,0.057322779088677674,0.010819236271736516,0.13733369437814633,0.9186668636200621,1.0
0.006767965601596507,0.046564244448190316,0.028569716608961276,0.5239433198444502,0.6262174440896093,1.0
0.03183641551157735,0.21418338246054985,0.0075244052522638535,0.03402614134456957,0.5731314317972604,1.0
0.04399707148506556,0.20029388083914876,0.01771472603681185,0.24226694379489586,0.34927779693615923,1.0
0.030793010995714225,0.03000367336736927,0.02195290918967937,0.6073647627326402,0.9724897223508364,1.0
0.030219854602704623,0.13484682127755734,0.022703791599900873,0.14046318300046282,0.5533091115616615,1.0
0.3802837959885997,0.2089552124501736,0.015607389263947022,0.9667764473222912,0.9797941005752919,1.0
0.16610349836977797,0.1504800460416145,0.0038844855257691093,0.38327284831032293,0.26191091193257415,1.0
0.18580203445133026,0.19090504377833062,0.01414798235941391,0.13268025834841662,0.8632883786306866,1.0
0.02611745241452806,0.09173171706836376,0.024354540687637042,0.34236259099548494,0.06724650480335399,1.0
0.11099640568658288,0.0023495301547312914,0.01918326504813366,0.11752926882944188,0.28820879250786946,1.0
0.32657694428151673,0.06660045108714961,0.012192584816217957,0.24766232888933776,0.9569317117158758,1.0
0.08324809103152064,0.11181378866205147,0.007436416212819352,0.15755174782932255,0.0967836581633844,1.0
0.27582493245095135,0.1628905600776136,0.027292200272319475,0.32703165477978324,0.9185053098783096,1.0
0.36231415627295294,0.18051957879285108,0.013187491944707102,0.28374945557457226,0.4230945525094351,1.0
0.20362494520311025,0.011742104790714719,0.0011341626409246128,0.9315674405352181,0.689647523727305,1.0
0.15415481570095296,0.14306396565658347,0.03131357639550328,0.6527277538099208,0.6028795159555507,1.0
0.15621796676223523,0.1749382313665062,0.034353351994537686,0.42533293582706955,0.39281299881018655,1.0
0.19206924165432496,0.24766556856875527,0.025030460755317584,0.3598252647613811,0.37213087145289586,1.0
0.017483772223621914,0.13242628410329124,0.028586952351774,0.660907225414303,0.19922242591478004,1.0
0.3240369142430816,0.06637226469660026,0.022177738333135796,0.6113380840888142,0.8399478362323254,1.0
0.08848248852567371,0.1220064064381835,0.0025009350623384392,0.41617860340410484,0.7884308229577235,1.0
0.20751698288449966,0.2474525391122287,0.01820128045644539,0.49882550029796846,0.559234790140444,1.0
0.06707658332598898,0.169661302649662,0.014456071536796187,0.29061672158726026,0.032360228299977686,1.0
0.015515660764329902,0.18774579789674653,0.013987611005951753,0.5990891226941455,0.24843032268947216,1.0
0.2404912123748914,0.17420880604358177,0.0076467720281349835,0.43692258848513166,0.4452103153211043,1.0
0.25470720136720687,0.037337986008643465,0.018331471892831724,0.11431807985463349,0.4860568664462823,1.0
0.20405858514460923,0.10900359050135036,0.031869726175832155,0.4904456643565063,0.8186804049729975,1.0
0.1590851747907822,0.01969725577766454,0.015305425023930784,0.669031187187856,0.8383288670752868,1.0
0.28839262864729226,0.04513950232662009,0.002265005299936939,0.7918964570321387,0.1678711692338451,1.0
0.4219654820870613,0.24091681965073497,0.02195274791448482,0.37925863541460614,0.8334063014230879,1.0
0.19379715501592717,0.08989730745114984,0.032031799685217174,0.9198576379469113,0.6512350403973427,1.0
0.21750456255657782,0.062086763189790124,0.031087132548272386,0.1392643962171857,0.05525596558484665,1.0
0.20452544766070063,0.20975285701316804,0.0035374074597566,0.8012750564752347,0.038297418091314164,1.0
0.20813077252723233,0.0561015311304823,0.021186436038222043,0.026791177217258964,0.036354152820615555,1.0
0.09536415795904793,0.16444786379152265,0.02649735349102579,0.06027183455924247,0.769984200509775,1.0
0.17590613523168697,0.022573158881533856,0.029513419434404994,0.5611680575394382,0.505160612569325,1.0
0.1511930862133612,0.22280404233269732,0.025469387956196545,0.9285996077163867,0.9078942507096973,1.0
0.060122861664683745,0.19920808163080717,0.02835280806821511,0.6447291546503083,0.2795820972799638,1.0
0.09278553991270411,0.12539426921125132,0.018730561835852335,0.16266751549120279,0.7228062935109076,1.0
0.3122009027021732,0.2123052585763686,0.012879478452801586,0.7097113877906011,0.15761723413970197,1.0
0.4284622326503979,0.03902072968144445,0.024523222115059296,0.5063252654599693,0.5319678325005462,1.0
0.22044448420206034,0.15048127161241148,0.008850634659986825,0.37912808989214164,0.8653751097214305,1.0
0.2693112921592043,0.04688747849648767,0.029782346329394648,0.5794649098996962,0.40364573388760083,1.0
0.19714326993614587,0.23944546915451384,0.0183131158512831,0.47002004216816035,0.7465275396868087,1.0
0.1929133534964765,0.08489998516133314,0.006131271681199308,0.714095404988448,0.8731578829697402,1.0
0.3964805191789631,0.11349416680706023,0.010658250534908674,0.6382858258512226,0.9547502069941256,1.0
0.2231870041539803,0.1725133350538486,0.0272662890234495,0.9193499920667426,0.7634525382181819,1.0
0.12384932679100237,0.12547053451766824,0.012158050116586041,0.9428218280951262,0.5084578776065123,1.0
0.15734010195153345,0.16021234058260847,0.018681743473112227,0.12991987397535829,0.8693386030196641,1.0
0.19522771505121125,0.05221109710923119,0.019815539059008232,0.7023530073661544,0.8812841553053136,1.0
0.4380260274550209,0.17625061776306883,0.010666155269991592,0.20527028025895208,0.29679183073594334,1.0
0.13183418776498174,0.11624246250475169,0.02499509384423591,0.8721178738601617,0.658912591183758,1.0
0.07882373153688406,0.21947454909509356,0.010374452243015763,0.1292497858924592,0.9762680460503286,1.0
0.06235673456501144,0.15687920412534487,0.011841347082867241,0.13421585597531283,0.6015199960986601,1.0
0.3571460700190133,0.039722637652055824,0.01993348030995804,0.8138646923107792,0.16192592441276105,1.0
0.0020827174468232516,0.13163390494242674,0.007619177693306332,0.7245183331511722,0.9622516417619882,1.0
0.29244455828182614,0.05374678090316933,0.001612233205309936,0.7587956400203703,0.43457067197424193,1.0
0.2408943610823891,0.04021323437494531,0.01629233102110745,0.20368890301121048,0.878151243413888,1.0
0.1542162232899619,0.13242726037897795,0.02376232639924297,0.7830748589287798,0.08106706266067115,1.0
0.05238926102928053,0.09935408123296818,0.01686802474279113,0.13732516858363453,0.41174198476170565,1.0
0.04998139369119153,0.22924833008873777,0.02137096153798206,0.38914699492582583,0.5074002762887344,1.0
0.38459463320842224,0.1441787453505574,0.01782645768938048,0.910974517692502,0.8381417185358336,1.0
0.10229853270009803,0.039127654755620835,0.02446328167023342,0.4691736140850545,0.6840290002438867,1.0
0.13359576479779317,0.07187795784757936,0.017688273252778247,0.27427576421297084,0.6676279807401834,1.0
0.21294548677790673,0.18122614163406217,0.018354877348406393,0.7131588502450422,0.2257432795479296,1.0
0.32209068653220096,0.06738482105524524,0.019903013695365953,0.8554563562065272,0.25027312432546656,1.0
0.4293310559989523,0.21669423801963367,0.01465168281112939,0.6076005252551503,0.9917783641184512,1.0
0.052647393491234595,0.012312257939911466,0.027870693331296967,0.4242046970764443,0.24756607773856523,1.0
0.3410604170793571,0.11684658657282346,0.030528982745879805,0.7351906631889216,0.9740401362949797,1.0
0.11529169809191811,0.16510574896783578,0.001698463173956892,0.9911156177051686,0.261745102693794,1.0
0.38226997591860484,0.040955701019264885,0.029827897655556292,0.013233420125031602,0.442535160947322,1.0
0.1689667302531724,0.14700980182882445,0.03210463985588949,0.3276621251859888,0.5796806272792577,1.0
0.3480749324005188,0.011142582936568503,0.033054885980340516,0.047600257354354115,0.5891697158999553,1.0
0.3540892135853399,0.037962319910395434,0.007098593330131929,0.7523548258056221,0.15035524765921346,1.0
0.3295099925047084,0.1631592402668876,0.008160542327845237,0.3046562984273995,0.9690059283378,1.0
0.020961406919934863,0.055676639967116824,0.012642793048502481,0.9994899148902913,0.3033888559294417,1.0
0.23130178832234585,0.02181774085852029,0.010318298355654542,0.9923907929178452,0.7049338804112243,1.0
0.2024603366477164,0.043737740644583474,0.005180118317672123,0.5874783479354532,0.5061502337505754,1.0
0.401645496476105,0.06242378250048382,0.032381727546283504,0.5184737807815414,0.25957608326693205,1.0
0.016952933195031102,0.1403178349907672,0.025535132191018866,0.2806977094689871,0.8636284256456547,1.0
0.3781035529465509,0.020557695994281852,0.006437538123526665,0.38160359931800625,0.8542014572853811,1.0
0.3940717696676144,0.05820315012658564,0.01638528555221398,0.35338166985607744,0.11900810038790902,1.0
0.19774205254774385,0.17289248407769242,0.020559101006577058,0.5022142009353552,0.6169610459332922,1.0
0.3149912566866552,0.13358753978435006,0.022936322662643196,0.6067878862285125,0.4336880862788268,1.0
0.20016284027370945,0.18964598009010616,0.03394302443975771,0.959905492139732,0.8209150506385555,1.0
0.3374500626437625,0.045334025519131044,0.01728662754867337,0.258047460226373,0.004491486128237748,1.0
0.3888680042714768,0.12891095599901178,0.009641177796046231,0.6932822349890374,0.4353662834653776,1.0
0.4497836314712463,0.08792156926497766,0.009309703478253625,0.26811510630596347,0.09425289943499128,1.0
0.00882384866989228,0.029484493792917624,0.010237655407270792,0.16070291313357124,0.7324269404012245,1.0
0.3898313531560116,0.05605751142402726,0.004692080977033302,0.011096537786827268,0.7154897993178243,1.0
0.22976487370686088,0.02879239562136678,0.03450006139003248,0.12625935433088534,0.41251400071523636,1.0
0.11095423986770267,0.06747597455119718,0.02848898354028492,0.2740663175348207,0.0038684397837181654,1.0
0.006628309145635271,0.22753827867351234,0.02282164962209351,0.583431251955021,0.20238792135150074,1.0
0.30508733501157725,0.01605542990741587,0.030948782047559468,0.5798339495668757,0.7926744141575716,1.0
0.055799462089300915,0.17590994372350935,0.027992011332675513,0.3866475000856721,0.024668583040994927,1.0
0.09353616394236786,0.08541895353247456,0.02235985426442243,0.10085476449209142,0.07292377037232468,1.0
0.4125712972475155,0.07853430332289525,0.023462399713982486,0.9892460137687245,0.6697813427683815,1.0
0.2348930501492401,0.09485236996543236,0.021392508302472902,0.9588325981561586,0.7882559896646117,1.0
0.15026772823560744,0.22099935087615724,0.00561671807130419,0.8497356717073374,0.25582168458099,1.0
0.3629930407678987,0.11977213279860467,0.007537655188837328,0.844922975718913,0.3681408367082614,1.0
0.2299972658766944,0.10933647403487551,0.024223775379316626,0.1380606105642927,0.4362539643938251,1.0
0.017192156538436726,0.11487724495517827,0.023458086857097146,0.8878233759549433,0.5941924407062426,1.0
0.10098826751271962,0.08884954962073703,0.033032497313553455,0.8860891379795935,0.5583950297060158,1.0
0.20352925876305186,0.015638625730186994,0.03134082153452328,0.8183313589069202,0.45679489358313924,1.0
0.15497135228551223,0.03166698588234948,0.02554085120439457,0.5571131866983028,0.23486931940207004,1.0
0.44067436620048367,0.03147638873356862,0.016588490361261143,0.4946646621012046,0.1676304166099786,1.0
0.27308378908809244,0.040178790165805334,0.006260612566301798,0.8564923669181222,0.31207604923337484,1.0
0.28242111097817113,0.20995354802007613,0.0261564174618718,0.8407358570048395,0.625589574861015,1.0
0.17771136806957052,0.09537841189869753,0.015225365328911366,0.13017994290161655,0.42453441263216385,1.0
0.01652267682988593,0.06950755807625866,0.026564837141167374,0.5783676258382157,0.8063613292592742,1.0
0.3844836106983951,0.19922070780082746,0.004341675384836402,0.9770293616479764,0.015732699454427457,1.0
0.3568376676832263,0.08364164082287495,0.02135137293810337,0.36276040831660084,0.0615543600324944,1.0
0.043593051519923556,0.02550398893589165,0.0217702524313875,0.5263393657315507,0.4560078368729689,1.0
0.008554935518589329,0.068474886872517,0.02743135286377935,0.9100671294106014,0.438898259641344,1.0
0.3596292039135911,0.22140743788491066,0.015064449203586463,0.24411189866635674,0.04492769655472235,1.0
0.40953140126256216,0.1697941183545611,0.011786452328420969,0.643245435965677,0.8322363390405775,1.0
0.3690670720090295,0.09858550948992217,0.012849193072256203,0.5834056372526755,0.4652217312767868,1.0
0.23285885116415048,0.09690783520008936,0.014427740466370234,0.5483920106625035,0.3555571259701872,1.0
0.17191765453803676,0.09665195224478552,0.02197709047881136,0.06178602582331396,0.6556995631970309,1.0
0.2044087253147021,0.18009399468627987,0.026780696588165277,0.8464146025490469,0.3754283176966298,1.0
0.32173960357103926,0.14586940992597103,0.022481252575961768,0.5559673841987295,0.7729203301806506,1.0
0.25051474760088716,0.04036734544696382,0.014846565935893726,0.6643298295926587,0.4935785367058562,1.0
0.39835153063560713,0.1934336029098721,0.01889388669001275,0.9501031025198123,0.42494092414555884,1.0
0.07640337167083665,0.07216232680053865,0.012494909765354466,0.10671493195181876,0.5023030102609918,1.0
0.2857494643628967,0.04833299753368155,0.005199212749535362,0.9691176408713257,0.6585820655052952,1.0
0.22095961860496116,0.009317213302780186,0.020528619794669096,0.5587705579488728,0.015960630330657376,1.0
0.27936683559677467,0.18642810117466038,0.0177933176093555,0.6187840354703548,0.2582124233352957,1.0
0.18092328338890165,0.04141932871306964,0.002901124224737329,0.6365357611522857,0.9833964713252793,1.0
0.3162449508013997,0.24765888431922234,0.02557616090943162,0.3399118722779946,0.601616914927113,1.0
0.10053543810992084,0.10496751874619456,0.00786182878114354,0.9535475138133425,0.9956019292179048,1.0
0.3194438147486622,0.1025349119351469,0.005743312949131018,0.3375899208544065,0.23413832701694756,1.0
0.09754473809057472,0.028973934645503355,0.00839256659832204,0.905851274798013,0.0861364541007522,1.0
0.23827400263168327,0.08927365138841084,0.018598641230642168,0.04437664017411961,0.6489210637310134,1.0
0.3067538533687565,0.14224719614098202,0.015888721802472548,0.3507914007517884,0.22720875490967643,1.0
0.012697551117500632,0.0827319661967321,0.024047657981194,0.1096083226466729,0.06382835107720905,1.0
0.17960084979291527,0.2006544341007959,0.032868584335025014,0.9570834132788444,0.426167261040285,1.0
0.27426756869537267,0.15742003855613085,0.02215972782658049,0.32245683510516226,0.06468798468088573,1.0
0.07033432318198295,0.03185118610004425,0.032493632916433486,0.014833798327993957,0.6022558814970853,1.0
0.16266385424486343,0.13224742420394317,0.02465664455815543,0.31785252496358063,0.4781743357195419,1.0
0.33566469371083835,0.20230390346171734,0.03456956556334031,0.3709571474612428,0.7473441716728373,1.0
0.30030554048231717,0.18522860230340069,0.026490864776174704,0.8858594041455248,0.34997235356081935,1.0
0.12685040378698828,0.1490476075741268,0.02653995476584555,0.7912100850754787,0.4207043784861336,1.0
0.1508985831754076,0.043090050288367994,0.009857591776546095,0.9122248678949246,0.3096605728669066,1.0
0.1094236602617064,0.18104470078278015,0.020512711981442413,0.6971731794752738,0.6443139886625718,1.0
0.4075906247475211,0.14130390451955788,0.003306858618735837,0.27155460901245265,0.7085107614283551,1.0
0.2472998401962394,0.14954853338969257,0.014009395281475379,0.7741216295627673,0.723811349012652,1.0
0.32217426814169015,0.22269914241190772,0.021243354501071333,0.9671051272974613,0.12007349170624726,1.0
0.3229000191251722,0.11982788232763553,0.010799085139535841,0.550487415258388,0.365382932610412,1.0
0.16119979322743144,0.04475104118283014,0.020597230765625398,0.396596598788989,0.09680224665604018,1.0
0.24249303861339994,0.044126074571665584,0.02131969774463466,0.5677916148836315,0.7738390104185494,1.0
0.11269302612497405,0.2378537518557231,0.020081395774614798,0.028112818925296122,0.8208909724276314,1.0
0.35393030662298375,0.17658544436183524,0.03393966662494735,0.9656137222929316,0.27513621403110416,1.0
0.14326793351518585,0.15767028676856898,0.02132336688845617,0.055488972105543495,0.006176568085522216,1.0
0.058445979341751754,0.06515547034559564,0.031836477590247124,0.5191140426713396,0.7970948471019479,1.0
0.330989451267153,0.0984548959807224,0.030371219390593417,0.7423077035675997,0.7434082919616474,1.0
0.2697998991335,0.13261503306058198,0.031265526958300566,0.4550072664360326,0.811759125332814,1.0
0.0015791850608886382,0.13254482991148483,0.0035028043897569277,0.9765664704396105,0.006495672865758974,1.0
0.11027972840801309,0.24192044931274198,0.013972416121348469,0.028256142837601285,0.027908829643373947,1.0
0.4440336785850453,0.24496361022638413,0.012467281057835037,0.48322094553970807,0.10135534999201828,1.0
0.27026601797267463,0.06351435473721893,0.021811890821115912,0.8997930589445576,0.0019543780900570505,1.0
0.09525388393244823,0.03184766455542293,0.006647441233061465,0.6262866328200223,0.10359169576049199,1.0
0.39927314316071416,0.23172034332041389,0.02344597768686983,0.1981990142229824,0.08621127896436798,1.0
0.4329187764174841,0.24062395523592733,0.01398524205322363,0.326465749556453,0.5105005716768063,1.0
0.4408684407933479,0.05608412611611978,0.013550851194214132,0.4299415048244781,0.125938959058081,1.0
0.38567209332578606,0.035949889362732856,0.020856746328090366,0.4072305009219568,0.1713661893913373,1.0
0.1237311432669652,0.016395411213802478,0.013810128024088998,0.8103996458436463,0.7199655756167348,1.0
0.19272992238434405,0.17724254824937133,0.02362161855146869,0.21782925685510132,0.30427892272742585,1.0
0.3586991362336589,0.1159913708812702,0.008743212229967929,0.9934722245900894,0.1164632275473148,1.0
0.3642617835052895,0.2098844863076551,0.028027197825110983,0.20896277036331737,0.6329497950178465,1.0
0.3358129206536415,0.06861977726547532,0.007158059183965168,0.32879486093063465,0.4803646358970144,1.0
0.37679071268130304,0.1924895226984494,0.02398911787266155,0.2642258036498178,0.47940161843600837,1.0
0.10648275261818983,0.0035510947354863835,0.012541706999403482,0.2568601514469069,0.5723304246398498,1.0
0.1224632989228803,0.012147603007115421,0.022808208753456828,0.5686213690100562,0.33814254305139874,1.0
0.4311060049131621,0.14651371939976474,0.02408985446345031,0.5318174045161824,0.8067267143985588,1.0
0.1728370340753358,0.17281630274542203,0.008816174474577497,0.6522031921148764,0.3997564743465761,1.0
0.4300320129217567,0.217241944839141,0.010888442711764966,0.9977595569186276,0.3178105468819776,1.0
0.38321530275231325,0.07684449148068218,0.016318369669175003,0.6659215799561322,0.1313370872176558,1.0
0.1399250618753703,0.16951680216033968,0.005622959262052641,0.23349874762183645,0.7116648275487303,1.0
0.1904866487457105,0.17850729980106209,0.027025925070620183,0.09578629749299679,0.8521436138100587,1.0
0.15334327032329786,0.19118691023022977,0.02576216142158241,0.6012903352818771,0.5589226922324385,1.0
0.4496676958657491,0.14505951007965545,0.028496407639916434,0.7445294435982673,0.8559525936317919,1.0
0.08769436014990603,0.04219944946238396,0.02093596216610663,0.44984576782361796,0.5711519702262501,1.0
0.41933980154211165,0.10493654047444098,0.025409709948483232,0.19760238865356797,0.5350173974051691,1.0
0.22718400464276053,0.13678877832224948,0.026005141416463266,0.6498353054167847,0.3590383375714957,1.0
0.05285315725670407,0.24329210272584562,0.0323593273827204,0.3257680699180642,0.2595940869839638,1.0
0.31078307329582067,0.08985009049183544,0.0032879908228592887,0.403392297351952,0.26132840548695047,1.0
0.07416780335849968,0.16505117729196622,0.018905451730337648,0.27159225417805893,0.5543086188249351,1.0
0.35839271059814654,0.2390400830657102,0.0054427973052743025,0.8840295654290748,0.7050921413466171,1.0
0.16906110281697007,0.08663314067076533,0.001191742483965577,0.9822226697626705,0.6068993265406757,1.0
0.24515220102958818,0.011091231489969353,0.006904132479916741,0.6237365650384391,0.5147474679539364,1.0
0.29677546800995636,0.1507574833188674,0.02871903394638066,0.06919484244634873,0.691195909634854,1.0
0.12454843380632494,0.04971675948536121,0.008270984165503972,0.1989427225685622,0.524258408712691,1.0
0.29701935177728833,0.027164486478243616,0.001914247770548711,0.31997095220342525,0.19266786400930802,1.0
0.13704533897713062,0.056293957420352925,0.007690173998973296,0.3744790518986868,0.6062430464362463,1.0
0.16469473523663772,0.15686677403065455,0.017390036541499173,0.846648850907145,0.5694727353812767,1.0
0.3169106784730369,0.20519605751772596,0.016824982329974814,0.9872100416434366,0.8792177823121221,1.0
0.3542533865981506,0.15063685984309175,0.01918358412546638,0.5144246479929888,0.8535577316396465,1.0
0.24242998728912643,0.01316611678275422,0.01624229757179095,0.9081335204834622,0.7120249926152743,1.0
0.397912534685818,0.20684013812288646,0.01958726319336395,0.0233830597170992,0.5628671884157669,1.0
0.14485015287722872,0.15759849510678198,0.03203904485199393,0.35843784162221926,0.8601637591005699,1.0
0.010448702325334127,0.060617531600380345,0.02513531817373496,0.7570862000364689,0.393024433366837,1.0
0.2758592191955538,0.1852039654386639,0.02543438654333414,0.08678492719237099,0.15909193075912087,1.0
0.4196835513594257,0.22847211943989432,0.028112017166296983,0.11760184211528335,0.5746971984496663,1.0
0.16640438796390233,0.06750572788271582,0.029183653370573843,0.14530694811975395,0.6465329894414656,1.0
0.3094875078808814,0.020729138762732965,0.031866883066725846,0.6434365980119066,0.4568546686255983,1.0
0.395690904382214,0.11980467975089708,0.019064930415615796,0.45299495181873556,0.07351883489734155,1.0
0.057758872895185685,0.09924793256178926,0.014151976750662792,0.28076075129465117,0.403104618768524,1.0
0.14081290318126258,0.04395547248687083,0.030558495357247067,0.9708618172072784,0.45912524005244426,1.0
0.022319452922424966,0.01017603361190323,0.014357987851943671,0.9303117762826648,0.7309778348581629,1.0
0.4356528449067454,0.10776071791067694,0.010410953295137955,0.42692689147963286,0.21233168375684894,1.0
0.16316681637754293,0.16483427215908603,0.014227604760123561,0.9018296865459985,0.6427383709639145,1.0
0.060332193162420986,0.22557724905019888,0.01959177352124021,0.2857679199884561,0.8780489649248874,1.0
0.14202053588097768,0.13467027189933475,0.012553687425471964,0.47725752112347897,0.2650519360786529,1.0
0.017547508238966423,0.040253994663123335,0.0334001814768436,0.5758277302034017,0.4894711651526736,1.0
0.31908064554654003,0.03617360950061724,0.010388415500190559,0.6562462175440891,0.4795853002206427,1.0
0.4038023199365373,0.20601977525129336,0.007263062284864889,0.09237876529145155,0.17027115994450345,1.0
0.411310159182227,0.23143676805826052,0.01113933683859515,0.8405010366355448,0.5366992994870745,1.0
0.2472158142286205,0.037327411725000426,0.0036934647364853124,0.9572619300601303,0.42637675387514734,1.0
0.1609800850609714,0.09535466845739253,0.0331298921484075,0.06364188281577268,0.11994222609491685,1.0
0.2476848616117223,0.03300565273227704,0.0021716446504634365,0.22501011393094816,0.2615499269725608,1.0
0.09802465171339983,0.18484141530114753,0.03008474544765813,0.8983375939399482,0.39052411861089986,1.0
0.44993752084534155,0.1925657722794756,0.01926997075085685,0.25551666125670724,0.3219841474322196,1.0
0.24439523098604704,0.004405982424145778,0.03361960289923013,0.576030641104212,0.5895690861647243,1.0
0.34447924328176033,0.18457886550286884,0.004235371095761978,0.5953993778876603,0.65853555158455,1.0
0.09353493933405209,0.21953106440479506,0.016690356438058253,0.09742709568633914,0.10651560028936506,1.0
0.12795506698740353,0.12460504531049012,0.026457540723315038,0.18753917611741286,0.992659142705037,1.0
0.2701207075072442,0.23230616853196365,0.029305252377812122,0.6482413124614967,0.7157775037941077,1.0
0.005338711138351456,0.10910304730573281,0.004043643495502304,0.3583948093509115,0.22451905077616785,1.0
0.39614514355461783,0.2049167692842211,0.02527410614607558,0.15491785717492298,0.04931905877295242,1.0
0.2893739035916196,0.09298664690386577,0.017071346658810303,0.4896602388497514,0.24068820461375987,1.0
0.18885691004391222,0.15119157844798586,0.03349785300459135,0.538946124909521,0.7314327456336583,1.0
0.051965146467540566,0.1636280422209313,0.017391764488650433,0.5728585113056442,0.03937851883327555,1.0
0.4288000831593771,0.0018669989974683268,0.00823491412941137,0.181013979535241,0.7815232127625715,1.0
0.08062281482023255,0.20367876787439626,0.013018145641395447,0.46139601941680924,0.38791929871532477,1.0
0.2165839685040977,0.06937141666294822,0.015434905274790571,0.9084288127044459,0.5033912423427659,1.0
0.2480070444702661,0.19243550602277554,0.01098210452843024,0.7906230765543635,0.26505729137200057,1.0
0.07316729548678418,0.0063915658829771715,0.033200129824308575,0.9999770433972766,0.7624680333559011,1.0
0.40462651168935965,0.18620026963326,0.012296313523670988,0.5027756338971232,0.6620975819207069,1.0
0.22619186953285292,0.1833664628804913,0.007399662644475316,0.4443467829058537,0.5329975990557483,1.0
0.43403971614610526,0.21222061145306859,0.02213162628781831,0.5840570341599745,0.603583506379598,1.0
0.027653933236256676,0.17487580225246305,0.025355451204406503,0.5129678819047604,0.8705172177971404,1.0
0.16383643137780063,0.005903894046059928,0.003011495980921123,0.3524464633801445,0.46264321987348417,1.0
0.08600840958376181,0.058322628336054734,0.027537453545593272,0.7715165531108196,0.383556046428365,1.0
0.050797864893497684,0.022695198699746132,0.014303494530578652,0.046496890887798285,0.33430140208920867,1.0
0.22886957240890737,0.20583851955196206,0.005395042160443569,0.26881070362729514,0.9465998980994648,1.0
0.29213435167329677,0.24405556801148476,0.01972678371524501,0.30604060327950716,0.5324165074961102,1.0
0.051454073467618336,0.0027856051580152103,0.031063141413210146,0.671609148470696,0.29903143536761534,1.0
0.3077013939198432,0.22996348413153533,0.011170729095771763,0.322237550277395,0.8543864844685791,1.0
0.41140241850657056,0.073995397793667,0.005090627298275863,0.44055757442654353,0.2964691002760399,1.0
0.01744908886979165,0.1588362369394318,0.031810166435435876,0.97669369643926,0.6504804686987451,1.0
0.03497109871865521,0.0904603081530637,0.0012962997091089455,0.9812025884186276,0.9028237522879325,1.0
0.009141560056434923,0.09237540403248518,0.009790290870890662,0.8470853449652597,0.16132391886859043,1.0
0.2499524052958078,0.09497055107984197,0.005954471898934878,0.9976936146537113,0.6183681348006151,1.0
0.16763627289217653,0.22652632942708295,0.028920521478485877,0.8113746025798555,0.6165822744894305,1.0
0.13537598908280962,0.17622282765565903,0.014751223241324347,0.6003988097511325,0.9981548476120802,1.0
0.23116593839388427,0.14389199958904134,0.031508940150668234,0.9856500768013411,0.7788291948234537,1.0
0.14586524072039492,0.22424402264015666,0.02712398519891634,0.7424908379534028,0.6682553072376729,1.0
0.1820553528347711,0.20242418941010945,0.010988529920012412,0.6851470408282725,0.7264823149005326,1.0
0.14462863022745007,0.18573042744271231,0.004620656517675354,0.13892366722295282,0.4179187041332281,1.0
0.42651654633793695,0.22557205681683076,0.0026637456478786673,0.8384734101703865,0.5093652999159353,1.0
0.3992320950148861,0.14466664728234696,0.004955121409677401,0.0035760318760996663,0.4974246107191951,1.0
0.258107220354325,0.09386184538396908,0.002051348580751054,0.9150644378609221,0.32782950419718415,1.0
0.31271250374804777,0.06421690718081823,0.0031684352196646613,0.3856153782931717,0.3178138828233627,1.0
0.36908234055126776,0.05638890893052699,0.01895985637239904,0.041567739040773495,0.21504156711052844,1.0
0.3572358458995935,0.194324711399499,0.0058411894496011845,0.5514836927409489,0.42328570602893956,1.0
0.2946773712071929,0.23386532075753655,0.005941910370286878,0.45142239982712884,0.7718359925057627,1.0
0.28499631477298737,0.1284138409210415,0.034725599913411745,0.17469866752542598,0.9354133466347976,1.0
0.21112884190340522,0.13262186903880477,0.010022462680741716,0.9636937851681822,0.9115757180295546,1.0
0.4486168879220758,0.16778022370006204,0.01635730685739532,0.8508831675948085,0.024781072958502216,1.0
0.22428142487074199,0.16863178674377102,0.01371756608564526,0.36925453071294906,0.03268543565807683,1.0
0.18435103374327919,0.05697298436514975,0.009408991300352094,0.5845554408620691,0.31845367109696354,1.0
0.051011912978822856,0.14483359169718585,0.00644152072272948,0.5287123862937381,0.5529933410633684,1.0
0.19291380132552927,0.12785919659718434,0.007152388946763974,0.4635523343865933,0.37365735870519623,1.0
0.19623495384992226,0.19505607109407483,0.015483731351505534,0.2365354018009847,0.274415030239626,1.0
0.24342354595980864,0.20788934009118012,0.027149798031797387,0.4383516768721329,0.19692423478936769,1.0
0.026494684286235713,0.100406458575421,0.03012491484105434,0.39378351071679224,0.11875759528620296,1.0
0.27041321934258383,0.038856941015948145,0.0232678011126401,0.4387237692680465,0.33505511131970134,1.0
0.3706751636496626,0.09977181291838699,0.026108295030611742,0.440914837444747,0.09277531969989264,1.0
0.228951813101358,0.11500270617985084,0.02875221819944127,0.9109404976939863,0.7869918965358229,1.0
0.24411103228914593,0.16150939150079108,0.010786230078938735,0.8120349993025364,0.8569913294260573,1.0
0.4063653754548949,0.2123344482739252,0.01543255009440535,0.9090912018906528,0.12131855481769663,1.0
0.1571922046917304,0.1417934890080089,0.012949048894117451,0.9421256659376882,0.2554555188260899,1.0
0.28603759803263995,0.0019621067030853425,0.025736939780056374,0.37809201361006406,0.9777701197756528,1.0
0.024444514831972044,0.024064324376751434,0.003997715635421391,0.9526696376320518,0.6843674896763702,1.0
0.09101672775613394,0.218536296862515,0.007852901540825576,0.7069725372593416,0.7635610371838006,1.0
0.2277067169896184,0.05652433129728007,0.013883608353486936,0.9651692638817287,0.6934448966197758,1.0
0.2437292075885667,0.06052089579568768,0.025237915126684583,0.5010673928297759,0.17767201923895162,1.0
0.2860432583383214,0.18409763231387732,0.009269507060271959,0.8761213420099818,0.3801715559676033,1.0
0.08860890489872243,0.20123866226634043,0.013041595548846124,0.48391562886004674,0.22359700374031177,1.0
0.35168399999103767,0.08551688698938205,0.03313269910262767,0.031579998950675855,0.1338101601707663,1.0
0.31593168105972247,0.06342006438775569,0.01983841729430585,0.3190678607957699,0.5545351563759686,1.0
0.4377908160525068,0.11446851814527474,0.02303934536922694,0.578461208672012,0.3182373389936854,1.0
0.44455395406338094,0.05250623806367732,0.027869359080524053,0.14744080362974024,0.8045469180918895,1.0
0.435253333163259,0.17181092648705482,0.004064020284978182,0.6934839423395518,0.6040171420187703,1.0
0.11807046299276487,0.1799714346552899,0.02620628668029544,0.32787864310358406,0.8763508837286642,1.0
0.032369127262690145,0.15036709336206708,0.004640399476274949,0.2773874002022188,0.5076792066553895,1.0
0.09753335774659994,0.17609316831150795,0.01959797760767805,0.8399214870020303,0.5816583550608221,1.0
0.1183041018732439,0.19822440289773305,0.007693614291188486,0.24298618256218713,0.8417470081563169,1.0
0.2761801965518047,0.010691212165856783,0.005326759021680701,0.5004575027274221,0.7465925845594081,1.0
0.008764567962237606,0.0468832296680386,0.021018067787087417,0.6945228426283033,0.03439488439919248,1.0
0.11832824183990696,0.021791922151254667,0.0194261718945744,0.12457827997472379,0.648571115566521,1.0
0.4367619820246959,0.23715333344779085,0.01029441510799946,0.030380193020549652,0.3300828038956562,1.0
0.027850742963370142,0.09056845176018574,0.011133174616594837,0.2201262901831577,0.7064246239755849,1.0
0.24143684822142017,0.2277828852807178,0.004506720992829264,0.15053953525365268,0.38406622954019365,1.0
0.26325160221819005,0.01943662917951506,0.033586443327379895,0.3057597516449301,0.35961364116931077,1.0
0.42537931733942086,0.16600937153671472,0.03346229320462194,0.1884035277016585,0.6191911190439621,1.0
0.22955198624642636,0.09118124528150577,0.03448179002108383,0.14184635305626384,0.411518598001128,1.0
0.4053158551811585,0.24511514328838377,0.031084818136988972,0.051906068362025125,0.9298367331278607,1.0
0.29357701516800533,0.09917469142261265,0.028664714604860655,0.5763433570464433,0.8456990979114503,1.0
0.08405740954495113,0.11065382359461196,0.0011615525287243383,0.6931601019413618,0.296757674080203,1.0
0.03243159864692025,0.043490445486290795,0.022177211780745717,0.306356964483932,0.2155072206430481,1.0
0.09745389476174746,0.1560898864082065,0.006701501291961542,0.36334365282071046,0.6881989787278588,1.0
0.26917911097819225,0.06347583788647337,0.032712305687616995,0.4144653690680193,0.28767697267572223,1.0
0.2952250372537098,0.15387251992147416,0.031148978173649717,0.05948174598511303,0.8378418324955728,1.0
0.1626367648562781,0.06483148428844004,0.00456340059597296,0.9411330960764434,0.14277019122620666,1.0
0.311307123626692,0.17782795703361215,0.006466135956488195,0.814317029604862,0.5107769819071861,1.0
0.040191140041547495,0.011664669774328729,0.022657672970807893,0.15087377331270702,0.5254240966875666,1.0
0.3511882379861419,0.2249830123744469,0.029522013906785795,0.9583944603372679,0.9031926589041309,1.0
0.17985834559119732,0.22414973332491422,0.03251591904214572,0.972863112369719,0.7685489176079399,1.0
0.4252844071137144,0.2368382252372387,0.023648466373041032,0.8574229860831353,0.5616152447427883,1.0
0.04317744206984894,0.2161269604247079,0.002887123387262738,0.3397679451658025,0.13619031697264666,1.0
0.10527852493861901,0.23806602245416528,0.020016925344215925,0.8978330055674211,0.2787804105820998,1.0
0.34926909665408085,0.175892037333021,0.019546715952922584,0.8155273869994835,0.8402442882754844,1.0
0.4347015785424177,0.1802082749567145,0.024013762789529377,0.3620603707660867,0.0032563200214076582,1.0
0.3440003075597688,0.17775794235485637,0.012254752924223202,0.6259573915639004,0.19609219199366404,1.0
0.426386234162221,0.10388196266096303,0.009329578206161055,0.48762113859215245,0.38762886390757884,1.0
0.4329901318144056,0.14834261868996526,0.021099004355855114,0.3654690248647596,0.56506630104332,1.0
0.0014903413662415259,0.21665794704674277,0.015601098907737978,0.4925963965689427,0.08441741451050226,1.0
0.07748134459953808,0.10324466853729466,0.02956902860017197,0.45832515727330597,0.9312211831309972,1.0
0.32213954064969236,0.24452163236687013,0.01968686366549057,0.6924917147453489,0.39383343294140744,1.0
0.4090844513791544,0.17606083619558177,0.0328215761869533,0.5890639993403174,0.577560303010512,1.0
0.3196227435325399,0.22060617791728268,0.022974751688383664,0.23380618137798437,0.5445650056069649,1.0
0.42277412837786604,0.03999241633061793,0.0053349010928630605,0.41353058670267306,0.12648555829314825,1.0
0.19151266090986907,0.1338690192479083,0.008720984563954225,0.44967699741339234,0.9847092409263586,1.0
0.004961942686214308,0.06138935503240701,0.03426746423626914,0.9890784458973217,0.21128259668193397,1.0
0.035531840396931094,0.14478296896871265,0.005281303850538872,0.8188428621190152,0.9396354126146422,1.0
0.20875776369907598,0.026408706620183905,0.01253076024048115,0.06603265700576595,0.2652819814894096,1.0
0.02102686702730943,0.21488311407504898,0.0036333876436395653,0.5294679341862427,0.4526676726349183,1.0
0.09037338816600522,0.04574082182952915,0.0264562790113063,0.7259937536272535,0.699482588722306,1.0
0.11772189933948399,0.21013389928572054,0.02142917612953027,0.6025927258114494,0.2966206887994069,1.0
0.4260031447201964,0.18221106443444984,0.005313448005262476,0.93776923520162,0.5827877816662368,1.0
0.1793156114334197,0.18162572307780195,0.013793270157326842,0.5791660543194884,0.7107889971517565,1.0
0.4249644273229047,0.08968702008741704,0.015258741740615088,0.6988158534999528,0.6091763042983763,1.0
0.29273417609505537,0.2258042485854391,0.028209642965944234,0.8244347509448189,0.2591500001587456,1.0
0.2496647946026726,0.012003513971209249,0.027172934132829035,0.3241399609906738,0.28331348196297323,1.0
0.12823729017360894,0.08516569320730022,0.021564034974589415,0.5839817565781631,0.2564560418482735,1.0
0.3720348273420392,0.024088111081415266,0.018435976600831534,0.5210403133150868,0.57456267000481,1.0
0.28113735910255067,0.2434348077957578,0.03062600483385674,0.21552551922772434,0.24194212691507586,1.0
0.17678997237097896,0.13869578495661616,0.00890542951847552,0.2231228359326519,0.3820085674107115,1.0
0.30996840028018857,0.24405306827003212,0.007882124753341678,0.39346629270512373,0.9647128204411214,1.0
0.2669330576450866,0.13537186679893537,0.003567352924632723,0.8934804350070944,0.6258797101996925,1.0
0.24323565415150733,0.09858663762295682,0.009658599506270354,0.7555666633491498,0.5100579502439004,1.0
0.1801934303977013,0.2322223059174853,0.013712415092389338,0.41381977491764815,0.6243371619319805,1.0
0.30113904184941576,0.21266362804961367,0.004874999959383742,0.9246679607653302,0.9040180104789746,1.0
0.28150926476645327,0.05399044950014903,0.016230212891367224,0.20350065755889252,0.02295470226207849,1.0
0.11735678555388208,0.148683968915561,0.011208513040287344,0.3712509985902244,0.3983637970236925,1.0
0.28719249194363117,0.24027313135166292,0.015573578100211923,0.9733533973302109,0.6681294401074384,1.0
0.10745962945771644,0.016667255768945823,0.029965782189922182,0.5744070828803247,0.414999448562457,1.0
0.14045059177721614,0.19612069673515733,0.012150770403797098,0.9209603052177594,0.26869890758234577,1.0
0.3144454220488859,0.04154896601312792,0.03327834370982551,0.6558995572764771,0.23162980062324146,1.0
0.4158198925650693,0.15235662029962282,0.03138702422686217,0.11111497964097938,0.925466803383597,1.0
0.3011214404327764,0.09384599241377888,0.0030107709481980906,0.9580144689004872,0.9946037307793735,1.0
0.4247967004586389,0.04276384644942949,0.006259271288391569,0.07403872816916231,0.3918781381765666,1.0
0.17820107813619065,0.03545921673376739,0.025837945049480553,0.8335292866870716,0.6881276123684917,1.0
0.34531483861567214,0.06312554906128547,0.026822612296929935,0.5678301773214944,0.3673458037749185,1.0
0.3725517699033546,0.23497357727875812,0.023641204520021677,0.9645770251267454,0.9341773076239481,1.0
0.3293143445205979,0.08797690003998594,0.017575590259231284,0.1578084657176969,0.9748046486295948,1.0
0.1208418310243047,0.09349645085184034,0.015364419512178672,0.7477861904196964,0.9257715695028149,1.0
0.2131525396379084,0.14870868563584058,0.014373695741610732,0.5046771420423195,0.1066019213910819,1.0
0.18109446449184505,0.22881981393086756,0.012878173555317543,0.25054301579640864,0.7431193586284266,1.0
0.2071465040615328,0.0031426339362285926,0.024397077270171014,0.41564574081452876,0.673971891079599,1.0
0.002081256573816125,0.08677955846765534,0.024962939648840013,0.39372016972618007,0.21995496551357274,1.0
0.33880448696097504,0.030738838611284198,0.02451956914398603,0.6676766797801433,0.37136714180538627,1.0
0.40272267946667784,0.07972420871971539,0.002057097175390665,0.30899650193833156,0.20551722059850222,1.0
0.41351624511078744,0.21771403999934286,0.01139819129260411,0.4291689360220814,0.0375056568804869,1.0
0.029452223042777257,0.23471293539104582,0.030475750384977258,0.21497343881106548,0.6996693111821833,1.0
0.3608096129197662,0.11943737458112846,0.0075202470026364526,0.6402035567227089,0.08120004666894906,1.0
0.09650445765354146,0.1715491728437665,0.029153467498755692,0.11041520455279039,0.4008682835964438,1.0
0.07450267462196747,0.14206439383889258,0.02384252538377459,0.35543881363214286,0.8321502919283985,1.0
0.282520683133289,0.0360773263794899,0.0017874459341107479,0.05169782225416131,0.9040162280500177,1.0
0.3636085561836673,0.050703410717480336,0.01886559416628311,0.796320983447825,0.674994512074518,1.0
0.4030979987157783,0.0410099158017126,0.006841053576053406,0.9011076205415375,0.48513232215542157,1.0
0.24959187729182739,0.24536793587519573,0.005067435478195458,0.7571918999432732,0.3349915363818834,1.0
0.19044807655346946,0.13763946655359247,0.008002695682756996,0.4058641896375059,0.6360403494468182,1.0
0.3256991067306279,0.2092647287014129,0.014910771280158707,0.42354430818676525,0.497195442320698,1.0
0.04963688073281335,0.07884620319449874,0.006844321042818825,0.3864669095817874,0.9733807185014625,1.0
0.1937923024443253,0.1419182869107035,0.023748602884524097,0.43551850982711054,0.4482620944486343,1.0
0.028327299859359865,0.13548006150379768,0.01960914561540185,0.7569955088672525,0.9826621075843214,1.0
0.22720108708006015,0.04319384172218746,0.021000873035527803,0.8344645878259732,0.9324816495816872,1.0
0.08584690425679102,0.17843139022298352,0.030925268214518676,0.6813359496603483,0.6860662888872869,1.0
0.2870023237343518,0.07430079908653225,0.004019542950715337,0.827887189840655,0.9432011630841242,1.0
0.15092718564758056,0.024289007675674146,0.010524705179467823,0.8429925404340902,0.6561586931255828,1.0
0.15486377727825942,0.13831655795261896,0.02786129953569975,0.23475795078908052,0.964125884685006,1.0
0.004546005930524282,0.007263165631375086,0.03099534455765424,0.6456362462333164,0.7633094465447983,1.0
0.18978643953659863,0.19985420028943315,0.032876103123626294,0.172998936661852,0.7643722631424786,1.0
0.14535035837118038,0.10377595790806017,0.03036646367687491,0.023034011242739117,0.4344922806034537,1.0
0.05057654076885237,0.1982711456573367,0.03302468832851,0.0918438862559016,0.15379518969304726,1.0
0.08983718271279797,0.020655979250097916,0.03337454623746061,0.8927300870996594,0.6560697472603979,1.0
0.4137354806399439,0.16422449870274425,0.02338548641671238,0.843841878637751,0.6535924316151285,1.0
0.17598495255640312,0.12628033930501895,0.018764274068964613,0.3614710492371336,0.4486702905713657,1.0
0.18801450253547364,0.007364381892221911,0.010622656940310872,0.23251012222760647,0.7937884298201364,1.0
0.1268594338227748,0.20286551607656453,0.0016533713549248083,0.1750765918884864,0.8271278645764042,1.0
0.3483687487861867,0.20970582767575732,0.03302675861201035,0.06436117470403466,0.7994355085551735,1.0
0.09395449470377507,0.23299386431869065,0.01474286393041733,0.8877229169273494,0.6055085909602606,1.0
0.07262624631929476,0.2286675784475409,0.01992650485031637,0.007086313091320626,0.01926625652921293,1.0
0.07370942266689695,0.15008587047140814,0.024156786705755332,0.28008622735554833,0.569744494603001,1.0
0.42589562688820976,0.21518236893094259,0.010793454910913951,0.5292856764593894,0.5011322242967517,1.0
0.17791892230255046,0.14099466110077014,0.03257602422617287,0.1636482401253816,0.5509351176750598,1.0
0.27825702038650674,0.09205511764336416,0.033899626488106425,0.4159937719673778,0.13705144990416512,1.0
0.36956914444888844,0.1740200452661533,0.026459601264063756,0.2654505024717175,0.6424114469223585,1.0
0.08940367460662552,0.23313758244071858,0.026134000100810396,0.23144186844826856,0.11227170642976882,1.0
0.0513722620609996,0.0650104419637648,0.007209555761981543,0.008456356591356195,0.314820639323946,1.0
0.15451458430840107,0.12657191498747564,0.02636181665334057,0.5515290219771368,0.7438479159048943,1.0
0.27424479732655765,0.16276257789572454,0.028171588310660536,0.710481203406303,0.7919831457844864,1.0
0.3052755059870326,0.18451845616905777,0.011198858704892374,0.8747027505154391,0.3054068916993977,1.0
0.39032647015074956,0.06250793969099025,0.015127083722681204,0.3685549072067821,0.8981637607357141,1.0
0.3127447110500008,0.19871568725631342,0.022348721745403994,0.9437508038265898,0.8027050217267521,1.0
0.4279145176226998,0.1316191334845622,0.0017676289801264605,0.26075326637324386,0.6221078574502292,1.0
0.26324655215704845,0.09103790755457492,0.01916910632198132,0.002872973025379619,0.8485729333140297,1.0
0.06393113699080091,0.11004104839426491,0.017530027978620362,0.6377653077856927,0.5250378779119275,1.0
0.3923090326129164,0.11467072401495336,0.0036175842661223035,0.773055408292656,0.6604942643642852,1.0
0.19268438677926691,0.10321376859262611,0.019235513637169657,0.051543818486204165,0.29965880645370296,1.0
0.298324427618506,0.1053146071889132,0.008560345499975404,0.7454641525383332,0.2610300193964852,1.0
0.07037719020519498,0.18258655651201838,0.022855548645816393,0.07073629327185939,0.11592777254684031,1.0
0.2574311297405994,0.17181376603258156,0.0070533228843509075,0.7268613183109499,0.9361603708632192,1.0
0.08906237881960996,0.17020641996574254,0.01266477724056619,0.0502384586393357,0.30303635665714596,1.0
0.18560155475901288,0.216301669169742,0.018294417679774917,0.5174610109706405,0.006211104743829442,1.0
0.04940841641865869,0.12020835525583153,0.009850773092375364,0.39299058286348554,0.537540278311134,1.0
0.12877802888895865,0.24741337163867436,0.0029515702778990273,0.320074094669211,0.32210005348968357,1.0
0.30846663238061306,0.06268820587205819,0.016649157700625798,0.6452187032855967,0.32299973627026,1.0
0.4408730130892639,0.030798718354190274,0.012689876069627546,0.20876409773666885,0.18760280596155804,1.0
0.25415837155256066,0.1069873581088022,0.010266865685310265,0.279342952679386,0.9921360281843901,1.0
0.03507857960422137,0.16448111234703527,0.016533838654484708,0.6891252831019629,0.5973637448350129,1.0
0.031077753115682432,0.08804988010236868,0.03450680027636988,0.18310306364162615,0.12820610606714056,1.0
0.35006838684784114,0.1683961133709904,0.027390658177837462,0.6940278505210791,0.1366349116068876,1.0
0.3498176304692301,0.21651363497479248,0.009371998251246062,0.1283033301776,0.7813093531389971,1.0
0.01533633576607841,0.20647817734867674,0.01820369854956924,0.32730649929599354,0.012417676126317615,1.0
0.35688784848157235,0.12293676535625124,0.006090549676079646,0.3591471216217691,0.1661398423899854,1.0
0.12506221148269048,0.13782762831813697,0.008140224665615715,0.34432741020348234,0.4784529530725032,1.0
0.05875388180545905,0.010677543248436156,0.0022055967162639234,0.35082883900983947,0.7190832764587854,1.0
0.3543540722476271,0.17920290301914535,0.0011340786901107805,0.027721125108863265,0.1958381823225136,1.0
0.23957305426636738,0.010867188103145528,0.028289958491843525,0.4934691068768647,0.7282264123058051,1.0
0.22853700891193449,0.23141535618711306,0.03466818631108048,0.35985547132853135,0.1267382761089843,1.0
0.10128589975940729,0.1332204110983758,0.01386517844258165,0.4809689648725041,0.7634243884999256,1.0
0.24232615136323674,0.08445515108284342,0.027688669380102487,0.6398970957752886,0.009496225780100126,1.0
0.07740274162189546,0.18139397376055677,0.020289514672745576,0.40208119504545153,0.6943723627780513,1.0
0.3506559275240709,0.13679943986640497,0.02557160688882401,0.41450063983836083,0.7892370954415655,1.0
0.06264493275750303,0.060269808538892626,0.010179617069871387,0.16691563726310948,0.3931424718905233,1.0
0.2683971506060477,0.026302245281506365,0.010177251202909719,0.6658551253004104,0.39914657801021586,1.0
0.35926843857831675,0.24614337676945564,0.02021230463064324,0.07998810429214415,0.10380007124941229,1.0
0.30597647582406373,0.18836481046512102,0.02397596776130841,0.18043798409345813,0.4489137986639372,1.0
0.3899969703609909,0.060096543171846636,0.021262700888349903,0.1579448008357149,0.9583185962486298,1.0
0.32725917274314964,0.058547123112486735,0.021945834057870418,0.6596050427156338,0.32909967535129797,1.0
0.3985315333131053,0.21391241263324476,0.01224713946180039,0.7445959187536413,0.5599312641143549,1.0
0.21536386328104937,0.15046502584424903,0.0056122413732155,0.40943838588433784,0.17849409022595805,1.0
0.05838872662903806,0.053911405700282994,0.02758559469678234,0.5502866257154926,0.02461947539372276,1.0
0.4093513097723413,0.22022688966987677,0.02898257401769294,0.992224226358136,0.586815553582395,1.0
0.4270310603931409,0.07899644389535639,0.03035674770589961,0.7926801928932183,0.7760229786236845,1.0
0.17350131445421818,0.10061368650595809,0.02276177851292364,0.7380667332765277,0.8798573655549569,1.0
0.3248814913494307,0.23926630167755916,0.007073373044172238,0.9503895073329062,0.06512729055158795,1.0
0.04149843369664689,0.14243224282433598,0.014263730223494463,0.08252782207088448,0.6484686882191641,1.0
0.0792092507153716,0.17391474310788346,0.007087616671022919,0.1382590528659612,0.14821590325822098,1.0
0.3506770728488448,0.1496265316669796,0.028517949402620334,0.5918858637292989,0.7975239261011383,1.0
0.17654095377773285,0.03833560205479678,0.0056034915979685605,0.5978801190599414,0.5475559627894866,1.0
0.3970651282377854,0.23923034374509292,0.009609331865512258,0.20767604797016595,0.2147079304552397,1.0
0.3840990017092269,0.14939419187533834,0.0032968166789107776,0.47350610608689514,0.09124135134506449,1.0
0.18218054389418933,0.16243981376170177,0.019681434876745434,0.8748800275567469,0.01725890748280687,1.0
0.011173595089172941,0.07676816729061513,0.03090854669810516,0.6907237575054446,0.17282468168777715,1.0
0.3251349772591156,0.23439848701354282,0.022566920773418927,0.02565073602149436,0.5002021578365873,1.0
0.022453018163239677,0.1500291480357145,0.027415344685354434,0.0370244949409079,0.7838056816945539,1.0
0.33864211278759426,0.06193736480620942,0.014382245486776591,0.12063107638001175,0.23965205928423203,1.0
0.14442705115201698,0.04458493213610614,0.007416201134418874,0.901568929392368,0.7841097212007903,1.0
0.4264919492269514,0.06049175548528865,0.014831895417301724,0.8137117861231361,0.443443483833423,1.0
0.16647242496204828,0.12567954702129572,0.022101909044451473,0.40620089308194174,0.43187302678885425,1.0
0.24137093698941786,0.05564460220861705,0.030495891415674582,0.7476197031960351,0.4108687094257699,1.0
0.004141177872408485,0.08677781643795675,0.01597023903699081,0.4703287090381516,0.7489827462326285,1.0
0.17161871156881855,0.0882993625324408,0.02175751770373347,0.28197236057738734,0.14220898348137406,1.0
0.36447895060725094,0.23966638870300783,0.008406317875253167,0.018791405754700913,0.43782431416236833,1.0
0.06310807715341975,0.030179195185814994,0.0033443946643586303,0.7652529809330427,0.7861406072997054,1.0
0.024928038459928904,0.18109879561798575,0.016253379487697363,0.15873652751466835,0.2958308844741175,1.0
0.1490135110490868,0.2424675574586565,0.017141219218044776,0.3727783597418915,0.6734922635390687,1.0
0.002095236901965071,0.154999950876885,0.009288145142147146,0.3758584079463337,0.7066425418441095,1.0
0.16652615972563853,0.04268517760744389,0.01818639436642361,0.32004665748369604,0.913014880599667,1.0
0.3898178333825152,0.09815507609239432,0.02913286356879066,0.05748036526990655,0.2988209065424469,1.0
0.015210931140978386,0.2297966990854566,0.025373537309589116,0.6254849544040021,0.5329603166024212,1.0
0.2877719812425176,0.2068183688902857,0.02129421089704796,0.7488321823477715,0.28169707377790515,1.0
0.015321846588225987,0.09725757222405156,0.030989684751125936,0.18134243972350397,0.1421967548407243,1.0
0.19325942053205555,0.2334151211047702,0.029428064180099918,0.46462554805282363,0.9730021257807214,1.0
0.3932727706598692,0.06226818814121954,0.017624778526199415,0.030687496143076858,0.009871313073182396,1.0
0.05411383648705472,0.1374042510405936,0.02466425439514068,0.03320235164340962,0.4492926577465363,1.0
0.4004892135468277,0.07550829504981245,0.03412336200926723,0.8446969581600376,0.6509844370097725,1.0
0.3202885589135749,0.204232123998518,0.011312195746142948,0.9928372348421223,0.9087107503848844,1.0
0.32555063218315244,0.13147821476007668,0.02687163877469889,0.8271552216741034,0.024199332601885483,1.0
0.15207386972865045,0.22948579452545503,0.01454130182687525,0.8876247029867224,0.4629714787191212,1.0
0.40538968719506036,0.1406070214607507,0.013256466031021406,0.04536259662418898,0.11182219931577567,1.0
0.1648114943943622,0.15222590598034166,0.011458063890345616,0.0664621061310354,0.26554392858001646,1.0
0.4465291979738758,0.09885373928298373,0.004032644237413095,0.5815336996594594,0.9197204325536634,1.0
0.37646202082506924,0.23212971722948028,0.022642479115108295,0.9949278079228452,0.034248288309771155,1.0
0.3857977906154955,0.22925839729972927,0.01725776155961887,0.7879681676969794,0.1958853187220586,1.0
0.16203167341119418,0.1494472390148319,0.023969057243382212,0.3477215980794327,0.2170220610035691,1.0
0.29911680305324173,0.1695416841845298,0.026204775824819365,0.1274100719641333,0.8186988728642071,1.0
0.014696779434096991,0.08456386450932764,0.016868182700820224,0.361256872896428,0.1182994713202047,1.0
0.01202806631464951,0.024176213176788145,0.010054204002634522,0.8201502953700949,0.5271108724272631,1.0
0.29831116183738854,0.1358361295209263,0.005471473509691292,0.22340074046036537,0.22329983862961703,1.0
0.20826934041901654,0.09750868057765257,0.019925731877980794,0.9701456699967747,0.3148792625998209,1.0
0.21668613702420791,0.17944411490471535,0.02582986911141915,0.7293416506916275,0.20231806035880606,1.0
0.36521743627208275,0.0960010124646203,0.03446467398785758,0.365421955050407,0.49816916051462623,1.0
0.1957150473086899,0.2115622107115858,0.0062793580766324604,0.568097041707569,0.6189829757780683,1.0
0.2745308718068227,0.2400450665991574,0.030653702216871585,0.34939120840437876,0.8600465388455436,1.0
0.11648153423513927,0.15294199285943771,0.010581333019632608,0.6499177118031354,0.09454916174247488,1.0
0.18949910303930895,0.14723948749043275,0.001879321685798937,0.695746013755118,0.4964953627811082,1.0
0.14273491959690215,0.03730922318193219,0.01580458402786883,0.9440351421650769,0.22856623262715153,1.0
0.023379751271509083,0.17980684653146517,0.009106864351250766,0.45206554316910313,0.3683853474941793,1.0
0.15616629667778728,0.0881811146150032,0.018751591727011557,0.9723791814070474,0.4705475049881197,1.0
0.20823938869458736,0.027778281917859925,0.008825198439381968,0.40811015838154263,0.32604340419721456,1.0
0.30571187538625155,0.1449988045277497,0.01770180474204748,0.39787334767077775,0.6125802473921793,1.0
0.07397740150939064,0.07647597199577828,0.00682027695967653,0.6774216203057919,0.02574355308483905,1.0
0.4062710411649627,0.24938824390729963,0.017578076246155164,0.49587470294873653,0.7736253634752007,1.0
0.19273264537353918,0.025857142571924997,0.014631497010320522,0.983838019287746,0.7538796475225578,1.0
0.33597583292610017,0.1524194078798405,0.026643508319526277,0.6594325812980137,0.4646019638720065,1.0
0.23455994864112537,0.0653648750014562,0.01754699577903294,0.1469892705151649,0.5658297038710708,1.0
0.13283003866976478,0.12525800730381473,0.006525892602733746,0.9624175037522832,0.4474973710774833,1.0
0.014109275686568837,0.210970336414946,0.02227835312041707,0.41698874968645594,0.24628726653913724,1.0
0.42551808450800854,0.09582161670735304,0.005585786324893863,0.11008555252546463,0.0073556103615520264,1.0
0.44164652826985007,0.2482116204356385,0.02766270664765947,0.16302159451774753,0.9777317464572084,1.0
0.1507952046621521,0.17214690127021728,0.0026676723605313472,0.8259439601776517,0.9972999792112562,1.0
0.3519727445520926,0.0981881039710712,0.0032413272265323354,0.7928747668001889,0.5975609288178958,1.0
0.05306734217490781,0.07697564271043297,0.01326230922659514,0.6835964288361468,0.7879574179400518,1.0
0.13363781408754535,0.12391546573249758,0.001984671622764146,0.253734890230779,0.37462950461152067,1.0
0.21240962662602916,0.09175428988447235,0.022218650861997615,0.8287870614398833,0.24243945185180443,1.0
0.31751071870947195,0.19470720909087405,0.02906349363897801,0.21012188767813164,0.5397276942831712,1.0
0.1769857543360798,0.10804088946516736,0.03448398009262332,0.11393959338647291,0.7058963874721743,1.0
0.06870628896867381,0.1788988557658021,0.01697109954835504,0.8530379937899686,0.9075448645190702,1.0
0.02990892677297673,0.18945696392692857,0.0323319375495182,0.62172709223026,0.6012751844180116,1.0
0.38535882697046636,0.01255448664646122,0.011659326617078915,0.9259372022219283,0.9497953975867827,1.0
0.21490462624018591,0.0451799570488717,0.01759011255218885,0.10321061215796619,0.8726635728609998,1.0
0.18262314872587312,0.020803144917720298,0.014778183011765436,0.8663254167817188,0.7037025265447355,1.0
0.07279833267705295,0.09868481418616865,0.004446752811321235,0.9341071508012777,0.652639752586245,1.0
0.35483780060882686,0.09273307621441378,0.009325601914809509,0.5704149569977514,0.014358760987420767,1.0
0.3798684418997311,0.23208634140040652,0.012646859950158953,0.6427941515768792,0.22759661493046474,1.0
0.11505844904278188,0.1432677706482358,0.006838551987969853,0.9412913242039826,0.8870305589308843,1.0
0.34972163712729926,0.024780528552316442,0.026172270895984416,0.2831766704830914,0.13650612690718644,1.0
0.21194326120090579,0.13300476083088053,0.01869801266068931,0.06038853412391352,0.05232886884358434,1.0
0.2811152244175821,0.012746464572263534,0.013866937284185804,0.6132384282808669,0.6570239750973232,1.0
0.18990879533499952,0.13751618750559522,0.020671052770699787,0.3127332380170187,0.05477157703916999,1.0
0.3764203118372177,0.050857723808074205,0.02242865858141061,0.5774704311652756,0.40023344366377844,1.0
0.31458231646632717,0.006662624396354061,0.027407598494127283,0.5074918191837605,0.347672269793764,1.0
0.30904346771117497,0.07833647122936832,0.03442332163092797,0.6490597782250416,0.6061739327414397,1.0
0.12641413237478713,0.11229652657928392,0.022441273946529,0.5132508670996474,0.7632699005379199,1.0
0.31626849088183545,0.20433266467589947,0.027011699169820415,0.7710757380034454,0.8886185502049032,1.0
0.3140390155469723,0.24220087207799879,0.0205041220957343,0.2180989956724082,0.9987550519684387,1.0
0.15166540612131182,0.04384348491587478,0.016793437537502322,0.41945713360134734,0.4917496556140622,1.0
0.21576764923956707,0.12914195522719737,0.031147191601227916,0.8179402360208174,0.24048230919421879,1.0
0.28364531689872097,0.21136760613554248,0.019796903828753605,0.2119657430928323,0.7416137355846315,1.0
0.25469960929644025,0.21597070733122495,0.027664239999927117,0.6682841393313576,0.6650939103541951,1.0
0.23679897046753723,0.1165164895163179,0.02512641562295647,0.6108839869887609,0.49049058173824256,1.0
0.31616602610527134,0.1618536440739134,0.012636446483099122,0.35696684304886167,0.24747566175111702,1.0
0.38723041192805646,0.14070120832364197,0.014656206982989485,0.7370884384327269,0.5282004479498712,1.0
0.0257500536510474,0.009537147779315306,0.020332774611094694,0.20407594346621785,0.6046998593866423,1.0
0.0630112827720079,0.11071144782319246,0.02441468083727808,0.8340297071022983,0.4968477459463209,1.0
0.2640238657579492,0.11417475011252488,0.02724546451815252,0.556020488138745,0.28014342212546034,1.0
0.2334684088199199,0.04520909151730355,0.020144458986827814,0.948371739786027,0.7058107446767984,1.0
0.3201820557064933,0.07136897143954256,0.019451420476402904,0.5270691680237652,0.24814348803289185,1.0
0.4240394731989345,0.06339903556744297,0.02823491948345352,0.6677032094321279,0.5330965033932388,1.0
0.09285226796516365,0.045565428274010576,0.020951004805107584,0.9734098135217596,0.8773620235122198,1.0
0.12390325438359359,0.040157107275318515,0.034173046624528663,0.23637462436321724,0.20211187185375512,1.0
0.2507277760250791,0.05723701946152748,0.023792405394266237,0.09791020408339446,0.020349696964861275,1.0
0.1648258334631219,0.24377906564082955,0.019606397959518372,0.7549713769124516,0.3221742564793278,1.0
0.43481535795693854,0.09008246168023126,0.03496802078099085,0.6387715410806344,0.7488428210522591,1.0
0.2897477553605815,0.12824055661413447,0.033517689946232825,0.9047703727417259,0.39727592632615216,1.0
0.39828083618475435,0.14800557874191567,0.00379200889884437,0.1616294504188782,0.07779737042912642,1.0
0.43965161610249187,0.05382965750482192,0.024489055799582545,0.6368917294250869,0.6315137199881508,1.0
0.2611266208786897,0.15675904904665294,0.02039378076593378,0.18697630480840297,0.7233375364776342,1.0
0.26644880530701026,0.10962857376792702,0.009509744166524505,0.8075816000371127,0.1767166741055117,1.0
0.39816969771621297,0.09078629924335865,0.011375199649192173,0.13834919673548324,0.9164114881180219,1.0
0.015270828382388017,0.128238854225841,0.003917164226199155,0.574176934267889,0.5094527566024917,1.0
0.367321406309431,0.06631697711440314,0.019410468381667767,0.6393998377539039,0.9623422290415914,1.0
0.41287478175727765,0.08935947799557702,0.03015286485609983,0.23659040072446533,0.7077722826729823,1.0
0.443736610150963,0.23853016356572962,0.016035263709590842,0.5244112827722633,0.5981770874557041,1.0
0.303837674407118,0.17494192470452447,0.018852600739059373,0.1485929517927325,0.9192667579477084,1.0
0.28349830375101964,0.026669060555829023,0.0059674241105193695,0.021517775714800166,0.36400071977290277,1.0
0.23517335466005954,0.16896024866087295,0.0239506412696124,0.1410335702502444,0.058280066018293844,1.0
0.29429771293388396,0.1396192300502844,0.009355923855018405,0.8109544517652717,0.07661032948076082,1.0
0.05506477960983809,0.1639574813918742,0.01520267678599888,0.7183849523822338,0.05314001027445774,1.0
0.06605017659715576,0.17091302627100796,0.005078491464597202,0.07450973962897389,0.713409675385429,1.0
0.10181433725125072,0.20635906408429236,0.028529402465479695,0.8542716320229953,0.326773789699125,1.0
0.34823296132016224,0.03510939323775904,0.02562928989333442,0.09838886304525996,0.9133373580182408,1.0
0.22249408539770038,0.12169758441212389,0.007166309626726953,0.34657145508219905,0.727396541651832,1.0
0.23865848564101802,0.04961622774184927,0.024472318606425257,0.3926418671602889,0.1835705851000956,1.0
0.2285526373426567,0.132481125230579,0.03436664494730341,0.36703973103332294,0.9430776638778872,1.0
0.28525993910241515,0.05937015718367766,0.0027596928611848637,0.43834605444685365,0.011160791033729366,1.0
0.2683017133067735,0.18139348643518383,0.006710243285425416,0.7327679122611,0.949776100768157,1.0
0.3533371335891898,0.17547743248682457,0.008641072975461541,0.3615290522136802,0.9493176958070474,1.0
0.35527210553639843,0.24220496009232464,0.008868855297430636,0.3223649806592269,0.6451568511816651,1.0
0.25747736572283386,0.2023634064991102,0.021755074710020257,0.29609789061221475,0.7243799792527257,1.0
0.402753287706054,0.026127842729073397,0.030358698547922787,0.49831161830849624,0.429218356484314,1.0
0.09089263008872162,0.11496370931014459,0.029890473740554393,0.8011542869765802,0.16388548595683794,1.0
0.38571993196947596,0.2051221295660835,0.01547150307210417,0.04904474750576971,0.9312382535507754,1.0
0.16307851012809835,0.19011922117522442,0.009975055326728767,0.8349131752441247,0.07697550925849632,1.0
0.4346394812082477,0.2489464304216692,0.032409348242181654,0.8708916430009032,0.2796013442332725,1.0
0.41762557062264444,0.13405875424927147,0.014670640249385107,0.11015798630463004,0.5910434437472997,1.0
0.18239446584850652,0.10210136059700244,0.02049258728428633,0.028756311811254636,0.9579080304903622,1.0
0.06425999693422717,0.0023666106375130097,0.030134312407114255,0.8633441684238694,0.0962112979131924,1.0
0.20210810183473782,0.04724033909351258,0.026017918652449734,0.058981705960016624,0.5501596230534802,1.0
0.20976097117782094,0.10676452230620484,0.0062074122061782245,0.22106120382325373,0.06574289121151616,1.0
0.4400747752660928,0.07066691610763573,0.011438868337545184,0.12797922410168894,0.7554090402922548,1.0
0.3555979911429263,0.15354134152910878,0.028649919130759594,0.4048260026999256,0.8596378577256067,1.0
0.0017743652710872396,0.12246073959446173,0.009996963586693691,0.08714668345132778,0.846349846705027,1.0
0.32884341242285675,0.24705983812829935,0.017388672068012014,0.3718692894114932,0.6062271215202387,1.0
0.1088731452051002,0.06342465585923052,0.02164405247895279,0.939939941033451,0.2991415357830047,1.0
0.44700665235567,0.04487931913642243,0.0036169177247603384,0.5901654836417255,0.025242721433211362,1.0
0.28037192213002016,0.1652185877721419,0.01835445848801907,0.38436429818315393,0.5766213868374265,1.0
0.36176343878495115,0.19839495622425202,0.023603226027508226,0.8943383506452371,0.8381872283418234,1.0
0.43054906915424407,0.22304383327716218,0.011911524103270633,0.021164234188432416,0.6043719708115292,1.0
0.33755543150117323,0.131625341362647,0.0036006747985321908,0.2454427328345211,0.882641232370403,1.0
0.3317646815598309,0.07369393347990665,0.0163897533034449,0.5314744264796969,0.25083127594989385,1.0
0.31235555592594644,0.022179810438022998,0.0137135205789483,0.7446329239050853,0.7219159222812908,1.0
0.35017597616073837,0.02780357836692097,0.005019183106714022,0.6578318109960485,0.6936405340272337,1.0
0.08228555812019242,0.12967614319834517,0.023468264102609805,0.22447587425518606,0.5174109377283967,1.0
0.09728783065347847,0.0945152891522852,0.008355519544614073,0.9030399615241701,0.23756208304806178,1.0
0.016784734875687515,0.012193414630426192,0.007513931988871776,0.6086003027956454,0.01863222463661153,1.0
0.0271169342041614,0.10151103380449274,0.002651609086215159,0.6079342348442072,0.6887358412534962,1.0
0.10173018599216853,0.21725654032847408,0.0244697976892515,0.057593569080520574,0.4413259419927257,1.0
0.14059137309738315,0.09600813470290893,0.02240653012808246,0.0564253992357819,0.9669681054674094,1.0
0.012975727841170886,0.0023254225280646434,0.014584848749979456,0.8843691121099023,0.819942317138711,1.0
0.24066826137867564,0.11273781223491591,0.014119273187631013,0.04737165771551455,0.9096117350488484,1.0
0.20532527654212807,0.12927670426651522,0.028001253615882817,0.22524661489658138,0.7101907783159284,1.0
0.3824491992339241,0.0031622160175036333,0.006793448469994491,0.47157580519271075,0.850689847074017,1.0
0.2680960079910512,0.053821359880332015,0.007275879658037953,0.6398045100322811,0.2108590779123452,1.0
0.37583055618561206,0.09806509246706042,0.013868054451225595,0.03710419655418269,0.2548304938461303,1.0
0.1628156690643562,0.040416430405190565,0.004596102947851122,0.0959583247725582,0.6594742996847773,1.0
0.23381593151533614,0.1255812855916257,0.006206652991387634,0.5011036205353272,0.06087783882377953,1.0
0.027054371747170472,0.1064590185285857,0.001019415917707856,0.7863642883444613,0.1670040183470944,1.0
0.02074600878939347,0.2053760463065423,0.02332568563573,0.25048598316700466,0.20321718962136429,1.0
0.3729528945457344,0.21562718053552843,0.0069597029038270765,0.35409459164464635,0.23825389251835163,1.0
0.29125577500048866,0.0871218847856483,0.00866305752239536,0.8661317757284743,0.7485696129726629,1.0
0.018598955141292787,0.2288674818585355,0.020541104851124,0.5042990018798342,0.011574760681753381,1.0
0.24520682124821427,0.20646321212279328,0.023287372665101988,0.7968969198973695,0.6932388168092446,1.0
0.10224239966645782,0.05132292607849389,0.02522641310613415,0.5018934057828855,0.5995620091645352,1.0
0.24679526045300115,0.19713566846888286,0.011841490101818985,0.8591314531560924,0.10856867657267513,1.0
0.40066949587953216,0.06392083784752446,0.01211237894741304,0.30613633671424617,0.5646994480632588,1.0
0.04947371896271117,0.22293051821735854,0.007959005391394922,0.5345459309775411,0.5952100910413243,1.0
0.04397483511679742,0.24295073789695837,0.023593419565079005,0.034531611869380495,0.7944050214323457,1.0
0.03476460786323555,0.1705072724139,0.01797796139952793,0.2057148813098123,0.8778245698167307,1.0
0.1287659293185352,0.0689206218662774,0.027093496421027742,0.7064125517101516,0.9032425397848871,1.0
0.35407770339872097,0.1436883485554959,0.011495106728190707,0.03641867827534289,0.819128602301259,1.0
0.28465262326049884,0.13766811607889332,0.0011512843139906519,0.9943492863098227,0.8145150264443286,1.0
0.30647327523883,0.11967196491110238,0.026315933223476848,0.13519421727307518,0.4469046442387963,1.0
0.20738520432882165,0.11316769056223068,0.005865194292492607,0.9765120821383201,0.016476650645339923,1.0
0.16867515202161235,0.15547371098735757,0.007108209711707561,0.5336608099002569,0.7230491959955154,1.0
0.4430056611991541,0.08483846128708428,0.022842124068766467,0.11160913832838913,0.709776902332605,1.0
0.04827302890644944,0.03233992543814649,0.010555612089165741,0.012923879559953954,0.9860652430428926,1.0
0.2738076630336319,0.23978158024325738,0.029288994646860522,0.8144286880373811,0.34016286753172403,1.0
0.13199034395587844,0.08732724468230366,0.01356329788623492,0.14086368529161275,0.35659191483939146,1.0
0.1398969550972497,0.0421713950712294,0.013695953538068921,0.48142686544321944,0.7210076582804612,1.0
0.09201006895641257,0.010127193396891044,0.011329183741440355,0.15797916855409186,0.39639269073647837,1.0
0.08230104553644421,0.08039961191231926,0.025653886754865463,0.5096736000790597,0.04488421542981154,1.0
0.420927050093165,0.026688083192018087,0.022593154765129998,0.7925333231920706,0.266173623662199,1.0
0.07728293538455093,0.07190281843361379,0.011601949050063055,0.9964385555736593,0.21535772292273933,1.0
0.41663545542915326,0.041320742761267834,0.030895517267399784,0.6508061710190433,0.5772846365724482,1.0
0.32697353175947447,0.028521021165160115,0.034981847753827434,0.9419478367222799,0.8966953708990543,1.0
0.23573330776820905,0.1345333673865354,0.0015078561037599031,0.49997003244349747,0.6241457980922599,1.0
0.15013061980803952,0.11834930522309382,0.022634560626527533,0.42887720476490654,0.9621730637845417,1.0
0.0015719120666498323,0.006796590889080999,0.02447020691792473,0.4132324524479572,0.8396314782630541,1.0
0.007208284409479046,0.09763250517831436,0.026026179546453265,0.971756005644191,0.8837702254717044,1.0
0.3659549601551686,0.018512284009035897,0.020457259817886035,0.9243741146014557,0.3969887623432492,1.0
0.10008760843136828,0.027302818573814985,0.018841919426777837,0.9073396251092432,0.31196793952599944,1.0
0.07696957238024614,0.18664702860423396,0.019938916007172656,0.17584195841897785,0.718369162188171,1.0
0.2324304178854047,0.057141441773025985,0.005497992336329883,0.9572977934113295,0.656156725720896,1.0
0.31393976754355846,0.20753894263287995,0.0065246878714633975,0.49745327432249736,0.667457645731791,1.0
0.06833067024845534,0.15886166596848567,0.030535997344629882,0.660755762762656,0.03716860864261955,1.0
0.06363859850690404,0.058907996154569944,0.034148887584760625,0.7712619636567215,0.9366401036981281,1.0
0.2936287792764368,0.07185369671688849,0.012113969017783863,0.9473238019713254,0.860764990539489,1.0
0.168597070511696,0.0751259031786953,0.012088424849250136,0.8608067988224969,0.011496349733257,1.0
0.42433501565903065,0.1361164524405194,0.01631515686489272,0.3130574348948885,0.07483871723204193,1.0
0.041615826061655196,0.03254815799914163,0.006559562500293174,0.30272740265219417,0.012005663315539926,1.0
0.05659477261196157,0.09640406921753718,0.03090393703030254,0.10746140222057149,0.48412064750236666,1.0
0.2510762181913289,0.05337555526026725,0.02600732406802777,0.6816597218046403,0.3628237206403774,1.0
0.004531245763346162,0.20652282789866575,0.011932950293008332,0.1386321287072987,0.5190326749368191,1.0
0.004807908170556573,0.014979741628427204,0.015179527707892462,0.6762899408483083,0.47662435830828315,1.0
0.020793965436327687,0.08569507654129215,0.012945828239216505,0.34078709876035534,0.48819822621126724,1.0
0.14372929476486498,0.18637631845141844,0.005979826023488428,0.5611641307783163,0.37571293763987956,1.0
0.04937963791713999,0.23841224884346623,0.03181127997126045,0.8265699079863383,0.8928900405646638,1.0
0.22717107608583,0.08015938053037432,0.031171122004341394,0.190248244816967,0.22072540978683036,1.0
0.04091594693036301,0.1833594270522433,0.010116327802680162,0.6612744299018802,0.8731647485742998,1.0
0.09649499624546296,0.013242215859264933,0.00251687503763224,0.0897230701319939,0.5802380945572462,1.0
0.11015503285075827,0.05560733289150061,0.03325177208470537,0.11969775931618232,0.305509596361882,1.0
0.0012018372073406805,0.2303173436814554,0.004369352085843531,0.6827881300854863,0.6292366116853259,1.0
0.2934730910224065,0.19257746688677888,0.015322452698809937,0.4892157900570716,0.701960440062255,1.0
0.23068080906975724,0.05218404310758278,0.009775680867416764,0.3591387438183341,0.01027510103807968,1.0
0.0022430456179968537,0.14168884354441286,0.024936978145059865,0.5625864829835113,0.693826453231671,1.0
0.02768944600465499,0.17491714777801326,0.0282986050305302,0.7179838693185051,0.663349230310998,1.0
0.33307587668247846,0.18136999709352475,0.026092288241403555,0.07494568770776565,0.06420827994313008,1.0
0.23789092483240926,0.1908921444265102,0.012380065838894427,0.2758419595570012,0.781666859810411,1.0
0.36955777818969404,0.04510625388028961,0.013222099777664212,0.40167453381696394,0.30021093686033523,1.0
0.1067436567617403,0.08507573616083955,0.011663246413906534,0.7857699409807299,0.04832039477393654,1.0
0.01784443955516912,0.23273124396612332,0.02786712085905728,0.9821794376387755,0.9102503711643225,1.0
0.31152095213643055,0.07733196778212369,0.031199180389607218,0.41134211709737406,0.3765116543623279,1.0
0.3766963891413146,0.2416369747877111,0.0032605949095311933,0.24409553916082102,0.30155689011917863,1.0
0.21343539063089267,0.07357663458861777,0.027875314386930968,0.22402090034057143,0.6968207959858139,1.0
0.27206050938265425,0.08918557254731238,0.007388302234686146,0.1352118482092923,0.7444305644099125,1.0
0.021797478474148067,0.24597603722871245,0.023824308221625665,0.8443383688755502,0.43875048264569444,1.0
0.09058673439493314,0.04709889461176521,0.031271380982192204,0.8918253469417224,0.49952046601354316,1.0
0.1380421897332691,0.18878393217058245,0.029763724872044317,0.34830709299707224,0.06217244813505097,1.0
0.3330341716057938,0.10657965429005944,0.02082531879500756,0.9873841260265592,0.24575360076029973,1.0
0.2753212256896265,0.1377276918100913,0.030550404970089057,0.6054025243901943,0.5083821323688987,1.0
0.31674093048274804,0.03389473301218039,0.0019033763743836047,0.48904263190039876,0.5728728268755846,1.0
0.3208347307104236,0.21229898973666675,0.012777193327045681,0.5094057678973876,0.9742947216711937,1.0
0.3634734007362704,0.13197129031837954,0.00861470295202218,0.5808382185736719,0.2188439663419512,1.0
0.10691731094753112,0.0490928142564175,0.013611320024780748,0.8887083069054789,0.38846522052507715,1.0
0.25047024603908,0.0028960613514191673,0.007417048238709315,0.9313467671628284,0.6045692727515208,1.0
0.14024388911625035,0.17942403219240297,0.027248855436506837,0.9757239031335192,0.01915830668579174,1.0
0.17682400770427015,0.2096601090304719,0.019520239219516854,0.5650848934903321,0.36001851029826365,1.0
0.11954209330618719,0.12356810515847301,0.020045932958094165,0.7427785723340609,0.4721637017044955,1.0
0.21889704926024095,0.16517083860269008,0.02392087819107704,0.7097321189687146,0.8234764940664657,1.0
0.08778189557758208,0.17023056956314478,0.003622014838733504,0.21973606743872284,0.7923653711361344,1.0
0.22462183127539648,0.24686183270239898,0.00899586451886321,0.02053319678639862,0.11226123690832626,1.0
0.32693809095401466,0.19417968596420573,0.02022662443647987,0.2557913522994632,0.5222201526322968,1.0
0.30712862329106655,0.1539600912968828,0.0017410823389724817,0.8171946219991628,0.7636631086269596,1.0
0.28628411613390536,0.1507717479027783,0.00586812949371359,0.1940660418132515,0.6835229300919015,1.0
0.25975165999374017,0.14238547324432668,0.02298717761993051,0.4411377218779507,0.0551178714578424,1.0
0.4052132423429325,0.20143175329749557,0.03253240133162023,0.15367875354727817,0.5064517992817906,1.0
0.09525655398684553,0.05104158957797354,0.027589119709855277,0.6721800651351544,0.647540349278345,1.0
0.22853947148699588,0.00674441841884263,0.005418165788414549,0.5187326118980304,0.3103626033562809,1.0
0.21269664074688777,0.021807474932855814,0.0016066398066806222,0.7255326159738237,0.1723352313122636,1.0
0.1912894429656613,0.06675108669921269,0.021963620711370445,0.48620681471654004,0.11233915087575284,1.0
0.1922106256319974,0.15309774557773584,0.0011340393061111786,0.6267736334031005,0.28356700717390354,1.0
0.1346765511157591,0.24906892541591846,0.008848638700195201,0.9129467418877674,0.9180486651980869,1.0
0.13749739886998696,0.095877851177799,0.034637528971321135,0.6191774311102685,0.5452354575828179,1.0
0.38168152064826455,0.02186755849599255,0.002597060479168966,0.275583228031874,0.47631281645246065,1.0
0.35574538078819457,0.05021040398195491,0.013650703966527403,0.7804600243542639,0.5275653550216283,1.0
0.17882878600257168,0.15685801532291702,0.03408967294350038,0.6621502428015527,0.017178967069165545,1.0
0.11363829854829649,0.2156775696392399,0.014052256879688712,0.20041542271654592,0.46847923932372426,1.0
0.10688384833553491,0.14374218839259975,0.027089773208929906,0.8351194197857157,0.39827220059992063,1.0
0.21830477431103346,0.10901158778006809,0.007697284240603341,0.8962487562429761,0.9741741047676682,1.0
0.3582901245559872,0.16178342292744313,0.009888832777640872,0.6355209621645301,0.129514548491791,1.0
0.44707659469846495,0.15945609475620637,0.00960956923412994,0.4505839219478622,0.9501380941155426,1.0
0.40529959486905254,0.21733349029663696,0.012701314747088672,0.6963129950730255,0.6608380052788099,1.0
0.16530219475610097,0.014006888126035047,0.006815334197825375,0.6169371339860854,0.7753250867104562,1.0
0.26307303171664875,0.02210477828300823,0.0015878133243176244,0.7823596155647506,0.5498270577556729,1.0
0.0740920192042456,0.10244836952201473,0.032251755760651084,0.17242639325591852,0.06246537690873179,1.0
0.2679468169391686,0.2380555959585756,0.031819926315865776,0.7496809598303504,0.020138080640373934,1.0
0.40334976950513046,0.10897912094050484,0.03371295446684182,0.6528354926633385,0.11034767041525134,1.0
0.31333209390467126,0.01727687408766555,0.012718084090406093,0.7173639819909323,0.1579142909447271,1.0
0.310769734787788,0.19410968456416436,0.0186294009900643,0.9569006701723096,0.9254055279401975,1.0
0.07296321013998375,0.19345995940710564,0.009266745563366896,0.8429784886891059,0.5875571968139431,1.0
0.25081612800356234,0.13366938334602388,0.032440916760597203,0.2151486867118013,0.9282302940991247,1.0
0.3463722734083514,0.22999736454717973,0.014397774493542006,0.073994119808272,0.8048628639622164,1.0
0.15197956720681563,0.13012972813579063,0.028521948312345086,0.19285093427286942,0.6293467806348787,1.0
0.07931267276216433,0.20802861160548894,0.012039148294797509,0.9344916895393612,0.5693649359499822,1.0
0.19106436895449222,0.10076705157422004,0.028810853344461537,0.6778233486366398,0.7739164409922991,1.0
0.11838531389152822,0.02262943941351731,0.027406303659457523,0.41586115408718644,0.5097143685045863,1.0
0.19458089750978885,0.1712909946898946,0.021696959935792695,0.9720817448456612,0.13976500374158243,1.0
0.029394833367638977,0.20217168625834178,0.021954585330537166,0.42895043717654535,0.8024334189893021,1.0
0.10327595679573778,0.11865268951647388,0.0034082810856695326,0.8979632485297481,0.7312274163597267,1.0
0.3936474935042806,0.1981015746149558,0.015682988068616954,0.11951776512392417,0.3739914152009718,1.0
0.4271416305628895,0.1921998455154251,0.007950639824427176,0.19525540860569646,0.8798917393698397,1.0
0.26327772732228766,0.09518466888748789,0.011268374270680002,0.6777046436513035,0.9596095075752858,1.0
0.21928700430259773,0.11073716554235188,0.031860582402961156,0.5785289913752802,0.49714238404312905,1.0
0.10748206389115737,0.01687013640614504,0.0300737889765017,0.6076544389987574,0.16571222412384376,1.0
0.44548014715269935,0.15897148448345017,0.022627812792882163,0.0730914995455133,0.9690227425096879,1.0
0.246954316576186,0.0780378401962675,0.02473387776512712,0.8335410200773973,0.7863352884134303,1.0
0.2869480740014572,0.08098513245815746,0.017929538844330146,0.8165008507826659,0.266077244628162,1.0
0.32645072656658536,0.11166242920233728,0.028763393436450572,0.14453990257282992,0.3363607666862573,1.0
0.31434279848175684,0.19007297411833574,0.016504091660142915,0.47855134702253666,0.13289985090634035,1.0
0.4465506174860621,0.19470253836712054,0.008585818988379356,0.6234996168546414,0.2956618538535887,1.0
0.08174046218946927,0.0265457994936965,0.0076617068213186024,0.7958088170275545,0.2935393018964013,1.0
0.4270392871244041,0.1439940056518759,0.017503904028341857,0.7503770484146735,0.09799304975319692,1.0
0.22497224312449524,0.20793177628919604,0.02868340044786418,0.8484170944901313,0.6981750549398341,1.0
0.3727178152831786,0.21844732139856213,0.01733647615039967,0.9856762459808829,0.8749433068541995,1.0
0.03211013031085076,0.05689852066710217,0.02739755169879369,0.11204310274168607,0.47033026625294394,1.0
0.39537772593836135,0.21193135186047649,0.02698544931603092,0.4082865483685878,0.14310700508795476,1.0
0.08239859149732423,0.14076730636874532,0.03434305820375371,0.5507594660314673,0.645911310393187,1.0
0.3738443725963017,0.10931018884865515,0.01791533663578492,0.17679604191066536,0.6150652078497645,1.0
0.2289235122510261,0.19187274118396455,0.0015973767591875446,0.5643516110577887,0.17427157229337903,1.0
0.016586262759062068,0.043196227286289655,0.034545399371763166,0.9985242384381127,0.7201280719697578,1.0
0.34987612194157003,0.22424201377410527,0.01865637202522388,0.03624871541828351,0.7096864247594726,1.0
0.11686577723141063,0.11640292579981389,0.01328332963574356,0.3910770267356335,0.7216785938814816,1.0
0.42354677233096827,0.19762495498712654,0.0019399988529816342,0.8187303331516911,0.7730845650162199,1.0
0.2240710111391397,0.2090461989632714,0.01544269983154319,0.16030288095000514,0.3135859340161836,1.0
0.30679550431350117,0.04553946416017047,0.02292226283871544,0.4665009803164981,0.83982126848237,1.0
0.41848196662165293,0.22521681284351136,0.007299777689536777,0.6864801859995318,0.21541012437165444,1.0
0.2864396963869196,0.07423530587613113,0.00947020336503922,0.4301480773903846,0.8009222484896699,1.0
0.015985925274166025,0.07626951665225412,0.0153769327579704,0.5859964314307989,0.15037748180588434,1.0
0.3986330622350135,0.11966033083999873,0.02630086968547694,0.48529372798984355,0.4655175938240631,1.0
0.11745466597313828,0.06320072272725624,0.03463803106631471,0.869123017309903,0.7380171415531949,1.0
0.014570895321960231,0.04467771354507615,0.03288285279325568,0.8164734804787389,0.5235529364760878,1.0
0.06681536420313315,0.14022845956150318,0.0072295522975561344,0.3071221761995016,0.9401948839442624,1.0
0.046707654748133154,0.06313640758467368,0.02121325396578972,0.062291434553483564,0.550534562704086,1.0
0.1316442644173763,0.07398762205115572,0.008788695138182407,0.9357406938258467,0.3894822695583784,1.0
0.13640698383982802,0.17596333709931117,0.004449003215993846,0.07256990155156931,0.7445394768213044,1.0
0.11998559992715735,0.08940663146844739,0.03354685704531596,0.105225964700319,0.18396391948012433,1.0
0.1276624088189308,0.16260312860941958,0.024480458580187273,0.5268616958062051,0.611586104101367,1.0
0.34241387692259956,0.011482525963721164,0.01163830544629995,0.6847456113534992,0.3303154627675071,1.0
0.1559110293815821,0.17816219817537715,0.0051474854186128035,0.7249067328474429,0.775680260641218,1.0
0.11066108780260676,0.2015185439415703,0.008291045060467822,0.9059151312191791,0.70693905344294,1.0
0.3598799162790867,0.12710195154961695,0.01639006247464375,0.4210906815057883,0.607023436374476,1.0
0.40329350046032775,0.0689632584238591,0.022446393278954407,0.6866562688566618,0.6751223426471057,1.0
0.1765691241434618,0.19083232544970583,0.011200333337387246,0.20884510923584487,0.5462833645663637,1.0
0.015921690081278025,0.013842360102194048,0.02463035789715374,0.973172700146081,0.45523369524244894,1.0
0.3683193615276795,0.06609753834645624,0.03485129969453194,0.563700901661233,0.23339991601154053,1.0
0.15158619105151222,0.19508852417211,0.004597740117473897,0.8571457143155157,0.7675695573698705,1.0
0.4028521919727075,0.05821467791282723,0.018714197445773108,0.850072297946211,0.3780105841439954,1.0
0.13194382608579394,0.061238157557227904,0.030582129035429555,0.4643825030597391,0.6838606932088669,1.0
0.13533534572095648,0.19053868982432154,0.0017739801316365286,0.10501205913621664,0.16270322491327482,1.0
0.1819412595930909,0.11977695679233134,0.009341265773635515,0.0671491042905258,0.6778455687484031,1.0
0.36445231505156744,0.23235955146264914,0.02515254306442757,0.5963645567575571,0.6573615107993042,1.0
0.4193356060938587,0.24111216192729787,0.01550819582487954,0.6174620969722697,0.8030042466804381,1.0
0.23763014665564433,0.16356620861460672,0.025384985291077775,0.36942061998688486,0.29634877619098066,1.0
0.25145918152465535,0.22990655463077825,0.03146325712461764,0.3606059612305347,0.25859728479826444,1.0
0.3265160281916405,0.12682961795323558,0.014227028824321156,0.1246741058414298,0.7853534505031443,1.0
0.1702198742023695,0.22977820604063307,0.023428872018003314,0.9293096279769025,0.47493804787930427,1.0
0.42182044135102176,0.23998806563263977,0.03366608884188214,0.8190784965135355,0.46294373867951427,1.0
0.1731649556937449,0.23463607538792935,0.013360846032730198,0.7569607093967139,0.9230813467400167,1.0
0.4265056919470349,0.1392093418328467,0.017723922538129593,0.9876528682592183,0.2189610253757265,1.0
0.43346885168787996,0.17260951063421823,0.01923433633313737,0.13291774304846438,0.5137270087673129,1.0
0.2716982041835536,0.10175252698744416,0.019737502049814365,0.8862589419307667,0.9129358124741923,1.0
0.27401939009301063,0.07052145055802486,0.0163369000693882,0.22066275414635977,0.5319407896037096,1.0
0.15268869452271713,0.06875745685902339,0.006134870625469366,0.1404041225399536,0.7117496545984036,1.0
0.05397168247684567,0.2497190507513079,0.00983716106422794,0.896152267112704,0.6095767677981655,1.0
0.25285259126333626,0.046021987569932254,0.02979975342938849,0.8281447937202974,0.3503357798849172,1.0
0.2448250759966481,0.22735323599945612,0.02829602862433491,0.04195477403222876,0.879396696219067,1.0
0.3342281349786716,0.030858469180919935,0.02845078025446209,0.6478415535809623,0.33948749120445826,1.0
0.2549394431154746,0.21337905482383115,0.023783867451864255,0.28922758760122325,0.9750436771651755,1.0
0.23302310358008008,0.1014738974350605,0.005635702904641371,0.6865266671561255,0.4313683988078082,1.0
0.4343286287098853,0.1921425729821378,0.009244821965886198,0.7162637011231624,0.02140132921409044,1.0
0.22263473662364758,0.23424817282141142,0.013843841405082814,0.26391043087936045,0.9950612824172832,1.0
0.3885689615422867,0.22785323384123116,0.018627936234568397,0.4562582115936685,0.5533330688175778,1.0
0.43413244398875905,0.08275220523305933,0.02611343299207479,0.2860891028126695,0.6113420882901739,1.0
0.3990323597729207,0.11273032988553244,0.013571693207240313,0.25419816039887694,0.1342837532477694,1.0
0.39251803433178345,0.10528356953644892,0.01178796763758155,0.7393931123418284,0.2163688871543128,1.0
0.42122298310389783,0.021315833461686962,0.015097460128276393,0.5771744412024096,0.231030454898991,1.0
0.10060856877215034,0.08695120744309975,0.03154919567266724,0.4321557592250934,0.4184111875069083,1.0
0.4338879613949709,0.030207559618734097,0.03064376431193846,0.32783390666024753,0.956555080113648,1.0
0.03821058910208789,0.13049042920377646,0.008747429696536952,0.7532368256579025,0.6576483127096264,1.0
0.08787678038617586,0.1774489359564,0.01158525491733147,0.998675354032011,0.7320358954109323,1.0
0.39033588286778104,0.14773861323013734,0.019793495470368138,0.23807828720257418,0.6784338833300996,1.0
0.020344099887646527,0.20419938729611947,0.0027636876660572236,0.6726278227176854,0.15756417059343028,1.0
0.38673215468747757,0.02451046772942251,0.02368312307078911,0.6130061237435992,0.8676622166099365,1.0
0.3601045895814764,0.11308017798859073,0.015573893024770349,0.36242256648903504,0.38618857204972196,1.0
0.04895312049263614,0.10684140159836653,0.02316736131202378,0.49869416108487624,0.16666363938077317,1.0
0.1998897918172425,0.16754982884360908,0.03162605496627493,0.5508251370752306,0.6766917599892468,1.0
0.4295556961770693,0.0794869638985252,0.013045919489389329,0.22361993786087112,0.08558540169378365,1.0
0.1089800466860716,0.07138924610098296,0.00718107340461327,0.9749103950185812,0.7812537624819252,1.0
0.3879137918070262,0.22666790308677015,0.017287157762872565,0.1713708959197434,0.3275534540231868,1.0
0.32299309308300905,0.007392498890528265,0.005829435307211221,0.6832022351346061,0.12431891144664099,1.0
0.05003760891042469,0.17297786410773097,0.005737058819759803,0.14715805677534488,0.2310698965623402,1.0
0.09095845760508843,0.009808473784327592,0.03179935408958198,0.8764421058666318,0.18563418189557593,1.0
0.08566234957819478,0.18016410020147075,0.00950030206243389,0.9315183076211236,0.8278133833591853,1.0
0.0050132628964572245,0.22103368219775,0.025743895982106843,0.7881194891444654,0.07275337936741905,1.0
0.3622606736572405,0.23920220368310663,0.02073599607460281,0.5085338101472723,0.42597139319192984,1.0
0.4144487658168616,0.15033900713029288,0.008727643811283554,0.018556376358867567,0.61949400514926,1.0
0.03062289963046081,0.09999523103137513,0.0329615954867507,0.5021753188609485,0.22143757155880447,1.0
0.18425466522146802,0.030205089089781242,0.02346693629084598,0.5925721647633839,0.6480751549877117,1.0
0.008485758661464511,0.04444124954201359,0.006629448066159258,0.09885353481169146,0.7357402974250781,1.0
0.30101913897920457,0.04541918710376518,0.005022546060429496,0.16336751856746326,0.508895053081482,1.0
0.3655542621658789,0.03301198916069302,0.021950349411118227,0.774065759811836,0.3130927663363765,1.0
0.07101973741686472,0.023798103242553725,0.03116520565477105,0.3773249666918743,0.5238252565306502,1.0
0.167802791532205,0.16262656100227557,0.003607115009426883,0.48142474192103185,0.09742244720413733,1.0
0.13271003159036543,0.1796783671678497,0.023919542333834632,0.7473330088421347,0.06269329219009782,1.0
0.025434592890686246,0.20661120006834935,0.026169143738338212,0.5921700287013281,0.4394183079798422,1.0
0.3331961536677119,0.035157405536961325,0.02794950408066959,0.07947844043753029,0.5010455959864062,1.0
0.36993829696147723,0.11631444430517038,0.009053174637214938,0.4911689558411499,0.25095790232668297,1.0
0.20866617421482653,0.1953456164538482,0.009163063857045985,0.20078519900614916,0.474711154227393,1.0
0.10397394216754213,0.08907252363273528,0.01757941022707095,0.2701672745141387,0.561075858213698,1.0
0.24513363014956335,0.07242304091237152,0.0031073530480787066,0.13752963844357532,0.5616561511786434,1.0
0.023300906655777682,0.04720190759865693,0.011848763203003399,0.3204533357716219,0.9584486071637831,1.0
0.029071636916119893,0.08890069249876745,0.0055710270150091026,0.12745538317065333,0.4080432104560112,1.0
0.04218532249375642,0.1514715539274349,0.018057792044691903,0.07802256928235407,0.8628817295401302,1.0
0.43265997244128357,0.23295311950652509,0.015759285291437594,0.2293383734978966,0.8350178598176923,1.0
0.07443426190741291,0.13835032123891636,0.017639683051843037,0.8501678609351424,0.7295520984594928,1.0
0.3308816076619311,0.16090156520130144,0.018006023177418434,0.9875657362069511,0.9592056591761722,1.0
0.349118326989702,0.14481232797950952,0.009831614257891032,0.8755635880608769,0.011805318744078759,1.0
0.18227586784292696,0.1469531316532839,0.020069896892252102,0.1766400105588994,0.10569340161371825,1.0
0.15757024621452115,0.004499368292101466,0.0245434978986951,0.24847970830175395,0.35205303211181405,1.0
0.2308115805944563,0.21509013080155814,0.006079258419188401,0.34138638611803873,0.6923367789240518,1.0
0.37366040718783844,0.2404944599838592,0.02165966488778769,0.9565518626596906,0.413648767602316,1.0
0.048705760326633415,0.009826286814942655,0.009313146816574153,0.47865052844404654,0.5081747084720262,1.0
0.27614974792298097,0.04612026283475859,0.012091178769149405,0.19651380567413812,0.6969669363901474,1.0
0.33150939348360436,0.015254794228320772,0.01546231072799481,0.9669916204024391,0.05456589519165725,1.0
0.019138800266173633,0.03751667692172919,0.01672589935348375,0.15835588428636854,0.5192366695388793,1.0
0.0909829936306446,0.02768944091833725,0.02905940310742037,0.46080957756634144,0.8827284877452937,1.0
0.28276187032900324,0.2309050750211144,0.0068376571812288015,0.800927830746098,0.6318852330952822,1.0
0.07764131188394557,0.10908753111391606,0.005380465768216391,0.9601220258773793,0.06362903123717434,1.0
0.4042721302895843,0.07588977488628107,0.021298681116803105,0.2881880533783995,0.6491096172519041,1.0
0.2070323866651097,0.1338395515203182,0.012343858269762422,0.2524489106576831,0.14106646100354558,1.0
0.07655893948149603,0.07373947140584802,0.012454897996961593,0.4549124301826904,0.7028661308505169,1.0
0.3921210360245321,0.17026662600842593,0.02950854834842612,0.7166376073696097,0.14948316803726253,1.0
0.3541772333299961,0.1436077203898691,0.00661785198509629,0.1735079679303955,0.6147168436852816,1.0
0.30446091573130046,0.09373450350002596,0.01843673582952423,0.1887700799259981,0.15604594314953277,1.0
0.36901804789945,0.13929117664333565,0.03320279535682652,0.7497367950779688,0.7689943970892444,1.0
0.36713881750001714,0.2355737978831404,0.025539168579404883,0.10648335194611433,0.6513688393942527,1.0
0.03567286766598186,0.17353220087386856,0.029382704685417312,0.15968264923863723,0.07507445935807867,1.0
0.06036199230890014,0.009736437342190554,0.025515848538060628,0.8478678385412476,0.514958868122762,1.0
0.152250370214593,0.060377336517691914,0.02667789038596993,0.8494351237129215,0.3219235134070315,1.0
0.1212384820757275,0.013598259087566674,0.010556550844572956,0.026625266052036006,0.7886192148459045,1.0
0.3108796800187623,0.1362539079995985,0.02947376341922476,0.9604183488294646,0.3679243225150358,1.0
0.3375909482092793,0.006304279223596661,0.008580753372532375,0.05419741780466539,0.8982502232481956,1.0
0.2222412320918391,0.10657578266258605,0.023193318594636744,0.2904543444806806,0.8738217050689889,1.0
0.19510019727051256,0.0901485361286228,0.028740200414917875,0.757303238237235,0.3996010579660234,1.0
0.01846070735848142,0.02134510411459626,0.0028332274888439794,0.02539107086167879,0.15371950975864013,1.0
0.3593735305293834,0.2115478881092211,0.022209212288466045,0.6244390381394294,0.12480781480646362,1.0
0.12673185848084237,0.13029407911676408,0.03346056852922916,0.8707447789241088,0.23396031378849635,1.0
0.04773674673168578,0.007658878950264117,0.0019579253425832466,0.17107623773379435,0.6952534536916991,1.0
0.008158155096044612,0.24701763521283363,0.019134865709887768,0.3944863348962062,0.5193310451537826,1.0
0.2121362231147542,0.1536242772117777,0.031111305075522424,0.30241197838500944,0.48748165422311623,1.0
0.387056612311873,0.07717006833936595,0.010224094543164542,0.9975396320418236,0.5848085458064427,1.0
0.12022071148221337,0.08895342047831153,0.034526041627602234,0.4311910562369431,0.23090385430451627,1.0
0.18273708646759768,0.014685136647325738,0.03027126682344707,0.01667183975602061,0.8985851521097311,1.0
0.03504462135394259,0.18117915837545043,0.027212017192736845,0.6027047663552558,0.5780931293559671,1.0
0.027713870948429368,0.1820948738090885,0.004589216083242934,0.24260225660577106,0.4993377572295354,1.0
0.3556379626869615,0.20203712792099307,0.02963286918287033,0.05051855265393026,0.4284452880723908,1.0
0.16408550624770782,0.1742592742024326,0.021034360742460328,0.34786140809047145,0.27712842426133333,1.0
0.06099723751430075,0.2151705072528519,0.020599076996743917,0.11239200162071333,0.7038241175481703,1.0
0.09263255549806589,0.24030625393829166,0.025468024690490473,0.5934006297046681,0.8490183138783023,1.0
0.19922030493747384,0.04817226810531637,0.0062152744540180755,0.43253734705547636,0.4565186044484883,1.0
0.1994961695065575,0.14869664094078905,0.029305629818592367,0.9933413608150312,0.3232027898361312,1.0
0.36291684146226594,0.01793366588956872,0.012361403649032304,0.219823916874549,0.664719888150575,1.0
0.2231881226127096,0.1911273771880868,0.012332495657607436,0.38336954325771233,0.8657683142772238,1.0
0.3495844460047567,0.05505067271952934,0.004830155493570809,0.20999594261803622,0.4233386036578735,1.0
0.4055674754843333,0.1680100025400926,0.01516879432262248,0.27453792112869924,0.3812803441358234,1.0
0.32150623612690216,0.023246047998990847,0.029860319952824156,0.12843247109904982,0.26318763189046546,1.0
0.08640367668586876,0.026184404758800066,0.022705780265239145,0.3937359507713737,0.0927435988342402,1.0
0.036543547795283536,0.13116115911420476,0.008850360134452038,0.7777745821846309,0.8576511244386712,1.0
0.1523219219597771,0.03749695724158117,0.010747551921786206,0.23996521433182072,0.7870780360362494,1.0
0.22350859463613518,0.1687998812627724,0.02895672607117435,0.30190788123212936,0.21001144703631514,1.0
0.14474624754672613,0.168095956696038,0.024046595383045346,0.5145154161539415,0.22921899803907242,1.0
0.2196702490665796,0.12822145464113285,0.02729446973034312,0.7101236105082414,0.9121292375570309,1.0
0.3278052454635938,0.020051300958733097,0.014774022513381488,0.6091935674708422,0.5906048763785076,1.0
0.26274218352344125,0.08807044646247958,0.012523512724686343,0.8341729982959349,0.4225112255095518,1.0
0.25372991460448097,0.14118619818305245,0.00824613146863465,0.5998539097858581,0.3352889853351755,1.0
0.06641822193561146,0.2485347830637837,0.02724947190941545,0.4178341820508232,0.3020504990134187,1.0
0.32482251447546984,0.16419654209655674,0.024871145408019973,0.8891101962560878,0.4568389310840989,1.0
0.19923707177698086,0.15988642145184925,0.017144003656740205,0.7768869637105552,0.0062548631604493095,1.0
0.13410049369829682,0.23640323205652794,0.018239571240875208,0.3649875281181431,0.4049078034980582,1.0
0.39065584516117297,0.24062163055435432,0.029701597751167843,0.8418151066555295,0.19981609584450574,1.0
0.26862608207058647,0.16437821594688642,0.007891982697166764,0.7465355908737709,0.2007635893666672,1.0
0.13875119655374318,0.21165186270608896,0.025890852493610034,0.5311547502884572,0.8199295488367603,1.0
0.1760350600809768,0.19557788458436756,0.008012254248056357,0.5037256211055539,0.11912348865828169,1.0
0.2346442306254686,0.0208996711211015,0.016728833898879497,0.6520188724171729,0.6144741465099931,1.0
0.04380751897278228,0.08848770524283012,0.029651314579147596,0.8698862971141951,0.3103032568382181,1.0
0.2602483759658878,0.2458721424310987,0.004217893017849518,0.5483328614980146,0.5929451112223826,1.0
0.022082008123670383,0.013974029386268681,0.016423013842821698,0.6927813156544752,0.7004756100173243,1.0
0.38622949131159806,0.09491344406646648,0.033788508667062206,0.11904147479121117,0.8366182439368464,1.0
0.3703813112385354,0.2024014441587213,0.01328454052376813,0.713629763614252,0.5797672194452891,1.0
0.44690715152810223,0.07332322481813486,0.015046896754384661,0.9029581763007792,0.28971927081717785,1.0
0.1401898876015988,0.19006860759834596,0.030235036329877046,0.11533054263473874,0.6220909683937518,1.0
0.3012902056955009,0.1680930364105722,0.033621893989061964,0.34718267921831253,0.300467154814043,1.0
0.1938088881981591,0.11896481380583199,0.003355417779152755,0.1490939347766394,0.935439561656269,1.0
0.26597537111359876,0.18888918222545467,0.001403359966988135,0.22352539978545144,0.3776949588185374,1.0
0.15437628734529152,0.16260081527911346,0.008697515586524231,0.026457453492589978,0.002569479767435895,1.0
0.16338659683821696,0.23720242522924945,0.0025225442256880345,0.5305349950750459,0.5782355009495824,1.0
0.28779183546315656,0.0030267339372617693,0.0224831608959064,0.3230655517600324,0.7730960923864542,1.0
0.3225763377377535,0.1567483380885762,0.02317789010113415,0.1767717394004667,0.6695048273311298,1.0
0.22074520729577474,0.08575105506389875,0.00666286487579798,0.2906705645856298,0.7640645340900685,1.0
0.31651824565497266,0.18528273992462319,0.02392178762022585,0.6738648852592656,0.6111973961217255,1.0
0.08981969240475113,0.2108580433435407,0.03378498186457824,0.46701758153456613,0.9333055171287711,1.0
0.21930196475103347,0.18136448806374206,0.022888871500517768,0.23802755118474647,0.048042354310564465,1.0
0.35445504383092624,0.08195853100973453,0.02767091652056827,0.6551468802809925,0.6958458104657697,1.0
0.21205127489652809,0.046244246206279066,0.009383737954710699,0.09076019304932276,0.12764663288991182,1.0
0.2615251609077508,0.1108615687673623,0.01007594342722911,0.8612513344507914,0.5256225436506441,1.0
0.2860992680626279,0.0049311115356504434,0.03205817349453364,0.8576058723451455,0.6356359515581183,1.0
0.2043638069200447,0.12106153659594109,0.027153501788639893,0.5136284607563271,0.1768486740037382,1.0
0.0576576380526441,0.06360883610050914,0.013502960128950026,0.8925235961630336,0.2398481449674683,1.0
0.10113352824752146,0.1368897128578272,0.021980947674012555,0.5325954043652635,0.9519047945657233,1.0
0.3769907994226979,0.20151874007768525,0.013445794409486692,0.5802037226558364,0.35212094652993625,1.0
0.07815218145223436,0.05495125685936612,0.002315598409590501,0.6093307336646544,0.688849720530168,1.0
0.2303428080334185,0.0948417600839537,0.027940946581838103,0.03985185525264475,0.04951712312926047,1.0
0.266645845706314,0.20794141572650457,0.02113707423135028,0.9494214577629099,0.31507025759218765,1.0
0.43997592525980955,0.027773536599572754,0.028060765008673508,0.012557145945779852,0.4870267361539489,1.0
0.2698889049739012,0.19974432245724918,0.0021234382799233675,0.1646089538651535,0.34326777078074056,1.0
0.17306573052300855,0.2380152066545455,0.004441008332968177,0.4238588265571063,0.45763428023597524,1.0
0.1260494444017188,0.17897328827558084,0.02200669065013341,0.81301918771342,0.40566814925557415,1.0
0.4022210751664805,0.21298078945737997,0.03228079534499861,0.2697060475056967,0.9854357633475881,1.0
0.3578687049125452,0.16722707163870615,0.034431111094650226,0.4421216648184339,0.7417977654576483,1.0
0.32970791899473245,0.1881147387281449,0.007485700298121256,0.34970241823269993,0.392861741830079,1.0
0.32259534109796767,0.2085081851036941,0.02780965136827143,0.5964378455100213,0.14080853800095508,1.0
0.3992896183532281,0.16115041648404307,0.03145129857164322,0.9990539651187625,0.3598430307905094,1.0
0.24344142603762692,0.11428797837633323,0.00915548067554368,0.24666868139993509,0.18578731447321103,1.0
0.06478184039275328,0.10841523098444564,0.0187933301352546,0.4387962427117808,0.8550745839604427,1.0
0.03819160974097187,0.24805768575198917,0.029729442096047234,0.6603834419205937,0.7565672971877989,1.0
0.34489574255232547,0.052729486486311684,0.017625188405515177,0.17880480653495928,0.7540311793678596,1.0
0.11469057990277004,0.028196364985734468,0.02550061953677164,0.296548786150097,0.5187617331887654,1.0
0.34884086521118274,0.05739443046700631,0.03298837300157732,0.32201863491481797,0.1047477696694599,1.0
0.034199477151161665,0.11771594401711377,0.009508541504597946,0.8861599984004315,0.5176114915999263,1.0
0.2036203781273187,0.04980257376296565,0.007076798781447228,0.30135581366331055,0.1091931633041778,1.0
0.42218304597494444,0.16703385603966803,0.032317490557547034,0.257590094526316,0.8571563224651229,1.0
0.06574354652399605,0.20137206790104503,0.003028104483333505,0.4054479860960313,0.8194953538431319,1.0
0.23361149723446223,0.0890548464543916,0.0035518982331926878,0.9909810140498628,0.17559895299832337,1.0
0.10692617736008338,0.22707741026474007,0.026965405352600034,0.45787246963989725,0.9554676109179072,1.0
0.4022580011685218,0.016046406586351633,0.014298443661775169,0.054950873498113215,0.9989700227659276,1.0
0.2635747309055578,0.055243298925563136,0.010410442656713955,0.4500938226910632,0.3234574023098534,1.0
0.29565894764459344,0.15374354811923202,0.03174656390944059,0.47737718606534496,0.34536425283658945,1.0
0.088418050912232,0.1567595476043718,0.027181118014865495,0.15430825166231646,0.31906483441769384,1.0
0.22798375513658603,0.13342732502270913,0.025561878699813956,0.5783149224061052,0.07051018830574533,1.0
0.415353380724562,0.014266031014712242,0.0051224917195567335,0.702273227005273,0.604869458582011,1.0
0.24312264337422676,0.17613130343226363,0.0181521997039516,0.1410481363110136,0.0903465931041569,1.0
0.41537525627412636,0.13988701450241495,0.01317948234660687,0.9087974633515145,0.38924352402275914,1.0
0.05330819945229582,0.1846128354343259,0.024810300542886334,0.7944497488664697,0.32586612211433563,1.0
0.07658542847571206,0.24116171414802834,0.00392662981186801,0.6493642903711324,0.705552137170621,1.0
0.16503011941788995,0.011738515123858336,0.019924680757945797,0.9949432046808006,0.4304550718653367,1.0
0.057675215290224166,0.09872113147368113,0.031666808981648045,0.8768187861758147,0.32426798629191445,1.0
0.39888591702944803,0.1919524890721537,0.022368190695719194,0.15342303894546253,0.07392968987799291,1.0
0.22562377389440955,0.0602711282731396,0.01095417302860684,0.39269509002420866,0.4960253312703831,1.0
0.174893960766599,0.02981747001652688,0.030430074220681672,0.6095449276963162,0.14695608241740984,1.0
0.18810544450126593,0.15055459874379157,0.021701567006877275,0.6455769148427826,0.6982051542864636,1.0
0.1379100680571926,0.005319606973995418,0.01645781141073302,0.430000647752457,0.7345926032492992,1.0
0.2845410112493544,0.07736685528460789,0.013985160143529771,0.7195675755090827,0.07247650052500175,1.0
0.17670413033270368,0.17922157865106553,0.0077736301124038225,0.9474655806967726,0.997764190841364,1.0
0.13557091315712413,0.1663027968641408,0.0038270330777297242,0.8714080363908041,0.5164768783890135,1.0
0.14801003524320447,0.20038494337750573,0.03058771009251958,0.520193673547489,0.48083118881036246,1.0
0.3719591405108311,0.1914468562865593,0.014070553707963063,0.64228383584771,0.8575025483626567,1.0
0.17527337161661846,0.01509810208494091,0.014901827713371597,0.7725098018347303,0.19783141498216186,1.0
0.017426994306400385,0.22451484769218288,0.02888015962661535,0.5248847825952788,0.7060812089759779,1.0
0.3804990638824194,0.17910012123687108,0.0050788914886527375,0.9807085958336588,0.023507913762240228,1.0
0.07811799353662671,0.18009515465566464,0.0033938126349384854,0.082019781960273,0.46682544882256916,1.0
0.1251557916570224,0.15351951202837413,0.01863236852872401,0.8422774900407871,0.289301018097455,1.0
0.4278299582822262,0.08381386627567833,0.015939789764546155,0.8889245011891678,0.33316635837722336,1.0
0.13754934518608652,0.20257331245594315,0.03263315699488452,0.6314677817862387,0.6240065011283928,1.0
0.006605203557602006,0.04431046210706975,0.006012904056067973,0.1167661208102237,0.6543932687373418,1.0
0.039449644688986936,0.09626279513390269,0.009466770540908552,0.14671468509024635,0.14698174768300942,1.0
0.24204554375584258,0.1897658044227216,0.029994405870572744,0.7516664318891113,0.6285850464444666,1.0
0.23436182442767853,0.15870585337256915,0.014995098711283527,0.3280568166798653,0.3323800676817922,1.0
0.35867234515255925,0.014786652999052402,0.023939298287993682,0.8645957326441988,0.49793091863838185,1.0
0.19335944027496402,0.0864634241177051,0.03450833685618065,0.6915739364173253,0.721638445024091,1.0
0.3195270002445013,0.18092017320381987,0.0032562019453675653,0.22338391795279308,0.01395458787345717,1.0
0.3942341348213759,0.15277907913913677,0.01800705594546212,0.9260398817630293,0.17304629251073214,1.0
0.41287027564796325,0.2257926569747845,0.024221064531240285,0.2467331829339559,0.9697942606796663,1.0
0.30357866802951644,0.0565049196798465,0.018445031835525934,0.8227536650557028,0.8603999645075537,1.0
0.23573443582994963,0.17472327324860248,0.01896046070662408,0.41826335702759526,0.08633359241296429,1.0
0.34236368522209965,0.0071413520914427485,0.002778370877118694,0.9047389345083312,0.7042931163412302,1.0
0.14110747508533786,0.19106629668829064,0.015198427199226693,0.46932902503525353,0.4593402619850093,1.0
0.32490475561631915,0.026648576299821043,0.01824653758858682,0.17078587163190243,0.04748627676757884,1.0
0.391331386403972,0.044860768530334834,0.010464553106419918,0.1389566934321858,0.7358095565561009,1.0
0.42469213235163683,0.16641682097972768,0.01906723349655024,0.6569743006965397,0.041384957826454495,1.0
0.4304368950773444,0.06975882727032688,0.022362046413266546,0.20271332889573473,0.5479243228058585,1.0
0.4229799544376211,0.0854650138931523,0.02457917894345389,0.7167106872328323,0.22192765236357648,1.0
0.29528415884531173,0.19125495048016253,0.03499820675345414,0.04119213705705408,0.20310273863388054,1.0
0.07034088953689543,0.11410791649486929,0.030870242924839874,0.4492745457986873,0.6688119174365789,1.0
0.1445288285746907,0.2087245610224315,0.023288615344026268,0.3515443927944535,0.9142461009859177,1.0
0.08553536153738053,0.12132224375445261,0.023939780889738176,0.36774547666690616,0.843940951539118,1.0
0.21102638619057537,0.21481914439266594,0.016739205419849204,0.41499573170896564,0.10461267893816248,1.0
0.1792746869528237,0.045974957486897956,0.020985988858247703,0.14469822847979735,0.2244660988152871,1.0
0.12177362056140695,0.16027740922196,0.024477446519303954,0.3019891201960436,0.08830029381522322,1.0
0.0427113906212259,0.12929368469944316,0.025691406632384645,0.6207094616793326,0.44881937357080554,1.0
0.04668450765389455,0.2201203752210709,0.028204381669800906,0.42031884178421997,0.1537143047288137,1.0
0.41489078657351597,0.059192461405286764,0.030719934071586175,0.5037919247103586,0.4622729020906392,1.0
0.09755254821906159,0.1076642978408638,0.03290847091936762,0.2390186720497711,0.921661975320872,1.0
0.02430632744589805,0.1333134015252515,0.006841856189585413,0.6220925417007206,0.9895531005716608,1.0
0.4162569592612527,0.05412410351471274,0.01943886636223625,0.23559618537855567,0.8995252828700736,1.0
0.07012755167173071,0.004028495296790674,0.007186227242945137,0.19057308400767828,0.07841269733808605,1.0
0.3512190161045597,0.06436589283946693,0.02763076191258089,0.4227423822500015,0.7757447890388364,1.0
0.2545297476930568,0.09602102494658797,0.007380977778797951,0.5860472511179987,0.7510799691778732,1.0
0.16097394882534036,0.13015923033305118,0.02696847235189294,0.05544309692806825,0.07281644496755944,1.0
0.1013387488620061,0.09428685886800488,0.004187604715227201,0.5924160226446122,0.67206876548836,1.0
0.2930847991958218,0.09969896735651289,0.03278755964380716,0.7266056840119625,0.5281535645809488,1.0
0.2923897690445608,0.14833841074640305,0.024233219963876583,0.7813436405429929,0.9151345693592458,1.0
0.2839532904543927,0.2415230529025825,0.0319883615660193,0.0036117426582058373,0.6379798487797618,1.0
0.13354150185186578,0.07507754973416161,0.017426407747661653,0.011855311815373056,0.23656061161663186,1.0
0.2931007960079378,0.22243260709451546,0.034924814434285696,0.4491083348903154,0.2608809691838586,1.0
0.05180817437567228,0.24358550628297906,0.025304473460418878,0.5044307307020467,0.09755388678690911,1.0
0.2454949566693907,0.10404877635256532,0.02965059280830925,0.6426631742137434,0.4324644501491994,1.0
0.21670957175659075,0.041585575417752985,0.023678430524088304,0.6061233433932942,0.8102612967580767,1.0
0.12611319132936052,0.2092624444497031,0.024493900769636083,0.7070024548952907,0.5285564868349393,1.0
0.1032747948547196,0.10102131431287723,0.028071907436604007,0.13382794106671247,0.8083013835231985,1.0
0.057351160864634765,0.020708221898272032,0.029662976437626963,0.77883693008001,0.2887533040441269,1.0
0.11200825729093541,0.05403392128772526,0.025923892157534743,0.2163475212725606,0.2168824232458575,1.0
0.2689900000509736,0.1725559075157707,0.023218675944234855,0.5690305569999224,0.9661088738919944,1.0
0.3872012921464344,0.16185646768395737,0.0038615059833864243,0.8102783725151131,0.5848041531481284,1.0
0.0819221185951095,0.10993503344144699,0.030939804128725663,0.216215761893229,0.001124781630656465,1.0
0.21990655968020897,0.2054982327821784,0.022871890619493934,0.9191444054882186,0.4561088671962656,1.0
0.10490677925147526,0.05529755865023693,0.026027736498274057,0.08127876392226381,0.24347087124817562,1.0
0.26003744732674416,0.012600314658014733,0.024944671643212707,0.5071756853853633,0.8546672057705176,1.0
0.0029965180020270947,0.05222903270655523,0.00977076581920813,0.7025300568724884,0.5098048634924242,1.0
0.23127737225377468,0.08251876806345364,0.004524461988095438,0.20341947657006754,0.401379300265336,1.0
0.42244819403258954,0.060690324089558795,0.02364688794118725,0.15339336558180836,0.7140393688004117,1.0
0.2955080575183974,0.04164119652191657,0.007131031176947994,0.5593487256812627,0.3760361343628037,1.0
0.1396911082677598,0.23841329533255295,0.01088230740278422,0.5425053773107644,0.8545011999853044,1.0
0.14592684919479257,0.13855673415833802,0.0038216982919127324,0.5461407163049845,0.4319576992651884,1.0
0.3817083765672186,0.05070451389021232,0.0037722207856659444,0.3911664242635908,0.5346162577923464,1.0
0.28322396577813796,0.1269071686500497,0.03284528517861306,0.40998173219627343,0.08341167877563382,1.0
0.2730463442010968,0.06475024955316444,0.01014560736139155,0.3402329115383285,0.7463956381291461,1.0
0.1583191085976532,0.04967652190036248,0.015301656373681504,0.3524878532866465,0.9900348892090528,1.0
0.30599822541252697,0.22853322859456845,0.02238809363037204,0.25012909644493403,0.607802685237947,1.0
0.19063509137802437,0.24485182076123085,0.010472094462224989,0.4694662113318325,0.1607071786535011,1.0
0.27196450641453945,0.18800291133002595,0.022639635702972737,0.3299547139050678,0.06055855439245476,1.0
0.22741707423918983,0.1928922503819948,0.022769845117926464,0.8713873689733859,0.7831998958163966,1.0
0.2848674191625895,0.18707434583432653,0.03353393255187333,0.4229298104596236,0.6486337103188249,1.0
0.3322848523125344,0.22808629965632876,0.03225368453446555,0.1579304298701225,0.20489250102325796,1.0
0.2843234387881385,0.22637171442688375,0.011669219020128204,0.8481727903351167,0.684092081126876,1.0
0.05779597167904203,0.1759781769001433,0.006387691432625113,0.794534710703405,0.5575379450871899,1.0
0.12471253712871742,0.24597755313629008,0.0255536817709579,0.778285583517712,0.7689422167376728,1.0
0.42292478003953615,0.14637155434228652,0.018681549893541084,0.2744367319804444,0.2824541839218318,1.0
0.15131057231618286,0.18244897554152278,0.03339202979970406,0.43986812934198005,0.09822831723676231,1.0
0.0052758412312730475,0.19696387679680188,0.018872205979316426,0.49024247180464625,0.5698727184171096,1.0
0.14637599503641419,0.07109571851013123,0.015120113661212436,0.8950143726336511,0.13623508932805517,1.0
0.08734289214928256,0.1073571072076081,0.0055389462501878204,0.76103481828833,0.10436392519199014,1.0
0.12120193586619153,0.11857530921755802,0.007799590698396409,0.7304934557962434,0.9483277132790561,1.0
0.4289657902630599,0.08199317645184706,0.019966803679764656,0.7018883611344905,0.20006934744912844,1.0
0.03145453881815849,0.17456639023097698,0.015164948070632268,0.8917528881069513,0.2747178966845648,1.0
0.06432689026259741,0.15213465003745694,0.011465478115654083,0.1825998293423341,0.09484323454744632,1.0
0.10569240203340122,0.14363078860569087,0.03430023657639945,0.316645858459252,0.035909333439012085,1.0
0.054575582225615676,0.11635759827410372,0.02631811936846133,0.29714794139607653,0.1466969280729994,1.0
0.13622991377330987,0.14421741697874593,0.03274874302887357,0.29205560797159963,0.5129791228717823,1.0
0.31158143251143505,0.18811806552001725,0.02726735874510741,0.540376104313709,0.5365260457943628,1.0
0.3142440732809865,0.1678443583433916,0.013992579532850564,0.828714102959272,0.2369666864815184,1.0
0.15597783638295,0.06420397886083404,0.02354820541490732,0.23178683329881092,0.6568333485125181,1.0
0.06945008056579158,0.0653406697661347,0.01873871066630958,0.7333721986197744,0.3988533925305013,1.0
0.13349011588311116,0.024684180129075816,0.0018550830370679242,0.9731561826848573,0.09731352443154948,1.0
0.3920628742007595,0.16621280369409525,0.015826466062341095,0.6493743823201237,0.9350498387068799,1.0
0.11042625120172417,0.21521480046421448,0.02754173774023764,0.9942624648356336,0.3145949062571203,1.0
0.15531628525145688,0.17905820460518782,0.03101326021913394,0.17161131316310338,0.2064330163801651,1.0
0.37987732174594585,0.02065843427030581,0.029929947531700724,0.3437774090155514,0.4068203873585293,1.0
0.41025447716885166,0.03356778731912693,0.020525332359995672,0.14895997254516594,0.9286660354647465,1.0
0.10598485414322395,0.07514678875395023,0.013971521150731036,0.40601225762014104,0.817525515773423,1.0
0.1931492423863859,0.18014171957715186,0.016567405795689424,0.12911177686790568,0.10838169508525883,1.0
0.2716887366892123,0.03457549058441037,0.01970456180371185,0.2703400351639248,0.6957180021926834,1.0
0.2115915207347773,0.014013773104543917,0.012237264359360898,0.016559569142592236,0.4696296618173534,1.0
0.04599879694792911,0.18407045030651276,0.02086263908113926,0.5051006678628841,0.5998837790179614,1.0
0.31994245964196194,0.1951367946382723,0.027459611429953835,0.27019032960429473,0.6542531026801627,1.0
0.2234434065047239,0.0016546857548198773,0.007581949806283598,0.632102381716773,0.8744871436979262,1.0
0.2517902036862742,0.1595569800061526,0.03270129336021337,0.6554886508503116,0.10392966976826763,1.0
0.286458093870262,0.054689299514044935,0.0325623861458278,0.9207665135851002,0.9487072042970561,1.0
0.3229105086741821,0.16609046282677753,0.0022105285654842512,0.2662995112699334,0.20755996294978893,1.0
0.428921118728806,0.21155480810062624,0.010976436106521416,0.5305014995682238,0.19307385546507524,1.0
0.030186458807683152,0.16100901872829232,0.023335306332875186,0.83866311918264,0.8716802616138268,1.0
0.3346253848271813,0.034542200574005755,0.01370631039935757,0.5160210349876619,0.05042044417298894,1.0
0.12273112889552713,0.03275804007891314,0.03275927325501533,0.2890308688990292,0.5016704928444048,1.0
0.25542256194212853,0.10346244797302909,0.032612941801425696,0.22327525761124192,0.1803212400978692,1.0
0.19285848028629418,0.1994495332515508,0.0024283414043484866,0.6181080985868087,0.7109684637549786,1.0
0.06644767690768613,0.06231456145865744,0.03270306987335424,0.6309982166378173,0.03901098370277612,1.0
0.35366281172182307,0.1423011501156475,0.020224126375041715,0.879985777667974,0.24185682145185702,1.0
0.2765988704823142,0.22072335131581697,0.010018521918699019,0.6816130704265606,0.1532266528264159,1.0
0.4057780159803691,0.03037328373168746,0.001827748246276619,0.7751655076626734,0.3631470389766552,1.0
0.3601360376637798,0.045804012102759695,0.023111116011715213,0.31421480050879685,0.1051641921861973,1.0
0.14408019641337033,0.2167844219657376,0.03224721210788463,0.8492027101590318,0.32302939568802647,1.0
0.4018674884411021,0.11378379898523885,0.025063150600972535,0.8273370372092237,0.2784089682129547,1.0
0.28154757594113533,0.14795787168504304,0.010186802470391578,0.5851220146639569,0.7905668972238646,1.0
0.10980065579758191,0.1815253021887795,0.027719648567181024,0.9543351484310514,0.14843823709455367,1.0
0.3445293662242662,0.17577307707479106,0.011643823392472857,0.023170758236965967,0.5080429436253229,1.0
0.13112963749808434,0.23185750572097072,0.006200942329809112,0.9342981472109633,0.5043029033007292,1.0
0.12833081957741777,0.15884624535709904,0.01992400545459617,0.924241923328416,0.18011912841557862,1.0
0.42708501535464155,0.02539319057574015,0.02257920394749588,0.06150354910203787,0.07791381731248272,1.0
0.24856421500717235,0.14368352348964458,0.01710417128269806,0.7426169812410232,0.9921963478285337,1.0
0.14622441062441185,0.08143933604346046,0.026951144174398985,0.3486674856226044,0.677060330515068,1.0
0.2739042954933326,0.2074248278284199,0.018477995376842995,0.47569802764585883,0.2677076090216977,1.0
0.11882311053641215,0.21104898122377172,0.014221376913293851,0.12997852420311892,0.24072756039843365,1.0
0.41241309460755887,0.07583981314512013,0.009989130939376594,0.4071532749753252,0.9677867238138543,1.0
0.0682009100325365,0.15382456848796577,0.02792338291369718,0.7682423310288674,0.4893566462628612,1.0
0.2630303881562497,0.05115980073019847,0.002905823781641294,0.37013018037028683,0.06287706294559234,1.0
0.3731666717052712,0.21122924295249176,0.002158513325560607,0.07046593204198463,0.6701972205036535,1.0
0.0680619183359455,0.2015768748152912,0.008360869532018346,0.07907110544101506,0.7497576309619086,1.0
0.1781047896903643,0.17348882474210012,0.031986943415500894,0.035148260323881075,0.62805175823766,1.0
0.21388785421368137,0.10657130109195903,0.014259308706374013,0.19116574414721452,0.8028472865085372,1.0
0.39935112116047944,0.08931239996367622,0.029550253719091216,0.5449218651931631,0.38623960962493237,1.0
0.3542079264469366,0.12119000677834597,0.01546429456504025,0.5778415514019498,0.5855782151272125,1.0
0.3411906324207443,0.10053064049069817,0.016401943658004754,0.6057129060552329,0.986862053028734,1.0
0.10514680716027466,0.04504492936173269,0.024441103286476543,0.4496455427809893,0.3892177337342005,1.0
0.40112113145409894,0.11135008577037407,0.021661572590535187,0.11341704871423589,0.10886424446821619,1.0
0.16593839029639382,0.11874876394578598,0.009315657081274053,0.3503278283714323,0.007253773989745964,1.0
0.054507929339050534,0.0329677351150985,0.0011532073170401125,0.6966841854990418,0.9313524902753346,1.0
0.04419472131563143,0.24742271289873352,0.034169895809801454,0.46876630112183126,0.10876134918788963,1.0
0.4326992238130633,0.19489620143053446,0.022222897055413356,0.611221070468706,0.9779401960914231,1.0
0.06815065279619115,0.20787204974018061,0.005933844730871806,0.3839131904421006,0.2822177567986956,1.0
0.012549156047683578,0.14199656462016796,0.014642143708337673,0.5520386224243742,0.30520369829100613,1.0
0.26651488931644585,0.24034055458653444,0.012900202444794395,0.0032872478089757684,0.7814842993974781,1.0
0.02735782534295087,0.15671693788711744,0.023474607479364088,0.14658813318051775,0.5529720282997286,1.0
0.008386814738827759,0.21686086150365333,0.01771763582169978,0.7819174018098004,0.7231701391968797,1.0
0.19764107835163575,0.10746010108253722,0.010579689279739788,0.6255220661898114,0.4866263880547289,1.0
0.16107375260020085,0.03358034066072215,0.030322805372061442,0.82821889502272,0.35164918692862845,1.0
0.22208890491774969,0.19048205218564393,0.014264500534593423,0.5361035961558384,0.0587582879606825,1.0
0.3520127578910212,0.09600980506104648,0.002193584423806066,0.1684686494262347,0.4121864340535289,1.0
0.1642047837714467,0.18655125284033838,0.030174059968032838,0.3417954775915069,0.8005751952835709,1.0
0.18746230275717515,0.025293036674116552,0.0027859516190223746,0.06546285010796145,0.1056472750545548,1.0
0.24511102851152683,0.23689965875647567,0.01929201024462546,0.6290826209780764,0.18529947717935255,1.0
0.17400084441269376,0.23292740019295216,0.03275332133658093,0.19930011388973876,0.6205107330744275,1.0
0.25357825067665,0.03195809729079218,0.023236520840589303,0.7992861996392759,0.345880807819277,1.0
0.05323124791082578,0.2327414891602699,0.004724287007858881,0.2091687295615788,0.2991799973242349,1.0
0.31559450830555735,0.00274659506277253,0.007241092603419958,0.7504010280127099,0.4044306565098116,1.0
0.4337986783656911,0.038656995322199954,0.01835586576159214,0.24906778154719858,0.7377318509051343,1.0
0.179351961182677,0.16495395574329894,0.03190850187458051,0.8149943093741137,0.41548281992726976,1.0
0.39920834503813224,0.009558827306159392,0.0017755934586700963,0.20658954622345707,0.8277940230406583,1.0
0.12909039894181035,0.15763810384490376,0.007264255542086946,0.30381322490232987,0.467445814396069,1.0
0.4465937441060919,0.041698058312995695,0.029897861567288606,0.47062973166722044,0.12999455604046828,1.0
0.22563292916683406,0.08902652269583335,0.008976478169841786,0.9589801980285831,0.46391636089255767,1.0
0.07463587700310366,0.04668305074027305,0.021264941492043353,0.2706057669742058,0.18575291775564914,1.0
0.035245530967916563,0.18853892796794317,0.010593546976573763,0.9784407341543272,0.18393800635164567,1.0
0.16933397014756774,0.12553804539147065,0.03060161954530142,0.8349354397542231,0.01094637453293153,1.0
0.3727435922372213,0.0010492541488508385,0.019143745455420292,0.2602161457118687,0.4133557806928585,1.0
0.17689774388216398,0.22309558043060448,0.019239762704964178,0.9038429771041567,0.7270156649140296,1.0
0.22261009301548076,0.09807477601311763,0.029171525458810937,0.18841021415899273,0.9364758699792899,1.0
0.2756793213316697,0.12968354866274084,0.0198528802195272,0.6680077410064043,0.6553802198457588,1.0
0.26251563223201024,0.08930198373142219,0.02265903039729788,0.5482867456876508,0.1805002537787801,1.0
0.2061990379182911,0.1383089465192481,0.023869857407443643,0.6532189021432199,0.7491798912699545,1.0
0.05056566394807326,0.16762571409391175,0.009023488186633193,0.11549026368127682,0.1321062553165986,1.0
0.44631238457411104,0.040157821345084166,0.011150243118147907,0.9208134177302608,0.9633447550776618,1.0
0.3963232609757452,0.035590568186230395,0.026892237984217533,0.013995152486724165,0.40721300961171913,1.0
0.3170995983574461,0.004997976707440987,0.016806658005752123,0.6970322957201903,0.04765816837693273,1.0
0.16317763592100556,0.042151192228318396,0.008665792865035668,0.3395670228516828,0.19917672672046982,1.0
0.2851863496882108,0.10892409711194784,0.015519093096434159,0.7819178198493338,0.3017156962449272,1.0
0.4019217916845192,0.05615707690890703,0.022076624820831548,0.9480238082747294,0.530265459700499,1.0
0.1402106738389736,0.14150917927388332,0.011575215540832398,0.004715705642333238,0.9973107923452127,1.0
0.43792279137129253,0.16360517383513462,0.03173374270425147,0.9672355443065793,0.568261377135641,1.0
0.3455311292646411,0.13142982446729978,0.023268071662490123,0.19507708596927267,0.012021588818909539,1.0
0.19630191691223822,0.05778509412857675,0.01847722053153073,0.6582861980824418,0.6561380552509376,1.0
0.4348772743209612,0.22278305832661222,0.02208594861779549,0.20655839043653793,0.9435077080107569,1.0
0.06899089474719887,0.08007476264845331,0.0205025890855018,0.6817911593538184,0.014279384668290358,1.0
0.07958377754017174,0.07482472802674227,0.011950948677052153,0.33311355289984373,0.7606072346072619,1.0
0.08923650045815147,0.0065574885569595915,0.027462181528200055,0.9837386160267585,0.6598876121072977,1.0
0.4087217298114378,0.06448354260450721,0.0032597183746921774,0.5104599350672435,0.2610883544706549,1.0
0.2058786329112324,0.08038912419294929,0.01753503577382382,0.38077172866935177,0.11394627744509486,1.0
0.31587189777917146,0.011285907384960296,0.004936738459224416,0.09741795624131198,0.06268180346181884,1.0
0.07154343748835394,0.2121194827239521,0.029159932070737977,0.7833633288031068,0.6150918000320341,1.0
0.3325780636672975,0.22243890470660915,0.025899663007616033,0.7367228487129445,0.8042770915407703,1.0
0.09664992672913154,0.022051076914695517,0.015247481052984561,0.0925939860143765,0.17013472752277684,1.0
0.13579262467539294,0.2425294577781026,0.013883663270589963,0.24165171344503023,0.4040460276610933,1.0
0.30357069349483395,0.15898222352861108,0.0019296588641968706,0.5118118326509783,0.037163487987761694,1.0
0.42117794045163903,0.22696448180312734,0.007994211811091502,0.742902502573672,0.7932729050695246,1.0
0.11755980318943393,0.11325787664706785,0.008531150587244074,0.025285147753980185,0.6593536152370922,1.0
0.11240447937304171,0.21192888287760336,0.0178531417592929,0.994663019535378,0.793564469112028,1.0
0.3482261797101546,0.027375299838704785,0.003210986022224803,0.915163693841849,0.13905899085176227,1.0
0.274850044188613,0.05376268912559691,0.008659691486064412,0.4667751009490851,0.36153419636846723,1.0
0.03470921178876175,0.12270090869997709,0.006924837202327577,0.6071182839917474,0.11709707846858278,1.0
0.36194615329664775,0.059556580519465434,0.026060221518990075,0.2737896369885028,0.23579247772859727,1.0
0.39653846100581414,0.09989424917484527,0.009287858016055106,0.5371028342232163,0.3862557703733505,1.0
0.44571008262254946,0.1321170362237926,0.016359462520196877,0.34369236291557176,0.9733653935378677,1.0
0.08092059011128619,0.24233476044078434,0.03366999228397814,0.43628932728274145,0.3488378270199242,1.0
0.37318693472273884,0.12513450093859832,0.012247641695803137,0.30209261685215044,0.32727212848720366,1.0
0.3506005759234887,0.027135006016264975,0.014542692827750994,0.8351083938037241,0.404701789796208,1.0
0.426765921987667,0.03250939462971964,0.031085032694672127,0.0630147219380678,0.4141158834397174,1.0
0.16714723447961471,0.13411699881940314,0.007936056663964196,0.5694654829493699,0.1354241581823389,1.0
0.2631216711355163,0.12100109658989429,0.002858671058324765,0.5002745615808055,0.564005860930879,1.0
0.30523806306779167,0.020114522029666626,0.008095428769248856,0.737810968806911,0.14807499670709814,1.0
0.29323405120906854,0.182481584248967,0.0027506346571966886,0.12746282383896285,0.4466718878374194,1.0
0.20474777422117926,0.16212042821012773,0.026703758821746606,0.9495943036603944,0.35053083241631766,1.0
0.11957371792540356,0.03789294681789597,0.01440435182707915,0.872694698635664,0.34771283704741224,1.0
0.23566216402831322,0.24799401034837487,0.0073981614347378225,0.7780970768049651,0.8235355846307283,1.0
0.2791785959603717,0.10866098923704597,0.009919115842359045,0.4266926812722879,0.09619484649344151,1.0
0.37330767120155756,0.07754258340925022,0.020260212028919405,0.232916383507397,0.1283329897226389,1.0
0.06121431083205266,0.19571278823233568,0.010239654657531419,0.818694879609658,0.3691360698160365,1.0
0.33800716954194543,0.12805617788423232,0.007833232497935714,0.8505581395053816,0.3408130560265238,1.0
0.18778446917037203,0.14391647902925006,0.021736101353929317,0.8357722374585164,0.5418654169696812,1.0
0.11848818250042271,0.026109306485306266,0.026021425834032903,0.1068356049532582,0.6062068196425208,1.0
0.35369109708193563,0.019582795221669856,0.007898985679379826,0.9096528146461154,0.5726645926325501,1.0
0.3367066431925645,0.22573008232120043,0.009942327656284665,0.901574153182532,0.10958593141471289,1.0
0.07501846946972496,0.0672928557819712,0.004284193963115803,0.8038728303797138,0.9842478299796372,1.0
0.14719977022040545,0.07046599594162063,0.006264155407307454,0.7876567725219539,0.061659120169113325,1.0
0.4173646705045627,0.030491332235777355,0.019003810941156402,0.9928585072856926,0.8527666297993779,1.0
0.01108496450296497,0.018025983896692112,0.027996581347051543,0.37706840933677777,0.6687634455815886,1.0
0.190560695708765,0.036702055924494104,0.014147613104693204,0.871177393876286,0.3317546932529468,1.0
0.431650006315967,0.17048855033449326,0.019389129565877242,0.8292782393345566,0.4117495174189988,1.0
0.3860503081596229,0.0708556406723417,0.013615631564039757,0.2764672212342472,0.6596815020053904,1.0
0.23560513720720996,0.2414942532686349,0.01705735979804145,0.7839386718023688,0.6584370220594932,1.0
0.019900703137917843,0.16471626093121278,0.022848232865391664,0.12574912059795557,0.7961190603853051,1.0
0.14654156046775912,0.20616588707564548,0.012674612622926006,0.6222289404925425,0.6182968866550358,1.0
0.19085230012804744,0.05647190873305716,0.0077854025046359,0.6553069267385826,0.01239858529046795,1.0
0.17853056169616469,0.07540207858278136,0.03227912959787355,0.4871854699647381,0.6147109262337924,1.0
0.3922636617945241,0.033305755464446966,0.003776208089128804,0.9937170735504044,0.009874917824444428,1.0
0.27536834751942085,0.13858520440558256,0.02771815061212318,0.9924804746878232,0.04783893567243347,1.0
0.32283317317403376,0.07717888723708162,0.03135728708731166,0.45753584860826213,0.16531398348999476,1.0
0.4243736035706651,0.025779214673817157,0.02655714948325481,0.21579920494605445,0.00771549545135268,1.0
0.38485451601411536,0.036154785319149355,0.00544274202194766,0.7393086584939561,0.40695327892607347,1.0
0.10427016904049512,0.19885587932141552,0.02219113886197267,0.761167843793932,0.09867546574904966,1.0
0.35890070660081813,0.06718239496623932,0.0067524249247849725,0.3824021099233749,0.33404659386494195,1.0
0.4293212714849601,0.1212915027343046,0.021674596107737438,0.12198580184084547,0.6104250530433813,1.0
0.41943626817009166,0.10366688346693888,0.02759011141619138,0.30487679748365987,0.5793614159715527,1.0
0.28165701853074443,0.1780785122578606,0.030783473856888077,0.9254989389454907,0.20906660032786403,1.0
0.2481637809820448,0.24888357770028394,0.01766517899256652,0.33157405814032376,0.5377240136581554,1.0
0.08056583986915142,0.03808118391928098,0.0019491285324157637,0.7224900907422387,0.3261490713159617,1.0
0.23099745296600493,0.08153765708704414,0.01436260420713469,0.3162162852447493,0.00497953084447332,1.0
0.0507000249515928,0.05556645686867939,0.0074707794811702715,0.33203592820320876,0.16103748181685976,1.0
0.11022569126767263,0.016242563179930343,0.030599141223774197,0.30627552599161273,0.09618686423000417,1.0
0.056350707747592654,0.19350020716275487,0.0030936500701545452,0.4651713139942871,0.9438825037856625,1.0
0.0914145359305686,0.15051576293740873,0.034315038434241545,0.38644991253730815,0.6489964476844294,1.0
0.2889873128356717,0.06391285417376841,0.02185177865470524,0.08957254687552584,0.5254440526836238,1.0
0.3070872077949066,0.18716977698001055,0.029836846039019514,0.9924029735501629,0.45989542487357876,1.0
0.00927224859720264,0.22636667129324656,0.02193526694797169,0.42192363429396385,0.43487843001789,1.0
0.3752280315876164,0.2021680154023981,0.018359878203598808,0.37177549093046364,0.94559382205412,1.0
0.245100380638401,0.14998141407504487,0.02241546127833361,0.713359811222797,0.5536315103461247,1.0
0.3870116822088986,0.11112217841855651,0.006730227812268243,0.5770790580573297,0.621118782609051,1.0
0.40086943816001086,0.024162043999067108,0.010772229164396817,0.865924056476296,0.9394738997091834,1.0
0.08749714784658112,0.10566204463097376,0.016509659144420624,0.5200498087843877,0.27507872710276815,1.0
0.2953588464743953,0.1558267435981632,0.023511485513921376,0.3779076982143835,0.3371203816613923,1.0
0.4280782419848611,0.09941603068293638,0.021608501475489473,0.523320343979372,0.8763455941784977,1.0
0.19593085551592057,0.2108557779067704,0.006472558877016798,0.5947002533274247,0.4005082994361602,1.0
0.3249014684434783,0.0036285094387259226,0.02954211261518589,0.7034764765251303,0.5613999546670606,1.0
0.06804317603305293,0.15747149115174608,0.015957969275667973,0.8617586919188985,0.2631111967073936,1.0
0.11273052345989892,0.1594429526942288,0.0026437178353342534,0.39231571938757015,0.17351293024988562,1.0
0.14321089587680158,0.19311162180151056,0.004896208254620621,0.5566568538523231,0.5940841850787132,1.0
0.01715758417187388,0.07775180290967658,0.021708564940005014,0.9626673651670443,0.09169272647867437,1.0
0.31202953883312684,0.16769908663236574,0.018549009612094863,0.9668591246595336,0.5022733633501927,1.0
0.11887175069072406,0.20177081632740693,0.034882554953923735,0.9101759017859863,0.3047676470331934,1.0
0.04377044823989519,0.1697491823436501,0.012632971921547343,0.6590114195060024,0.4128367585718859,1.0
0.10484317276753,0.011554171981720684,0.015527177375194946,0.840231215441455,0.7382587622161032,1.0
0.3634326423133234,0.0936130072228254,0.01820487480277555,0.5089427189153157,0.1140953084191363,1.0
0.32436072077115063,0.15313098695921026,0.026362841780123773,0.11977237685673188,0.7616475373878431,1.0
0.3946952434549503,0.0619878967753481,0.017727741045474966,0.4877790303599776,0.2695814700716215,1.0
0.0843329403349408,0.1429550736671788,0.03204295286133833,0.31729096478928875,0.5085545471616862,1.0
0.20417207207851715,0.20798382178602196,0.01617728261577557,0.44080222424416243,0.15808272221716266,1.0
0.275562038188225,0.2070060476450014,0.005603820552906584,0.9101838521608807,0.3595209220624721,1.0
0.40260957750613996,0.22417781613003018,0.018845201814993447,0.27748817950888754,0.17276753286583768,1.0
0.3515017015336811,0.08182310975119873,0.024615089675122295,0.1960056214573175,0.4790251290562107,1.0
0.22712193317078358,0.14291637743912397,0.03469178879757114,0.899995152142013,0.6961706110466666,1.0
0.41364382179630904,0.22325393160629192,0.03114791662252412,0.4795378474887029,0.17153600434999577,1.0
0.17544325250670015,0.08679750413336651,0.014286588427015431,0.5595114869083465,0.33418531191341483,1.0
0.2918279842889045,0.12770679084289818,0.00283508987730684,0.9366061396888011,0.4122845868372698,1.0
0.20575859799718138,0.09189196160137882,0.02393598896101233,0.014903778128025425,0.8736348209813681,1.0
0.44987144012206304,0.15739257466500353,0.0032523801195592558,0.5628746223674141,0.3319764846731491,1.0
0.34020648114706625,0.12724665249346065,0.015612431583254134,0.9958729969237469,0.6677167008758,1.0
0.1796769087217126,0.08182113150269989,0.0249842604092554,0.5882976293911212,0.8483366504686286,1.0
0.26246679416918295,0.11986176721595193,0.026929112173896267,0.4155771839224197,0.852087665125185,1.0
0.3119886458250535,0.2233497538758134,0.027148511365668117,0.3432655343734353,0.7066326639478221,1.0
0.02711612067386241,0.19805405317156785,0.02847230991787663,0.0239080079766819,0.9478472188561037,1.0
0.40746719419848976,0.1972554568855818,0.03162221994549622,0.8335422574839516,0.9740213742172373,1.0
0.10303922232657345,0.0980012195525139,0.026563894453048763,0.15781230952425848,0.9299124938428407,1.0
0.39431265744264504,0.12144726226480837,0.029581085044625588,0.9583374017803012,0.42272530462364905,1.0
0.10279620393079894,0.20039564345295607,0.028877472075625653,0.29595045832876327,0.02511662170821917,1.0
0.07733023987610019,0.20481921898694938,0.009877307452583311,0.9437490997539806,0.9718371521158123,1.0
0.27022690049007225,0.06758957299249306,0.028446786104323222,0.7018937858268063,0.977191178703212,1.0
0.02738683162630634,0.24959819588089763,0.02950096374092177,0.22226819861025054,0.7259022380337542,1.0
0.2514562669897276,0.09134672200940548,0.013965323402079316,0.24527528636590373,0.2755703704177107,1.0
0.11241712092952123,0.11714354677049003,0.020629822499395493,0.7114003114296575,0.6774685050321352,1.0
0.01859612610222278,0.20833778465718952,0.03065863666079617,0.9789106302135383,0.9597518456789516,1.0
0.40252799506976866,0.11255409641102578,0.027769411750651462,0.955379207714461,0.7964822786504564,1.0
0.17061390193297749,0.07359414579264328,0.013480159826670135,0.8207560851304108,0.7017988208973581,1.0
0.32047927273365484,0.09546947104395803,0.019964265239245944,0.3709989034965768,0.5221077235329543,1.0
0.32927766212860404,0.18854246224597263,0.014295319046666666,0.6908049474704406,0.23947291981563554,1.0
0.2628150056446712,0.17193406463073435,0.03200786371964452,0.30546386790325114,0.8454406287303147,1.0
0.24880732914686182,0.20719686200877502,0.025587086579169475,0.8630067992084522,0.8150663113238571,1.0
0.4468285655986032,0.2343126096195611,0.015625937122101852,0.04816226621318736,0.30419317651594097,1.0
0.4279408183549763,0.2080863166107108,0.014489270044556269,0.0574799631866449,0.5180652611655312,1.0
0.05621460184296007,0.027357483250887264,0.006203254044307258,0.20661784971125505,0.7540326229561064,1.0
0.19718522045763523,0.14999695241079639,0.03364453823268856,0.7567125798514381,0.6460669012673198,1.0
0.3239623419822458,0.1728720659875749,0.01787784206299513,0.5672802330598387,0.4620299749824978,1.0
0.12257486421855758,0.08944808711433516,0.015570006988528248,0.5798000255795014,0.5003752221058109,1.0
0.15364817130030994,0.09467217368180589,0.025035482813845142,0.33355919227109904,0.008947859769053233,1.0
0.22415228966863324,0.04793538056382028,0.017817161983493913,0.5746311667140364,0.9335044646667853,1.0
0.01493728446241129,0.09580189905292628,0.027977537006572312,0.2613018935339382,0.9250480984287408,1.0
0.0425090136281704,0.0611759645048898,0.03181417276901453,0.991468291423635,0.8631528766747861,1.0
0.34619973661703424,0.056334683255467664,0.014073757773236342,0.6974709604720968,0.9689324378453772,1.0
0.22363055304396814,0.05582196370881255,0.014709573253478414,0.06395558908794874,0.8587273097312119,1.0
0.3079025384824149,0.0690322036620876,0.017187720689127498,0.28227688165965775,0.4006705973588775,1.0
0.28876114173305545,0.23513124963167997,0.01229483066037203,0.5852726554607781,0.9018204250610359,1.0
0.38940744152534096,0.23943121900107245,0.029814785991315068,0.5702906408402554,0.7223934244533016,1.0
0.26916785619793104,0.24364404267758977,0.00953809890928853,0.7927545754181035,0.5067269166050484,1.0
0.2899473859362954,0.19831429972723408,0.02033769785699456,0.8375953681906675,0.36650274547290035,1.0
0.29209572489386093,0.2009866719079592,0.01028149424518247,0.44668218359101375,0.9097077943284052,1.0
0.18238778938986808,0.19529934585540512,0.026289699466052068,0.851771207938597,0.7396509443440645,1.0
0.2247185403521706,0.15644816937646946,0.029821995791047707,0.7019892589064908,0.10295466215479551,1.0
0.24911326845101056,0.18892466842153063,0.01948129733983149,0.777771692142408,0.837771866986445,1.0
0.2776280797497889,0.13972048399271494,0.008728786590265505,0.49038821114759457,0.5490197162841487,1.0
0.20798422921438386,0.021148079636511413,0.017568062579895044,0.8381129934320563,0.5716841968752181,1.0
0.41451595564493204,0.03975719477188938,0.012113840184772278,0.43769755593895043,0.7382399100379505,1.0
0.02729365383409455,0.19821691929543506,0.025497966118522553,0.8947576525070046,0.9005425478347165,1.0
0.08640100523439548,0.07915400515735661,0.032834869760848935,0.5985751265540039,0.5392219736548984,1.0
0.3935151597707494,0.18214654217577883,0.03099657834142448,0.11472114221828848,0.7577864226333082,1.0
0.02299057973435057,0.05653836729586791,0.027994925221424244,0.5205271172662217,0.08753173618672005,1.0
0.1465027603652688,0.08094461773964123,0.030840873481940284,0.6623744209006833,0.7351823610906428,1.0
0.19295288932923388,0.0801373363883162,0.02996546367616591,0.9539157842659318,0.42391750873741824,1.0
0.007447282615651884,0.08210413164794284,0.0273476600496183,0.360739530844558,0.9210413680475383,1.0
0.35825436057032173,0.05122386084822857,0.007701567200876481,0.4463036090248911,0.9449956477420021,1.0
0.2861297697982375,0.0034234354446854337,0.002924916957480016,0.06786709163536245,0.8198225324865709,1.0
0.14864834490279527,0.15287824187861615,0.020854446800212853,0.41111896807087195,0.005295905828803656,1.0
0.33275829445829036,0.05957458951603839,0.025084172349309816,0.016137666997460953,0.9080997965102172,1.0
0.002105206057627134,0.11499678503782157,0.015069945968114748,0.842041472563587,0.5411808697319455,1.0
0.09192519538580367,0.02018910233127314,0.024539257304209257,0.6210553159774589,0.8324964052492947,1.0
0.2843348380138485,0.13505198435462173,0.03207628114640294,0.8014628717164649,0.8825425699726105,1.0
0.1821740987071641,0.17951673091039694,0.024394305717873665,0.17496857061946716,0.6369120510933501,1.0
0.2033353799610563,0.04585435947366018,0.026321137768622938,0.6982430486885776,0.5327578488631615,1.0
0.25103228862534993,0.025933222114608072,0.01253864888883672,0.3729854849499202,0.883541967148104,1.0
0.26971297101298286,0.218819967988092,0.015475820917691407,0.8838198165506613,0.1373248512141131,1.0
0.043532534830842594,0.1406714776910399,0.03354759005386528,0.657294883485944,0.6264495417313999,1.0
0.4190669346217817,0.11841216140914794,0.01007806980355785,0.9877122804525745,0.42370080986094427,1.0
0.016697609017176655,0.04539544831302596,0.028512506072457533,0.4832124094975481,0.9549198521982684,1.0
0.2775586056368959,0.1802760527382855,0.02212022629979652,0.5303476825657296,0.5787200220183721,1.0
0.38860533109325057,0.08474981642688677,0.0166282387350167,0.6362736770305537,0.31490173637412106,1.0
0.43480977179338176,0.049487493310263087,0.008912925243676525,0.6190674143821099,0.07829094161158129,1.0
0.02974210810860152,0.03169264780065631,0.015592693312562364,0.8294313828210268,0.3426299212024318,1.0
0.2705127406833043,0.07623396198031654,0.015706287878111336,0.3869253751774964,0.34254165810836984,1.0
0.005991851975016436,0.22167890636227458,0.03422979111325549,0.8626336952247222,0.006736531780187417,1.0
0.2583219774914344,0.024449552840929832,0.03271721058590632,0.7764409120934143,0.14615099016164557,1.0
0.057663240011977396,0.1142152897488116,0.006405174910411882,0.15104060426284655,0.9678379326362355,1.0
0.11736953804415812,0.19432344334576682,0.030758309576285253,0.917686332850991,0.9330519859959052,1.0
0.2878806457710302,0.08627419580195722,0.032469301032922,0.12337403147238563,0.1696310152357667,1.0
0.12836555905371855,0.15431747074174398,0.03178026538079719,0.49154029504607516,0.5543167228251138,1.0
0.31869855282919646,0.026071506181707244,0.0026520561215030926,0.6416971359587297,0.5353436666089978,1.0
0.15096269620374822,0.01390005356673826,0.024138909522075928,0.42204606828489655,0.4458227714800971,1.0
0.332158999253042,0.055641344024629585,0.02334366088174061,0.13312306318515402,0.194869803984291,1.0
0.057524797794204004,0.0707682938913735,0.03153404911144034,0.7385771628032642,0.9295300581233789,1.0
0.1413481604669153,0.1584619811857781,0.013875653056140294,0.6974072272944836,0.34910856462926204,1.0
0.043178258612131676,0.1929820692294707,0.0038561783222568744,0.5998232605570022,0.8579207338468331,1.0
0.1866340188739738,0.052942449607995094,0.032366274583222145,0.5668332821032748,0.40601463920778874,1.0
0.09754296699848798,0.11112818624095175,0.004693954111559216,0.12575538063863864,0.39919765974083826,1.0
0.15316338092522835,0.17270989517814753,0.02837647595458135,0.877700336738683,0.04567478454968319,1.0
0.06706681287858414,0.17486731103153422,0.013636523830400059,0.7080855043971669,0.21461042026348887,1.0
0.057355825090811316,0.04326664136654493,0.02189170545559503,0.33743472015871034,0.7040742950406946,1.0
0.2801136616245302,0.18290459476734514,0.02799379818256457,0.9115118591893522,0.08143531365227841,1.0
0.33720079829556004,0.055018422710799444,0.009963118861216163,0.2676973799910854,0.5727606385030437,1.0
0.300076538314598,0.15294968081001614,0.023341802325503654,0.25306529919241716,0.7676040044471739,1.0
0.059661676071521466,0.05084304024985752,0.011232814974419815,0.9361054663308924,0.3270235137406291,1.0
0.0645899562088236,0.009010784089052397,0.014696534300869365,0.7973562475687342,0.45098534480841435,1.0
0.022340665290971094,0.11796099317204622,0.027760562652400313,0.6750474954362966,0.8529727116033264,1.0
0.22588200753333385,0.1695427660072148,0.006728658509398779,0.81599090796236,0.3121585807401818,1.0
0.3447998795162003,0.17654947695326306,0.031045111611670933,0.8921826706916869,0.2792472587969959,1.0
0.4496062252812244,0.06170783056680695,0.017077806730993017,0.910256198275868,0.10397656188506972,1.0
0.22018186195823755,0.22336715635442841,0.022126627968113925,0.6717641114760552,0.7732127656765652,1.0
0.2828679842287981,0.23106037394819284,0.03350820661463854,0.9683531225593494,0.6461870463886691,1.0
0.24905681498300486,0.15228078642877063,0.021812009633027464,0.04336586025316697,0.08978241464748744,1.0
0.1420831770872799,0.07605494576746528,0.007576981736708973,0.8012688994646546,0.9643641752169092,1.0
0.4254935331272835,0.2210871549710865,0.008409517266723062,0.1543723752756945,0.2123751987430847,1.0
0.26271274597714445,0.07137986066655316,0.03203916762154861,0.6137943654540085,0.36025094521296264,1.0
0.4289843286554498,0.19487519359199088,0.027917244964947584,0.9772928613929653,0.6008557664173204,1.0
0.030107647312695815,0.13896156734412624,0.018085555541923037,0.03868613835862816,0.08786503333880893,1.0
0.1330127370144144,0.014324296149552825,0.015387429281867255,0.8129336649615445,0.6142159786280462,1.0
0.015146502512226514,0.21004206370371095,0.005970472899021685,0.3033482251564545,0.517277101038453,1.0
0.44916897659968474,0.19588251022173106,0.025796683606733956,0.5281546483813198,0.6659617106611628,1.0
0.12186905813810735,0.24617607301077404,0.03430691078694831,0.3236494222681502,0.24180752399898775,1.0
0.21870410819338562,0.056717878367985294,0.02304888550672361,0.0757449915425813,0.10457354519680749,1.0
0.35007201178691427,0.08149909522146098,0.017007770597650955,0.6569654239631724,0.7887513820510008,1.0
0.3292052656127357,0.07223078368348182,0.022911851084464595,0.4514292606538968,0.9267011915312519,1.0
0.3485812753529412,0.2289506195752145,0.005641144228822497,0.6548094935903667,0.19916957363083582,1.0
0.23574763530581705,0.18575482999195575,0.02553079852264625,0.8695898826150862,0.5597155772744605,1.0
0.39966197946345994,0.2124153148806421,0.008803683665347875,0.5319165451940094,0.7365003604465334,1.0
0.006229625907962514,0.08245151895232958,0.01263990858791885,0.2892460352120749,0.8176068754631822,1.0
0.16238620275380006,0.17820946746073277,0.01482915044963744,0.1449195201085571,0.6112416202863284,1.0
0.44184563741602506,0.18738302856118108,0.03452998358675326,0.1871662884748857,0.7618334142686245,1.0
0.3209167651413467,0.11742031416446445,0.008221287870239177,0.04669092680165938,0.8384499690693683,1.0
0.07398034047006502,0.16165004398641628,0.02608294581809349,0.5580673703858094,0.3179116741930092,1.0
0.2894558462561024,0.18033416049144876,0.02317189400307929,0.7215673829135029,0.1459220777895096,1.0
0.12932904828336722,0.20930125453445952,0.03137506293929508,0.6515723830533812,0.5987024613266564,1.0
0.19686333050975313,0.1532994517773873,0.003783555264414274,0.11235054946606643,0.9934877738521016,1.0
0.1580298867937326,0.06363075849937311,0.02296467216280542,0.47360281091999,0.7906405264161307,1.0
0.007921775147388356,0.12118916019137212,0.0028763678802223355,0.8269595941009459,0.11454442689971595,1.0
0.20752439401487816,0.04960082979470321,0.019333478646699074,0.4612377260222586,0.9525700883063716,1.0
0.2599526896725791,0.18037950280135195,0.005339318307899116,0.6368256656296442,0.8643748151156563,1.0
0.42089164000264706,0.18042583848849528,0.014395552208858796,0.92053093320622,0.2261314108471859,1.0
0.34478041734750653,0.2181980105818743,0.03216243245719295,0.08589067383288078,0.7263331102847409,1.0
0.3508246292275958,0.1754717432514686,0.007165980192410551,0.8329973422471089,0.46232701521454306,1.0
0.4371602853410166,0.16449977129230542,0.021011146930842432,0.017746009591403895,0.20001562025884562,1.0
0.15065727914655114,0.08678257990380364,0.019031222393322698,0.6900786785455247,0.18016582672441683,1.0
0.41272234726347923,0.04706695618364277,0.023408993029022374,0.04654355211065547,0.5316164866568331,1.0
0.01628475975437421,0.08408268239449106,0.030850537503327637,0.2262543160042386,0.7231516798413007,1.0
0.07449576201581322,0.185685170981476,0.01909075376309472,0.11291377492555693,0.9494220318620047,1.0
0.33554129482654843,0.055207366115908145,0.005664229119747973,0.7415654693537888,0.6741503543798236,1.0
0.3360812625465563,0.12674307299360715,0.012852306726011814,0.7871049256621807,0.6171659647946658,1.0
0.34812508644118245,0.1366622615916963,0.03291017071974202,0.8182376370946899,0.35882938516745677,1.0
0.4308425478442294,0.22390589430368524,0.00750030827956659,0.27502952899052546,0.3650560988426101,1.0
0.41741037304097367,0.2007827199598472,0.010374087166048913,0.8871777418285963,0.033848244814757775,1.0
0.1705552559169502,0.13427466187023887,0.020061778945984182,0.22617908235661546,0.20535114708297042,1.0
0.035212362230089764,0.12382822492164931,0.0075159778243210846,0.3202476578958567,0.27801712475283613,1.0
0.2057532508792527,0.07556101677707983,0.029265967931326974,0.08670934614951122,0.7665942848281666,1.0
0.4131906309594254,0.002384212257017665,0.01992655347021754,0.6226427190435662,0.5777230323142535,1.0
0.05136163962963124,0.10447344506885346,0.030367050282679105,0.888846553240462,0.49884605883552674,1.0
0.3439948897799654,0.19512298818036175,0.03119476418319927,0.84401354178386,0.41500888955143006,1.0
0.2179726307799186,0.0303724051386128,0.028937151280172133,0.6021617661708062,0.05894719860210665,1.0
0.1281123651177987,0.018247036970453503,0.021624023099243918,0.7324764454751143,0.5177670100271705,1.0
0.2600203488872289,0.002645659754172029,0.032497882244102015,0.268037852567327,0.8711355968935272,1.0
0.04465021321098446,0.11340066784606159,0.02679265088779075,0.942619138800136,0.5215737203532614,1.0
0.021004988422814296,0.1463436584629392,0.013921487992950147,0.9092243511903658,0.4805791636171607,1.0
0.3818465271684882,0.025471125307760818,0.015988774463712323,0.8938237135812998,0.42503084302137184,1.0
0.3930236723371826,0.058915803085758375,0.03141577653599776,0.39763139276842574,0.593440295330406,1.0
0.2376764551380559,0.013272164952603126,0.0032188391581179547,0.4153080391756479,0.3356169715101449,1.0
0.018021665002669,0.04274949876448594,0.008126124400276933,0.44105127676127065,0.24758792761657378,1.0
0.2693105795283146,0.18622412247300224,0.02429911427110554,0.2769039151322937,0.854590391530597,1.0
0.2769853487523333,0.05399926447739786,0.00923523816942922,0.47527546722066666,0.2385832100095439,1.0
0.13954097600283547,0.03882712233637594,0.0061548710282980645,0.1281005509324495,0.44031032888740806,1.0
0.24452515744783634,0.07527742780696806,0.0197842802526473,0.9354899880281417,0.8691785625733002,1.0
0.18871357037478756,0.17489230509954412,0.03238673730923372,0.49005752087161014,0.1002084163612333,1.0
0.00570514009857848,0.19139498143052774,0.003887164532143379,0.10750995779192062,0.7819251631415145,1.0
0.2532945050721504,0.2053257129848382,0.029946529365287956,0.45805474340063046,0.9963023883674829,1.0
0.07800698721273841,0.211648134336853,0.01512938950501723,0.8746251515773856,0.06210517814591363,1.0
0.01908242488955914,0.15090072911530011,0.029283382157960988,0.40325812282506307,0.0916047542213527,1.0
0.15727271342053872,0.16122450926626458,0.023173155379075352,0.10392069353410172,0.42075660074800186,1.0
0.1172286829263256,0.10236299134559092,0.021865627675930643,0.403467830543657,0.031830110594002314,1.0
0.3494603305950202,0.06287751560875764,0.02880218916619688,0.4674409178761221,0.47344821606008075,1.0
0.1730987873441369,0.06038166744594036,0.004571100808392728,0.6722379662925994,0.4704725972530905,1.0
0.20649594414986355,0.10428785810359537,0.011160970858541069,0.20022844506741744,0.8306065077038162,1.0
0.406055347784889,0.007700378658100273,0.01875657939789509,0.0592702335889332,0.7798275141883233,1.0
0.25509923673020446,0.22919507954514515,0.023074803810822494,0.17914164500894153,0.7968810909861458,1.0
0.006916355515897748,0.12220447755685092,0.028624479026953573,0.43052767320277946,0.7586696224295124,1.0
0.20615363048488985,0.08149736367133639,0.025702360053113313,0.3695494993206271,0.17091701962192304,1.0
0.3947007976246937,0.07156388892220901,0.008988658184721028,0.1342866506598316,0.056122666723156286,1.0
0.2420127954400141,0.18268147069455368,0.027281097193535976,0.352964677725752,0.7991070042510598,1.0
0.3340510707579999,0.17822154853903197,0.01569594874378868,0.8414788056829859,0.0897485377482263,1.0
0.16353510042214287,0.14192750503365004,0.031360768176498924,0.6054145403945207,0.026555948832103667,1.0
0.41813200328543404,0.16086097438232927,0.03028828263362551,0.8254704595865924,0.8614309907009785,1.0
0.21389942367179784,0.21216034275240314,0.031953551547669476,0.14769465776048668,0.18235084721189246,1.0
0.34686372485253175,0.2188703081572158,0.020728164807713743,0.11415490721783775,0.30444448173719885,1.0
0.1570521852432367,0.02659900352925953,0.011270327847844661,0.8068996459475085,0.4939860534861231,1.0
0.14137193528839218,0.23844173863872797,0.0156865545953533,0.442157655551287,0.15391653244216905,1.0
0.3667940736900809,0.19676354462641255,0.01580695916406364,0.8937586098949674,0.3808786581457595,1.0
0.015172932212531501,0.08746034226719798,0.030072328252674405,0.9014082519128538,0.7566676171791621,1.0
0.36716170434857237,0.1771819888673102,0.009643512451816064,0.46677066379416915,0.6610442928882734,1.0
0.39840882559825413,0.11898731545656926,0.007051570852789015,0.21536745537546875,0.8462105023004315,1.0
0.39123953253657834,0.014841433315392205,0.014316387915039785,0.8003760512181833,0.40820776144557663,1.0
0.04603417670207663,0.12837401438236143,0.020804116611966315,0.8909777286400039,0.09452778493285416,1.0
0.2970472946086805,0.24500259038315936,0.029841327014567137,0.8466485666341936,0.5176653468953634,1.0
0.3865024622422128,0.21753677097793314,0.0282773352260518,0.818752703909391,0.8797502291418812,1.0
0.13239508023033192,0.2440522699544483,0.01952238943877584,0.17728739618165032,0.5035525775663277,1.0
0.37287167078800815,0.20323200477984352,0.002674210773302167,0.45407146198543585,0.0215484871308211,1.0
0.07908382790786259,0.15659379909674198,0.02040102462353361,0.6259039052082228,0.5638532062085766,1.0
0.2821233747444018,0.023484761445932756,0.013470110334252968,0.5470468424987172,0.3258722284722789,1.0
0.14373607405969135,0.20734235940145684,0.005988946513370448,0.769623172420889,0.18428197534440371,1.0
0.1449154434608013,0.15969627455828284,0.008233173934614311,0.7956143236185407,0.5740102825000738,1.0
0.3205848776831919,0.1522414893363095,0.029191395475175606,0.22046288519401486,0.6331097184035929,1.0
0.3349621496367508,0.007092882963325199,0.01554221128191508,0.6520501999310863,0.4611786971057181,1.0
0.20949281400406672,0.21258638684689202,0.008032526588136494,0.3678049914660136,0.9903451859786275,1.0
0.016251785614868397,0.13305265993290158,0.00322404291282804,0.9239810187340531,0.44210336777234577,1.0
0.12355276829585049,0.1426359261176463,0.005929956581775355,0.7991560455350116,0.4917191345017371,1.0
0.37852133169687974,0.0471020446973523,0.006956224493631934,0.4213808711969763,0.786342112953406,1.0
0.3580314215505368,0.12568839180436064,0.020099957298239636,0.564821552340894,0.0571112215687625,1.0
0.3401285557300993,0.10365476175283163,0.020057577396563043,0.9449237534045205,0.04722549654904388,1.0
0.16321208564870626,0.027505907122490555,0.03332700785783313,0.9614981301587948,0.3121766660352175,1.0
0.016792949419204235,0.2452431015937143,0.029421688557894593,0.21511589059040268,0.5999476067806538,1.0
0.1443652348394928,0.08908419623111456,0.02238507437015951,0.14794695688250442,0.1190923991126862,1.0
0.3338256256608171,0.0922832073764776,0.01825017953616101,0.19625510625072512,0.19491156168222235,1.0
0.049660488088935736,0.16729234107688515,0.014623862979862812,0.671599642704008,0.38234774753847317,1.0
0.02594471997782874,0.22343103064123204,0.010134480026095238,0.043499667755516155,0.5628420174603004,1.0
0.20718220230966974,0.20077623730946378,0.02791258986543716,0.6007852306671313,0.9778940367489897,1.0
0.01868538726931119,0.20503686230280793,0.008523991581933265,0.17706257018802746,0.07093991204452509,1.0
0.14744537620733036,0.07639011145964664,0.021168559952135037,0.7517906271587776,0.9378289519286919,1.0
0.06852144278717799,0.14787078512061724,0.004336610191826852,0.3713935203346437,0.6249276783154909,1.0
0.09870208006865619,0.16732840546015595,0.022959568638805255,0.8597565101320561,0.3144337482682264,1.0
0.3386479391342311,0.06055944095582311,0.02211936648378654,0.6754869255807957,0.27515398420965154,1.0
0.19666419953816536,0.19360388252438798,0.0010235027010672838,0.5015255848452366,0.18515647275024769,1.0
0.3064856194739564,0.12578050066470223,0.01942900442066995,0.3157431308661135,0.314009356621071,1.0
0.060147383974417566,0.19310432535862995,0.023270448174465466,0.8845902099708426,0.2608845475075977,1.0
0.01850629067662513,0.22821413718864153,0.023963309663091386,0.6232523738223702,0.7329565117856166,1.0
0.2721332606697532,0.20042955569090606,0.004070011119938184,0.9588580724010088,0.8919949156988166,1.0
0.36394848055519036,0.07428346201739075,0.02077288589957825,0.12104225981616028,0.75441256493439,1.0
0.3902039467809802,0.06089868117569001,0.006454004847619536,0.07183345932728155,0.7116537629227607,1.0
0.08975284761571224,0.0432544543618318,0.011397034163928807,0.9412702226942653,0.48713505624639775,1.0
0.07750545110730202,0.005706453506654066,0.013409750000323814,0.11095141275185606,0.02798498367349341,1.0
0.14401616086019045,0.18796506165813384,0.0032775325397298946,0.6789952498328257,0.6209219862724451,1.0
0.08361016680395453,0.19877265871406455,0.03040541737963456,0.9765076475200851,0.8087408086611391,1.0
0.4262609255633804,0.20393302114814219,0.008219056271459017,0.16603220314574887,0.936477736249981,1.0
0.34991942004867993,0.1019095543115264,0.0256093790267538,0.09275952878648208,0.7253332294507308,1.0
0.40526989501714267,0.04791120589374515,0.00471810665115005,0.1970240781863809,0.07949679188213059,1.0
0.05616262503416432,0.05101188545307877,0.028529315407397234,0.2475076413060848,0.2230710468503473,1.0
0.1800455884674832,0.20903430929627778,0.022701157752528272,0.2889265023673924,0.5983253523440767,1.0
0.16465284928805538,0.1843812096595341,0.015138321332823229,0.5435303243807212,0.7339663277704386,1.0
0.20527233553141935,0.02470816548216226,0.02565018851205117,0.6081984589199538,0.3276027307288891,1.0
0.4166853054514331,0.07943592641636785,0.010362810431489169,0.10190396594666606,0.5777758558874838,1.0
0.3794410339130883,0.17100892912307705,0.0011331067975198271,0.5661089370543625,0.2326028421429094,1.0
0.2790958561813632,0.05202367569115126,0.031587617538409794,0.5738073602123833,0.2099759246103162,1.0
0.2463522634083909,0.04220257085946743,0.01858623378574852,0.9593897091648761,0.42478602061137655,1.0
0.20804589827893455,0.07074578423746772,0.006500642843484152,0.5793487756650579,0.8943059965208339,1.0
0.04418814602926058,0.10081139503780158,0.0011800599167870703,0.30863244550118935,0.6697072160214718,1.0
0.37841068527372973,0.11986866917163719,0.023751717536558043,0.883981358058202,0.6831274983407732,1.0
0.36382134481046147,0.14219899710320322,0.01110592540059413,0.29884426224670474,0.8754557587684977,1.0
0.42370514479547394,0.08243789024785222,0.026121616033655787,0.3306997228848108,0.9533480878439275,1.0
0.1596401756115021,0.21699780070978378,0.010317922330657106,0.2763438571166825,0.8988530642525476,1.0
0.048491266688078766,0.1454647975574673,0.00859543640355747,0.21592313349309314,0.6157885829166589,1.0
0.21193077145033623,0.06469961183145713,0.030033364067630155,0.5549397381357639,0.21589372243035357,1.0
0.37048054215263154,0.06705776536111249,0.03367573086533981,0.2684711782249041,0.29335047892492944,1.0
0.0749975439841008,0.1720670185394792,0.019949469078144988,0.8945680190703713,0.24163435042088666,1.0
0.16202190331310884,0.037381062193514086,0.03316913495766475,0.717729250172539,0.7963954629945141,1.0
0.11002580947293641,0.0360235028670389,0.015600741822321263,0.8291901026527069,0.3311848132721677,1.0
0.29736725525254026,0.05081570464243786,0.01945639552131576,0.015865169975593254,0.5093410057659556,1.0
0.39630498215523247,0.18073163606156348,0.0022249572666984494,0.789732874242188,0.791436226921285,1.0
0.4182542344207442,0.2010101283888679,0.008442554596466447,0.3821643391392982,0.3505732992139368,1.0
0.4292174154687383,0.15428399374350513,0.011639928020284379,0.9415762206470532,0.7005712013568675,1.0
0.408024233192201,0.08670901155288864,0.018551183369872465,0.47974362284406075,0.9237072424258879,1.0
0.15065472934297439,0.16537988565099018,0.031144933899065367,0.11576920657818467,0.21067363538654907,1.0
0.3500063998775893,0.08717137210448286,0.013159583474707361,0.4700643367956691,0.6741257002529413,1.0
0.34947785867180603,0.014487531153255233,0.028847385245515774,0.05899330040071321,0.8810929510967478,1.0
0.05839676168908238,0.045865908582444936,0.008583726592748059,0.4023603105176633,0.6558265248704009,1.0
0.23650176175127735,0.13358994547095482,0.011856373330289263,0.800879743881543,0.11137574189007922,1.0
0.04454465476887528,0.05433102388772725,0.020944328992896655,0.12683442759293134,0.10151717746825814,1.0
0.054116308514267665,0.15240528412812615,0.012968380218401788,0.89647075465447,0.7078424867714103,1.0
0.4030651816186822,0.10406082473947291,0.011139733265459344,0.6731092395413029,0.7182559473114953,1.0
0.1588937891526734,0.03992629686716593,0.021177081203511926,0.9569521442782901,0.4172078378810499,1.0
0.08021015741863181,0.1992287653014044,0.03255568062288473,0.6883662983105875,0.11021696302155488,1.0
0.03946395011660393,0.15083528210803437,0.03493705951140366,0.3753798586220238,0.16378209748373504,1.0
0.2572900841753748,0.14267148492173312,0.008813908319834406,0.7509540357972871,0.08892427920186707,1.0
0.19213882807872146,0.03266657994096844,0.02256908157125224,0.6733763687767347,0.4405802753355602,1.0
0.229683146400308,0.07215285857253705,0.033422443449897345,0.9440999937121209,0.09652577332362662,1.0
0.34919158895150415,0.027554396476751425,0.018657059242975296,0.035916358767521396,0.5892682134903159,1.0
0.16632617213097067,0.12764766833873836,0.008737051080690986,0.5414052936889637,0.8027720940746207,1.0
0.24951555612206822,0.08930617600236067,0.02642765065450777,0.7023366232952458,0.6990908664579709,1.0
0.27007640703374464,0.16312021073793162,0.024147675060570795,0.5756810976835348,0.8669379420764017,1.0
0.026057248423258052,0.24066336001457617,0.003064946705211531,0.9030527001361628,0.6126726520172693,1.0
0.2546643148226249,0.20543117264770897,0.025523868949974143,0.52558702152701,0.36396026636366563,1.0
0.11365646828165026,0.2379899353100119,0.010365702827409704,0.7521005902195381,0.5089891169168046,1.0
0.4460009585841089,0.012696620003673748,0.02079062162011681,0.4620566977937016,0.07744988329235954,1.0
0.3127146461813732,0.02797382881856494,0.028234853758690222,0.6254359329581614,0.1017567372887233,1.0
0.06259286019374215,0.19960272259388398,0.019120627254272677,0.0038271067798699033,0.5433607435809243,1.0
0.2897413049436348,0.009676169816262027,0.002204476925723608,0.3500187369902614,0.6888495580653257,1.0
0.12594034706540436,0.05480081859616108,0.024226270310956134,0.028085623397668805,0.5572265483627602,1.0
0.10834998125290936,0.13055422424378374,0.008383700325175302,0.5647572839436931,0.14982486239011708,1.0
0.23018142455185758,0.008893555982913038,0.021764386175966887,0.7505649782040059,0.9561174892482283,1.0
0.09470421989506084,0.07690287523298049,0.031285977273534785,0.4074503065291794,0.30249201926287894,1.0
0.01805758973236146,0.1376548133157683,0.016306459696592866,0.6252333525319131,0.7313685738169221,1.0
0.28675131652443586,0.13155784703728768,0.005554905553269405,0.881844481801651,0.7548355776630242,1.0
0.3244616615673358,0.06195683355729802,0.01563789165462364,0.3874815570194241,0.036786110699524005,1.0
0.1561606848450046,0.0019770227640190834,0.029802190809103932,0.14473055058284534,0.5014512152178788,1.0
0.27241213472581427,0.04316845512028007,0.022019178272613796,0.7578392975542874,0.8549097516280355,1.0
0.01623070884067268,0.15237910340428384,0.008676129344892826,0.7811141788706468,0.6802018276567582,1.0
0.4354215089443093,0.14655230139198677,0.03174666071394374,0.6422514890915704,0.18256260185248538,1.0
0.3124706822719581,0.2445070046410541,0.009276687623985298,0.33379239076764855,0.8216695355757696,1.0
0.2853066943121084,0.1343335371304859,0.006739943657096933,0.16595658755098291,0.8103874236327254,1.0
0.33633180669916396,0.18343413952411725,0.023089119196534256,0.41010814541818486,0.029292362840682817,1.0
0.05744253450909214,0.07091608355576672,0.03319061951090091,0.302559165489655,0.2558840112445267,1.0
0.03958355874095532,0.04101190659141952,0.015902795505980696,0.7878854547137092,0.8844745800043332,1.0
0.43930258918968135,0.005194689509132692,0.022063222869708948,0.1172298556830489,0.9104523778642652,1.0
0.13705966974900513,0.2070994252605666,0.022429369563168138,0.1013882957005731,0.6031653911691157,1.0
0.13933422800356968,0.0012840532603545943,0.03421091702490809,0.41456943403305263,0.43150183507553946,1.0
0.27236903882784647,0.07619466646568525,0.004399247874302888,0.8275351574272486,0.48389379917005615,1.0
0.38736661035349634,0.0054128724420203665,0.03021909941605151,0.7520434644970112,0.9468749282364773,1.0
0.14576762940186494,0.16570820691051738,0.032476961614481936,0.9926766920879413,0.4173209129350953,1.0
0.07757740241856546,0.173799866442411,0.029470594378359093,0.7988506631319756,0.3464972017113472,1.0
0.05503561758007608,0.12399853375894379,0.01985630242656558,0.536977343196601,0.7581328888992651,1.0
0.03563111554908442,0.04578306170574982,0.019096126702273526,0.6948530534623554,0.5146603576783676,1.0
0.023959418223893164,0.19668434393444267,0.017904604156535015,0.5392503414165456,0.46948918212764823,1.0
0.1250916856700776,0.01681169602524767,0.025058366550865716,0.2726010002603884,0.2992627868261034,1.0
0.17422983756506527,0.1281636047307482,0.014140085425880175,0.29090092213113106,0.006844887508518642,1.0
0.21344600027258767,0.18025268562364483,0.0335943275154054,0.003828508613783562,0.6753645672374129,1.0
0.20662631089945221,0.2118487381419708,0.003430858865471921,0.9896238713937557,0.5812549922902447,1.0
0.009760109135596549,0.1471189464621849,0.017826275776255184,0.21610168517031636,0.4909570860539132,1.0
0.4497654486989285,0.0836964958502415,0.017327553034080453,0.7849933898823562,0.713065565249824,1.0
0.42365525585308145,0.048105279910625236,0.014273594771676338,0.6871301749704289,0.04597925115498424,1.0
0.003192664560560236,0.2286080305906159,0.0254177612912145,0.5659336732925178,0.4294720713289239,1.0
0.331693768278403,0.20201594642095913,0.029063089667983117,0.022853058354513855,0.05562970067719755,1.0
0.2951927006430922,0.15636334985365405,0.012055560863321614,0.9730257644112854,0.09401353548599668,1.0
0.21691382673867432,0.1052897157931595,0.001869209768626548,0.7280718419786008,0.7718039352562074,1.0
0.2331163288975347,0.15200408868548074,0.013499938257363077,0.6159664241532022,0.4346929323573309,1.0
0.32361243878408585,0.028514495802748462,0.02818650824439737,0.3381681257636139,0.9356328536099765,1.0
0.013382504327717596,0.18385631357016388,0.005444968545015578,0.8773902154743214,0.9483819772498449,1.0
0.24025987674545882,0.15091368895041204,0.0155810758206617,0.08449919923257554,0.9289146553354822,1.0
0.14146865039148093,0.04863986918237308,0.034741880460371716,0.9426218728430112,0.3500829374839042,1.0
0.36261091882737967,0.10622990249883874,0.03390479370299686,0.9013155128797259,0.7596918909179323,1.0
0.3162553537134197,0.24682634232835804,0.01369194612144807,0.8816874340462648,0.4087336975068471,1.0
0.294462525842813,0.025028620245534396,0.01728755511901719,0.050679024644320045,0.39568064796242197,1.0
0.10525878532213176,0.2376913767423492,0.004397383517594776,0.6651467355270971,0.9657198705943507,1.0
0.4046527752361221,0.24776658818680364,0.02282267682544378,0.7824815834433164,0.032953208585957336,1.0
0.13043114372370554,0.206222148165292,0.0240376524277644,0.6147998081578089,0.9316271291310987,1.0
0.4292747312243431,0.026090412085136037,0.012798596594005597,0.6306433911323852,0.34213472766360864,1.0
0.3491629600188093,0.20729795165539347,0.007097685830735996,0.18289461949265773,0.05326171390098069,1.0
0.06275259486184682,0.0803306508553907,0.029574766855632106,0.9487102837749659,0.8222538713996644,1.0
0.25604288436110867,0.04249837226216753,0.013775394981029764,0.4284910252010302,0.9429978170542256,1.0
0.12117711833909894,0.16105591531772642,0.033363426236833374,0.06009996496799459,0.8161716801747816,1.0
0.0697454704767167,0.2248178627496891,0.001062881537928508,0.7413446546325194,0.08814118147949868,1.0
0.27978270872436517,0.21583123632337392,0.028968620905804654,0.6854791787429518,0.38116704283051106,1.0
0.2864216338185788,0.12474547987827023,0.0036500369175671734,0.9556063285783838,0.3151051003919005,1.0
0.4058589464230113,0.14468566908779593,0.025924062900710795,0.1535135740550894,0.4052010683520158,1.0
0.11368315396526646,0.1756732373508553,0.008942907370911775,0.2099186993127329,0.012613025610122458,1.0
0.11178481962138845,0.19132478261340669,0.020370136809709307,0.17864665924832446,0.5685593434778884,1.0
0.1920505237443337,0.22216380736816704,0.025454711463560785,0.6514489166845218,0.2822019658728167,1.0
0.33907409395067056,0.14240470575239966,0.022173845774024068,0.9751382060597718,0.3489725992470373,1.0
0.2519716215516312,0.05957972653580867,0.0027982032875441183,0.6163948810969717,0.29831852024119576,1.0
0.3156264956205425,0.11440965648701257,0.01923750197254633,0.6269203108102397,0.4691363388562745,1.0
0.035094624287142884,0.2449747216982606,0.0021373309878815632,0.20888825954048781,0.7085995467997063,1.0
0.11871556616447308,0.03934019308317046,0.025601433169751237,0.5793544579188349,0.06541413318027064,1.0
0.09461781467920445,0.24195695089761804,0.004669210208507765,0.5984571201886711,0.4823653886109713,1.0
0.43046528996706,0.08597918757630504,0.026458056689176675,0.44801901069833805,0.66110085311081,1.0
0.10297787015828973,0.02182047348500184,0.004459542544909846,0.959470888444753,0.7886681630551201,1.0
0.23858710934002084,0.17884394836316675,0.012986288668084753,0.44054807010162467,0.7186635376531336,1.0
0.23732861695152943,0.05331195474987184,0.0011046384345278844,0.690573471829439,0.7075575947616212,1.0
0.082275934533265,0.18515550094136926,0.03323089242832969,0.6449357564742947,0.9631774199096151,1.0
0.36092935639542106,0.24982219126776326,0.02227803161646389,0.49755863692106367,0.9177186181158488,1.0
0.050440320931337296,0.07637793905289246,0.00986193409461951,0.855406397718331,0.2340121089524969,1.0
0.23393610577878654,0.019953752191726352,0.0336818078496892,0.49157171375936987,0.19124329030521206,1.0
0.3593396024421356,0.15886761356442716,0.016797284823595444,0.332269766020627,0.900783678645852,1.0
0.323432304770088,0.11205412564969103,0.03435944512583362,0.7103602264895198,0.4242011002616723,1.0
0.40318052344242655,0.18525133319253903,0.02707786813508278,0.42420387219421113,0.5078431531265425,1.0
0.26833291424469796,0.09310922054140894,0.012812903069392008,0.9482799729369279,0.16561864975081336,1.0
0.12737938838263424,0.00813525162598635,0.002375744714180134,0.4297483150932857,0.4550064452423252,1.0
0.3012820428984003,0.12185035184469468,0.0035198442552593343,0.3487231237183623,0.10286077111605404,1.0
0.09452967462385152,0.1754432898292302,0.024664055954674743,0.8615277379764577,0.7566628731979159,1.0
0.14136282751615814,0.002447062296769925,0.023002674363785013,0.29042347442723204,0.25085000162619003,1.0
0.07923384639040675,0.009076250222499836,0.03327927343653196,0.306700715334378,0.3940266305700298,1.0
0.18242528128954114,0.24308310140136902,0.0245966704064946,0.47435101998836643,0.30816417436634064,1.0
0.2754414393321291,0.0643580655887221,0.006166215866836803,0.6965324452697045,0.8696003073417304,1.0
0.3787969208132266,0.1331193207432799,0.02782025294613886,0.9264293760356191,0.024339227017527085,1.0
0.09265234032701751,0.24919542757070626,0.03260524432752793,0.8023837651249107,0.29658392532103944,1.0
0.01413344758790278,0.04782188692287633,0.0219737076438515,0.79321370534625,0.8837472222624547,1.0
0.1764712658802366,0.11425202308648284,0.0019171098301531066,0.86410528379905,0.3386104669707954,1.0
0.1847294813318789,0.17793028034985714,0.03061112969938957,0.21616108974940695,0.17344035406836036,1.0
0.2483509656044419,0.09207723272898895,0.007776861472180177,0.9952525743762404,0.71946510280446,1.0
0.04197549072739164,0.05062130364809322,0.009423248532857656,0.11197456361234132,0.2304217193430229,1.0
0.1706015336980666,0.12206261953329064,0.016479689067751213,0.8293808582807156,0.2547413909483767,1.0
0.4087471455194322,0.2399901282889074,0.007153429952086084,0.24650539508913594,0.6242084450800497,1.0
0.0394439773210546,0.019350605795830488,0.021609087578652462,0.8048734638679765,0.2596267769965295,1.0
0.35657904304667387,0.020287640935902743,0.014848306369843703,0.06894685116822451,0.9152789636357014,1.0
0.30925876352926795,0.1709927598069354,0.010696205064455282,0.933605616045508,0.9228538815621744,1.0
0.21154966297523506,0.01273181696688808,0.001962585904659213,0.13899619859094392,0.5961689289993646,1.0
0.42686112636285495,0.04466515773976055,0.010367947947069384,0.05504618676736064,0.9890581197139986,1.0
0.21684064400632233,0.1443157734703089,0.020113929985325126,0.25510639239000715,0.18620530359912618,1.0
0.11197194385847131,0.13982449437622588,0.011478895398555136,0.7292158468240605,0.5683717931241785,1.0
0.4281309014230717,0.08127997430969999,0.022599175350157548,0.0010505764004012116,0.7371867236299919,1.0
0.09456484582072242,0.001376128550725681,0.02503609477612763,0.6630380028470233,0.6657417093630874,1.0
0.28804449927070697,0.143262362736409,0.009122431516783134,0.5192492734269601,0.5150782018242763,1.0
0.19563657117916045,0.10958527350580298,0.03446975202334376,0.8945694089860742,0.243043704053698,1.0
0.06294702869936872,0.21349437362626011,0.007232994808820589,0.4261777455494657,0.9839377096370712,1.0
0.3780647311656344,0.12418875343238724,0.0047737064363537526,0.9525388877258978,0.5496821367710867,1.0
0.3912290169520511,0.004644011152233767,0.010004583921238422,0.3375846580335393,0.5353291814959636,1.0
0.17564613735003076,0.2038448927821511,0.006888497910247064,0.7015751981018064,0.46086907997788645,1.0
0.08064095546740069,0.0361166522017298,0.022070406774837608,0.0882370744839389,0.8232237339967154,1.0
0.03694783670723131,0.2221611022348157,0.03361146807299076,0.04442463008306384,0.9503792385686949,1.0
0.2994781114206325,0.04452912081300471,0.02879349888655651,0.8420714282188635,0.9783630637912988,1.0
0.0350601107914366,0.16483293671824056,0.010283570023177943,0.12645220784551403,0.14964662329638295,1.0
0.30795850801705993,0.013564776791291241,0.03446382265696715,0.808004424124354,0.3098701263450743,1.0
0.32723261466171694,0.16933198937402216,0.016744750559684017,0.5128775107983679,0.04416447273601609,1.0
0.15377085438409235,0.07197774891826414,0.010167162442118325,0.649297950459092,0.42982836310059724,1.0
0.07247495911681395,0.24050402849266062,0.008613490883318748,0.40670309739418387,0.19101455941555923,1.0
0.1968218071609236,0.10399883481550729,0.030753226103228285,0.7597203699436599,0.5203551778362917,1.0
0.43199572761087807,0.23915907900811798,0.02496220950893618,0.7603877785599464,0.899193815245662,1.0
0.037941370055599666,0.24933736928517486,0.024902755308959554,0.593152109337436,0.4137539582015708,1.0
0.3620903836272658,0.16395432908010651,0.007823975739930798,0.6103011260968719,0.14202493561974391,1.0
0.26297247938775714,0.15928533361526404,0.005938914450596797,0.09650293012211957,0.2594494578093825,1.0
0.41932558347294435,0.19500175919418805,0.026354157855862533,0.3309021122131582,0.11259567239538339,1.0
0.2258832237524663,0.026027200704858745,0.019188936823984093,0.675734832422591,0.32058012957273607,1.0
0.2801015260043452,0.010983784088941765,0.015714971889620368,0.8249504528987203,0.9988487847101377,1.0
0.010036989998588496,0.12373287238275424,0.010393363512687737,0.8928822385756032,0.7117916471773663,1.0
0.3431506756822581,0.08596026136181019,0.018739961893868857,0.9228624945193712,0.20095710897079241,1.0
0.3986314422246048,0.11600771171729252,0.011808220174901681,0.03826137151375657,0.4195340845493142,1.0
0.1834434574271682,0.07008734920886914,0.013550425900831449,0.642802353755166,0.8913884402430394,1.0
0.291126933752221,0.20440184063323857,0.006614854442931056,0.3017965318286803,0.0515403919918961,1.0
0.44947187823766105,0.0829987864460284,0.030232281864880844,0.086691936216502,0.46025265097266344,1.0
0.09151070559090561,0.09375405800715914,0.023143455788074203,0.4908177668142038,0.8444896971772533,1.0
0.21736988119508072,0.2454498522236288,0.003448705960243854,0.27706288211491187,0.4172945591381673,1.0
0.24612245384963155,0.14242621418173637,0.03147252456869346,0.27828762676135266,0.8170368918430401,1.0
0.22123022683228838,0.07555394298074182,0.011338339293840096,0.38909139157344214,0.7637469776115918,1.0
0.07007132468005624,0.19020593115835716,0.023554919589139526,0.9492895296327659,0.5298846875179237,1.0
0.21621929246978394,0.17051427186121312,0.015827980148806237,0.1387186222570886,0.9866965530628318,1.0
0.2742729955282033,0.12087376679619434,0.02518858607441462,0.12764814721304577,0.32678728474355245,1.0
0.05758526814809365,0.006315538674423001,0.02670037611481272,0.22808131600055404,0.8321757113506174,1.0
0.0766861607836998,0.1775071465416493,0.01665039476866207,0.9190421962486448,0.48493277660785084,1.0
0.13325973844454186,0.2260017386168112,0.00869009631588996,0.8278870768178771,0.19499326013035967,1.0
0.2035284722361641,0.02704756007915316,0.00528172214677978,0.282227640765754,0.7668850332691162,1.0
0.09309899288190794,0.11957434644715806,0.004297556731017838,0.7162303398970196,0.7935087329823834,1.0
0.39869993890918803,0.08513518447935547,0.009654150336960775,0.8966927853716224,0.14686096784469035,1.0
0.14209509713312377,0.19031471093475102,0.02460279293328576,0.9870682237478295,0.36017403753682764,1.0
0.17081521655097204,0.19578180909618306,0.008286198338118696,0.9478002362622063,0.5130367831971654,1.0
0.37244055919327856,0.12022496421709976,0.026206626933687957,0.3653296296115254,0.8111170862589311,1.0
0.2552264129278501,0.055318806152386296,0.0339875879561324,0.9470328903050725,0.6202007240347575,1.0
0.22675553707966303,0.09449560935658209,0.016657102536168537,0.046861111167324505,0.5495727263431706,1.0
0.05017446820506142,0.06464379535234625,0.025520259734927678,0.7937965881805064,0.9858811822951008,1.0
0.3788063227773969,0.04385363831342747,0.005449865443553843,0.7294743775944449,0.4464264990697128,1.0
0.12787159310514373,0.054085275397824956,0.019659157289983707,0.11619516419625987,0.2794704647775048,1.0
0.14470123490382622,0.19160917775703548,0.005105239465066772,0.6122570502521993,0.5851813044127432,1.0
0.21842717395962913,0.16630129044287828,0.029961562285495708,0.16287460171049212,0.8143171910492213,1.0
0.21747387797937492,0.12835491470182403,0.007717918274881527,0.09058343225118096,0.07583606448651115,1.0
0.25854326782942316,0.03971317802809686,0.028495961480618004,0.8990537683123588,0.2931157520399162,1.0
0.1849157321534172,0.22051098011985526,0.014593852233601897,0.1092279597176093,0.9846834246697433,1.0
0.15472479056471936,0.22351157667120702,0.03253171879167156,0.4973076620421474,0.30740967739961444,1.0
0.09945759607541402,0.12008128638679391,0.008800657592987557,0.6225805583174324,0.7601292918886102,1.0
0.3793141407176683,0.022447576356831856,0.008191777918016402,0.5321601660208268,0.25833340319481,1.0
0.3399011365100482,0.09008522988930512,0.003247401102275303,0.5093275801061137,0.977231504435242,1.0
0.07228598484596271,0.12905960089649463,0.03165856346637851,0.05518942328513629,0.6382553075641717,1.0
0.3171012529922146,0.038392434218224115,0.03184747007831889,0.32294906138035956,0.052690281367614084,1.0
0.20645224442806465,0.010955518517682733,0.027504785604120962,0.8659576824643477,0.014359801846283557,1.0
0.4415617046256296,0.008561672115331619,0.025648886317066962,0.9990949847188394,0.7973214677076603,1.0
0.398285514460833,0.17727517380073143,0.010943356115653476,0.2250954622951925,0.5130318483119158,1.0
0.14893112787279278,0.045303279364994335,0.02973972410783773,0.7053094861442318,0.3319901481890847,1.0
0.0585339229408775,0.02901572571341587,0.022266258297381058,0.10970836088885845,0.9602524113529903,1.0
0.012586382401242399,0.21397710123695302,0.013497971458910208,0.3436229170919847,0.11950199120456689,1.0
0.16209822384365563,0.20592563786211399,0.022441022323424396,0.8800324402413723,0.6229385968300882,1.0
0.3137461389222216,0.11618551373552588,0.024414915726658742,0.663953400540785,0.007696916306198324,1.0
0.11870961631845779,0.1359138826780077,0.004785301205969067,0.023999479070767753,0.01610458906679466,1.0
0.00993173546795808,0.0339669577919036,0.02001190258220513,0.40087255874142297,0.9807673744680627,1.0
0.06690231376539507,0.10478055897180281,0.015653007083152905,0.36275466217233443,0.4960941908948606,1.0
0.2887594823311841,0.08991769186925479,0.02497155118704977,0.2901959132647692,0.8356323763821538,1.0
0.13333675784755394,0.19638744963983737,0.02865647733116273,0.4912726111603441,0.08865956434139112,1.0
0.18395772896640142,0.05280974759993627,0.022306107907066504,0.43750116757508345,0.08848487623150192,1.0
0.11085317973962125,0.12823029881443174,0.02368780089885481,0.11597427503429286,0.739670683766898,1.0
0.22269505089075398,0.13255416792550156,0.033463030932971136,0.9109869394316951,0.112871340547416,1.0
0.23303037286455874,0.2300739856295436,0.02876315320143756,0.3870962202914197,0.8863241951051348,1.0
0.12276562817613496,0.15286326401284225,0.013100659663703315,0.622785152362663,0.4102743909701792,1.0
0.4294856270448871,0.0683069855389858,0.018340342864305574,0.724708002867286,0.15936057611194254,1.0
0.26275441077879685,0.03828539045410829,0.030519805951338977,0.4272745582662836,0.17744272657872415,1.0
0.3536923734950799,0.23399332398565958,0.013860497356641079,0.07974924723192556,0.10172225637440352,1.0
0.16746751805476434,0.1071067428391026,0.012459610857046922,0.4660730274235885,0.6439059034271847,1.0
0.07474439944401344,0.12333087433400719,0.016660844009615615,0.5461915108055874,0.11155936100934348,1.0
0.23907963597046816,0.0695833255948587,0.0223870774161858,0.373378631296481,0.22151401291777034,1.0
0.17786454366948898,0.04024550515692143,0.028499505295189864,0.4323269532286738,0.9151552693829209,1.0
0.39448125533830647,0.2041615827040682,0.004533138018999849,0.5321496343346671,0.6540291772863004,1.0
0.17622812479948513,0.2360166897135622,0.024827909231235467,0.9659040076869264,0.8463840805423384,1.0
0.32680889834470433,0.16187373129417143,0.031153311097820303,0.6137963628904002,0.07621311252426644,1.0
0.04717298306246184,0.23737596646048423,0.022986745187443734,0.5560906371299434,0.19862331160035468,1.0
0.15479642071937466,0.1691711558341516,0.021549933113618146,0.4998077829170516,0.2534882604429065,1.0
0.2083019016996059,0.2129652034881191,0.03140746960633469,0.7594899049543009,0.3203203166556986,1.0
0.4164758457005015,0.24801105066300863,0.005318705918965274,0.6859304077594192,0.4257213889542307,1.0
0.4491474886235396,0.23337398476098176,0.034408701793612266,0.14475235811577494,0.4924326007976716,1.0
0.3041461421547893,0.10921584901960435,0.018567604189905645,0.039563003096355166,0.6119056596374779,1.0
0.002254338317035574,0.04083120473428328,0.018611664148180936,0.561403361694845,0.3440089928212596,1.0
0.3348764429018777,0.0614883544430406,0.022915628264627248,0.5595875943365697,0.43140724437746547,1.0
0.3130723960428272,0.14348883516854452,0.019955864691491198,0.43664166911022956,0.4306044879496432,1.0
0.20398298255806185,0.11031712149244653,0.00815258242115406,0.7251130831345135,0.1338195164405949,1.0
0.28155594863669925,0.01317626910169542,0.02340595579144064,0.3621527472443114,0.9298350795362647,1.0
0.3808218434519281,0.14239437659151408,0.03225204150437719,0.6501583808837859,0.8752539264156393,1.0
0.4069769607306105,0.16573608294680137,0.011311313386716584,0.9978157136537193,0.6871970833871186,1.0
0.0035078989186808473,0.13853226397774726,0.0252261092014719,0.014723152229592692,0.7627966658977269,1.0
0.12436708446312068,0.1725472916405894,0.00545063532589609,0.8242131615700378,0.8663588921412455,1.0
0.22884153340879637,0.10111153585572152,0.012741355496929197,0.8730253805745942,0.30556830261175205,1.0
0.13566241710358604,0.16452147743738887,0.02868342325779381,0.16517149111719714,0.25548777337933654,1.0
0.07292259670507457,0.10231352448947308,0.027379793850110724,0.542076317033946,0.05422300160927622,1.0
0.3580915718308557,0.0989734825925642,0.009330428446653662,0.7641737904688907,0.024882332721964547,1.0
0.36211255211334575,0.2221084967428577,0.004042317981203238,0.10865072342272027,0.8728800711032163,1.0
0.17715998982747838,0.14375009771746108,0.0029918243853189618,0.6440724537261847,0.9451380704358086,1.0
0.20957626542682342,0.24025936616426066,0.02440955807271606,0.057903475274356415,0.6703764852813184,1.0
0.13894621737269564,0.15430518662027662,0.008330944550353356,0.0391509954097048,0.618335735091107,1.0
0.2403009367283,0.06602524914725065,0.024338580795579618,0.8958056897685444,0.08747823799284629,1.0
0.07108667974903672,0.08302303700764847,0.013150420058048532,0.20710367902924265,0.07615910652217445,1.0
0.3573387651337007,0.2492114893041279,0.03277654446584113,0.4352077809614376,0.13425462652723152,1.0
0.23965137478522044,0.21528103629737913,0.010108727145737694,0.1997424266200811,0.4395144183990515,1.0
0.20380155046492965,0.1809555135934309,0.016725891145939573,0.37358592256150125,0.4414711424416463,1.0
0.33972831908922635,0.10850778647523468,0.010098992464574628,0.1399879120446615,0.00236832468085648,1.0
0.0749302140711622,0.17279450995429108,0.028809139815577704,0.7372087205649778,0.723509534435153,1.0
0.43320638495512476,0.06794295158717992,0.005933425484644129,0.1541449396977525,0.8957110640405714,1.0
0.15372473182775775,0.13305628557684704,0.021857317125228377,0.5961369051770599,0.7866213144177849,1.0
0.38311989615981085,0.02207292579397401,0.030204825421044898,0.5904131576162266,0.22370963328450014,1.0
0.4229406889042446,0.21158572959675415,0.03199426861085802,0.38275957932426125,0.2285770675771399,1.0
0.39331822586140186,0.20683120587637058,0.03435190503338788,0.8484038493526429,0.6327335480125638,1.0
0.07501654472104945,0.11895118217229755,0.027105048058908433,0.17410211478757442,0.9156019904209237,1.0
0.14122678161044236,0.221554138447977,0.021353432518151985,0.7334253235431013,0.3860567640493021,1.0
0.006665289146180204,0.13493760366599733,0.026867091398351473,0.9688556890730172,0.8923346098715293,1.0
0.441253534040207,0.038220691561211786,0.002397886145330823,0.7491809056327571,0.9059805638788221,1.0
0.3714142723870292,0.05202164771213373,0.006236099092809976,0.059909509093881395,0.582387110814229,1.0
0.05006834018793082,0.11674195254921917,0.020289002078172563,0.723231688866988,0.4147833724633873,1.0
0.29988995997120427,0.17137168711834078,0.010194570926773837,0.02080325915488957,0.9457448791727769,1.0
0.09129584617404593,0.1418507470974724,0.021228216042986362,0.12686264336368355,0.19246543025221866,1.0
0.22909687614938307,0.04866911262897554,0.02811754163919629,0.47110272923093927,0.6387736711894211,1.0
0.02699894011706995,0.04207111166744702,0.034083254706963495,0.6239648473923872,0.8312541133758311,1.0
0.3446926630183108,0.1217530645689241,0.023620467813620708,0.35884683530043404,0.6212479579920714,1.0
0.02146933192898316,0.1999102660663818,0.005231819105214967,0.014969950651550422,0.9125440331470166,1.0
0.2624895913201008,0.2098903256640877,0.026360840700464575,0.047581192990122374,0.5613877521579844,1.0
0.1581860000164975,0.18863718236071952,0.03377619237116767,0.1480394672819781,0.1460787797406178,1.0
0.2050329681646589,0.1990095137143493,0.005796638728000401,0.04081768659806789,0.6982361407767894,1.0
0.043564396422769554,0.21622013447316699,0.014099851186296102,0.01777275574781406,0.5105117711782395,1.0
0.31233801054256094,0.0726698249863379,0.017377804196723568,0.20136468609284505,0.8282736562855167,1.0
0.18209775364319228,0.11277112810942763,0.03441124488919209,0.14297336124793875,0.8088108950754487,1.0
0.3964497549859804,0.07381470766190107,0.011069370851491673,0.3264941281073516,0.017614451240632448,1.0
0.4475694018628015,0.0629881948721992,0.0016771813238617296,0.27926177372445715,0.4089817778166021,1.0
0.03178614291957647,0.19781680100648674,0.02906704311869996,0.21394741829282968,0.7986197700467436,1.0
0.19097646986930283,0.2341606753241901,0.031324749292640584,0.3757356024772986,0.48862219541688,1.0
0.23242998199854914,0.1707950678059008,0.004150701707371472,0.919921285049514,0.7191550941765352,1.0
0.3911760573985003,0.18617703369446523,0.01164631177231346,0.52191165520958,0.8602705285304763,1.0
0.12720375078048693,0.16298898739950382,0.030248395415753866,0.9881786819941021,0.07164777015766582,1.0
0.3932759270659274,0.0017863729505825268,0.015865997466585065,0.5846145253955131,0.5269638182480576,1.0
0.030419417042337464,0.19656876417287494,0.010627798228538437,0.8244051571374317,0.4200684388524797,1.0
0.43379772978645026,0.19535677333376467,0.012825745097599879,0.2707573408501448,0.5893747647216041,1.0
0.13128490405670673,0.23711950806979207,0.012233162067032028,0.7043936674925421,0.38235262343424775,1.0
0.4213490251603667,0.041818070684432385,0.03311950991191836,0.10420351910292613,0.2676804975115423,1.0
0.29668484744550033,0.0481813755245822,0.021131172589479573,0.1812108168275184,0.8745676256026715,1.0
0.23887018630209678,0.01680478343153618,0.02463077353629926,0.9358614379584737,0.8312353832219818,1.0
0.10737030256041187,0.031135845604333877,0.030703215571006123,0.082028019918365,0.6292003623861888,1.0
0.4481044649485629,0.1276970050660679,0.019658892289915977,0.9179708962298363,0.9696672663475718,1.0
0.35848575155931517,0.15905692052800316,0.015531615775783035,0.058258041917422135,0.7180261296682416,1.0
0.05339933570323765,0.05828714986413507,0.02589235835373999,0.15056226561694527,0.691244099398304,1.0
0.15965139131702683,0.06528728059507734,0.013683339977522848,0.3598374247715011,0.6074127858988778,1.0
0.38792693304781334,0.008468078716526403,0.025702752950558565,0.3148718322708711,0.8388033686997614,1.0
0.24847735506770688,0.13761972384874932,0.012101389713957763,0.9703362907560118,0.10781622801751888,1.0
0.29027255958653553,0.12906050693626964,0.009991882370769591,0.3049675246609844,0.1578662854001105,1.0
0.256713974039721,0.06196380946230408,0.014376305762117656,0.9067783692505782,0.88695432049141,1.0
0.2946909620875866,0.03908982157146122,0.008170034428640744,0.8643433846541699,0.895295127158482,1.0
0.39339157493593346,0.18239489465796294,0.02737415235106777,0.7920235123181647,0.5077260384662575,1.0
0.09096146218728728,0.1267363117718682,0.011830787716205757,0.822608811559705,0.08361801141664861,1.0
0.348291467654153,0.07877288697787713,0.00917619366519526,0.26328660564010126,0.7138765172991387,1.0
0.18180491191287798,0.13687135377235526,0.03298584268418753,0.794553212327042,0.18609638255979324,1.0
0.3803005775001564,0.18656090536916234,0.018574803142246122,0.07074514030205388,0.7117937361477767,1.0
0.14008894169226224,0.0034745620045501836,0.00885566534639586,0.6060844874018129,0.11319427974562427,1.0
0.3690327678810833,0.08022640684332663,0.003787508341468784,0.14055909163579225,0.35855102360237007,1.0
0.2857911451510271,0.21710402437595006,0.03481052182945824,0.20336363669626023,0.6951266148005567,1.0
0.22257164936512233,0.08206976948664031,0.012645415309979958,0.6766056664493697,0.6211821142788206,1.0
0.05424283254976954,0.1449820805397424,0.026139475728806105,0.5590631684242953,0.004647022783184632,1.0
0.35058212349612033,0.18589450311390782,0.0013539485864107535,0.4708259365274182,0.43788085447768965,1.0
0.057116037989183986,0.1557323929876852,0.033195212685475727,0.3723777850806347,0.33801906124209835,1.0
0.026770381470988747,0.23296153928549992,0.03416706278231543,0.0066360587361501515,0.9007790066568215,1.0
0.2530500646767369,0.16985708995865859,0.013207996159059692,0.5294591036789464,0.62791464596715,1.0
0.4474212230919713,0.051766577060786016,0.0013515077993450357,0.9443403075126433,0.429698573163279,1.0
0.12477642199137921,0.007432149771000741,0.00999531857492514,0.39390704222341594,0.5208089196178556,1.0
0.39568725725910625,0.22792113562060712,0.011783267341734311,0.9595950392815841,0.8650692379482342,1.0
0.3181425661921209,0.05036968898805983,0.007637744950364332,0.9087429115208593,0.5075384144745089,1.0
0.3245259977560033,0.05391556377943184,0.014081833882140427,0.9678573898074858,0.020563178682060843,1.0
0.44047208398676746,0.026932589534983356,0.010247757068193874,0.5474661075605098,0.8439211628189525,1.0
0.027758625100562675,0.032668896509457215,0.013782074540307191,0.32321813308678843,0.22045895254803216,1.0
0.013069876003182318,0.20750671769649234,0.03233712590395595,0.6304809135265131,0.6257250481891763,1.0
0.25617466445666354,0.09441842409057753,0.008787691891686655,0.5837462262996759,0.0021892765952839215,1.0
0.29556286890550854,0.1143051120163281,0.005951778377151261,0.0023167936382078153,0.27116887475589585,1.0
0.24101095873601786,0.03363690294360805,0.02186570286256736,0.9989254538468498,0.5852820393548421,1.0
0.28056227249321947,0.2200380516749225,0.0331639777196516,0.04199248223690613,0.20578880911223862,1.0
0.34778684978048535,0.012345151879034528,0.03168958819769844,0.021534809538227683,0.6029442661361745,1.0
0.21228302269853636,0.11102959258721574,0.02646237120461542,0.4971454589588583,0.4217996092964243,1.0
0.4166873067678802,0.1986866779793681,0.026048379071086838,0.48823435905451584,0.9003155824830499,1.0
0.418698317606676,0.20092764334298088,0.006108848010744406,0.04794518055462477,0.7411148311791995,1.0
0.2713379069323071,0.24408358072431918,0.019543703624246678,0.34855196723426163,0.5654008849717567,1.0
0.26108964132206464,0.22570512105521476,0.0011472223296167712,0.8454585083659385,0.802126965205014,1.0
0.3812268914116511,0.19112277116761897,0.017695579557034748,0.24596872446137336,0.2888123154320043,1.0
0.11159049571959799,0.0820135632428181,0.03264850665911045,0.7295992878897466,0.736337975667264,1.0
0.0036015148916037705,0.06187697499979013,0.02337111474065344,0.4388332624032042,0.11369214318423837,1.0
0.022135567801887104,0.13641892693518254,0.02012378727244558,0.6363253582910432,0.3163106764190912,1.0
0.4001534954502264,0.2323719939122855,0.017387616714738235,0.021619713128046735,0.5812902890632256,1.0
0.08293602399832987,0.04306921143892014,0.007094684971327697,0.3315101595787324,0.28133959547698134,1.0
0.2233963036181209,0.107484225623797,0.005958340941891923,0.8760149023280428,0.05576738358799526,1.0
0.2800410518051576,0.1758757945745818,0.028239323543851003,0.41088101016863715,0.3473933465547763,1.0
0.25607450731389914,0.0878102681711952,0.012155204182981725,0.01787396258196114,0.9483676715540661,1.0
0.12262131172161182,0.23043348720783335,0.026001838638919746,0.5785616643832526,0.6611530992821775,1.0
0.36408265730119477,0.06327658368386815,0.0335112752478816,0.23214322919022473,0.6257390518155936,1.0
0.06525328919193225,0.09136886478638621,0.027563953661123713,0.21337548592510897,0.9628944575271111,1.0
0.2823980251065585,0.1550978928578764,0.01700646023361562,0.6557051037015934,0.7438333668829447,1.0
0.2524375840809566,0.15205022461011813,0.014666501293666638,0.07180229396441856,0.16053868080359918,1.0
0.41730107769543157,0.007409396594224378,0.019497196700114655,0.2528093715761805,0.5621781655790287,1.0
0.3312184563441472,0.18149656365671535,0.027483397841940857,0.07353807613413665,0.5100682560840343,1.0
0.41465048189008347,0.19593692628284834,0.004656524810185252,0.24400288290114977,0.45576503524264644,1.0
0.05024325967035229,0.14242511976699027,0.012603775447934987,0.6466940013908247,0.6490580202956818,1.0
0.3538284207374237,0.02372435536236717,0.028816721616969323,0.21275489172091455,0.589989719193161,1.0
0.2747911421532307,0.06758704422031998,0.020344764846317365,0.009190061953350615,0.3750800031595848,1.0
0.208889957340973,0.12531601364850148,0.022133612489075763,0.43477538923514836,0.8672096509960898,1.0
0.4242060429752195,0.21935756780774032,0.015316984610405497,0.36643507372403855,0.6769513908812682,1.0
0.08445184821874005,0.06102025559343411,0.00597258556604876,0.7609311863101302,0.7146874631141058,1.0
0.24205677898330002,0.19129560044164656,0.03319897453327468,0.17934413147690037,0.30502545010979953,1.0
0.28161483425081096,0.0349682937020378,0.0075765883545473554,0.7806564005545942,0.5425116121902145,1.0
0.1754063038556932,0.03448905463760146,0.013331460042052627,0.40079909591642404,0.11299830121377086,1.0
0.39683924872563126,0.2220243743204145,0.001087681757230096,0.6415628923277124,0.09458532853144086,1.0
0.39592351407703447,0.15453717368718625,0.021847285544900032,0.3721100275446705,0.25021950039349883,1.0
0.061039033340972756,0.16838399882036753,0.01698295444291043,0.17842390452489978,0.5887259385364936,1.0
0.2653709582885418,0.1328856915024795,0.029822394256447542,0.011744629615829123,0.6171308802067949,1.0
0.08791120074729351,0.24491488467143882,0.014729670191004438,0.33592754962978033,0.16983943130090606,1.0
0.38536705885732486,0.018423132250062844,0.020235631788324233,0.1482538096645904,0.7160656335979341,1.0
0.05056464492547488,0.13970268392480817,0.031962972137495625,0.34185348765081935,0.051754809147217,1.0
0.06466783541624331,0.11928794821942719,0.019519022346841667,0.23785037571807546,0.17824061400610086,1.0
0.03240992177693406,0.12752351037240586,0.02962870641236676,0.12763201259523468,0.7009184094170529,1.0
0.016815683297793173,0.13445710519117565,0.009568281048527997,0.6056488389474619,0.3499736878280323,1.0
0.413408009956032,0.06189159595828333,0.03295457594558172,0.20510455139008157,0.0716241873411397,1.0
0.36689759808248124,0.1697115050708709,0.03400836121088866,0.7101174831145058,0.4132186337715973,1.0
0.4311997046755985,0.19812207531906637,0.019925745918393436,0.8259400155242572,0.17986566262694728,1.0
0.44980198313645464,0.16661990144738098,0.007660227345720289,0.14529222553312648,0.9594549911947468,1.0
0.3371568043525804,0.23733069415023741,0.0181157275975253,0.887858656599362,0.16365749367439078,1.0
0.23104202750151506,0.08379490555028654,0.015705655112498364,0.7983987893142327,0.0543540634713168,1.0
0.040614941535561125,0.21202776151982464,0.007864593422212953,0.7352039814276475,0.5922875195887014,1.0
0.12112377643809295,0.015307369750335866,0.013014927035042242,0.2013282278445748,0.1367765914480303,1.0
0.09641923096492702,0.056566353881325936,0.012576369359637485,0.46319050646214743,0.5141990315454105,1.0
0.26524639947922934,0.12093928605193378,0.014393967297673992,0.2665204257173052,0.7102326710693564,1.0
0.38246204569312703,0.14695445151610867,0.02255410546995814,0.5092814406468557,0.9286275085873958,1.0
0.19270883558504687,0.22336060944718567,0.021566835312645832,0.44969956700841623,0.2628889634022142,1.0
0.36084400687610096,0.07058705332830631,0.0011950814703144332,0.02044117865902532,0.9784242089849681,1.0
0.22057205970486854,0.2295511412079742,0.012957371565669956,0.7952025620955777,0.7220880029673586,1.0
0.34880972195895227,0.24147881851056668,0.007820650776760403,0.01849190508652048,0.8216329518580351,1.0
0.24543671958823865,0.05639311786240048,0.029620817902997823,0.7214850428236387,0.9534132615666033,1.0
0.4394776907296116,0.12820299285050074,0.022128351089334263,0.6744533123818688,0.4902816842644546,1.0
0.101264872050969,0.09122840147509416,0.02486777033313644,0.039949971057916346,0.7007127068473077,1.0
0.12305429053202575,0.17367862762380012,0.008308135532505713,0.9617217524534248,0.9906883546793586,1.0
0.18123683279318958,0.020680326643284473,0.027459435249002156,0.1635612725496918,0.9331148126156048,1.0
0.055961991256688486,0.17106846464108413,0.016843727713302725,0.5416047083563094,0.18039510497512712,1.0
0.0758091117133389,0.22143969445819067,0.016435136887667467,0.6352332312681772,0.9218693159412806,1.0
0.24384069966903626,0.10126673431299661,0.016712594147785944,0.34233138655092876,0.9462376414271528,1.0
0.1847964808860406,0.19477775723811788,0.013387616869286181,0.8867242855416811,0.24382956750690182,1.0
0.2833092494010891,0.12755511097604746,0.03272397471628797,0.42370919357006576,0.1364546677002357,1.0
0.17755210267223,0.1461998216426254,0.010333016697031983,0.5507630068536312,0.9081378197003978,1.0
0.2935547027779964,0.05799574819432321,0.028245119531564764,0.27040095972969896,0.5802229907120512,1.0
0.031263655177769314,0.08059602239969665,0.008209042464185875,0.8927810946342264,0.26689595252350506,1.0
0.2220632694644645,0.05604517667534464,0.014305700527633651,0.18424768638008976,0.8338495705916084,1.0
0.3932139604214406,0.012433345064569966,0.011186669671997322,0.14074683352253403,0.6855802803748166,1.0
0.42276346820869404,0.09217900950908163,0.0023854691790167787,0.7618974041319383,0.5799211490260416,1.0
0.19233621886105007,0.1848071091777562,0.0068162340090819175,0.9995270282770092,0.17447332789423986,1.0
0.09638473786426405,0.1958444881639478,0.030282582178934085,0.8767642653035582,0.47624272846626325,1.0
0.37537221742870064,0.1452928165147527,0.022123412270609964,0.23683105408741287,0.4467108571884041,1.0
0.29972938003052735,0.049924336724779805,0.014795565508557816,0.8488833269391595,0.5468992314114438,1.0
0.10540482233654963,0.11053593081296911,0.018014151588633575,0.40116683989888013,0.6848090687851828,1.0
0.2342107751871641,0.035554315268526294,0.022392714618776864,0.8304178851411925,0.020977049646870492,1.0
0.22222391272282255,0.18034329845263117,0.003540477687151217,0.4066147604888259,0.7856957499413834,1.0
0.33768093846285435,0.09163843528764286,0.032282981184119076,0.07826791296129536,0.0920732413969947,1.0
0.212399908217008,0.15997841433876048,0.008787908581133414,0.22680226268589873,0.749360458201934,1.0
0.327553989086841,0.16053603928481536,0.0038331232131919033,0.7114185100963379,0.8796358592313196,1.0
0.004978977784509025,0.13538876262851732,0.03205346520029634,0.5991269485249672,0.29103574458244846,1.0
0.3085414406803779,0.19304222974350538,0.032027882007191616,0.9058108669495721,0.33994088594960026,1.0
0.04658211445068821,0.024521174990785564,0.0034299312712185843,0.9272171018418243,0.15327999380126603,1.0
0.19544949179268886,0.08186800629703696,0.01928284217994884,0.0037880995831150147,0.3807691889812778,1.0
0.36168366940617996,0.1755398938961097,0.02989190133661055,0.37692193702985605,0.14176462226959113,1.0
0.43341377563232836,0.054367570920259865,0.0069416823411181505,0.9443929388829166,0.9499731617254026,1.0
0.3464843348364884,0.10800588354225683,0.017735334344167335,0.49918945831168804,0.9684031895572253,1.0
0.3481056171285154,0.00241285298154248,0.022372743634899394,0.6530252987223605,0.7539525032412371,1.0
0.339471962439382,0.1833038524740377,0.00962877555491315,0.9928468694623079,0.4689404021130019,1.0
0.22634303040141499,0.09912005748266717,0.021183677421682454,0.3502749651952414,0.2407049040956513,1.0
0.4175949875068946,0.12456510778239148,0.03371300969410632,0.4163014426845131,0.3879914895981519,1.0
0.285179734357405,0.19086682512922368,0.015033290273176724,0.40759466281153917,0.08422040117322235,1.0
0.10335357611210562,0.12407249884484882,0.004896749242766399,0.647306659741012,0.3914845747975193,1.0
0.23824201586509627,0.033240349481049494,0.0013651772922281646,0.21323623361800415,0.7246221483256352,1.0
0.15425943101116688,0.13444534273698078,0.009160451875590905,0.8805627976790408,0.9652419387632727,1.0
0.040910137545732174,0.10984252657411082,0.034677193179499216,0.2301554444839515,0.6708011985053033,1.0
0.34816832133026093,0.15260617876040544,0.018227975402449127,0.9288855479746961,0.39533863374058764,1.0
0.19454276512439928,0.18937971091594816,0.03213427257509421,0.5510922657195912,0.3105699684859237,1.0
0.36435772361364405,0.15588047025266086,0.009943552026066857,0.8775342415084281,0.9203824610120256,1.0
0.2710815363619264,0.24416882018515407,0.030743391460860116,0.1051561445407137,0.981124869983385,1.0
0.4140961206975294,0.19032501727333775,0.023017266962084237,0.32734570927470724,0.028002993560749815,1.0
0.3089333249702444,0.21591561181102342,0.0010797843019263057,0.20876580001303544,0.6733946476866848,1.0
0.06462458147007336,0.02140208845765728,0.022687885892034906,0.5952649572113164,0.8587549585775196,1.0
