0.3107126391796055,0.010435886454669124,0.02217195839822765,0.7394736058118728,0.723767093915506,1.0
0.30565018228618945,0.017900382563454505,0.007562272653510917,0.6900771875791134,0.7348319209693033,1.0
0.2593267224318625,0.018689374685322842,0.013868283976546623,0.6454477443569554,0.7421833914806334,1.0
0.3319143129370699,0.014580784581124393,0.02016175480170748,0.6709051936259737,0.7588279209757961,1.0
0.3124614813441359,0.005184732218817303,0.014334420074540683,0.6087607531574457,0.7261715796827019,1.0
0.29918105158358776,0.021801459247335512,0.01151650716276304,0.6740919412069738,0.7387822324510324,1.0
0.0563189946075113,0.011227655913857574,0.009538186981017683,0.7339627989365021,0.7374860767548932,1.0
0.28160471529088843,0.007715882789713882,0.02164519602790402,0.7609528714993604,0.735499135161207,1.0
0.27458572407011533,0.0040046783976001605,0.008998164049502167,0.6014724539502011,0.7514769751000855,1.0
0.28354032455740236,0.01778567416697231,0.014178315510766799,0.7137482391905787,0.7255918799251063,1.0
0.2690191699072363,0.011128568432077348,0.016304722129623778,0.7529997714832052,0.7453887328000236,1.0
0.22588682849443836,0.007534927108346161,0.005616356691358788,0.6873434778464724,0.7285833869127811,1.0
0.34209421394092565,0.0060296989461048256,0.006166054833781321,0.6562767784043994,0.7317437503106673,1.0
0.22502770017480495,0.01785381149578789,0.018286270806547752,0.6812773722880141,0.7525608153866414,1.0
0.013971268887874888,0.0029360290066762977,0.019447187011929008,0.6923754460502775,0.7264508711613441,1.0
0.06516328057170152,0.015970888064171324,0.013923125511480615,0.6762042452192965,0.732060483565915,1.0
0.14791598116858923,0.0028844732652961716,0.007360118042410307,0.7923795329099029,0.7563432276283043,1.0
0.11001863477651024,0.02183729211297606,0.02057501807931589,0.7433780378317991,0.7379744600857515,1.0
0.043074430050632224,0.020405951525692596,0.014115525796672222,0.6404726729590461,0.7322382649660261,1.0
0.07482524926099653,0.01941720710798607,0.020170390596704203,0.7438925911901874,0.7372837215910041,1.0
0.23571869772053056,0.014971701933428628,0.006688886422797782,0.683161480434122,0.7216645669544757,1.0
0.1352951788714502,0.004107270060620008,0.0070680593544510326,0.7175289144355425,0.7268237187414754,1.0
0.23451915018165603,0.008457700797498996,0.016818309829628335,0.6045607742059395,0.7583423685296579,1.0
0.31418041476386305,0.0027786949983324293,0.014733166616763207,0.6981413988709042,0.7575130581989993,1.0
0.19202831341749677,0.006739976756475712,0.011631379946851044,0.7041344804943076,0.7375564584122019,1.0
0.33138531005677135,0.02026745659455498,0.007804981779972215,0.7108072287078099,0.7243430296454177,1.0
0.1160873446164083,0.015177586645875887,0.019539892285737652,0.7537294983835314,0.7243096378382359,1.0
0.09593452640347792,0.0018043699577878652,0.016097049387829666,0.6741844567724877,0.7531915897252965,1.0
0.13026986266497256,0.021487336993999514,0.010818356762802373,0.7030114258463429,0.7302386036227041,1.0
0.07002008794489717,0.001965578316935073,0.013701941200060758,0.7984751128111675,0.7556670906501965,1.0
0.35686303389701735,0.020209102753504057,0.015377167207728982,0.6631858103661586,0.7508804972844395,1.0
0.15259480290511548,0.003031033363322578,0.019935792226980522,0.652492103184573,0.7574725260213512,1.0
0.05348938330253698,0.018868922450685482,0.008065686332489882,0.6358536616315478,0.7439753116608337,1.0
0.08259169295725644,0.0076719589673520374,0.02054809676482355,0.7943652852121935,0.7400296474480936,1.0
0.01050483364473961,0.005937604644975387,0.007636444355730421,0.7355317347225715,0.7248733001851412,1.0
0.2792336620789402,0.0134940070982494,0.008995513033201152,0.7608249052364525,0.7486162851846321,1.0
0.05676781186513874,0.003660706778482409,0.023551251020130153,0.6795156387649881,0.7320379476712375,1.0
0.26683136404161506,0.021545900026509853,0.0107289245376411,0.7849616858624054,0.7209943796554502,1.0
0.25542016911402865,0.0032767941806411956,0.007806791941278253,0.6838228638632607,0.7586492764857273,1.0
0.37354417253208344,0.01829375968567887,0.01434763203110583,0.7569526898504375,0.7207134713590795,1.0
0.3326243028786809,0.018131567398990977,0.009652814839328673,0.7061539181198108,0.7442406328280005,1.0
0.24322732714879663,0.009870288739384126,0.012483680868143655,0.685176417274702,0.746077241023199,1.0
0.1842892684201384,0.006328550603454199,0.009733247259951623,0.7492028560486893,0.7526627505369564,1.0
0.03129074849729537,0.013780323770763712,0.007923464883853966,0.7649328380912683,0.732413386956963,1.0
0.36878333663254287,0.004558932038808481,0.010694401646758712,0.6307226790384117,0.7246196025466142,1.0
0.026881186619882744,0.004754791625120832,0.006067638652543508,0.7182287632221943,0.7472285810719802,1.0
0.13060648329605953,0.011847314095977945,0.02250009884469217,0.7702263253644412,0.7217390024805117,1.0
0.09851422408623643,0.0063618328803925536,0.016424653034855456,0.6832524851406384,0.7219701647971037,1.0
0.21188241474346672,0.0031859459124298933,0.021669171075771196,0.6103923732930209,0.7569936747607224,1.0
0.33821210588111233,0.020407042594443765,0.024591413611731856,0.7604051760547187,0.7511791016308531,1.0
0.312703560058361,0.003892872480882662,0.015721360718952745,0.7028445740380829,0.7543028857649023,1.0
0.15711035095963963,0.014750610331597866,0.010329266350016922,0.6279536821907914,0.7391150909609498,1.0
0.09686512650890511,0.008901503917475252,0.012327848996524948,0.6654991128825091,0.7351785631890771,1.0
0.1222662074556577,0.021400445424379817,0.023326960390763558,0.6961820856600157,0.7331344482001876,1.0
0.3401813930655817,0.015030627822042193,0.021087836558941548,0.706544455213148,0.7453167051707048,1.0
0.2952827991125649,0.005351698752202944,0.018895962576369964,0.7721438136651788,0.7252841134920618,1.0
0.04256282055082417,0.016602886007835677,0.0066898643764704046,0.7871879645401253,0.7254963172015121,1.0
0.3213492495536132,0.013764163096026613,0.020652482092590938,0.7590229677966172,0.7578410825126932,1.0
0.23807997866653213,0.003043557747634626,0.017323314000482426,0.6342582608185577,0.7425980244588977,1.0
0.1890641354275848,0.012236583173532139,0.020278467800131757,0.7598489433024134,0.7396861286230172,1.0
0.37283831309759025,0.0035742721527741404,0.00734207131800221,0.6175418023821536,0.7463145314016211,1.0
0.3108569593760281,0.015431475386134739,0.011672755166564764,0.7796733094723072,0.750501285882826,1.0
0.14885584701996135,0.007760459574391651,0.008152232972499993,0.6295566745084383,0.7574450985350297,1.0
0.15641132999707688,0.016688242736563625,0.016059861305057998,0.7872279973676924,0.7512120597563757,1.0
0.15366199202492636,0.02221257821587292,0.01935520472007287,0.7902389320007682,0.7247391430886816,1.0
0.256644184176527,0.0036213160842049202,0.016765159999384414,0.7372192730210898,0.720492107435544,1.0
0.3310328069225469,0.007350219044897932,0.014170961635971022,0.6884628254135786,0.7320770956576996,1.0
0.31361114399544876,0.0033776508364163757,0.024940693156751462,0.7758400048615491,0.7313563375145615,1.0
0.04703571508919623,0.02248075170519613,0.01831369472213074,0.7300250031117594,0.7236176290793653,1.0
0.016454803765765424,0.006177803247884661,0.0078604375033327,0.7553535881384438,0.7279281690885159,1.0
0.2642262705343586,0.0017774982756359687,0.0051085966825740094,0.6103315834028797,0.7442370071059091,1.0
0.09922836414781845,0.019262290122846068,0.006144638803065208,0.7601927707283352,0.7571118172068912,1.0
0.2807577096715617,0.019016574701090735,0.005803025990941329,0.640356422143811,0.7249969471722257,1.0
0.2993493106898936,0.01454525465839257,0.0220226219952387,0.6310425984882182,0.7493848436774064,1.0
0.11194970677053111,0.016262950991548033,0.024604095697973637,0.7223087211954139,0.7221800125996518,1.0
0.021728467874166005,0.02000913279438657,0.019191565702012414,0.6346255692845006,0.7236688402329678,1.0
0.39211073592390605,0.01085905381285753,0.020681618966828158,0.7272816684215554,0.7428965259983454,1.0
0.37867965915544755,0.007478866599066435,0.016560344316150843,0.7399551889178132,0.7459693262098124,1.0
0.06363340101842291,0.011929583876609253,0.01308068781481532,0.6948337458965236,0.7247687010479098,1.0
0.11483984058359667,0.007551148980857873,0.013558064273627,0.7221975094073256,0.7453851646967306,1.0
0.16646932822433536,0.005679013323984682,0.016766124968180165,0.6634081822634476,0.7214423933710945,1.0
0.19228240666061727,0.0058502466663905356,0.016449158662442315,0.7131543800863842,0.7480800872444149,1.0
0.26271105732580746,0.007798604264216927,0.020748644439719077,0.7098288767199359,0.7372567278071956,1.0
0.14745964710785045,0.012023893759045301,0.019734113769644405,0.7772805773447415,0.7568422878918076,1.0
0.2105086703225248,0.018197213831422483,0.011289013834884025,0.7674764724690137,0.7397656658606969,1.0
0.03346336309381276,0.019102854037348457,0.006111358338137558,0.6561222872267312,0.7333652016200618,1.0
0.12898788107178574,0.01696789018458934,0.005293656871201416,0.7654346849041374,0.7542619209429823,1.0
0.06567709512895074,0.013918068770819237,0.007393451117297887,0.6729838722156505,0.758337167236039,1.0
0.30998143208506135,0.007685672463296473,0.01875330098332185,0.7410812730968026,0.7355136678065459,1.0
0.009237419765392116,0.005494739659948191,0.015501766059345223,0.6327502608516592,0.7266362747150613,1.0
0.3957075360600242,0.01295334270261164,0.02178139461763427,0.7980643328652546,0.7256638355427509,1.0
0.16006622275755836,0.002721059598392978,0.02010660345589489,0.6867558054645186,0.738773077367616,1.0
0.07646602763119291,0.02050272787635862,0.005892981779485578,0.6465704569887413,0.7316823732125811,1.0
0.2366458433408444,0.011605734480789331,0.006682306691137641,0.6487334908111427,0.7537435353905017,1.0
0.2614138748030384,0.01540936999005413,0.02025806038079058,0.6116216963442894,0.7346643353973045,1.0
0.1386903109024438,0.019156295775674508,0.01465145017174588,0.7537255178918758,0.7540806206752467,1.0
0.36427313632918323,0.01362316472154508,0.022005485976674434,0.6681181591183049,0.7399526783412594,1.0
0.04646698777894788,0.009568878894083123,0.02334675345103352,0.7261664480729485,0.7271002632974787,1.0
0.08068318881676644,0.0015336973336693095,0.023549209170080534,0.6896414656513743,0.7323014028968314,1.0
0.007889210235741177,0.006977475291917497,0.019060669313977853,0.7267539546138526,0.7592722379017014,1.0
0.19361482008295447,0.017370800108456163,0.02306655743928106,0.7441391893436703,0.7585284489419752,1.0
0.34738656811346097,0.0034532375304481993,0.019648270059875756,0.6880177399054738,0.742124152096451,1.0
0.38807697109869993,0.022168428750779928,0.010764564909758105,0.7467506994875832,0.7499993415174108,1.0
0.0539285610713673,0.0018803596461429747,0.02054686255058357,0.6979399483633811,0.7594216067797971,1.0
0.3912772067341669,0.009848884047172287,0.020873643011199452,0.6169638544623663,0.7422184684055105,1.0
0.37025715855185604,0.018685536448274778,0.005739414544023484,0.6745404682613468,0.721947938892554,1.0
0.27174572332365626,0.01633505122070151,0.020474413655032525,0.7730913096111326,0.7495772587390604,1.0
0.024340665380195303,0.006042505734487919,0.017437955467504915,0.7716250609249646,0.7201800049975864,1.0
0.2725285227489369,0.001636556716265184,0.013027111151067758,0.7791269762767394,0.7468645123542343,1.0
0.34184854620460553,0.008482675603304558,0.02206689342288119,0.6597887302237812,0.743612810035326,1.0
0.11355589504825148,0.020060987586695188,0.008751873638789827,0.6169623182471526,0.7336770775418264,1.0
0.3239354843606313,0.022472982456435444,0.010927241140223299,0.6815883902262564,0.725472851121185,1.0
0.3990441147188523,0.016068941717594157,0.016904256808267435,0.6784738185843588,0.7566119504114222,1.0
0.05807493075865929,0.008855636958781369,0.006343333376955338,0.6403958075377563,0.7207067512399965,1.0
0.2556434046559599,0.008380787941146516,0.013407635430105543,0.7918418545689152,0.7500785248629966,1.0
0.11739364566917097,0.020285431173619396,0.00970194233761319,0.6650685461033354,0.756362592576918,1.0
0.2982155900201008,0.01370101307452097,0.018068784180189902,0.6598766583029652,0.7296548824650665,1.0
0.06639941781295187,0.01979775885375236,0.010664938665002281,0.712297878882877,0.751678977005655,1.0
0.1781625721407562,0.0112395321346146,0.024894034978700498,0.7349194953958048,0.7525855377247153,1.0
0.316097985310589,0.0049813559165017025,0.016243414674751443,0.620378831462909,0.7461168850625599,1.0
0.207529165398544,0.010308908596656993,0.005716855028363264,0.7919549044658442,0.7241201073652064,1.0
0.1021963115444507,0.002408904329245222,0.014102356848235248,0.7032175602514225,0.7325027979611434,1.0
0.04908214545844455,0.009266844126783453,0.006210569016530723,0.7396379451219827,0.7282808216609925,1.0
0.16067968198534852,0.00995710711098668,0.0050332141534960104,0.6224140741997395,0.7545105825496351,1.0
0.20572610554608567,0.011524293139904973,0.011661883220212757,0.6862654040292899,0.7512232455010633,1.0
0.10783767464902377,0.00793354448080619,0.009849657060566655,0.6959726801102131,0.7473303343063525,1.0
0.13564061811167233,0.021003269278166734,0.005971385796939161,0.6921539210479133,0.7484623216638712,1.0
0.023712737902165333,0.003971415490228411,0.023376463870613658,0.6018519563642246,0.727532878992454,1.0
0.04869863968707029,0.014333209662508369,0.009832778174781715,0.7138424100861354,0.743607815310645,1.0
0.006872850200190198,0.019347443375860883,0.01738238172853948,0.6325486972209915,0.7509174955254113,1.0
0.10543407608289214,0.020754064139407637,0.014089148605973156,0.7206848908666643,0.7593859813447058,1.0
0.3261979415989446,0.007845581033311882,0.02098427044482982,0.7201467837725285,0.728654227809016,1.0
0.13046607557360687,0.0026793304512278235,0.00559669540199395,0.6692957310814361,0.7207613659126995,1.0
0.2914474117360932,0.01622396156719714,0.019771607729147652,0.6634306342259958,0.7556007782847078,1.0
0.05478040498991748,0.004089951221293984,0.01886190853859403,0.6345887872884156,0.7402917080632817,1.0
0.006583003869669102,0.0013564657407974738,0.024861691638610132,0.7169277668268331,0.7250763990207405,1.0
0.3527502185504384,0.012528308881894566,0.017435840597215133,0.6546374383001753,0.7220207878548802,1.0
0.12142830131509139,0.015267852503197565,0.021724903536852025,0.6036321087828728,0.7438285509874291,1.0
0.3501859566720016,0.006453786891079312,0.017215402664708366,0.7107081680179224,0.73584666000237,1.0
0.2916790057125964,0.013189162599366816,0.020168444743695082,0.7966834151985875,0.7367708955160321,1.0
0.00992560178677923,0.018114613960673133,0.015404601340919878,0.6815922860721131,0.7237628785235758,1.0
0.1610278598160198,0.015675504361498237,0.007987483127363016,0.7923099259082066,0.7271376704728733,1.0
0.34429822992029696,0.020620528999051518,0.009242948150466028,0.6939601776349655,0.7493397961825132,1.0
0.15472581453973555,0.012115918967262728,0.0198343282103947,0.7462271953305591,0.7513184052010434,1.0
0.04632296323788621,0.02043542575387786,0.022311450786420564,0.7596194871636667,0.7239944990864292,1.0
0.2987221442175225,0.0014975120335118483,0.024584492674145593,0.6754289360711362,0.748772501347633,1.0
0.1608788058192825,0.00786134850489282,0.017174822577964936,0.7161978747496102,0.7363655991049919,1.0
0.37447564097876546,0.011054265517471823,0.008934843615012627,0.6754411965766007,0.7357642793037247,1.0
0.06933424271904919,0.01571808457796406,0.011789555084178054,0.7909796783711616,0.7297438698143442,1.0
0.3026343023851019,0.019942275116234205,0.010562267137429757,0.6404176203290955,0.7274306453948435,1.0
0.19002457329247455,0.006577956556872486,0.005903462339788528,0.6962982680652562,0.7583732939054243,1.0
0.20072508986830429,0.0033798795916367462,0.010048725810991746,0.6589547899149085,0.7505921421042894,1.0
0.3611485321587432,0.02216822507739121,0.02464733366209065,0.7905998265535963,0.7228728856201153,1.0
0.125264277958033,0.012887312462385921,0.006939557774109586,0.7691593915604286,0.7446702471630924,1.0
0.07029797273008001,0.006444992699604243,0.00820624049964516,0.7703866315589598,0.7433691144024487,1.0
0.12193298084946017,0.008981931697397959,0.013097099288530676,0.752002994348807,0.7508941195069827,1.0
0.3769078484115491,0.003594089755039257,0.022922441648472607,0.6200791291299619,0.7305815924460525,1.0
0.07589936857670454,0.00989171052316435,0.013997185998882524,0.6490517946046419,0.7484098080534395,1.0
0.35045718024295086,0.008295426133336059,0.01561700788575629,0.6496812807731303,0.7297918600620058,1.0
0.37630750926896833,0.020091759815019965,0.020547174266553846,0.7035323042575459,0.7396243166204749,1.0
0.21694436536295028,0.010343106321000342,0.007635096657841349,0.6251327705737072,0.7580899886338274,1.0
0.38151618233754964,0.004516902870767364,0.01608833104079867,0.6415434506703078,0.7301273842450641,1.0
0.05198655774238347,0.020712240764027706,0.011430659829646635,0.7216258423829184,0.738600565279571,1.0
0.21509500608169693,0.005025637309229843,0.02477207797039153,0.7636615737407726,0.7496645853092606,1.0
0.06538646323990271,0.02079431595288171,0.011827741347634552,0.6100213379393867,0.7336961470724251,1.0
0.25096995427034224,0.01714302957201448,0.02087270767724755,0.6423909222161085,0.7569513326437272,1.0
0.257410391459345,0.001049638610614953,0.02486736996822356,0.656179277192831,0.7224825242616062,1.0
0.05596687258690649,0.0042750242683878776,0.017645656260604204,0.6785854783140467,0.7568740980061998,1.0
0.29184115071164096,0.010913637748330512,0.018199026022585576,0.7199390713431981,0.73891135891036,1.0
0.14037188888820756,0.0048105632768593596,0.018561881217596565,0.7692015122615818,0.721610149597597,1.0
0.3575326374264939,0.01711680030684165,0.024836154329952564,0.7062827623194488,0.746399828752046,1.0
0.37927656186806696,0.00887621300396553,0.01977021425373257,0.6806280408238163,0.7424727572025199,1.0
0.20602898994178495,0.020502356028554432,0.013386019758556205,0.7294143596286651,0.7336944973320022,1.0
0.1788197927522532,0.0037048508937141326,0.006834473581180134,0.7334979846293516,0.7462207095337221,1.0
0.012807745910363212,0.008020757117443267,0.00895619694518394,0.7556302845088025,0.7544252160558452,1.0
0.2688004177449546,0.0037813002743529002,0.010503050512034267,0.6277308992466839,0.7313408306639692,1.0
0.3645791295231747,0.005354231770369998,0.015841580699014386,0.7402782202486865,0.7581168987394227,1.0
0.10576723775581538,0.014447780373649629,0.011409823233560323,0.7952256781383416,0.7359870454065455,1.0
0.0141748950269696,0.00960132109189724,0.022502152266450234,0.7220454888866492,0.737757715455839,1.0
0.3423238285781555,0.007927636987193173,0.01589096804082679,0.6979648512184925,0.7452881000045944,1.0
0.10146097530252586,0.020622444457994025,0.023477489989970127,0.7686645771523959,0.7591281772305825,1.0
0.3070435552819899,0.017395686977196775,0.01461215261884613,0.6912904389028544,0.7296090510459601,1.0
0.11928145376042215,0.00654288080860062,0.016719227481921096,0.6819964776450086,0.7287542643517853,1.0
0.3449251181212785,0.00460553967307229,0.0051501406559999975,0.6672259937058748,0.7519004334272301,1.0
0.05963998269583944,0.017648221875435598,0.007314083346188589,0.6780125180313058,0.7599443806004766,1.0
0.06581561511816245,0.01009020714975606,0.01739337051939723,0.7865801564826507,0.7592328458213213,1.0
0.05950901935242261,0.018000866438763866,0.010412643045417209,0.7769698119012721,0.7465381302891635,1.0
0.33384906754498284,0.004791662170173631,0.013469907893593076,0.710436985711866,0.7400306459632111,1.0
0.26281126027335583,0.022328903118853178,0.024988438184483756,0.7032918805271282,0.7238079634784346,1.0
0.39078231089555276,0.007844017334023937,0.014224177716751477,0.6849553849630912,0.7220567661822771,1.0
0.1445683895520448,0.017930473304577296,0.021642401505639723,0.7642461573195691,0.7366666399215952,1.0
0.3007842079684867,0.018229872827618544,0.014825148927827323,0.7786062039072607,0.7257563478431424,1.0
0.042957617023893106,0.004300798724174199,0.015676800265479206,0.613503696037483,0.7221122840560044,1.0
0.17734508057923395,0.01765441344778294,0.005696767005598314,0.7304515212931711,0.7529250926966474,1.0
0.06301117525445468,0.019507220932841525,0.021462492199001895,0.7077883532528374,0.7527679951717592,1.0
0.160820199585808,0.016862647456287017,0.010149039186479268,0.7504657828867106,0.7401671441756326,1.0
0.1885484569536452,0.008909943314769079,0.009383784329572646,0.641675868287003,0.7500596324228559,1.0
0.038963028293823324,0.004790264347975798,0.008506930229078438,0.76462152456138,0.7359402649389685,1.0
0.059198446827291896,0.01505110625241333,0.013974590144025013,0.6785836353394148,0.7550033679621633,1.0
0.3497792887158006,0.00513446459925536,0.00941595842417868,0.7312147758190127,0.7315633432655276,1.0
0.22873615706980965,0.012844538522543662,0.021570938496775716,0.7421065543485356,0.7210631105998916,1.0
0.2426155887201262,0.011453129625878923,0.010203693106859828,0.6837312174629603,0.7503164127493144,1.0
0.22668311181656745,0.009285443838427714,0.01041393522990214,0.7043836941538507,0.7325899847425752,1.0
0.2722776910913069,0.002420703034766989,0.005021349300454945,0.6424554277681486,0.7557804599087512,1.0
0.07292433901512403,0.0201406751792078,0.0143991188057468,0.6952183513357322,0.7574216777537062,1.0
0.08999541847834382,0.01359408349082653,0.008909730191640082,0.7359054018417915,0.7285636915734688,1.0
0.08675913805813171,0.010088781736849338,0.008522765983461598,0.6269384049846695,0.7544112754487576,1.0
0.14749968117471018,0.002188313804276394,0.012147392470041082,0.652961435464316,0.7444194026936716,1.0
0.355904353959822,0.020987832349770433,0.006996621143535804,0.6214805912577154,0.7246130575244395,1.0
0.05317774086280104,0.019326219835500723,0.02008543029875785,0.7639617716476048,0.7410424210754408,1.0
0.022449165662943703,0.009627196730001437,0.011478733378752723,0.7897290997425283,0.7430744383399037,1.0
0.07228477149511495,0.022040634093859434,0.014972790937526305,0.6987344152541292,0.7588353891418296,1.0
0.16202238469922223,0.013572183110306137,0.0075610522109557385,0.664217125282371,0.7277283328978053,1.0
0.3471271195007529,0.013670620071740735,0.012173455830558224,0.6817338754733425,0.7372607601474942,1.0
0.37107390963815234,0.021054761822625122,0.012829839590613267,0.6658524919195539,0.7380418600074102,1.0
0.18741807502265057,0.015163198311059068,0.016087980467595273,0.6641431093388153,0.7338292322305053,1.0
0.042382708458508535,0.004570346596900422,0.019462276042907723,0.677819342304416,0.7285815589024057,1.0
0.30343811927700376,0.006534580790425485,0.02153579763847489,0.78550097192501,0.7438957811629536,1.0
0.025767516177606874,0.02132867765697099,0.012849694685298877,0.7847800801090861,0.7431591009900097,1.0
0.02022408973275711,0.015629004321903322,0.01625336027663866,0.6053064874412148,0.7497383984488954,1.0
0.2010849055635268,0.011013784967680981,0.00510946217669255,0.7573299424987199,0.7332286426698442,1.0
0.15235893208543097,0.013149175078560168,0.01040683576398655,0.6321176625169838,0.7509963161352531,1.0
0.21691272988213905,0.021756442999857312,0.024271598244443075,0.7711284243404808,0.7275043717106013,1.0
0.3518682327389373,0.00905097463365216,0.007022123318711699,0.7621925804479844,0.7392705420544868,1.0
0.39294699704554853,0.01405504575562255,0.013499587713322029,0.6739968735694396,0.7367047717061618,1.0
0.3189264705749409,0.01901091245102138,0.010687942691468178,0.6607593236819889,0.7549733702533925,1.0
0.21058069028805496,0.010969027865652271,0.018802535391569196,0.6326783400298909,0.7467332296318061,1.0
0.2493923373770086,0.0018620427122646823,0.014234543943690187,0.7044501787964744,0.7285730561141994,1.0
0.07944734968985906,0.008399033178361982,0.006936202986099429,0.7894639591459209,0.7361997624598327,1.0
0.38989476362799447,0.0027358085200588906,0.018033389358699883,0.7742818173482429,0.7453693773586691,1.0
0.17527516126698564,0.0017718260491582166,0.015692015025785506,0.7987085993573695,0.7583483010388774,1.0
0.2837898164336478,0.007487944633984012,0.023059783068122734,0.6090229491418557,0.7574349640804432,1.0
0.0514142309897776,0.0022862232523219324,0.021694153286538717,0.6311515341949159,0.7413959261190348,1.0
0.22914200485198272,0.009540515981665717,0.013900321097079844,0.6126234341407741,0.7587500928544639,1.0
0.07979857921077727,0.007150016989568498,0.024287463897829577,0.6188572106976014,0.7546921216200473,1.0
0.3328575757678161,0.02198179711790977,0.021843093110337438,0.7886764702555706,0.7250774102716367,1.0
0.2205418991620139,0.012685155294217003,0.022978431526410274,0.7943607637293423,0.7481935329217272,1.0
0.18527952387122892,0.009306341330298408,0.012231980591453253,0.6783013683368863,0.7235901294100477,1.0
0.31304858832956317,0.01059056719778486,0.02361368977089241,0.7224442017187905,0.7214070392873768,1.0
0.08629881824013799,0.0219783245243777,0.009374084523032698,0.7031511352576103,0.7574470772656079,1.0
0.09836237197650011,0.0020560293406258626,0.00807203665075517,0.6126656957405116,0.7278049696436935,1.0
0.3654172745367785,0.01255020599942831,0.017519791133981614,0.6403734503219082,0.752023344826954,1.0
0.34633404753112634,0.021400126800624357,0.011958015515131846,0.6181158117070878,0.7290371583166713,1.0
0.378548992470667,0.009133661181028428,0.0204154642733074,0.7080953384341511,0.727312350817239,1.0
0.2630107945840134,0.015466347985725208,0.013695194936180924,0.6457291205324229,0.748876271180507,1.0
0.374984528286725,0.0050399269492842486,0.007146247256650409,0.6995295404730758,0.7407819839243878,1.0
0.1774836582888416,0.022388520195836578,0.014725612253411638,0.6955893161479662,0.7368706425085825,1.0
0.23921786930409836,0.005901307102798422,0.017752179604581,0.6101666923896955,0.7592554840501201,1.0
0.3592183717783259,0.011224565224508097,0.006206616371484435,0.7644427092187615,0.7459273491866854,1.0
0.17412709608600496,0.014715640001302864,0.02212458007593215,0.7262130885743775,0.7339069453934361,1.0
0.27038240450255663,0.021652619693892435,0.012418246430833384,0.6850163535028262,0.7524849184474823,1.0
0.2959463717807146,0.010883753485752228,0.009309902836254009,0.7490407685562022,0.7252462067673884,1.0
0.25259586819976243,0.0170663007041295,0.022893757737356298,0.6545172994831784,0.7244289703440222,1.0
0.06599711976874627,0.0052498401184747495,0.010826589071169315,0.7058782708052576,0.7553130226413631,1.0
0.2847222337678409,0.0047663822089040785,0.012153652630519485,0.6956809852173356,0.7258970381394234,1.0
0.12679161556137347,0.0037364382640743435,0.01600479383816515,0.7410056393048386,0.7227972652590744,1.0
0.31397342213077906,0.017081787772477607,0.021301461924375084,0.6896481266341214,0.7528222833055944,1.0
0.14752017175991855,0.004791644892982728,0.014349690788571437,0.6784120044830887,0.7296370846565725,1.0
0.1289694749841004,0.006865293098135467,0.007617806617009901,0.6877643403603897,0.732118585153492,1.0
0.0982189187351183,0.01740784303112786,0.023600066947094347,0.6995863705577775,0.7457199369336333,1.0
0.3995377067467952,0.01419060442169139,0.022795589330797374,0.7817216493111284,0.7516580595123049,1.0
0.037055830167440226,0.0013398194419628777,0.014544012665658492,0.6988629067069235,0.7362944955145189,1.0
0.2231042678052487,0.018987180382202897,0.007173142065245248,0.6450355332211091,0.7517201991583852,1.0
0.3979555643802428,0.01976760835232231,0.02279798014144662,0.662869588525981,0.736066465360375,1.0
0.24448826228612267,0.021184315115451324,0.011892817730232355,0.7114003563762901,0.7318519852181394,1.0
0.08209828427836899,0.0022458249075697936,0.02398587046018515,0.6805759217015259,0.7533648356800843,1.0
0.08080885875737874,0.004772438301450388,0.021239764030210898,0.6529423421239074,0.756531407348079,1.0
0.27269490270951546,0.018511188334665078,0.0097051277683129,0.6552414726913132,0.758580755445568,1.0
0.1748330347105189,0.01029908525471087,0.010060694998593672,0.7551582172874182,0.7508739737291662,1.0
0.3348746874768898,0.005581111089578551,0.005086115513353573,0.7142334724111482,0.7597631108980951,1.0
0.08715923911484193,0.01215666481347231,0.021198814728897414,0.6178084010150107,0.7358093861503557,1.0
0.15175956732051282,0.005059983040226238,0.008909916547931747,0.6820097573829988,0.7391766829922356,1.0
0.2586897053343575,0.01584364202208328,0.02465974343071814,0.6823686880601948,0.7361341761299651,1.0
0.10212085686699816,0.016691027795511633,0.020091462764362692,0.6195575994890886,0.7387292562277433,1.0
0.07822323275698184,0.010972304374951837,0.010788594150161299,0.7592120895251742,0.7563041956556193,1.0
0.11008219468555777,0.00689388946430508,0.010094567002349349,0.6270076192112471,0.7577519347241485,1.0
0.09375234244562013,0.019203427585927236,0.01298390605315581,0.6070233622219333,0.7264776628099853,1.0
0.314247583297831,0.005535089352507328,0.023347911785322844,0.770199424010433,0.7539352301624432,1.0
0.024961715516772794,0.019649606098875547,0.011116004574771347,0.7237832762347052,0.7503986753480292,1.0
0.3134311500350239,0.02117799636766291,0.01956749931492818,0.6882445496961116,0.7550671255500682,1.0
0.2991845164876179,0.018640877792959986,0.01998705723398012,0.6575709752096308,0.7247137560362332,1.0
0.20363560010723955,0.01186345382930156,0.016652886986290753,0.6790203675095782,0.7514756552580011,1.0
0.10245639612439116,0.01683524918059059,0.018559437050900893,0.704618099855863,0.7275412093549664,1.0
0.3844473828233889,0.016519481143022686,0.023357199932514682,0.7968370529896,0.7340820269695695,1.0
0.1922034313670408,0.022212518057559444,0.006876156480154498,0.682474982859445,0.7550215617810895,1.0
0.31617817600235476,0.009229837999775496,0.024599570797803165,0.7767059672847415,0.7320528143065046,1.0
0.13805833481414115,0.014036801064634005,0.01816961536786584,0.765919081817141,0.7209780336352806,1.0
0.2862075351824886,0.013115749594845051,0.014912101564022862,0.6110419913415961,0.7339310353384583,1.0
0.017202670629232714,0.00952337906034346,0.023902965753415453,0.6101761469090029,0.7499882300417855,1.0
0.34731048870070064,0.017040461547626347,0.02271410341716726,0.6431849580862532,0.7412517101927442,1.0
0.10205139848301749,0.005961045563245164,0.0055436426699517006,0.7917030587950905,0.7484006752021849,1.0
0.2988779154645214,0.012429677751951945,0.014522676421808208,0.6899064482247041,0.7456175684841456,1.0
0.35578318453087354,0.0184526759812142,0.011991272229040678,0.7157218593625049,0.7256410919980005,1.0
0.361642611613962,0.020820796389732808,0.011643260954069033,0.6338269414765711,0.7284708865386524,1.0
0.05244369889004682,0.002533047484974176,0.02479646138409747,0.6148115366738147,0.7253016832380565,1.0
0.23419488561346255,0.017649969898240647,0.0176182401554531,0.7764350140657896,0.7455387011105896,1.0
0.2865361290357134,0.010618944163530352,0.011921276458094694,0.6935304904900425,0.7267885642039424,1.0
0.10797799362769814,0.0043009282462465204,0.009927044835664535,0.768414030354448,0.7332080518239092,1.0
0.34328180410901704,0.0026715103388884054,0.02030048810356086,0.661533093275806,0.7286648945673617,1.0
0.3643696659796274,0.0073429129873165,0.01637667610768638,0.6579668227698983,0.7421714234290571,1.0
0.24608247857212104,0.014406246947319035,0.007701595844350482,0.7387080939173439,0.746990014255209,1.0
0.034257868331789,0.01060703511190428,0.013180702640914595,0.6173422967286398,0.7288947171158724,1.0
0.2984479923939425,0.006096834655170258,0.02159499820249823,0.7091596571478928,0.7504168674073847,1.0
0.20218171904177823,0.014323966871662264,0.023559412163316484,0.698362516282582,0.7411463015243316,1.0
0.2963184792326017,0.002544782212954038,0.015313748770439442,0.6963183178412087,0.7568673993695029,1.0
0.18998661120426075,0.021687299753496092,0.01401152927201763,0.636176886064418,0.7286766449122315,1.0
0.005224411057283058,0.01028683171151036,0.02038485162596443,0.7466932885599672,0.7212859635121139,1.0
0.06594183453832302,0.02123314012244099,0.008347299992883585,0.7253278435394963,0.7330495344865623,1.0
0.16784214560330968,0.017332325624587485,0.009613582506557156,0.7811583705828521,0.740008385972534,1.0
0.3406434256034847,0.022474815135528303,0.009478913311879165,0.657378482712691,0.7300173234692755,1.0
0.23506567290805408,0.022360734247635624,0.024805561741855088,0.7053546462724616,0.745561088410587,1.0
0.37350871608913455,0.0053830034875851935,0.015570834578849058,0.7665674109323025,0.7321280830653837,1.0
0.3943203350972432,0.022178503979498724,0.023122136215303634,0.7596896689656115,0.7307652200289122,1.0
0.22117672227592552,0.01305671355308326,0.01511005638714134,0.7273340559832613,0.7363329209053195,1.0
0.13675222095895037,0.008109555434346579,0.00754451923783656,0.6377424420057839,0.7540208351568544,1.0
0.09500777568836935,0.017325833650481327,0.01607962251633719,0.6042312022846587,0.7326544582934686,1.0
0.264069780088222,0.006913167373550436,0.006298935584198873,0.6109869978395338,0.7432690919183486,1.0
0.34027288468875505,0.004341038064031425,0.017131326703908597,0.6889376056021491,0.737714060849276,1.0
0.32208713883382517,0.02020062842219493,0.005220333347684569,0.6357208351394236,0.7561561675518191,1.0
0.064265633408043,0.005359994731096915,0.018199724884742283,0.7449633644493746,0.7439770723431974,1.0
0.20015512344640193,0.007455846111064323,0.01454465819951593,0.6719332587333222,0.7289766357069875,1.0
0.14412393495822406,0.016295300975759458,0.005368756057503876,0.687835702641187,0.7457603760579947,1.0
0.3117761321760428,0.018426173886685646,0.019234116418387757,0.6205595392289499,0.7390008977601744,1.0
0.10199858532973338,0.001914864079405695,0.009471806417520939,0.6909788803465278,0.736557212762184,1.0
0.33064413935997966,0.020902263377839576,0.009026966381054305,0.7859145831134444,0.7207144383670072,1.0
0.38101187208195864,0.0012591150548423918,0.02026038593553496,0.7940403145139687,0.7562360887527111,1.0
0.22237778475056755,0.0026803570075358478,0.021995783956100724,0.7227656511618024,0.7445894697675316,1.0
0.2308775807258381,0.004301965250351462,0.019795400531323008,0.6150034614703085,0.7491912306817516,1.0
0.19162512763797285,0.01196135287022656,0.011244285458441566,0.7938917167451176,0.7493249789823818,1.0
0.074048917562037,0.005720961232344964,0.014278445722201001,0.7885136800628676,0.7493658538304367,1.0
0.34452664770046476,0.009131311244708142,0.022034443655050372,0.6483399195962262,0.7447464244774527,1.0
0.10686813361337869,0.01589792169759588,0.02474625239914288,0.6301196574486007,0.7235360916280269,1.0
0.139195699360867,0.002531756263381709,0.014506112357672083,0.7507541359287911,0.7314048960166075,1.0
0.339051263255554,0.012181546113621993,0.021854639376129442,0.6892778984287419,0.7581190064624042,1.0
0.05078005180110352,0.020029499246876213,0.014785303816615955,0.628327793594581,0.7261076053536568,1.0
0.023712140158148466,0.007161765945646985,0.007795751809397363,0.6882154859234568,0.7365741508797744,1.0
0.11545634999549945,0.0016889371716308096,0.017287722130703717,0.6747436005764703,0.7460533999496018,1.0
0.010442055341149881,0.0063383263295337935,0.014130946459881045,0.6788143948336934,0.7524121022109387,1.0
0.21452426594321616,0.01376058523750713,0.005436627832916232,0.7030266753692378,0.7337932503759536,1.0
0.04461352240562386,0.01783064216144587,0.023848085016170452,0.60445376412592,0.7440549105124539,1.0
0.11749899751670632,0.01793244507455916,0.017647101015326027,0.7858325264542141,0.759240192454151,1.0
0.18075041560566746,0.012760237432931691,0.00793486466415305,0.6672571660854724,0.7595058979102585,1.0
0.18374063295213172,0.019117074366941215,0.011478025254385769,0.6959597005510306,0.7591218298315192,1.0
0.05671391829786713,0.0021120120708274077,0.02390833144879897,0.6531618826550132,0.740162556262582,1.0
0.172343772617489,0.020997268663877668,0.015048259872618769,0.7942270303604656,0.730353425489496,1.0
0.3445146627646835,0.01063742562290549,0.010589747471403793,0.7710950726835764,0.7355955787549043,1.0
0.39072819123398256,0.005009390837251073,0.011028012734403713,0.606213920013968,0.7356735083964021,1.0
0.27361379948611714,0.004898411363465826,0.018496255048117395,0.6526950856378635,0.7342087133648479,1.0
0.28811694131462573,0.011029949157474375,0.012225977977053661,0.77052454380789,0.7428780250256481,1.0
0.36053605486675466,0.008366981364723273,0.005779587550746408,0.6989200447948906,0.7249575221776351,1.0
0.3001087947115274,0.003811163987590849,0.021138884487080713,0.7873814576261908,0.7442612840163177,1.0
0.2868667109134299,0.022345371081314565,0.011830765244032457,0.6325713102485405,0.7407666893965729,1.0
0.07527543287697708,0.014181852508374,0.00528249466953648,0.7855336804908444,0.7305829711128504,1.0
0.04775852938256853,0.006165352388012297,0.010478123372120904,0.6065619998995457,0.7311741924877492,1.0
0.15455526633663486,0.009281106353153337,0.011780154812057582,0.6655847767061408,0.72358925110965,1.0
0.08483514856180431,0.01726796268945723,0.024816195311022443,0.7857052350114658,0.7401687742215107,1.0
0.12925971976915782,0.01763969793070961,0.020295133758652974,0.768854471516489,0.7558201830878754,1.0
0.30791584940234307,0.018337572669111388,0.011169192449955003,0.7858484488012301,0.7237736601055862,1.0
0.30918583367275343,0.0030053244644730357,0.018124592962100013,0.606835882185652,0.7508074779777674,1.0
0.24295204997112185,0.019422498426206265,0.006957665604297194,0.6551847684081626,0.7365671008637068,1.0
0.18204535459061064,0.0067020893064201675,0.01285470024203506,0.6850205263984613,0.7551764693395074,1.0
0.3580285358429275,0.010158375743476259,0.01155615441387972,0.7005024098670293,0.7367097314545136,1.0
0.20355833329444645,0.004263737261194872,0.012038598860459323,0.7131580438748182,0.7365363297755944,1.0
0.10640509580639067,0.021850088944866716,0.02069444041702703,0.7935186051994945,0.7535254621932121,1.0
0.21295173580083043,0.004654538205709393,0.021364547052545146,0.7168324298366592,0.7305379725742762,1.0
0.05049849105913297,0.01312304167463325,0.01942081109333451,0.6117697074664863,0.7439142413282481,1.0
0.031673289195131085,0.012013223878792481,0.010171143562974801,0.7325848903073842,0.7247470946831538,1.0
0.3584177897773191,0.004998450027327747,0.011465317687302093,0.7175269949306087,0.74872249346537,1.0
0.06673507217458516,0.003239257116761739,0.024995306738286878,0.6910704242886975,0.75490126996594,1.0
0.36933126722567133,0.0028868267295883375,0.007280383826691019,0.7859264375448449,0.7578997218017914,1.0
0.14529013036257937,0.010727680048947296,0.013323233601345817,0.6380090431919193,0.755935015357575,1.0
0.2835826017436724,0.002443847071301917,0.0057750266305685895,0.7307460945153842,0.7335606343029304,1.0
0.042138374856688,0.02142180466819106,0.019970289337861907,0.7752534466051599,0.7254588221617804,1.0
0.15049594486150591,0.012549211939026597,0.010937369710148286,0.612126148437881,0.7347551352294989,1.0
0.15743891012796987,0.005234630166330564,0.010237927491294709,0.7253904680864538,0.7355261533831225,1.0
0.21589272492533731,0.017595001628144404,0.012577359126959144,0.7175038985111681,0.758648105014727,1.0
0.3643700427244301,0.01806396142151318,0.006174373633002994,0.6858197742938513,0.7479327363147436,1.0
0.18605863500879746,0.0029948872637248977,0.016240183494257356,0.6253127584247921,0.7500607824111757,1.0
0.29075539050902816,0.019691279277888257,0.017578960343255543,0.7224878658506363,0.7501828118175853,1.0
0.34827624557941605,0.001783249207181991,0.016123805935955787,0.6432538619595103,0.7544138356312713,1.0
0.17098787921781308,0.005044240904609053,0.01178047251839653,0.7407555389080449,0.7281743818084655,1.0
0.35577135949988264,0.017430522515972508,0.008995898613162651,0.6584623086859983,0.7588828070852355,1.0
0.2461561916644608,0.007614012436618802,0.010982502883330445,0.607904723738046,0.7491392746760772,1.0
0.00691864842202522,0.01668414438901105,0.02397747514298251,0.7513006095454621,0.7388656076249751,1.0
0.17727388694639662,0.007979838842872173,0.015434284283716805,0.6862301914282231,0.743926715201631,1.0
0.3980287198429051,0.002692980732482718,0.012693669453226829,0.6361412391533618,0.7340848189570214,1.0
0.07394216699258138,0.017427635148557743,0.014925774856584717,0.7838491164434452,0.7213036977298806,1.0
0.16429306525748594,0.002725962388686798,0.01025459192829667,0.7972059486153248,0.7283583842993846,1.0
0.2315880641743051,0.011706963252052869,0.016608765944056896,0.6753470556417094,0.7530704943957979,1.0
0.17421509510737893,0.01582987974154787,0.022364728805657996,0.6739143212713515,0.7427098239637501,1.0
0.07227603980417244,0.0024864704930214615,0.01955761783997044,0.6576119937444281,0.7489498116076735,1.0
0.34570638116128855,0.01896389925938847,0.006778574861005653,0.6047513012914373,0.7222515525192796,1.0
0.09770787817549882,0.012787876333951056,0.013524884063601136,0.7591051052457204,0.7395559320588269,1.0
0.39569131610246144,0.004227785470109028,0.021614078774918628,0.6103499491207769,0.7391059507829189,1.0
0.26775951641362794,0.015732114316371858,0.010266345645129711,0.6837149582722909,0.734663242539962,1.0
0.18758003240674892,0.008028314565355271,0.011109612247423403,0.6501705783310244,0.7346018898753903,1.0
0.3494811992914117,0.013945566924418687,0.007675728511877109,0.7387718668418003,0.7539066587199189,1.0
0.06448723476321926,0.0011852710283756691,0.005945006777129703,0.7524502696607024,0.7594874532816678,1.0
0.3004880288365576,0.002545036565580641,0.016842656498073337,0.7512150564856476,0.7343681758907095,1.0
0.24009979408954324,0.022311759505010596,0.010152348456769916,0.6378982554374432,0.7249570357101406,1.0
0.24059581424730797,0.01803382299916365,0.020061465472410195,0.7785082989590175,0.7522309079336921,1.0
0.22457157492592564,0.007394357120511969,0.01159570759103005,0.7863888738459993,0.7472758362026829,1.0
0.16968045200390408,0.012554907827110495,0.014742308398328435,0.6214574115047453,0.7294680797810641,1.0
0.03161285052753746,0.021026431480141116,0.007476873638867417,0.6395961492833814,0.7506128489575454,1.0
0.3606098493480867,0.016602570870534513,0.006372417142177178,0.7383694122571306,0.7452651416868528,1.0
0.3321381517332877,0.016444537108222832,0.01672352590541944,0.6644926637163555,0.7478909464731972,1.0
0.23707110330890535,0.015283414671336457,0.013742560843996015,0.7512241619486149,0.7599066956935454,1.0
0.08495008540398612,0.012597911811284373,0.014627507945233166,0.7143139569013438,0.7219629619089709,1.0
0.23527641351589654,0.013581614053056697,0.01814667923536747,0.7440432058005327,0.7456618881336342,1.0
0.2517804507004137,0.012556414744549896,0.017123928577756218,0.6202386733506664,0.7309262616290207,1.0
0.34982995008367435,0.015599608460191849,0.006808161569437952,0.7184549900888809,0.728869519505484,1.0
0.33183913674095517,0.013759309860684426,0.016827252195034195,0.6677182886421628,0.7378500008464524,1.0
0.2907115307320268,0.012174703683460625,0.012364647724967419,0.6100759476577109,0.7257202960530554,1.0
0.15248649958717653,0.021299088412139903,0.015103067897174973,0.6469680326518462,0.7242300054984605,1.0
0.32721360104266745,0.00924187005832592,0.02045011612044827,0.7605409952253758,0.7244328307879482,1.0
0.3838429450315888,0.009645968610426409,0.006018881780060445,0.7846605380515758,0.7553466512628993,1.0
0.22313998253588382,0.005552433709686685,0.021389015110892747,0.6997200076784252,0.7213551118057022,1.0
0.38044602657206894,0.01882673554243363,0.010543962804210796,0.6106650169866681,0.7576140565015272,1.0
0.21530405128658342,0.014809824350938004,0.014252001214216166,0.6839530734197518,0.724777937437148,1.0
0.09692919793709405,0.0189877760477407,0.0079166460147136,0.6453397303829421,0.7419445623728883,1.0
0.06946664046352591,0.013111299196506188,0.01236186541993231,0.7252318571680939,0.7564882136163471,1.0
0.36580629562616024,0.02040353429959275,0.021581751666718055,0.726257183461217,0.7448058662986219,1.0
0.2777457427310362,0.0013543673128173757,0.024161851583212993,0.717120752293116,0.7512586335760969,1.0
0.009896899496739404,0.011959295187343543,0.01514380238631858,0.6873978576622903,0.7335886821664831,1.0
0.2133802254263872,0.009068480003410123,0.024398637660996175,0.6345854615533862,0.7327866227050834,1.0
0.21960712461320303,0.01173452552494418,0.01787480930848546,0.7900003541148416,0.7314088434197547,1.0
0.014890880187047529,0.006641352163772927,0.014274394559931855,0.6061989576962269,0.7447067784221455,1.0
0.2999590273610285,0.012106351854124764,0.017078893299572535,0.6792130502556974,0.7216501213002625,1.0
0.26372339005957834,0.022404438941094187,0.005316064783265924,0.7115166993652766,0.7500403501153023,1.0
0.22035593598294284,0.014328193573958259,0.01893449890549107,0.7717932499386861,0.7248915814881127,1.0
0.015276874402870153,0.01897829464559217,0.006534808531193945,0.6389256423209845,0.7201557658552453,1.0
0.13707189455336996,0.004568847596971087,0.014021803216078127,0.6804741766344368,0.7507064413079496,1.0
0.2627640644479973,0.003674823357620263,0.010907815894197013,0.782663659366456,0.7235493797203155,1.0
0.37728932459722514,0.021439294091593942,0.013224063540977849,0.7334793776197595,0.73826982393416,1.0
0.017474625623734412,0.004099378701809206,0.017283976070871985,0.6465104524886127,0.7466420919707659,1.0
0.35522499546048947,0.018614076789539708,0.014856756001375645,0.7545790174189716,0.7308455154494036,1.0
0.08300541048599488,0.019509052623201368,0.021461352331368297,0.7804299336818002,0.7550990792489704,1.0
0.09519281149461076,0.02103422225209928,0.016424263827039952,0.6844990167836305,0.7424149558387149,1.0
0.11897843774957609,0.006188258266516868,0.006648559789142536,0.6993129794294375,0.7555104670285555,1.0
0.21078537493853056,0.010214747742394704,0.01428803252634384,0.6418554695143902,0.7529174350877239,1.0
0.28806598890728863,0.01733967774716728,0.016497380840554684,0.7725852749909657,0.731642014098026,1.0
0.29311713154172514,0.018173121296877856,0.018291594190546285,0.769268603397994,0.7597239545087054,1.0
0.3264966950652803,0.01700846482963772,0.01405740331424036,0.7853897999465025,0.7357770371829038,1.0
0.04684723101142981,0.005854166672424724,0.021813923410675215,0.6793105445657694,0.7357633635766103,1.0
0.1991860820474945,0.018325064669038382,0.022903282355474792,0.6140228864088367,0.7429928292496046,1.0
0.24764133093627347,0.010616427268527786,0.012972896417068303,0.6943761424858979,0.7432799651502565,1.0
0.19149705815315524,0.018583459164098735,0.019912959824757156,0.6682756988362386,0.7520230847006129,1.0
0.06562942112280525,0.013527672927211312,0.010706239871984276,0.7478344643853445,0.7295514131743474,1.0
0.1057742391427654,0.011989590913743776,0.023972929358323843,0.6762615076912869,0.7550295394385284,1.0
0.3505660852780395,0.004566119639051871,0.02139316439070326,0.6064298790201123,0.7357320753479722,1.0
0.27705712404016836,0.012453919187764378,0.01275728050165241,0.7624593892940572,0.7483823361579288,1.0
0.3575313131978156,0.005943882383100596,0.008407830183172498,0.7285607528667163,0.7588797737080708,1.0
0.10361979967886147,0.003999225231187083,0.022211271105472642,0.6452795080822669,0.7401271410689955,1.0
0.009795655864207208,0.012964450945982073,0.015245780854098917,0.7614894752820309,0.734211261582111,1.0
0.07133550233655116,0.016927527480169412,0.020694178183762967,0.627332664155766,0.7357382829595328,1.0
0.006069373101935928,0.007423320018386594,0.016100845701050956,0.6668187719319907,0.7308818075671067,1.0
0.07670162770332903,0.012386942680628902,0.01913391842626452,0.7150589905257004,0.7237243732343412,1.0
0.07411624580755784,0.017443458013139266,0.012211302215517009,0.7565522696112205,0.7282509161362138,1.0
0.2013252092559055,0.0017081243160147505,0.009505946775646668,0.7448024504368697,0.753495339132217,1.0
0.35342069522805125,0.018146619887143348,0.02239368591413931,0.739685710915768,0.7469661226917585,1.0
0.2628509536740694,0.02076085778818201,0.007010440028334168,0.6631528955692182,0.7228981989438349,1.0
0.18087985906975826,0.01551990611953805,0.02182240129008643,0.7982000496152978,0.7264712983116907,1.0
0.3555320447640109,0.0020508206022938256,0.02008181120371147,0.6709450642393101,0.7459438716588173,1.0
0.10759818957422158,0.0039072592830857,0.007338944661784166,0.6206645715416983,0.7455116016053831,1.0
0.09057020809131962,0.015875529493176915,0.018736991315329337,0.7078336584713996,0.7573983126746341,1.0
0.33516587365137074,0.0026154972705422206,0.01979662188077009,0.7976894827663861,0.7538639286515126,1.0
0.25257259540922844,0.008595725312894355,0.01858970436516208,0.7540790766362654,0.7599291392447142,1.0
0.0292151059805097,0.013810945940716182,0.007380482999643372,0.648953008711222,0.7331511964522295,1.0
0.07760420893200771,0.00456368835711058,0.0058992848499765495,0.7746479872707762,0.7477402169742424,1.0
0.01617546072705526,0.013011497374213704,0.01065068802573422,0.7193452700863858,0.7373841670272386,1.0
0.11868456090974033,0.01560162542143621,0.006081086232371984,0.7911721068377852,0.7592302987163341,1.0
0.1887589262676114,0.005729858945536118,0.021250326804959294,0.7472708194294044,0.7288781615824379,1.0
0.1878055804376301,0.018767826824413244,0.01867689368668153,0.728633508708011,0.7459930969025311,1.0
0.15182594763266594,0.001981739136889182,0.020738822716242476,0.6865996430339628,0.737529534283503,1.0
0.08772377617647442,0.013638171485734128,0.009651060304073516,0.6128417703130928,0.750700296639236,1.0
0.15519305564022526,0.010273343052589513,0.021300896468161877,0.6641673791879634,0.7503214484503135,1.0
0.2660429373902958,0.010281143245306028,0.019955794462933295,0.6915794739502771,0.7365770908443257,1.0
0.13050032224967106,0.0032413796500200256,0.013297040110523304,0.6247713762258603,0.7364176589422179,1.0
0.3726309165762305,0.0017787801174740272,0.017429168130038884,0.6915470373300154,0.7208104451281655,1.0
0.05180167468014662,0.005661074133226062,0.010491404869218363,0.6802612670764393,0.7411615757395557,1.0
0.06893839744835262,0.003011677290589215,0.015993467985254875,0.6658149740802539,0.7419359094413888,1.0
0.014570594864596022,0.021239388377310306,0.00716616242377988,0.6253717495923433,0.7258618730604056,1.0
0.24897579486714846,0.014121233961632786,0.024733964030370592,0.6176877538549309,0.7589800357016916,1.0
0.251113243907004,0.01003179665401002,0.012679036269543564,0.7862486656958926,0.7259691091376103,1.0
0.15475439913116168,0.01494866043360392,0.024358134629667204,0.6115202100757949,0.7569145745170076,1.0
0.28323676719609364,0.004207459953556489,0.015667748616620646,0.7347027429450488,0.7382498922955073,1.0
0.10142703465880278,0.019369445006360217,0.005689419856655256,0.7417724156881625,0.7599756014605811,1.0
0.06861304471387628,0.01549410246920239,0.0061998166917069655,0.7179579967711718,0.7473600041424422,1.0
0.14924795769332155,0.015991569363712738,0.01688588856027641,0.6415274344187839,0.7425254217434044,1.0
0.2683991478477277,0.011143517408967712,0.011431682057389023,0.6171772418875145,0.7297850853103611,1.0
0.394717237422361,0.005783368420767909,0.021297518853707453,0.6337289763609957,0.731344045984223,1.0
0.13314023733593403,0.018164542474337013,0.024153868160308463,0.7750588967301697,0.7261431146779103,1.0
0.06343903075536102,0.02063769379108518,0.01535757151337157,0.6672762176113414,0.7262810198933677,1.0
0.10293906170604948,0.020651431360548204,0.02094524384544455,0.7939587415501439,0.7240304608448549,1.0
0.10657443724215677,0.012673246674106759,0.011409097711269103,0.6566931100486715,0.7429538120809839,1.0
0.19030770760398616,0.014992463698446746,0.007563641463656082,0.7861188541753809,0.7402289879781649,1.0
0.26329264509532,0.01626502023628473,0.019322618819856762,0.7750199794122946,0.7445442174018769,1.0
0.04430630893185558,0.014034388318178041,0.0063270560754116216,0.6482586903379061,0.7224282873840765,1.0
0.06833355935243288,0.014123757367819675,0.020817302617265353,0.7643761441543725,0.7323817403255051,1.0
0.2273892502341118,0.01116707441631458,0.018102277828495297,0.6420174247647067,0.7591697295834717,1.0
0.3325423507752321,0.013773063719450538,0.00989709494387432,0.74913500013206,0.7233792358270829,1.0
0.23804416278599036,0.003381131845522634,0.006590111261847405,0.7501672666872925,0.7317174362601535,1.0
0.30601884330691953,0.016011090261430893,0.010572121052669019,0.7417889038043236,0.7579259073805934,1.0
0.13383424359140858,0.006045453707424274,0.012865002688013334,0.7484665309707893,0.7389697032570155,1.0
0.12909118079094523,0.004037719242372661,0.01033867297875457,0.7719360602483974,0.7440966784861364,1.0
0.3170128627855571,0.002385834797780538,0.010077821758447713,0.6460206308114679,0.7594145824867289,1.0
0.2490254448734789,0.0011071767538311673,0.008686200041797147,0.7271082585946157,0.7351887730592667,1.0
0.3070660665609944,0.010618757565288578,0.01999029955076541,0.7950808647652443,0.7384392329880588,1.0
0.3678725229492116,0.006346505233777725,0.02273115827332557,0.6195089413545966,0.7459379268235059,1.0
0.2477694566047083,0.011653998289279674,0.01734694199851372,0.6303327417558889,0.7286228284132087,1.0
0.24112283954886507,0.010500873085519015,0.009889516849716791,0.7765618664289161,0.7349568736117289,1.0
0.16683192523685286,0.0049117735384501815,0.019632540308604667,0.6896916524537716,0.7206502843957087,1.0
0.3272266265801884,0.016556526112973768,0.02238183741037058,0.7813614507211101,0.7334995882553775,1.0
0.2454790846362097,0.006746942879427834,0.009439045028941344,0.6227814509638044,0.7463725678366581,1.0
0.3055764269092165,0.007799920609476947,0.009105197009304044,0.6907228356909244,0.7418725384096204,1.0
0.3505551459382514,0.020695254122989292,0.022005247702719593,0.7929162408872623,0.7386199998867623,1.0
0.03800700269864891,0.009390937048105378,0.010153741825459946,0.6339881182722135,0.7581281509803459,1.0
0.38395481256451625,0.01735803506690595,0.01781891344250447,0.7352037920178757,0.733258972946365,1.0
0.0787433867210998,0.021160666799523557,0.01103586679921187,0.6510373024587084,0.7484465119277663,1.0
0.18326307274560558,0.014597594045851904,0.008189861435217122,0.734665661480391,0.7308244278078078,1.0
0.06906107430279491,0.008146108403277539,0.011625021206226563,0.6908358023404538,0.727616780186654,1.0
0.21898673580697522,0.0037708642004152153,0.018777940159776702,0.7887894251725194,0.7370718248665751,1.0
0.043835053494716454,0.001923588988576358,0.0194273775502768,0.7522043145962993,0.7537223296386301,1.0
0.31187828670794804,0.009095582755126508,0.011066752653643971,0.6346047842686594,0.7598406302041011,1.0
0.3316681657701598,0.01474913036304634,0.019701608885237344,0.7423434239843593,0.7543373794029273,1.0
0.005325723649700724,0.013868362514430221,0.012077172786466679,0.6247574662234275,0.7274455501641696,1.0
0.032742181500247776,0.0022236338457616934,0.023320525096648885,0.6624205498707393,0.7592892278989434,1.0
0.061315656519209956,0.016370872512268105,0.017016097782541383,0.7381294146210308,0.723847640000579,1.0
0.03527227127309819,0.01398888541216703,0.024731821516981823,0.7343969075315883,0.7484304614008772,1.0
0.27281456389785946,0.0018639038115121122,0.022340112017131954,0.6729356580757593,0.7201745448605886,1.0
0.3751209253461242,0.0065326097746921385,0.014830263461056798,0.6347553775564782,0.7223077068666576,1.0
0.2921693078547354,0.019577601120956203,0.007865976785049822,0.6576637135620937,0.7278011787057931,1.0
0.22360539110535854,0.01604832665795942,0.01795754961770141,0.6776107094604495,0.7422004098375962,1.0
0.06594996889546036,0.02103358432038914,0.020230154956397937,0.7845478191650335,0.7566672113799747,1.0
0.37165426600430523,0.009959138216272957,0.0050723248956988185,0.6125142231692319,0.7243794930280326,1.0
0.14392244438585408,0.016077322352851187,0.0208129761320099,0.7180426548689249,0.7258574469822792,1.0
0.1451467580593516,0.0012793569964436192,0.010611772410654988,0.6661201108281956,0.7309698214087241,1.0
0.3051709270496657,0.01595436865387179,0.007780101570245306,0.7615667819412564,0.7470870384665329,1.0
0.260997102461199,0.011395500281579141,0.0137870012371245,0.6224246326944778,0.7407321710338066,1.0
0.06988008796543532,0.003849745756907398,0.024082165581400153,0.656972938088778,0.7342081729438403,1.0
0.35980892584536683,0.013103767093700102,0.023383197978666236,0.6599849811655791,0.7245933869772779,1.0
0.14148711175705692,0.018240996920051086,0.02258846817823317,0.6945147021814143,0.7588543609634203,1.0
0.11201355538759343,0.011512973579901902,0.005746205848058552,0.7608002320526135,0.7240574020341768,1.0
0.22830003606695265,0.0019239652014083257,0.006586337983628965,0.7392232715226026,0.7228710837224307,1.0
0.1387847752011964,0.0059037072710629536,0.008775577957273309,0.752682258746516,0.7580616877260113,1.0
0.38407408157378015,0.013787393824714729,0.01783320810726514,0.7419852756285163,0.7481647556141833,1.0
0.1959701172823405,0.012467209631566074,0.011476540049268317,0.6210515187566233,0.7465856076370487,1.0
0.11387584517793048,0.0030259420855911555,0.008814543146454362,0.7277461825794762,0.7451390652081967,1.0
0.04061793071334901,0.010317539203877278,0.012054897437165868,0.74409183057119,0.743161064327962,1.0
0.1973579225104731,0.021775383076099004,0.02012588443406901,0.6993959120920256,0.739168904515559,1.0
0.37729115901132365,0.007862240392997587,0.010118781637614876,0.7998817850775343,0.748747586860181,1.0
0.0294447634251027,0.0015482836251442542,0.016992377990257383,0.6143129000123904,0.7573355342737972,1.0
0.22069135636549153,0.014257737025012943,0.010837888030504996,0.6127945084816546,0.7494984178076726,1.0
0.03879526820226529,0.007691296847890812,0.005249313196757642,0.6868071231512632,0.7483072364032031,1.0
0.24370138500057392,0.01920779536694912,0.013130044075342207,0.7697544170120953,0.7402589324199351,1.0
0.37793753043088407,0.006911873787498004,0.0055240296837558624,0.6485348085910054,0.7346675024502971,1.0
0.21224366623021082,0.019987227963772353,0.010846764542193982,0.7041541215918338,0.7336055581475391,1.0
0.06725259774894896,0.0032254707686662576,0.015059905064752035,0.7343775171530984,0.7518210080436306,1.0
0.3106706557210053,0.009443266259059861,0.00565735340532938,0.6232198615803113,0.7215489040491598,1.0
0.20071907980112952,0.008660825898624196,0.016211989501327843,0.6961218296985575,0.7471177120745576,1.0
0.1306353381079284,0.008443610790263466,0.016702956432826068,0.7192864935781684,0.7325879965454853,1.0
0.2791477802085281,0.014919332691835494,0.007701016093595494,0.6882083759350787,0.7557082431484237,1.0
0.3427897588612644,0.0045083303768790875,0.015144972649234319,0.6848672857846023,0.7204051734936583,1.0
0.18469546479705073,0.02151676795035322,0.010734878019584358,0.7732551546831945,0.7568955829598252,1.0
0.08505772620774842,0.01573281979027298,0.0159795613305892,0.7889059331705253,0.7375708824724196,1.0
0.05962336559017231,0.016020621726763606,0.024482192379611644,0.6056687541142797,0.749617814191125,1.0
0.034538706019802995,0.003368655969781863,0.018839141968994173,0.7295926751791577,0.7227530966126499,1.0
0.2117524198987325,0.020504743526737167,0.022559817619854088,0.7625015538100332,0.7406359558497768,1.0
0.20486032404489737,0.0031674446227382713,0.018176922969468524,0.6267954438458015,0.7404469185000289,1.0
0.12330743365848514,0.005989729904400438,0.01740063085423341,0.7573573424045018,0.722292118181621,1.0
0.3450032395070688,0.008358785097192489,0.018180081319406443,0.68052260634069,0.7261676352875852,1.0
0.03911207142813068,0.019887151341013737,0.02348579518819217,0.7643226274022807,0.7425011248302391,1.0
0.3939199137573673,0.006329886331370432,0.0065189673181041494,0.7123881847202356,0.7331514239124041,1.0
0.0077987148971294775,0.013819147305280558,0.010280674045512282,0.6375717096385362,0.7216172772557201,1.0
0.3521927045926507,0.008238422363343505,0.018581484202391873,0.7513093926803814,0.7331240323676079,1.0
0.2782924655684449,0.013023707917070457,0.0050198492810125785,0.6070181531845616,0.7596346337642426,1.0
0.3753382772153141,0.02039951890573759,0.005408859662855017,0.7583694579582148,0.7380458297604462,1.0
0.007652734744537131,0.007196284975812131,0.020026475515826044,0.758604157720318,0.744788584048585,1.0
0.12759322355870586,0.021785425218303702,0.013784243584684091,0.6894251100487674,0.742093310009628,1.0
0.2233052680159786,0.010295211589502494,0.021534298392043735,0.7818102039596568,0.7572844103926145,1.0
0.17964868019847566,0.016162661264024516,0.02176647182591813,0.7125964484132754,0.7479992408728905,1.0
0.27217554180332826,0.017041871448180153,0.009172906651119968,0.6996749094043595,0.7435307421842035,1.0
0.3431051909814044,0.01411552693156561,0.007582726633964066,0.7632714145151654,0.7486822786576218,1.0
0.1598567724354332,0.019365353893942328,0.013280551642647244,0.7141018305891182,0.720025692147995,1.0
0.288679437890535,0.013192851358009034,0.01493117634087232,0.7619872947423417,0.7472549086866097,1.0
0.3838339685415944,0.016206244675199825,0.024758778578248493,0.7942522632537737,0.7567563889124036,1.0
0.24572460055630213,0.004701669269182871,0.015867028348475153,0.7530753044788655,0.7408342863482227,1.0
0.048314080180720816,0.009190217483045632,0.015119288371873145,0.6864650591738216,0.7243434619128621,1.0
0.33585883067791744,0.011414261572831196,0.005974448535054553,0.60329825179553,0.7389390160797731,1.0
0.28352474866969263,0.01809945444434665,0.009565934169142112,0.7184353889763562,0.7261777857394154,1.0
0.3560742202016662,0.012698108966869681,0.022717773902884004,0.6450495608359014,0.7332009737299466,1.0
0.19463162970184444,0.022449431294449557,0.007288906379422602,0.7703930071203182,0.7545472815768748,1.0
0.14089468146236575,0.012163361242198367,0.010849354096131277,0.7598214896879879,0.7399311663484132,1.0
0.2509630810206373,0.012057865661965692,0.019221387079553044,0.7007865928860468,0.7561802540167779,1.0
0.38947273007963273,0.018462096864800628,0.022214667237297394,0.6965815664742142,0.7534880619735039,1.0
0.3059695305328492,0.004019678405363987,0.011141038319250174,0.6891465326719466,0.7328927887257368,1.0
0.3289413741895607,0.006518531681056603,0.019905623443091446,0.6147424138223303,0.7506295643006025,1.0
0.1636710163234804,0.016533273198100613,0.023302768074901982,0.7601425947109054,0.7356178604158784,1.0
0.31284623019039315,0.007290783681756156,0.02107765480617747,0.6656142285121882,0.7522396232954215,1.0
0.022536932279683102,0.022450022118451176,0.02238914246469378,0.7765695006932408,0.7580511979042647,1.0
0.11830004409866013,0.003795537392884914,0.015024182670769291,0.6440096640953216,0.7574220342695728,1.0
0.061562711408533026,0.006299230841293676,0.008979134231863901,0.6451556873159421,0.7462419042024472,1.0
0.24793463085183245,0.02014054557339526,0.01705113531051404,0.7389065582572764,0.7346201319288542,1.0
0.13163070466771293,0.021732076947138322,0.017436227689062743,0.655502223886803,0.7380366106864842,1.0
0.26903521042878054,0.013054036075677115,0.02270325753267682,0.734487914443358,0.7457091892316439,1.0
0.047023529789901077,0.021750555516734077,0.016977167402007054,0.6831366818292858,0.7435608328364087,1.0
0.3297402731921222,0.005657879014633223,0.02109092012635894,0.7068756886527221,0.7310628805462761,1.0
0.3272541753540093,0.004793893041590093,0.006036102312797469,0.7511755461651762,0.7340017288949191,1.0
0.10259169697588401,0.019472337291983288,0.010946590522130642,0.6420385139502047,0.7323699890534462,1.0
0.13047381221805696,0.00278312879166572,0.008170600582389166,0.6834105766792296,0.7551786742235951,1.0
0.0890065091702121,0.02052943202414432,0.022800293483198432,0.7358901666591883,0.7296189421638095,1.0
0.08843229280299619,0.00376465294619187,0.01259996789027783,0.71516432101407,0.7343973070185922,1.0
0.12202062047482566,0.00843578634685699,0.020813471832892193,0.7756629461787716,0.7328813632612421,1.0
0.11487410213744588,0.0021466947967096915,0.01975714362720816,0.6342006966472301,0.7370285009498767,1.0
0.07786627575074684,0.0030329400392630195,0.011960260293421413,0.7904571815100637,0.7446054235995369,1.0
0.020369774205814897,0.013905875549908258,0.006845152818707452,0.7085088142095053,0.7500780203308697,1.0
0.12326754045252715,0.00201876102707837,0.005495557503231936,0.6860053139291042,0.7553338108281187,1.0
0.23175192478381942,0.01571257512311488,0.0062165973500272285,0.6306200751606754,0.7332510717367827,1.0
0.17841886933009826,0.01678519396669227,0.02235195731146385,0.7516744553197086,0.7596898882925299,1.0
0.341610782027943,0.01889587670699752,0.019605315245600934,0.7603603633311782,0.7573873291146964,1.0
0.2571233744454547,0.012071204013814611,0.02202073974384146,0.6862719205743014,0.7527890708457893,1.0
0.3849450100405933,0.006351795034034503,0.019192390197718245,0.7513838995294972,0.7574511397121866,1.0
0.2315427153748371,0.013451793496075564,0.008345824568084588,0.7949925404847543,0.7302006985081371,1.0
0.31933902689809845,0.010486133349144692,0.00922387440058116,0.6377920768439374,0.7542598400360637,1.0
0.04060410790511535,0.016415918664402104,0.010003421056100593,0.7752789501501759,0.732382871441199,1.0
0.03851908520419906,0.01199791943770942,0.014014751756365747,0.7502624289206286,0.7385841034877214,1.0
0.10835369167501291,0.006980155027604378,0.023556958036556278,0.6330157204175625,0.7595270569822861,1.0
0.0399141429899115,0.006346843186939097,0.006168287591092374,0.7580059538327832,0.7405021165016442,1.0
0.2665095938294672,0.014558900307931884,0.023797441784551805,0.792252103349676,0.7472273510266162,1.0
0.3180079146323955,0.011563025953047845,0.01908916576066834,0.6156518015367141,0.7503208433260122,1.0
0.038565027484666684,0.018976489368724873,0.023659600532985426,0.6452377779604124,0.7409924475043681,1.0
0.38428927178657235,0.0037494712635748016,0.011980084511109013,0.7396289282301713,0.7288623399754371,1.0
0.014199968701853844,0.004300716140020776,0.016246589888354878,0.7306180132608365,0.7459564732438335,1.0
0.16903615842682262,0.006880050399184843,0.0053116140008504995,0.6413259652104774,0.7324955124880814,1.0
0.012957066241157892,0.004385123586301619,0.01832199107135145,0.7259170832945192,0.7574273455759217,1.0
0.22926366615227053,0.003957461471104044,0.01628143637850314,0.6123190121828361,0.737235395896434,1.0
0.17398645469836196,0.007016257245487925,0.018716608952476475,0.7681888934597559,0.7507406797039591,1.0
0.21764619573654026,0.0016683098701726529,0.019458679973838426,0.7089965879156995,0.7308296420265554,1.0
0.3745646806555479,0.014423788270020381,0.014518248693150566,0.7241843479416815,0.7365496929994263,1.0
0.1196721563995298,0.010456845962720356,0.01871184464875821,0.6079883850172938,0.7518010962918462,1.0
0.2746111184058374,0.01481859426562129,0.018052560982826107,0.7216257832511606,0.7583640735227815,1.0
0.2942660506285638,0.016167160621543417,0.009725351545566608,0.6566611678373652,0.7369606839262787,1.0
0.14986352407733408,0.009405653199458576,0.01707729121876688,0.6439780085470124,0.7521716746350675,1.0
0.28396642411488254,0.0027510133466775843,0.014399307882487338,0.6056439064354656,0.7470363996726226,1.0
0.3799548615718023,0.007968670613930516,0.01627611796035454,0.6514775151389229,0.7448045051578936,1.0
0.151398163294725,0.005379321005223867,0.007230426879429106,0.6239758267913347,0.7599616007002221,1.0
0.005762234609969086,0.021487968998459308,0.005399598484596253,0.6837172251109067,0.7486991034388263,1.0
0.2865900851156799,0.010967953730350253,0.02448884077968207,0.6078638766066541,0.7594756881015203,1.0
0.3719273567649119,0.006477607118097037,0.007849161445685395,0.7326630558745401,0.7406343775194448,1.0
0.37022457550087096,0.014331739493045137,0.011221276702091798,0.6800133112835752,0.725339833403674,1.0
0.061623277732767705,0.01842126383604412,0.019097469359442378,0.7060690035221704,0.7349747133451028,1.0
0.3260976123398256,0.01994651413694174,0.01594032456412667,0.7639770243639402,0.7404522381365078,1.0
0.3468455829707296,0.009307039629690275,0.012918253580814045,0.6609822690569832,0.7407480691317847,1.0
0.2658821523976305,0.010255799667355766,0.009356745837671987,0.7733684124827752,0.7338400346895205,1.0
0.08690456654545002,0.013041235739078954,0.015732301870589046,0.7657295695853991,0.7255540554700332,1.0
0.21491412800796772,0.013601351754158877,0.015203325865955342,0.6072049813672533,0.7398836264722639,1.0
0.14036183124924342,0.014955684382523508,0.014953942589482119,0.618643642533492,0.7229216509904703,1.0
0.08039963289602835,0.014078466274884344,0.008556289280910857,0.7763438846549542,0.7283904264245366,1.0
0.3509196764620605,0.007349542885649759,0.013508452596674715,0.7918052768024885,0.757774768766311,1.0
0.03223088593435911,0.013756812696345044,0.02478155870084516,0.7893832456847961,0.7242400997007977,1.0
0.12963701463162153,0.003789154298455469,0.01889596622497522,0.6547696728720473,0.733794632125012,1.0
0.20169718571757292,0.004400609068519214,0.013641808471589783,0.6286684444206603,0.7581539955980059,1.0
0.21114542577100012,0.005235066244358231,0.006527236069452185,0.6404617237684196,0.7221909642956175,1.0
0.19992624231647071,0.015014033702737845,0.006746796301435669,0.6882037247808537,0.743249880914134,1.0
0.15197097254883005,0.002544449699272586,0.009402621604661899,0.693350585183788,0.7596176871570129,1.0
0.39195056404409373,0.010096357305457042,0.006613607568293301,0.6647146874498667,0.7295085750148391,1.0
0.042617276063908284,0.01074362660355492,0.01179324927608594,0.6360707443268966,0.7486439988263499,1.0
0.341487803019885,0.006181008945657022,0.015767869801732497,0.6368278434298364,0.7398120246554337,1.0
0.06882355662675116,0.014162802606403336,0.010275720843515334,0.6344734453128494,0.7571907300054029,1.0
0.22823350451487545,0.012787672599415201,0.010012177488061196,0.6905543490225635,0.7235095113233054,1.0
0.09257037360884517,0.005157785236270952,0.01129756956555006,0.7804739840526285,0.7518586659313417,1.0
0.26252512668306877,0.015252812487189883,0.01460061998852434,0.7810372646733952,0.7404350859708132,1.0
0.25794812891747776,0.012741999108120714,0.007480396306197909,0.6785450827824859,0.7325330164437792,1.0
0.15464281000437796,0.01866343750173619,0.013847791878018911,0.7507001126891221,0.7254112771404476,1.0
0.19482115686557272,0.006585662280965587,0.009829792127296138,0.6530154577149944,0.7346689669167187,1.0
0.3800932019458135,0.01538430474765809,0.015943325418882014,0.689719561603427,0.7531277786815047,1.0
0.12074988140096335,0.021498535346048744,0.012902307264127642,0.7600156138383056,0.7586727951232893,1.0
0.06881253694822152,0.013601944536239512,0.007375542461911569,0.7578284079737853,0.7312526069549553,1.0
0.3644854212814286,0.004891711789408706,0.012857156772023336,0.7294237576147132,0.73678634371238,1.0
0.016483287596674816,0.009741860089592201,0.01798418053163841,0.7147968416304977,0.7262496495904257,1.0
0.15094106324159487,0.006895351649308097,0.019585424877207786,0.6619304060054368,0.7416056780933211,1.0
0.21801401299016507,0.014265992568452056,0.006464919723351028,0.6356268287483473,0.7240380479719245,1.0
0.33518882696215274,0.005008788803683419,0.009385435018461822,0.6646414578985566,0.7436431046781534,1.0
0.27626781362387576,0.020461644258589446,0.010900802809930762,0.7317517978413551,0.7423889138311077,1.0
0.363428998704501,0.003052893357123176,0.01924002053664103,0.7455747426045204,0.7566130611075985,1.0
0.13204082359660213,0.01879642440199044,0.020416205636647852,0.700063122883894,0.7507142950253525,1.0
0.23785500050936983,0.019601444277939323,0.01135969009233025,0.6967099964861486,0.7580417941669156,1.0
0.35538041303056833,0.009282811809144595,0.024930105192691177,0.6305131209367626,0.7407508233286524,1.0
0.3203807153660531,0.020535282109072756,0.019622787538161195,0.7253632472260606,0.7370971676339402,1.0
0.20617362372380463,0.0014379221842141198,0.015060916096553554,0.771194160034825,0.74837096044569,1.0
0.15924157095856578,0.012372924593628598,0.0056696713799420095,0.6765995884338687,0.7389766417957058,1.0
0.017340186701306676,0.01584377433874747,0.013701755016976864,0.6831356386224469,0.7299994701611403,1.0
0.17802057860193893,0.011190666170125456,0.01661742696872764,0.6012649294479471,0.756307836141537,1.0
0.18311527518981785,0.0054585168176467,0.015475647387397507,0.6560460217594276,0.7544002599225041,1.0
0.25730844452853274,0.006350914155179397,0.00538812300988035,0.6808309071226553,0.7414594595823316,1.0
0.3849956737084497,0.01619704223768961,0.024913396012507905,0.6590120180627944,0.7515621311842858,1.0
0.24664534000715727,0.022195843809510046,0.01807974399502234,0.7797633784673836,0.7490300093887698,1.0
0.28127236557731344,0.011412785156737862,0.02337595985964685,0.761366889438091,0.7241653875042889,1.0
0.0324963457104492,0.011604764807009274,0.006615435184147061,0.7447356673149388,0.7420943432580173,1.0
0.11551933652516994,0.012161526859464524,0.007349593718210887,0.7769220005300561,0.7270001984915935,1.0
0.08599498641665741,0.0183339770075441,0.007116290553693656,0.7228854989676332,0.749847252024605,1.0
0.0800740502102118,0.002324915965118658,0.013976127675444353,0.6404970690489092,0.7479708323605575,1.0
0.18249480670808718,0.003439926061686804,0.016351005730963836,0.6371048379263815,0.7471594264365975,1.0
0.39047836395112273,0.01571733003959495,0.008634591356238524,0.6028189290923711,0.7333785156882088,1.0
0.09127247658222067,0.01976413055641462,0.01706409320101699,0.6352915306057799,0.7422663760274979,1.0
0.39059934142144526,0.001704280450669448,0.0196463684433563,0.7545994052382855,0.722686510558308,1.0
0.15680113034606324,0.019665328770374958,0.015739998768369987,0.7310613700014581,0.7513205134182737,1.0
0.19313239451805403,0.011939052483629847,0.01936011714175559,0.6526684717471253,0.7541795894546209,1.0
0.08232978287284125,0.018204298775284816,0.011805164237853445,0.6299665665384612,0.7274701902284562,1.0
0.3392417040912702,0.0025189903890788777,0.005609618182492988,0.6930336271673686,0.7582474966021454,1.0
0.3838723629314841,0.020085145296685026,0.010662701527750222,0.7633896128512294,0.7474346921027527,1.0
0.1720518765019355,0.01853330925239732,0.020861588653900424,0.7513872671885119,0.7599302380486118,1.0
0.32373457623886676,0.019543284890144785,0.009232051629073678,0.6084132884106122,0.7361899360875431,1.0
0.11919579607183155,0.016050218312449616,0.005146962781285254,0.6710728864640475,0.7446206677903261,1.0
0.35915973029823645,0.004359890508017204,0.023195870900079893,0.643277861736595,0.7597711469566336,1.0
0.038316233303132954,0.002403460541291187,0.006498433925189375,0.7179785494581904,0.7523831680930954,1.0
0.18071012491633542,0.0136696856287895,0.015660812095727113,0.7376123466202541,0.738871428806521,1.0
0.39893774330592047,0.008531403608348444,0.005244309258307016,0.625125009110331,0.7421405673994781,1.0
0.376293124513472,0.014490090937308733,0.015407103719309359,0.7596079002544037,0.7303435948419638,1.0
0.006209136421316714,0.014323063285917929,0.02369514302091558,0.757571990406774,0.7541453676858944,1.0
0.3305743837095499,0.01284288079815073,0.017370804730063978,0.6117830678671606,0.7280620678869757,1.0
0.028226417840281574,0.01694110634163583,0.021801140170438032,0.784072472258961,0.7240707383671923,1.0
0.03170990301357152,0.01119220864244803,0.021805020412556237,0.6140622277128911,0.7207292429195593,1.0
0.20695174457723325,0.018449330008828254,0.007548533421451993,0.6249220508159081,0.7427418742019917,1.0
0.2934344253822252,0.021417160845800122,0.020320668132008262,0.7754350732757833,0.7407834423028669,1.0
0.07724675767473954,0.0024694796435059886,0.018119062202493718,0.6103905007516112,0.7556992567655872,1.0
0.3811192865365203,0.007748563110734566,0.014723166184032417,0.7483380730090238,0.7297111594184328,1.0
0.26548957362716386,0.022044386070611384,0.019894065884847698,0.6236261700558148,0.7390133380553324,1.0
0.06291614143141934,0.010287270225093185,0.010680116326716461,0.6237655084524052,0.7404816773385382,1.0
0.23826227639136074,0.004648484043200106,0.019471898472056423,0.6390483246059341,0.755851404031046,1.0
0.2111889678830657,0.007882252466560758,0.009501530515491817,0.6943205558330297,0.7536807814529705,1.0
0.12478320416839908,0.004316237875044032,0.019402808951326147,0.7163997450911976,0.7280406459471024,1.0
0.20997752192064575,0.015047996789409261,0.012186780679267775,0.6878195122604752,0.7272136839349976,1.0
0.06701947303995778,0.017733505787147816,0.02096015709769172,0.7493201928110244,0.7207769115223496,1.0
0.18999340840276643,0.013804204142411108,0.023384441987381006,0.6751211944257405,0.7550009327509581,1.0
0.15165579256590767,0.0021240632326584444,0.019849785821112444,0.6301305514865826,0.7302808006259383,1.0
0.21621310338197045,0.001300413467496945,0.005044704094947942,0.7021321263479794,0.7321982205499677,1.0
0.24736960539786382,0.0059113841419246825,0.01684414299369896,0.6758531901172545,0.7274698487067915,1.0
0.0985599382352788,0.0016413903222791792,0.01116253924072537,0.7803909380363588,0.7532544850353211,1.0
0.23245427933981253,0.013198252018802255,0.021574750783874247,0.6472580203033931,0.7318554995517205,1.0
0.02114364595981136,0.007765789060717632,0.02255827553176014,0.7823975295142962,0.724385413830742,1.0
0.15563281612711746,0.011521222727402839,0.016094390481173546,0.6040517520035492,0.7536896899168465,1.0
0.2630949007414387,0.015199723127607437,0.01555959715661417,0.6668546823428764,0.7259591129671809,1.0
0.022751854386136788,0.01872680520537529,0.013418233989412309,0.682950844832395,0.7330868343390362,1.0
0.07409219634443394,0.004253118161717039,0.008310630030900603,0.7317054965701528,0.7596758127491839,1.0
0.3627188718416577,0.006990256022975707,0.017957998402506004,0.6080997903866735,0.7398261589830476,1.0
0.2168463120029383,0.006113460774958509,0.02156993896535831,0.7940273022476481,0.7383678438276826,1.0
0.31721324099650117,0.0061920148033685705,0.02228900763857571,0.6560401810619995,0.7510332321406096,1.0
0.11891274784859704,0.012472828579707156,0.015498441914086303,0.7700862368972733,0.7598450903055443,1.0
0.11219831246588964,0.00868836151979613,0.014578368156200101,0.6987819486308798,0.7542478025259367,1.0
0.01244637371999156,0.010782967852538539,0.017361476764881777,0.6920791174186047,0.7252258102410281,1.0
0.16760399957624578,0.005035892332669813,0.020126142289419068,0.6642801360284953,0.7435594916227446,1.0
0.3515836962904736,0.0036233210350510208,0.007285260165069203,0.6600639338246032,0.7372485987250333,1.0
0.3064588975461213,0.006273215626849942,0.006695494855444894,0.6827599619768295,0.7509351715255393,1.0
0.29467121510352356,0.012994563587744496,0.019483834034983535,0.7362779070607723,0.7293746652998024,1.0
0.30939068639218065,0.007818094230315471,0.01807946293433863,0.6962960855037597,0.7401263540378008,1.0
0.26815578029562503,0.01961227126012218,0.007828625760517256,0.6732211324432898,0.7219466981936333,1.0
0.3959151061853388,0.011609637428587269,0.012110380372704928,0.6549754153250038,0.7592005057977984,1.0
0.2916548163164086,0.007100799059827577,0.006409790107138383,0.7366553229035883,0.7200652339051946,1.0
0.10389875660098014,0.017041240989537274,0.02039500334701299,0.7448214477635076,0.7209793376587044,1.0
0.3961075175520265,0.006216445423300892,0.01048477144450677,0.762705309916108,0.7264158722022432,1.0
0.3032354191127285,0.0017989542291161793,0.016075241885304525,0.7151754517071766,0.7321377158956718,1.0
0.06928613912344327,0.008830186254376001,0.021973373742946587,0.6381285513211985,0.752854965453107,1.0
0.19824548154004606,0.0026196092425826234,0.018558071701230285,0.7581202978111201,0.7539943419298721,1.0
0.2704462103083368,0.017534831147560437,0.015115165566426588,0.7825473802362253,0.7457503352879785,1.0
0.09800354672048295,0.011679862285438382,0.01959637842127608,0.6405443509125367,0.7284535917304791,1.0
0.1766710924911964,0.00490903223786109,0.01162927763963012,0.6794752296531851,0.7449234102988088,1.0
0.394703079989226,0.015011523316588917,0.018998447215954496,0.6643658339393178,0.75428634381795,1.0
0.0470203564778322,0.02192500378709949,0.022282773536410644,0.6607290269076267,0.7470068286552419,1.0
0.132635641427461,0.007165645531346339,0.00772054890441813,0.7098636164551678,0.7378638676047004,1.0
0.09006608115436478,0.021180129421624824,0.017771823926610832,0.7799201314766674,0.7243708466413102,1.0
0.3405374183644437,0.008114796766011033,0.008902863382719728,0.653004261161124,0.730917349069992,1.0
0.13375562309783598,0.006832392563221813,0.017970245968102757,0.6106064743343769,0.7336145511255892,1.0
0.07446065096599735,0.005749949037577616,0.00901333250825835,0.6001852213462809,0.7389507100732629,1.0
0.11281122565108555,0.022388273628727386,0.023367924227805998,0.6430151616312668,0.7324000972765573,1.0
0.3385433509304012,0.018256887739951457,0.007524828731325644,0.6248897696696704,0.7366692901557618,1.0
0.35342357464272345,0.0033083657682603986,0.016485945759311033,0.6311350394250226,0.7474451724001113,1.0
0.18463387052785948,0.002786279655879107,0.01658508391789091,0.681703334027171,0.7524359500933584,1.0
0.35058439418667275,0.006884558764147874,0.008150352717773719,0.6612960754637159,0.7213966316729098,1.0
0.26574646538340213,0.004059084038966735,0.007227299455731759,0.6264770582508701,0.7231020669704586,1.0
0.37792547062112863,0.0020010647621689047,0.020201435630870807,0.7474303493434395,0.7598763769844016,1.0
0.11777605171771441,0.010741265597411285,0.02213150354298381,0.7457187285075798,0.7388649525587001,1.0
0.2921712178010066,0.019372327662907217,0.012999024621349817,0.7337170891641969,0.7360084808470639,1.0
0.21233960008219088,0.017678105001478973,0.02455011968257862,0.6888732325276464,0.7336926002499042,1.0
0.05788618240319675,0.0073841828630810385,0.006728948265376125,0.6855788526358494,0.726694290772442,1.0
0.3184632110096845,0.006287444487666424,0.01723789242684138,0.7802362838497227,0.7426771674811818,1.0
0.14118264661655197,0.01369293795445742,0.01513222279519707,0.6297239672553807,0.7378718537876228,1.0
0.11059642221074112,0.014167578579806816,0.006403201989704197,0.6673214067131034,0.752171073311103,1.0
0.2440448557512159,0.009815638844771706,0.011329202848304935,0.7832263375820054,0.7337304687232153,1.0
0.36417401967790686,0.017037803652620018,0.018635994273963948,0.6099069884133751,0.725248198428631,1.0
0.0877259704278728,0.00585121669105272,0.020582770306872215,0.6571849897673885,0.7228634920860766,1.0
0.18005530496188868,0.014268264420219888,0.02237770466783606,0.6221608790065278,0.7278669130515318,1.0
0.14882280308558016,0.011374555201778134,0.02348249297968431,0.7089783307729375,0.736604824424483,1.0
0.030760189610316842,0.021040439139980195,0.015033236841309661,0.7007512675534276,0.7568785733681284,1.0
0.17817080075940878,0.006858504730519778,0.018176335336348416,0.7139290181959523,0.7285738174779113,1.0
0.259414308647973,0.009542678510440626,0.0050880184380710115,0.6893162300352376,0.72024232468521,1.0
0.17509091147992947,0.0027612775099845454,0.010513308675743325,0.7310982737117937,0.7323446137043768,1.0
0.36693930339641756,0.013584162948588758,0.02433894277269861,0.7736034588865045,0.7327559407536195,1.0
0.05904855468155921,0.01571785562414293,0.014821636529891609,0.6033651878505649,0.7309691928956148,1.0
0.12975343660994987,0.004901270788980974,0.008750628931444166,0.6958426529283898,0.7537059696268213,1.0
0.17755654297742085,0.005487627993894652,0.005921298002043822,0.6925260638965463,0.7525910139407277,1.0
0.16639730321276386,0.013786107446228405,0.013724930418924353,0.7158032219580356,0.7407002097757419,1.0
0.20554499319558397,0.021223136460602508,0.013560563631633724,0.6031832606079421,0.7294549414163594,1.0
0.21852588149602148,0.012876272970209149,0.019291041965401642,0.6549296285235056,0.7465961471616591,1.0
0.1674558972852264,0.009646635631645924,0.008578495713128995,0.6827974752510747,0.7514726516682805,1.0
0.23947721057059634,0.007436462382117423,0.018645794373194628,0.7480292417392008,0.7332885111512265,1.0
0.03410985369464433,0.0012312049284005488,0.007459415452641052,0.6312016695655019,0.7551571613179089,1.0
0.11359801832830077,0.010225114993716615,0.012896817854012645,0.6602923335976034,0.7255159832964786,1.0
0.05895873909796387,0.017671625732462497,0.009033760265609073,0.7462742614266623,0.7522234442278187,1.0
0.03926457847376161,0.021415814569053684,0.014260936135051614,0.7260470989945977,0.7209304176048706,1.0
0.20463207355095758,0.020053693737872184,0.010428788351287526,0.7550382639717439,0.746488517130348,1.0
0.12088319325283864,0.0061140767834303245,0.01385055175146571,0.7270668486095169,0.7373367902203403,1.0
0.2798721134501688,0.013566128536297031,0.015386278148313838,0.7108839194891957,0.7288760258517529,1.0
0.15806271153781348,0.008814558124195421,0.00799468416533541,0.7193674669100893,0.7441065764218603,1.0
0.34464077246188596,0.019177344822381707,0.007181086129648627,0.7390076775619837,0.7357533902474008,1.0
0.0938843337254377,0.007031270416411522,0.01384212589111455,0.6537430297361326,0.7476797346554606,1.0
0.09224713976556838,0.011887042493961095,0.022775755327300768,0.7584791293700106,0.7399531569770729,1.0
0.07605515355749848,0.01988523185951825,0.01920333880997393,0.7144326606294917,0.7551773858381468,1.0
0.274583267970817,0.005659314716884487,0.00741154882031974,0.6931217020013867,0.7354957171905742,1.0
0.13297192096696747,0.01852039856961805,0.019976540009366894,0.7335847740117073,0.7568160189184023,1.0
0.15892011846323195,0.004460369607002451,0.010515241509901383,0.7759552912121742,0.7389752853164547,1.0
0.0903642617574576,0.011426645380237722,0.019333307409290578,0.6573384050914151,0.7503086608325061,1.0
0.3160872122031832,0.006394557020810614,0.017620562894660907,0.6307470558977684,0.7345518792865855,1.0
0.2545090123040747,0.005039005594756722,0.022166853441850584,0.6106701964690363,0.743808627540666,1.0
0.2149443690778857,0.018214444129127545,0.016903619463782042,0.7566176629845985,0.7462237654142115,1.0
0.09498540467912171,0.016949149641817728,0.009758197733286615,0.7961280550285177,0.7291114876384481,1.0
0.34417588259112636,0.006224196032200611,0.01221805586982566,0.7429280322358054,0.7263499432077906,1.0
0.1971115771903145,0.006239480216003627,0.009713159111380671,0.6018477842837026,0.734817983647918,1.0
0.017306545276534812,0.014356513331593764,0.01753310364006708,0.6141600943547317,0.7326816625163781,1.0
0.2349559919566085,0.00985745656625774,0.014302038569281918,0.6416559988871611,0.7524752600283171,1.0
0.36471229668876726,0.005814589421384442,0.011214805355529139,0.6321245549619073,0.7322880453452925,1.0
0.25507676614053104,0.005077397203284679,0.023387938487354872,0.620619894017062,0.7202751204413733,1.0
0.28298907406758966,0.008640237212653966,0.016909994118202362,0.6447088201678467,0.726735585945815,1.0
0.14450919273977955,0.014227446086508779,0.00936298369122063,0.7325855401121237,0.7506744608121125,1.0
0.022324021950076812,0.010451128568978781,0.02048048171984874,0.7301559671148286,0.7480752688165837,1.0
0.09780349037496261,0.012433245130619103,0.009087313874983937,0.7452457393970132,0.727878658238379,1.0
0.20508518743758714,0.01146426358408514,0.017016987528140588,0.6874889200999834,0.7567789323404036,1.0
0.3522498132384722,0.014534606285173906,0.01770015831721613,0.7218397367431898,0.7373953661768582,1.0
0.2388411405423038,0.0015489344984766817,0.0051491286284760605,0.7703283652593498,0.7218569617911048,1.0
0.24792016636510983,0.005260681436882365,0.022914616765302966,0.638019154349675,0.755380599494667,1.0
0.10009346664205661,0.004240999574936011,0.011324654203724702,0.6795901132540549,0.7298313870599569,1.0
0.09571267281463451,0.018858648780131423,0.008182354941809456,0.7960489250551895,0.7290209383313234,1.0
0.22563280637332309,0.0035861428758560063,0.021336401349582028,0.654937106536166,0.7419707960640666,1.0
0.2430430576686851,0.0021929487102727656,0.008372375236631358,0.6322384485846728,0.7320820503766341,1.0
0.3691589217058444,0.012028520685992965,0.01747150295405369,0.6714976350796241,0.7310498456413564,1.0
0.12125757505975927,0.008388387403189932,0.014055017485417143,0.7011467374368712,0.7593725604712735,1.0
0.19775058512864563,0.004214502399020787,0.011999984654159452,0.7434621437412808,0.726978485750423,1.0
0.16959690430936286,0.0021089602046961693,0.023661504829568893,0.6827206280585773,0.7513570614300467,1.0
0.3752573270236199,0.007245112190221295,0.013244612993753938,0.7517728480518573,0.7337466926112343,1.0
0.39795515349861826,0.012945712302342566,0.01878760907340296,0.728692446830722,0.7531169658862629,1.0
0.22748617232577228,0.0073329556117775856,0.005456004951499389,0.7228806502128641,0.7530187533306247,1.0
0.0700589254938914,0.007193764568116279,0.015199778590237292,0.7673362437955333,0.7268701258427368,1.0
0.3025806025104655,0.021125021687198698,0.007334073833577188,0.7852783268329115,0.7440587014069792,1.0
0.026241010279579407,0.011882185346272793,0.017452593481615875,0.6613667679745681,0.7372660083240501,1.0
0.22325643621032706,0.0019000227962470185,0.013789635331577848,0.6427636309584461,0.756667803123414,1.0
0.12336052405906729,0.004766486040897763,0.009390083018966862,0.6955504510705908,0.7549802239645271,1.0
0.02687986437754257,0.001857540458332596,0.00954781891245697,0.7685542555218858,0.7448592223014058,1.0
0.13099298907014365,0.020982646208493026,0.011623564899242649,0.7669888825305894,0.7558361407190354,1.0
0.35824426144489335,0.006951270678907512,0.018168668523665516,0.6175927497048772,0.7389573685636958,1.0
0.02979149478258814,0.0010800984236688457,0.011495042328816167,0.7179061189073526,0.7382092139060463,1.0
0.3965240121566192,0.02119978835956307,0.007513066136749937,0.683021485333699,0.7459538773597444,1.0
0.14971700118924872,0.017045058973809972,0.007483000258213566,0.6663625250515409,0.7486573270302362,1.0
0.3356980348703537,0.002007425987343834,0.00848783435646097,0.6096989164543932,0.7276845689699685,1.0
0.2041630691631522,0.01235875950471749,0.018157835628119897,0.6769824894402087,0.7201283076274073,1.0
0.02644497966042547,0.019622664262581493,0.005453079754158747,0.7060950246513266,0.7557967152954208,1.0
0.24532461488485235,0.01565463323925422,0.00744817695460934,0.7349854201621119,0.7552141952805126,1.0
0.1800055397465471,0.008406854311067257,0.020066192311926342,0.7085748576190629,0.7302921861782012,1.0
0.07224096873413376,0.010872306287032268,0.008402488112313002,0.6039437888022972,0.7220835509987876,1.0
0.033819729758253626,0.0025733848474906304,0.014023768910670649,0.6490200564670066,0.7585077540869,1.0
0.1648735832251505,0.010647727667449572,0.012502273061511405,0.6075732233286256,0.7317138735701884,1.0
0.04543628035597349,0.013058523818132337,0.006975297154271245,0.6205862647590527,0.739220548592774,1.0
0.059365740127285904,0.0010956540333905546,0.008859488835356878,0.6471784508364081,0.7520099377443547,1.0
0.16534803700774806,0.009708074619771023,0.019249625675197335,0.7253844031409378,0.7273656074677364,1.0
0.17785669680874508,0.013143809807999403,0.007774152063176185,0.6586546986816889,0.732237719857223,1.0
0.18700070018525747,0.015040867062874377,0.015187797672319847,0.6402913124494688,0.724117561881896,1.0
0.19432534967352535,0.0023359924588783596,0.01016242999299116,0.760806755676831,0.750069052990942,1.0
0.24282469127066839,0.010092477588698181,0.013532699951089014,0.6388000088985888,0.7460319584607152,1.0
0.06617144251439018,0.020041752780975558,0.012369364066211941,0.6099477531042137,0.7331152368311913,1.0
0.3671978514154049,0.01154356597108212,0.02412679880146836,0.7750483618423952,0.753009228683969,1.0
0.15584078780668528,0.017264082226244187,0.016546780061522985,0.7439368003480613,0.7271114443032309,1.0
0.3832490115066978,0.007507261431200735,0.024723226479112542,0.6756752029610742,0.7279889398808413,1.0
0.3150599557488302,0.012928746108096219,0.011142625873240577,0.7216900739587516,0.7332840475136402,1.0
0.345752329672471,0.01536557925247204,0.02024803679409433,0.7166987102939153,0.7596559219554249,1.0
0.10860500848393183,0.0029900171828741566,0.01608039004141421,0.7226718472816736,0.7490384629159528,1.0
0.009841436736685744,0.014592935047398878,0.024973909850407653,0.6589098707579985,0.7273573780987608,1.0
0.17303911253693366,0.00639462797248014,0.011939200507350598,0.7276413477158725,0.7338011194737045,1.0
0.020812348805709258,0.020735763784891698,0.013137719198297074,0.6656287032069589,0.7234593678498153,1.0
0.3462108553541832,0.0018847938011266065,0.00790544934732071,0.6292779657772415,0.7440909942139117,1.0
0.1779185049908763,0.008391838636167789,0.020316813711933827,0.7485138123511303,0.7298702455710884,1.0
0.14633496280406577,0.01767547293287257,0.018901267798299565,0.733170741271241,0.7531771424065281,1.0
0.1391750715604565,0.0019102981880972838,0.022374915516070668,0.7164859469844357,0.7319248916753477,1.0
0.2907467537491716,0.017097856670304813,0.01832357304230045,0.6407561941893459,0.7565286423403442,1.0
0.2648137478156683,0.01499529435356843,0.023087154001832824,0.7856614266194248,0.7438254967204095,1.0
0.1486749219259694,0.018610195083235533,0.017892106796686673,0.6154532060507307,0.7256874405206011,1.0
0.35437676850127786,0.02146439764699558,0.013557019346566475,0.7568121815281414,0.7531290010925729,1.0
0.06240839593472118,0.022436066775242215,0.005604384075026998,0.7194671837422886,0.7460084909672684,1.0
0.10597295886779044,0.01651395375242529,0.00932799126562531,0.7658076511503366,0.7287646669633854,1.0
0.3144483269044205,0.005062333634937058,0.009759729752652055,0.7558207477468734,0.7234399588653981,1.0
0.1849347079450165,0.020998911468012565,0.01623755669786021,0.6775355696416451,0.7591348088888991,1.0
0.1763253146065554,0.009850352813086055,0.011243601452135925,0.6651389619475169,0.74751348239718,1.0
0.274317606630296,0.005325896709706265,0.012684160064089858,0.6293077945120664,0.7421100417628987,1.0
0.14508895254226406,0.0045134564171156535,0.00953011163862351,0.7636225837051145,0.7307059494023941,1.0
0.1358237656884534,0.005057749918373694,0.01954617119254862,0.6937090058950414,0.7212510900509922,1.0
0.06336261080348243,0.008598249993741465,0.012695892699914146,0.6978859798516827,0.7514177608933669,1.0
0.3733264602777495,0.01488877339436474,0.024012977582978712,0.7634779074832971,0.7571135287233287,1.0
0.14613704823648407,0.01052265235694248,0.01816064620768226,0.6853863719532672,0.7492669113387116,1.0
0.33284472634903106,0.005390055752303089,0.023878952190494452,0.6311091599874535,0.7251665678440959,1.0
0.3283872219426907,0.016883327527446815,0.024210609278094094,0.6541079257370832,0.7530659495596115,1.0
0.2172724570998896,0.010580400638578567,0.005117000453472144,0.7148924387078316,0.7499002355105581,1.0
0.3730040654477498,0.012403590097497832,0.008564920063021871,0.7291895141833771,0.7276769083406137,1.0
0.2756995207556007,0.0033799399910681314,0.007124348967528706,0.7479887126363627,0.7222080893283228,1.0
0.31947875966589195,0.0040399587036719685,0.015367612945539377,0.6193250981937884,0.7453028487914395,1.0
0.3780699382474852,0.005466210810446005,0.018657893118972903,0.625658284875422,0.728383857933071,1.0
0.2313729758298989,0.022475559668421182,0.0055185245618188826,0.6000628839288173,0.7340146837885979,1.0
0.3541157082589595,0.02062052477549199,0.022610499527186377,0.6286357500972095,0.7364841934072429,1.0
0.12848137177477537,0.015259617612976851,0.00974285726382184,0.6646838515921616,0.7544171859739394,1.0
0.3859080143195209,0.007584580560142208,0.005470562196465547,0.6509801807605141,0.726848197689737,1.0
0.049522846199504714,0.014460050860776308,0.022497981411129894,0.6725037763607471,0.7267397087722162,1.0
0.3154568944729977,0.013716984992711304,0.007022864266552063,0.7074374308654067,0.7387234152582237,1.0
0.0485134354410627,0.022093906615835907,0.008520866397865113,0.6385485781581491,0.7258233076840894,1.0
0.18024948192066667,0.006365479413570953,0.013588467660430564,0.7347043702123436,0.7312680212599452,1.0
0.1260067636851938,0.0052608491626913445,0.02409135693745629,0.7621121220236359,0.7337255049937386,1.0
0.20993162841575103,0.00845517871261285,0.021792231790784287,0.7504330133728881,0.7319149937057242,1.0
0.1509091382903199,0.0010226174100483449,0.02423631482800559,0.7099258152145673,0.7439373040666313,1.0
0.2225033770236641,0.007236028662632259,0.024431522498161124,0.724333682503057,0.7468368544221584,1.0
0.11870525319385912,0.002383503116760981,0.012004603931357724,0.6352194858536784,0.7464835307302805,1.0
0.12458816900703266,0.008156976446402,0.018407290076580235,0.6298542868482473,0.757177497067108,1.0
0.04497378114107599,0.004755706105793792,0.023654921520149162,0.649423857673804,0.7464907521532514,1.0
0.0816701684777672,0.019903621706349517,0.007960664402051237,0.6037501173472558,0.740049327581051,1.0
0.13376646293917177,0.003755488818882776,0.024644616591312757,0.7353477258978827,0.7540276252779262,1.0
0.2808056982257301,0.009268127443314785,0.011486799864072788,0.7433917191788948,0.7486685203270892,1.0
0.22962062805008732,0.007334353774434981,0.01479057598660955,0.7227427633451838,0.7370691919830765,1.0
0.2359222188252559,0.0012028681439944869,0.01639679776464017,0.7267207571883723,0.7566104500617629,1.0
0.23191472541218655,0.011212445190359039,0.015633128569377708,0.6134608141337993,0.7558913467013241,1.0
0.22148354588783992,0.012965943588000328,0.006151120718879091,0.7195901026239514,0.7371660715951664,1.0
0.023614342055251092,0.01628408517868403,0.010737876476646278,0.7303410660906217,0.7450850390124849,1.0
0.1789786763604254,0.018966115069646475,0.01711183287189548,0.6137476603956823,0.7377163532528331,1.0
0.25845004317009496,0.014213124737848106,0.005207962030202811,0.7215391018836926,0.7493939861593975,1.0
0.02829542930403466,0.007528655967862182,0.013425471211030477,0.6359543415589823,0.7368293548466004,1.0
0.049720826787785374,0.015376937401133517,0.0102514492232031,0.7422811694959145,0.7219243411206667,1.0
0.1596222221168019,0.018134884926182503,0.020679031604111237,0.6751119284915016,0.7449085605635085,1.0
0.234260700291266,0.0027471909198717327,0.013692085682372202,0.6365455363076218,0.7553352472836609,1.0
0.23835563071182628,0.008748209997095224,0.010774820704796058,0.6405839566123067,0.7564748633066808,1.0
0.0576381520502572,0.01705458484027366,0.013370615540733065,0.603079330992114,0.7411346928150488,1.0
0.0879240536719699,0.015964880670618,0.010142840742823922,0.7783776403683633,0.7462867903369668,1.0
0.24799986764042273,0.01968026620697334,0.012233693500443003,0.709828115377116,0.7406356160177733,1.0
0.07014158640040234,0.013428306408513885,0.020088623884539608,0.6740099521067321,0.754703260984639,1.0
0.07345696015888686,0.013557039641208182,0.01341136020074625,0.6030380209364009,0.7227935436997401,1.0
0.30888533400967016,0.020178849594725587,0.01591281748028445,0.6211130925028246,0.7413767580896738,1.0
0.30104366350342293,0.007258610519493561,0.007477812185767156,0.7801363399524487,0.7541635498652884,1.0
0.3303514234807029,0.003090071712376199,0.006265672668040741,0.751720179429252,0.7414524248769984,1.0
0.36202556741052866,0.019045026799456705,0.006152469430941132,0.7232174483882345,0.7508906961282983,1.0
0.3932871721350944,0.015750021349922285,0.0070828602539405065,0.6396596023999906,0.7530498248479784,1.0
0.04384401041459393,0.0031570803336685403,0.020267741082865668,0.6128708563433078,0.7227424046425939,1.0
0.3211776758657881,0.019953608797084216,0.018010268042655073,0.6645072843877717,0.7562525276133116,1.0
0.11382678158466548,0.02005760901264458,0.018616451849864157,0.7791344169418486,0.7262360515701589,1.0
0.2470331518966292,0.015362753448008692,0.02328121160652903,0.6761505949389257,0.7487829997878345,1.0
0.3161623239520543,0.020284270024416105,0.018601217108601895,0.6135279109006129,0.7273256138339912,1.0
0.38761693698400435,0.02179938624451479,0.005735988008002359,0.6764896335898837,0.7503869081595198,1.0
0.038934017455233616,0.014104011072424658,0.007857392370817149,0.6986418665735586,0.7295874280336448,1.0
0.03660767308301078,0.020584198419193026,0.019892919284030683,0.7863647963545901,0.7387995972933421,1.0
0.14657088053832776,0.014250602565119935,0.012031187739426671,0.7492546467964013,0.7520526930486345,1.0
0.10090636744688453,0.01233097405978607,0.009468892334596777,0.6075111646840682,0.7483130121667935,1.0
0.29095127542346805,0.0028838925952405477,0.02491052358123884,0.7988697133894065,0.7385999930201405,1.0
0.10120957954319494,0.016857672466300884,0.022584517136271316,0.7629332532161557,0.7524709631296463,1.0
0.32889602937261525,0.01585015347995796,0.007649027962884088,0.622836880812904,0.7508768854373856,1.0
0.2101535662905941,0.020506128503249805,0.01819180713742437,0.6792293490176601,0.7365572723270474,1.0
0.30530873745110765,0.013133596099406168,0.015175217644383595,0.7453801405308363,0.7482105819962814,1.0
0.029707955579531292,0.017231470839762543,0.0152752090190338,0.6149386240066304,0.7471604011267808,1.0
0.21183273197015037,0.0180666780194699,0.01100496217258603,0.6403814437062872,0.7340293580697311,1.0
0.2798937729488567,0.019178678664381894,0.01941836380157353,0.6347975118139203,0.7346486833920103,1.0
0.2762560588254303,0.006335695381663223,0.015507738657036935,0.7583659686389369,0.7468375709968647,1.0
0.13648236649345463,0.015047332161965183,0.015989354986798883,0.6192786974940089,0.7549596635709418,1.0
0.19197760021299884,0.00526644573759364,0.012539876379410746,0.6665649724630198,0.730829427313177,1.0
0.18759876731071143,0.020117750234265343,0.02382687954094322,0.6438946858456182,0.7240042171506884,1.0
0.39797025443725054,0.019567401501864312,0.005473948042374694,0.6502527101412932,0.7217336910816505,1.0
0.23465575563546495,0.012044948635091656,0.01608899763993055,0.6504902517393182,0.7440655347655545,1.0
0.26017463096848165,0.01679032734884486,0.018460525274236545,0.6664235036624441,0.7530505166051017,1.0
0.05567744255508976,0.005195600741573773,0.017742168263564773,0.6578832267112052,0.7247773176578495,1.0
0.07041878631345826,0.011272504496595217,0.017147709068589947,0.635280454970883,0.7484998644145289,1.0
0.12806546466561455,0.005805220353093312,0.02070412271886382,0.7919627665873754,0.7396999939471237,1.0
0.10792487998806298,0.0043980812590551895,0.02185524569704036,0.616970797486641,0.7586590496275354,1.0
0.2095072158942945,0.019218038382012515,0.005550952425829123,0.7554305498814019,0.7246641618227406,1.0
0.21402460659895545,0.0023142821507419736,0.021664900776026487,0.6054628234142503,0.7255348277157441,1.0
0.18862409392386695,0.019949857143628923,0.01770858545582167,0.7247057508740816,0.7316894042452806,1.0
0.38466309440418966,0.0032531503165829957,0.015580212001471352,0.654513718166956,0.7305656265432582,1.0
0.3201839762856532,0.01770935888087249,0.02237603378387107,0.6585805475824734,0.7386300552686029,1.0
0.3000087611388644,0.0075003769110590845,0.01622987066540373,0.6338600564038901,0.7527759802853732,1.0
0.3515939013274174,0.0019876454377945408,0.024849174195500274,0.6495558828879389,0.732377347441894,1.0
0.11067541585478029,0.012882219156228402,0.009796210886075591,0.678754262280081,0.7462242632977286,1.0
0.2786328926054174,0.013777941162927448,0.007954571250821375,0.7632231203082566,0.7214909955197215,1.0
0.02753827218812467,0.015349722975065944,0.01236742165187029,0.7304096966409733,0.7338812383721436,1.0
0.18589459901564145,0.001979984053852209,0.013604530526920072,0.7282128726230406,0.7418420898430174,1.0
0.2688821143462658,0.007640549230678109,0.005288696055580442,0.6311191114168491,0.7399023862926624,1.0
0.2792812904326526,0.006174049724663935,0.020455923369503373,0.6572954362787959,0.7448345483033766,1.0
0.1572946708142808,0.0020063062490326146,0.015708910421177617,0.7990818123089001,0.7587596746550765,1.0
0.3035001212225797,0.008416464384131418,0.008205449603661829,0.7331829401204987,0.7400347491810707,1.0
0.33182010158302583,0.008235689031579596,0.01834189519111326,0.6732382933925251,0.7217089558632171,1.0
0.3802636129656332,0.011390143364900965,0.007164608736737363,0.7375653658752452,0.7585351739887408,1.0
0.23092453093421478,0.00909003600349342,0.01661355337018481,0.76318621243985,0.7544494936807382,1.0
0.1849131694844864,0.003555446775759944,0.016383468534775528,0.631285765606673,0.7224383333559142,1.0
0.26387251276841805,0.019364167087737447,0.020656711079086072,0.7714481025513097,0.7504027508328356,1.0
0.009004339810576354,0.014461199703898024,0.007409636082782354,0.6117334264665082,0.7262564860842262,1.0
0.29882051027450846,0.021398606711912065,0.02457952517300821,0.7786567972747964,0.72531704203908,1.0
0.33626166824151493,0.019728345986983493,0.008033712342329828,0.6233583655546635,0.7569523551833632,1.0
0.15060558376182748,0.010803674264122294,0.007488850556591289,0.6041268576065094,0.7597636187906847,1.0
0.36537348209350173,0.007118105989350547,0.00940203145490878,0.6851733116350853,0.7381327747591203,1.0
0.312804979461134,0.02242834132005337,0.015573817402041787,0.6776517390024902,0.7357100757288482,1.0
0.11013391825378464,0.01179585495564457,0.013636960022693947,0.7090069491486221,0.7539626259454962,1.0
0.015927351457993223,0.0018218470735789259,0.007683376106137168,0.7140965969608806,0.752327392401517,1.0
0.25586971478011367,0.009667579927694209,0.008090294163122949,0.6802836678886958,0.7332966053563114,1.0
0.19725415407718985,0.005863211849022369,0.010776021336315597,0.6272940329085378,0.7567434179627652,1.0
0.01007426817957822,0.004934262070827678,0.021217480358212516,0.7046933573262163,0.7450337314950795,1.0
0.03212780429192217,0.019407400493581615,0.008837885442508148,0.6066118401090229,0.7429081654373277,1.0
0.04282593148463452,0.018208106176874288,0.01483219178635991,0.6483016904494286,0.7339450569343807,1.0
0.03120988717885773,0.003504333242564013,0.01732524069981139,0.7213943468934215,0.7588984873814149,1.0
0.030705662735118766,0.012557054849266999,0.017766936235235807,0.6279205571572498,0.7421144789414078,1.0
0.33866837286302204,0.01895597215935234,0.013592581919968837,0.7933486381025608,0.7591909549779897,1.0
0.15024695290882473,0.013906911606002858,0.006696756191628888,0.6765311007628274,0.7304468833606637,1.0
0.16757640001843085,0.017397423458771516,0.012734107270243475,0.626362414083767,0.754526061206434,1.0
0.02709664521990776,0.00883426472678643,0.01873796511037473,0.6683408590581551,0.722652512704839,1.0
0.10176743930111412,0.0011165256960912562,0.015696038263608037,0.6233291829488372,0.7314998515518666,1.0
0.291420697085076,0.006664295977404484,0.01158387342130468,0.649381847625493,0.7582755440126477,1.0
0.07735633843530214,0.010568258860377938,0.008786127184011384,0.6313416912571216,0.7238351815080434,1.0
0.24677249068624896,0.014978502175376274,0.020466000160187927,0.6652716025585151,0.7567369493444769,1.0
0.3228598924895688,0.01650068652227429,0.012169112908651237,0.656606497612527,0.7369006827831606,1.0
0.1832557981185491,0.0019275311365476566,0.00507891920054389,0.7862997878949386,0.7475734744235157,1.0
0.13973530557210784,0.013266567315729094,0.022831515526766634,0.730476026788773,0.7440992799181402,1.0
0.14155032710708892,0.0160187629493168,0.024619618820316286,0.6849515387041181,0.735688208160568,1.0
0.17308986737964,0.02229843262742264,0.019135565150186815,0.6718368898421183,0.7348600949530689,1.0
0.01950131409427763,0.012348052643456875,0.021227619030455294,0.7321135586415022,0.7279368338704616,1.0
0.28918614950115196,0.006644593136453437,0.017457493137138704,0.7221898066243873,0.7535915049542473,1.0
0.08196120928205149,0.011448344331007812,0.005882902977846141,0.6831188395203414,0.7515287616799889,1.0
0.18667975108992732,0.022280038517722558,0.015118400268497287,0.6996647648244181,0.7423517433489667,1.0
0.06312973366094798,0.01556312452597483,0.012915336198115404,0.6579813256430952,0.7212556647967959,1.0
0.017769902008708933,0.017124637167791366,0.01263977117997162,0.7197375621009301,0.7299071200276065,1.0
0.21568826032980423,0.015955780441514085,0.00890986589890293,0.6872717894865128,0.7377861988116559,1.0
0.22819453126959177,0.004137617265806564,0.015194983466371602,0.6226863022731999,0.7394216963542055,1.0
0.18363728537220633,0.010325611228028244,0.023158662456371857,0.6979871199912926,0.7527399561550749,1.0
0.14407270388053225,0.002614421683613605,0.013414955896429872,0.7337399774149862,0.7535266813643758,1.0
0.25782870448926604,0.004811242168764385,0.005744120764668788,0.7583376290354632,0.7266815282976514,1.0
0.37533711675810516,0.021715709327272296,0.017325145832049894,0.6757274545374586,0.7533295816385621,1.0
0.17460996933472436,0.008675871928512937,0.023253999814833632,0.7839554830724548,0.7460354370529466,1.0
0.1954661519150295,0.00627455987381722,0.022698313263689637,0.6276805598032403,0.7221724110344283,1.0
0.18404799961242038,0.019024845083466316,0.006492592623386235,0.7602152265215685,0.7214933901137663,1.0
0.18721972193375674,0.005757762728134014,0.016874374140130613,0.6051633988422941,0.7214155816945191,1.0
0.0880152391844631,0.01511296815870577,0.01999844323001517,0.6118662331449934,0.7507901581785695,1.0
0.15887065348890056,0.002862742634349309,0.021772599667297055,0.7121457572651528,0.7401866111138868,1.0
0.13712977517656497,0.020151754659248962,0.019393757621292085,0.7857056271704478,0.7563120821104984,1.0
0.05701231705467724,0.018114352429969293,0.021089887098950065,0.7288747056356973,0.7311544383295281,1.0
0.08574674446663279,0.011740870634706437,0.015429742256383725,0.6323658689672077,0.7489011528933296,1.0
0.2787736226444508,0.019245233170248694,0.01198792850164799,0.7418841617198401,0.726270960325914,1.0
0.38105252092852376,0.004282914410245203,0.018837189479446643,0.7011662193113052,0.7412599732732952,1.0
0.19805249723789273,0.01390701742838091,0.009618020388227544,0.675701319297726,0.7546096140028601,1.0
0.24104222806878778,0.004962171838050139,0.02193079195846744,0.71580879077071,0.7361219513068108,1.0
0.1775536561799056,0.02158866500731746,0.015184185794872412,0.6938979063399721,0.7498509525400123,1.0
0.17383246020291365,0.00824437622878981,0.008018395106587828,0.7427618428405302,0.7549212365553449,1.0
0.352917160524923,0.010713351752416845,0.010681323844063926,0.7275847499201648,0.7581881964762412,1.0
0.20046518182811185,0.015809384352039137,0.02045075824908794,0.7838538522656142,0.7505286301588862,1.0
0.11307457479386623,0.011747455791686212,0.011563558892109436,0.7885529185375628,0.7403186337379984,1.0
0.14253750617117086,0.014747250291269406,0.015401025572418956,0.6258097845796513,0.7547683124332197,1.0
0.17586847983347093,0.00542184171826695,0.016067964152357783,0.7404110124857166,0.7552466128250376,1.0
0.38946610433125445,0.01613208145343767,0.010685973688230347,0.6408949510027933,0.7318435167461839,1.0
0.12009911841240041,0.010950654392980567,0.019114761084844653,0.7743979727447772,0.7463428464938442,1.0
0.07346408453690247,0.01986426829535948,0.010514383672362213,0.6256756328113031,0.7590497716136267,1.0
0.05897752818080071,0.01445944935218841,0.011377262989921906,0.6266698410360987,0.7440448446886351,1.0
0.31831335781182685,0.004343520921763856,0.016137341358798844,0.7627356741362922,0.7264434804569674,1.0
0.00595250198551266,0.012279634362498694,0.008893633937239019,0.7448485151453799,0.7584885542247043,1.0
0.2613933196465954,0.005554440921357994,0.00536013717959408,0.751710838842917,0.7373601870660357,1.0
0.2160429234466452,0.0043858816829772055,0.013995488835945558,0.6405783589612033,0.755121170907463,1.0
0.13978932783860792,0.012348136940353518,0.01838960376426057,0.756571543329085,0.7232058883948217,1.0
0.05020881538210648,0.009492420668710103,0.014334132201641842,0.6272923260427696,0.7364461255159842,1.0
0.04809053565260724,0.02070818914420828,0.016982918551754152,0.6777071060912564,0.7402762873388883,1.0
0.34246075749961424,0.013362823393722828,0.01489791628787087,0.7821770806191196,0.7535191879293627,1.0
0.09411563567157845,0.00429214689656967,0.018801930394254953,0.6937284512682792,0.7473485085182737,1.0
0.12164883540117662,0.007119984312140387,0.014816631325163674,0.6547098627052995,0.746691811040648,1.0
0.19145538369103154,0.01656169496037083,0.015208751381415524,0.7425743443934019,0.728998729911829,1.0
0.28747398926552203,0.006732022701557319,0.0161194198208035,0.7710623335748804,0.7299809058788975,1.0
0.3818168532730204,0.019624201274787645,0.013030401653605524,0.7214415465976277,0.7596708053701081,1.0
0.050435902959994804,0.0019767612277433594,0.020806290194880568,0.6847256650803693,0.7298725156251678,1.0
0.3041622822858487,0.011002817716127326,0.02236998985051753,0.7469851177555399,0.758960566017817,1.0
0.10554614865547361,0.015169773505254894,0.005410860690562878,0.7982213448859197,0.7304402443521039,1.0
0.3404156803738283,0.004449990248651386,0.021957586856209584,0.6024491331581645,0.7376790855234163,1.0
0.15276583173720068,0.013607272045460743,0.02329684697405264,0.6653978228600578,0.743170395486657,1.0
0.3103331810650444,0.001875765193318164,0.023855815282553247,0.6093293808517225,0.7435503389749731,1.0
0.3156241411274149,0.004191525614753019,0.008587407841254075,0.7504213865476721,0.725980190096465,1.0
0.2940009956333181,0.015001701468827644,0.009212083722261904,0.6607920517372171,0.7587589961296416,1.0
0.022560703192370312,0.0057210753385261515,0.011848701793236754,0.7998978808589172,0.7321076618990767,1.0
0.20760402313435772,0.0027975157769405067,0.010481351973914437,0.7984766352187879,0.7481855407572062,1.0
0.18223125384375943,0.00469020652152026,0.007458893128042425,0.7174130826697604,0.7402262355856086,1.0
0.3574609601515846,0.006303659934780731,0.023459839733107942,0.7035983545108191,0.7303533967274046,1.0
0.01903431762146389,0.013029451615668652,0.019432430700599333,0.6559955374312286,0.7545396767025287,1.0
0.336750341679037,0.0026887167223978306,0.008198551837368626,0.6761969167803816,0.7541622205119272,1.0
0.3507981047187254,0.005939227822175065,0.014050167971890576,0.6705468808520676,0.7247250490645809,1.0
0.17808042484712433,0.01584212211915818,0.01650535353328062,0.7003431833704415,0.744663104942274,1.0
0.2812283883991733,0.012448321708287254,0.017903719213319527,0.7212788561018043,0.7373248482994526,1.0
0.18021007106484463,0.017288709124246113,0.02437824967044571,0.7919730714994458,0.7528294314569992,1.0
0.30098613528794255,0.004828038348037419,0.014580369146278452,0.6514609529982729,0.7201397992443739,1.0
0.34622018193147736,0.012044520297103426,0.010083045762380137,0.7385950420398474,0.737392043381997,1.0
0.399809653521475,0.008505276061032206,0.009888060869560955,0.6534764977589517,0.7237338498272269,1.0
0.011882895823179177,0.003459504484127425,0.010433914945453407,0.6319725551818961,0.749286363980029,1.0
0.34706767148468726,0.005753961829785486,0.007171812339431354,0.6020213288862517,0.7486082001728859,1.0
0.20625194902942104,0.003399745003451348,0.024705918464724985,0.625076947813991,0.7364770370656751,1.0
0.1017303446497607,0.006739893384942727,0.02116999031781466,0.6546679314384025,0.7201148524437925,1.0
0.009951407822997622,0.020560534102331385,0.01783626448358442,0.7166028532442484,0.7280635804344945,1.0
0.2725155842529466,0.0022999668393953463,0.02261693061621145,0.7158826725859612,0.7516986752415444,1.0
0.053208880902614386,0.01610266582351587,0.020877653725103244,0.6772067067238583,0.7209476910126524,1.0
0.08640709300052407,0.008289186750795995,0.017564620155542606,0.6199909438422605,0.7228798306455385,1.0
0.3670727447945849,0.007694729001776096,0.018213176302342638,0.7978470498035485,0.7467780317424777,1.0
0.21076337373930923,0.00910371869179436,0.016995593119101707,0.7917582779091409,0.7515217613479324,1.0
0.13631570746785063,0.019995927886897108,0.007715716512531876,0.7699170513928604,0.7302030704536933,1.0
0.32345712940605786,0.01125542512116466,0.008845679522845486,0.7689535486924751,0.7347003338021326,1.0
0.20645639202960864,0.010354354183734229,0.018661044340774483,0.6274395616745331,0.737427586161915,1.0
0.019244770228691553,0.010832774162796517,0.018210639327704205,0.7775422174083971,0.743751449077327,1.0
0.09296295248891814,0.00858540287889898,0.023842645478560853,0.7771950226185373,0.7423181193075482,1.0
0.18317161962451112,0.0022639777236908446,0.02284754207913134,0.7636299016830671,0.7382500457891147,1.0
0.14045363953847959,0.0036479525962671237,0.019435794826114454,0.7113339713109715,0.7293641369129957,1.0
0.39179593463071505,0.0036314954127378524,0.014169700212506556,0.6988317641844254,0.7266718885529521,1.0
0.24436101712649558,0.004382907584597649,0.008094477980177529,0.7712697431267512,0.7324554974668018,1.0
0.25257536489170956,0.01904217382502665,0.01979789262463047,0.7681152866876556,0.7450085915860266,1.0
0.1604587759186645,0.00914913998322087,0.013367861958183156,0.625861850430754,0.7369583348401266,1.0
0.018655807010701433,0.00691531123951631,0.020038139494804336,0.7155891142819251,0.7522466998702412,1.0
0.34236308736273063,0.01811544264143691,0.006965691402844943,0.7954012736031986,0.7205898978760531,1.0
0.3180420461801211,0.008135724006794423,0.01697139584594316,0.6724245061694897,0.7224245990003001,1.0
0.04247050189391939,0.003115806273581006,0.017217795547875,0.7051730461925027,0.7382185320069257,1.0
0.011646324119917116,0.006826144850438214,0.020547854625752558,0.7819954213034237,0.7375334638495032,1.0
0.32049785199525277,0.02003116431536377,0.01327320541387439,0.6486710507840554,0.7217588667289178,1.0
0.3643984487721872,0.015574592548687,0.011344971957894688,0.7285776648579934,0.753282736297921,1.0
0.3288006535491462,0.009426058048326613,0.011970113571915414,0.7165977251757109,0.7385874567077793,1.0
0.20897382229362904,0.009281198621694462,0.012898670862570724,0.7095879901226233,0.7341964815203278,1.0
0.15536185644214817,0.009259104310292726,0.017339464987536093,0.612169374539202,0.7462141967246059,1.0
0.18394531514322346,0.016463939300220953,0.02016511564009722,0.7692521726824919,0.7349921248326978,1.0
0.28716513009033523,0.013508804471519585,0.017636030927036334,0.7111045814211671,0.7509077209281542,1.0
0.22450629243285172,0.00439918846228804,0.013145038785819838,0.732798764683215,0.7397228643325668,1.0
0.35456315055916443,0.017615752861695783,0.0155258157000075,0.7900106311350976,0.7369746115773997,1.0
0.07133481472156009,0.007144538257877834,0.011761711626679097,0.6211641505409047,0.7400721926030427,1.0
0.25550342633261514,0.005086985730819893,0.007470125146785507,0.793817345519785,0.7463296122324442,1.0
0.19850567783732664,0.0017181529558625461,0.01648742340862888,0.7116657773671418,0.7205990242374637,1.0
0.24988841884348775,0.01701086014158714,0.014878422123150293,0.7236804875816526,0.7302987957291409,1.0
0.16328440298132774,0.004490022358759026,0.006118308367492546,0.7272343866170743,0.7593351940470583,1.0
0.28233130415713337,0.022297855473346506,0.01945656524084213,0.6678502246802792,0.744048725322407,1.0
0.09256458363790362,0.009977115072462581,0.009036369871260906,0.7907002029656341,0.759823901069786,1.0
0.2851454495004935,0.009767070709259671,0.007790184087724128,0.6673853695404217,0.7293348679486266,1.0
0.08993356691709803,0.0034154200597522975,0.009348568587248259,0.7811514063659686,0.7234088670310611,1.0
0.21373770832854097,0.00862202210783467,0.015352141900377746,0.6086840120468707,0.7459427853345751,1.0
0.2739816750126032,0.013196043040285595,0.013758071648513264,0.6700283084588164,0.7290574076039911,1.0
0.015290718689115254,0.008057177804135503,0.018557445871290587,0.6217434079372718,0.7225156496927811,1.0
0.16212101485122835,0.01823923828581169,0.023746226079426478,0.7914080907465154,0.7370237141557672,1.0
0.24540242680327884,0.014506147907457082,0.017446898721517935,0.6643557227437762,0.7225500694566921,1.0
0.06599567406878233,0.0036638574343411693,0.023525666421431463,0.6027695291947935,0.7440743095694529,1.0
0.14722098536018052,0.012332608917207942,0.01891567326950319,0.6634339389316478,0.73910607950829,1.0
0.2994154877857041,0.018381662347096074,0.02474680327255312,0.6740654949872358,0.7498836505174309,1.0
0.26830888305237255,0.01690728895390809,0.019994626338926295,0.777149029858964,0.7339728670094422,1.0
0.11571472048075807,0.013783227160014963,0.020023502803438557,0.7582002172323281,0.7368049801195649,1.0
0.1368706912122183,0.004634281450602055,0.010210348103850644,0.7824274009799649,0.7323587816963726,1.0
0.10038384366007579,0.016546028380842463,0.016478065871436715,0.7393740099049597,0.7457583178643672,1.0
0.3626910841320063,0.01311459416534335,0.006356975658079904,0.6541650868893799,0.7483287592163506,1.0
0.22167803313477633,0.013826479790676265,0.012652585459691399,0.7547791050175711,0.7489413953558619,1.0
0.2875475187438032,0.020142697035566325,0.016907855588865487,0.7934144398993918,0.7247677073756255,1.0
0.28818598564463926,0.01126023883551873,0.01076416772913873,0.7100074905422198,0.7345899072116281,1.0
0.1459330029506357,0.004777700343095775,0.016527782803309056,0.6791985182760739,0.7238359257920336,1.0
0.21744933241045208,0.004723737362613695,0.016952763379196857,0.7134717947714978,0.7509445049216636,1.0
0.10326001184713753,0.021451227569871674,0.01622435045565576,0.605427991776836,0.7528284673644697,1.0
0.3154843454701082,0.01616099218385324,0.024376274485263145,0.7931158603189052,0.7309764249862304,1.0
0.13015775888306996,0.014527755684836276,0.016954921699091862,0.610908703124233,0.7202072699934142,1.0
0.05553710877503774,0.006539528563977133,0.02313910446485125,0.7037265350693372,0.7518756695536315,1.0
0.2953025239432638,0.009414780175042296,0.022277187876819655,0.7484099506641841,0.749726057736202,1.0
0.24147207162078507,0.012364350244186797,0.022803251151941508,0.6908923456328394,0.7524628278411537,1.0
0.0055095280602472435,0.01235828852649367,0.006472237876327605,0.7953086026906128,0.7202200469615919,1.0
0.10113695483555718,0.021802368113349208,0.012630833012557923,0.605456685252773,0.7210774306163513,1.0
0.3947512317173561,0.022065131003482966,0.011745459445785316,0.6965407298377794,0.7240182322319126,1.0
0.2418821316240679,0.006397825810643402,0.017242288718303477,0.7799385503392509,0.7200382133369392,1.0
0.08791822751295557,0.0036635533652272807,0.008322024254742037,0.7251825090730776,0.7241077756060257,1.0
0.35537392327056144,0.020921636069834933,0.01820351628639402,0.6394792821267232,0.7234118630215963,1.0
0.3849730883850918,0.02169042183764031,0.012638377678366841,0.6651583082195102,0.7404004232903626,1.0
0.3919666684039475,0.005756259885528414,0.012382853643655371,0.6858741751400357,0.7250025609232464,1.0
0.3434086344402795,0.004017761531320306,0.016680439016523746,0.6813274276120034,0.7268214690446981,1.0
0.11297060487851059,0.0023293226550070412,0.012535369425934704,0.7620419711398692,0.7487874104351046,1.0
0.17367108984814233,0.016217730069724833,0.018306834442040405,0.6434092606316519,0.7321433002093063,1.0
0.31967964100733914,0.01092897379095305,0.009554830723510545,0.798693138056074,0.7246231522541468,1.0
0.3245732839300431,0.019036210665118812,0.02089835166182999,0.6416341882609244,0.7453032950958096,1.0
0.29954588788015235,0.006838655466697667,0.008622387755273629,0.6656245967829099,0.7391937792150957,1.0
0.3355953931160684,0.017534235895649244,0.018523010513330322,0.6526978585885521,0.7391552199573977,1.0
0.09779663092246099,0.0012202752482448082,0.011789239411413813,0.6512232535429243,0.7428760930786726,1.0
0.11185524070052943,0.0019625440347509297,0.017828358090268722,0.713637911713725,0.7334992009229789,1.0
0.3833783339436504,0.013564437618855188,0.018582267331441357,0.7062697506538904,0.7522613299058482,1.0
0.15617066472106378,0.015835544212958127,0.009597749690927939,0.7303710094324077,0.7359662251990621,1.0
0.3824335080269352,0.019671493229082456,0.010816731006920568,0.7995514628465722,0.7326851069822613,1.0
0.34124731533889474,0.007548821553552878,0.01401080568775,0.7331174334246511,0.7252187021908971,1.0
0.12721692525784245,0.015550647576093587,0.007719387801207436,0.6465462958201875,0.7484550481500993,1.0
0.17169760858475644,0.0163269355249913,0.020309367688600106,0.6189762357343337,0.7540798243767791,1.0
0.13902136253385894,0.01742176132510016,0.01956597730681318,0.7201782453016772,0.7423392469362338,1.0
0.3997076611736546,0.013438873360291533,0.02117435743524496,0.7488547434631166,0.754232336081353,1.0
0.08126786694702201,0.0045573821824950005,0.016727036568298017,0.6898590125773009,0.7428289077167668,1.0
0.37302721961945234,0.009974440241769,0.01935865291087249,0.6393598375682819,0.741382077974181,1.0
0.2039814740175733,0.012724733871198247,0.019708906715566625,0.7298969580413983,0.734335869372232,1.0
0.05061692008106483,0.02192080405062522,0.023446663166306118,0.6650186326162291,0.7303541175969555,1.0
0.2775263116967688,0.008671794962146434,0.006345876954623111,0.6805590184888792,0.7304235597792572,1.0
0.06936811208598524,0.015165061493081418,0.0155326186649045,0.6541726234590709,0.7421544992522496,1.0
0.31941006834358104,0.021553661790814332,0.0076134101795731195,0.7767826957815966,0.748191877531396,1.0
0.15284885437127654,0.008394026202495802,0.00511278969645034,0.7964409749274616,0.744260233294922,1.0
0.21978868464741055,0.0018713312330696427,0.008473019105833377,0.7246719849926805,0.7405704691873448,1.0
0.26520336272590816,0.013930867033556824,0.02130531408610627,0.6136526211103801,0.7476354718572514,1.0
0.11368960212360435,0.00520646718447898,0.009277049509119983,0.6396281726863988,0.7409512876361438,1.0
0.2654179152606434,0.003259182567398545,0.005537792806205124,0.6638580484891742,0.7276743889493216,1.0
0.12468353874380088,0.005774377849548545,0.008935396469984291,0.6747705809606981,0.7442339558132631,1.0
0.14900761785851202,0.014458376070919971,0.014641197965587749,0.7692990692506797,0.7427616710863374,1.0
0.2829169665854111,0.01863138649249441,0.014308813135279302,0.7974394477764638,0.7551638751676525,1.0
0.3157685695017138,0.01392045175351997,0.015696225956156693,0.7027877173159137,0.7541364457112971,1.0
0.21739386409622483,0.002050487995298055,0.013966057395171148,0.7816083124091016,0.7484694691737848,1.0
0.3541769514496617,0.01877334525960666,0.01593368423139056,0.6044810930364563,0.7424971847213521,1.0
0.13154968905680478,0.014521556806408886,0.02325826167764349,0.6715591274518957,0.7544009513153381,1.0
0.013312332780639154,0.006147698511679427,0.019197245984549974,0.7513686086159097,0.7356966740086821,1.0
0.2468026538580039,0.016905161674422787,0.019373168554902436,0.6171741595980722,0.7263300072376024,1.0
0.3733296275879135,0.020641166939589266,0.0209482453919394,0.6233437121351918,0.7429708587967835,1.0
0.150511655335727,0.006742462447704378,0.02157861962974932,0.6288902799038546,0.745847166744403,1.0
0.2763865603851852,0.0027035200136496336,0.023156990039250498,0.7286159355379193,0.7382524391842081,1.0
0.3522225105366916,0.01125823540017786,0.015626429656244584,0.6904894798435907,0.7229036570529466,1.0
0.054932638738526385,0.00948325522119867,0.012736456912154583,0.6560081584173476,0.7361002850357767,1.0
0.12799798832204615,0.004709006660512943,0.022387350210145332,0.7941665299714271,0.7383433529550528,1.0
0.023755420722400583,0.0017923081231161423,0.012857639912908041,0.7860484036601932,0.7492283417360626,1.0
0.3873783379469141,0.010218294919998209,0.010535854879492915,0.6852706489448714,0.7284617290793532,1.0
0.14766345761498767,0.01514633273662791,0.012780943976543271,0.7803462835927926,0.7456952300686251,1.0
0.05719647282662871,0.02039120825132239,0.01593633736543542,0.6570105945922835,0.7551170756726682,1.0
0.1290603823451808,0.012541810625846172,0.011796286720865861,0.6953468510757715,0.7305726500932394,1.0
0.01955738475365643,0.00438940114561105,0.024058930280496237,0.7150806266673477,0.739558405011118,1.0
0.2848259576634372,0.0040370787319810066,0.010522597353053269,0.7311804239327506,0.7391625745834091,1.0
0.35935838836287803,0.018702510714469104,0.008684154285214641,0.6182940471053957,0.7267776240218019,1.0
0.36596328034962067,0.020897150655632933,0.010964315787408911,0.7680682756027117,0.7414494214008839,1.0
0.22160411274010042,0.004136704225251041,0.006584391021461949,0.791443829841868,0.7370321022572631,1.0
0.1457397184834826,0.009147089846722647,0.023899936557886765,0.6125409174806351,0.724762451495292,1.0
0.2220167490793548,0.0037635402961604674,0.005689202735566727,0.6448468696558455,0.7304324295084108,1.0
0.0903557626431914,0.016873857144476593,0.022108673792740074,0.7796471659539436,0.7355965613057417,1.0
0.3999450350421156,0.017540819694814157,0.01574704161815109,0.6509542865378793,0.7328522181154041,1.0
0.2191227533173465,0.0012940908518840732,0.02418800170542949,0.7151212494703127,0.7435663297763653,1.0
0.3071699356264929,0.016851187181974616,0.006903159468095281,0.7189988744519841,0.7463277498131952,1.0
0.08640601567249571,0.019869148131337725,0.014229621434151914,0.6193047238611289,0.724224848860435,1.0
0.11668652886419686,0.011672724795885691,0.0199750239548912,0.6373451804038864,0.7597060717799815,1.0
0.24175429725024825,0.020972219371233808,0.02165014845753654,0.729577840332632,0.7486197198716359,1.0
0.008816906235298051,0.010334198863748013,0.006790378526766061,0.6715505123825649,0.7289497117427894,1.0
0.35262211960818274,0.01860727124341668,0.01927888596827975,0.6308143858208054,0.7219346970479661,1.0
0.25869196418416424,0.00894262212222134,0.014453733328711943,0.6978298776475979,0.7295971253098602,1.0
0.17026387409208313,0.01396834914309918,0.02411638412034785,0.7076969219038081,0.7492465563817281,1.0
0.04983570791687867,0.015042180352409729,0.01464221440508849,0.7144861884495785,0.7215366774307618,1.0
0.3813497390823028,0.0010748613592191528,0.009255831840830217,0.63603883474179,0.751252180691194,1.0
0.07504679700220904,0.018500375539355497,0.012069497436114969,0.6921713752586205,0.7354922642128258,1.0
0.19465627518734652,0.006903556057242516,0.013491120749876807,0.78166742997086,0.7401157654591698,1.0
0.22230018388809603,0.017529571805179413,0.010871826193194259,0.7580826980088816,0.7305728645193994,1.0
0.06848793255518876,0.0014655368131887918,0.023941252837828574,0.7999954040835389,0.7504892105447808,1.0
0.3600834568313966,0.016991187940221242,0.011644890308041759,0.7004555823617864,0.7464703736504787,1.0
0.2031086602794586,0.01674650181498218,0.008764507437926656,0.6887581146958666,0.7413012051673973,1.0
0.38595921576327746,0.019237924282092266,0.017430368404599005,0.7167281349669619,0.7441274677229068,1.0
0.028448337702274805,0.016013372483646406,0.01932673600259206,0.7024960724534055,0.7548155042161018,1.0
0.14825253985352171,0.0014234286023706365,0.006183232929953601,0.6703596523283573,0.7384842130079473,1.0
0.07978468103693968,0.00594954421375573,0.020610266791525455,0.7542575681903543,0.7353175594165512,1.0
0.04880881210007035,0.002873280209014224,0.012825585017987442,0.6091084866642239,0.7333454014850533,1.0
0.20546432316596527,0.018686860121956562,0.007585318917907982,0.6536157564819409,0.7578618577817604,1.0
0.26112042073708736,0.02198672575199567,0.01601575512661471,0.6610691898457471,0.7412779382380825,1.0
0.04938610026661301,0.0011541787586238034,0.022684200831300086,0.7342560857799192,0.7319331906053099,1.0
0.27481525745732305,0.02076993939288357,0.010982781821042214,0.6643118218773564,0.754169629007751,1.0
0.36604444389776253,0.0073028154721439375,0.007406251351926978,0.6879995143997084,0.7318305946056473,1.0
0.019470802012400226,0.014628430097179854,0.02312362731496228,0.7953340733612132,0.7460052239719217,1.0
0.03488548773690158,0.008724484438919154,0.0051742939465346735,0.7962367544381638,0.756109059150668,1.0
0.01216239693160756,0.008889844123286871,0.010170759335818036,0.7693864554485005,0.7264193761308745,1.0
0.22401158149631198,0.009113923085207237,0.007914395234667575,0.7995382611919343,0.7447194448368615,1.0
0.15159538483832902,0.020473156958563388,0.02142383616381522,0.7622371576736447,0.7446479389184957,1.0
0.12321495698821783,0.016129681906010718,0.01308895484783785,0.7199997617119385,0.7599261200245078,1.0
0.20748451150464206,0.013338064221543728,0.02294643538274602,0.7971271425027711,0.7511443121050432,1.0
0.13244269506582626,0.02027609030828662,0.02036705011700961,0.7484466142048855,0.7467169292187257,1.0
0.16428032153615718,0.018392048483202222,0.010875605835301418,0.7369663745401948,0.7490483409369583,1.0
0.1313548083292712,0.016950619237021344,0.0071297979515737376,0.6276123457903809,0.7366934416069361,1.0
0.37934083697880866,0.02039075992595125,0.005978673910516863,0.7676623443784558,0.740354966963601,1.0
0.355337811872784,0.01340495147217052,0.007326542005692589,0.6005157220973172,0.7398768612900578,1.0
0.2311856392872124,0.009018191468896927,0.005618440341618267,0.7829958834556401,0.7330862664343216,1.0
0.27922369483402865,0.006458487969428079,0.006275550129214507,0.6770000757343687,0.7326852405534879,1.0
0.3288140857856364,0.005782576473921005,0.015564621395528846,0.6081216694776324,0.7285702329173385,1.0
0.3183923365931836,0.01769269596421377,0.007847758499765402,0.7102069454936835,0.7369083365777354,1.0
0.2633575982780428,0.021106844965008174,0.007907006100168753,0.6901746546200458,0.7508643040042348,1.0
0.25484085598069045,0.012001596706033704,0.02483858818435985,0.6347745080130983,0.7574139478132051,1.0
0.18985722171903133,0.012364940499334547,0.010307330988671598,0.7927314885221587,0.7564594882093916,1.0
0.3987832310227616,0.015400702046390899,0.014033709916114894,0.770146780299261,0.7209521951134535,1.0
0.20142797956334763,0.015474230582293481,0.012480921226850152,0.6737246307733632,0.7212686861124354,1.0
0.16629990719063537,0.005833008690163532,0.009946465470795349,0.7168279160885024,0.7327108577015801,1.0
0.04899711720854126,0.013419366351363437,0.008200894542782047,0.7056481253841318,0.7421018354780128,1.0
0.173832854172793,0.01195370573027897,0.008619052321625867,0.692603069947266,0.7349212155637717,1.0
0.176754580781112,0.017755845496074733,0.013519841971473844,0.6471542345947917,0.7309475487583433,1.0
0.2182679301873595,0.018863939003856918,0.0203822341363514,0.6875578932676942,0.7278448142057805,1.0
0.02742850844780202,0.00958328859185362,0.022132302847679024,0.6786353374808393,0.7247150188302783,1.0
0.2420116294884646,0.004268772015433273,0.018098706536847115,0.6876323862398491,0.7333755800328209,1.0
0.3302153444134003,0.009528489870463133,0.019769585312124555,0.6880710385274769,0.7236746874754711,1.0
0.20553667299562678,0.0108436071601076,0.02132483423496545,0.7821702698086059,0.7514711470084413,1.0
0.21887273441918184,0.014859244647658667,0.01075660592878749,0.7623693692297371,0.7542739271041464,1.0
0.36161319221533067,0.019247753565820848,0.013489735349650206,0.7818000404185491,0.7248175597524603,1.0
0.14240739610965147,0.013156867524787917,0.012028852290657324,0.788413546734272,0.7301884091622057,1.0
0.2557569069552178,0.0010830734703467263,0.019551141047091984,0.6754938966186315,0.7591099147057319,1.0
0.02562490725752552,0.002991497887952433,0.006763362138483171,0.7905244519783888,0.7473620616487036,1.0
0.08419066250261227,0.019783254548369766,0.009031118553426809,0.7413358432951636,0.7505329744618139,1.0
0.2044413211824037,0.005794269569845468,0.012578593149109963,0.7930268796560018,0.7477255213861772,1.0
0.2185368307293627,0.0061393544562541565,0.019257597133343872,0.7001135921581133,0.7270739547242824,1.0
0.2557618865114409,0.01680963491866812,0.009864415917807035,0.7751994678698663,0.7351820442829871,1.0
0.0820724219042213,0.01828968368966393,0.012083291499321249,0.6966798055775869,0.728912792942555,1.0
0.31350819598320684,0.008297642852496843,0.02390158770742804,0.6061221219120472,0.7253177241309616,1.0
0.28205571050911,0.006389684274444768,0.01608142193782697,0.6636772494085625,0.7421635698248636,1.0
0.3892591811597777,0.01079748249045545,0.017964320805427612,0.7156078495839864,0.7327021957555029,1.0
0.3952089350891659,0.005447325776582579,0.020805505341484735,0.6293174782041522,0.75217405077445,1.0
0.38702687438638594,0.015748734616352122,0.006802364873516578,0.7386354238918021,0.7441448305112621,1.0
0.10799071911390229,0.016453356807585272,0.019827227458997315,0.6654411697905073,0.7550490844335801,1.0
0.032596448260050356,0.013897158663792939,0.0071414114566323225,0.655332812853297,0.7402874557219375,1.0
0.08992355525591754,0.01611848642047157,0.015939986828045913,0.7679522496500562,0.7432495837862191,1.0
0.10819625888626135,0.018029416314462893,0.008937420171287345,0.6484456821946321,0.7536635438701228,1.0
0.24708502814691063,0.0018367914119113286,0.00754515236569453,0.699991492037522,0.7498535569393157,1.0
0.01183074464383932,0.004961804971336666,0.016775333992404363,0.7388434119375983,0.7213371325084762,1.0
0.10821749560526338,0.002795286450811146,0.015838924643867294,0.624740396391336,0.7459287733960569,1.0
0.38835408218208217,0.021390749675210857,0.010467303004705565,0.6058819205246345,0.7331764886444707,1.0
0.028621477662653022,0.008733822139935716,0.01096069095093814,0.6438691271637953,0.7482452301892126,1.0
0.21652016714356562,0.020581654753154346,0.00706277705460545,0.6299378448956261,0.7353379871687765,1.0
0.2357113204369378,0.0025919177805605372,0.02416849607492935,0.6610129632922783,0.7343589045513237,1.0
0.3783403793965952,0.015247797140720347,0.024095466590954084,0.6375182237640958,0.7447523971589174,1.0
0.20606466496066464,0.008786734030330819,0.024695170600637546,0.6281974680793321,0.7364371811011462,1.0
0.36068989486983877,0.022078215183535144,0.02269695184528763,0.6101914050774825,0.7571906599850995,1.0
0.2623895790453499,0.00947693118709306,0.021273361532270975,0.7151838552645532,0.7538217857021602,1.0
0.0780683224281864,0.01046810123407292,0.005095030899249611,0.7385705909792516,0.7318421491123204,1.0
0.032651406382034516,0.00466885372672792,0.017457183400438656,0.6611325254222086,0.7285888777034253,1.0
0.08985364906657071,0.014391295412756785,0.008353824289389142,0.6725412718359781,0.7475154746237381,1.0
0.24092594395631614,0.006394500058470593,0.02365429746330411,0.6827758496632671,0.7314785574644934,1.0
0.2638393980294329,0.014199836057476684,0.022734693043323363,0.6117080572542769,0.7535071804803032,1.0
0.1471971539381511,0.006511553864262895,0.007096117997631153,0.788214834049338,0.7256764841331814,1.0
0.2779873359299406,0.01626827741454884,0.00821537409205188,0.7628262321531255,0.7404114907670545,1.0
0.03947772898978009,0.001920844980514328,0.017739807629886997,0.6300047594219633,0.740997961829332,1.0
0.3130720579165391,0.02033989865883778,0.02177765523928576,0.7916705626300837,0.7561238301863515,1.0
0.1623475423352404,0.020267948861388174,0.02353877590714454,0.7945671896636074,0.7507326893937113,1.0
0.3782568837637354,0.02136354153654872,0.01832262727825943,0.771456053269897,0.7424470568465581,1.0
0.04210487665387602,0.01957521947442257,0.0061100725807427874,0.6678214104436041,0.7254130257046104,1.0
0.09673723240702563,0.021469556155680938,0.016186426673068192,0.779546147260745,0.731122338762046,1.0
0.3113837264551491,0.016101119689397394,0.015909832913483874,0.7630685459458425,0.7536033749059253,1.0
0.38654147778230513,0.016473806873772534,0.018537507523252575,0.6722843585117291,0.7200903431440003,1.0
0.3067486001917788,0.016262231970399242,0.011620442896601883,0.7251165949076878,0.7278114991789255,1.0
0.3792261970914862,0.009883382318115282,0.00989975188597709,0.6974216493677983,0.7354806351914946,1.0
0.38503586206389806,0.013722354625840373,0.0168229437387383,0.6729667717446967,0.7425852372790118,1.0
0.005431369353375062,0.019621067716887427,0.013588881710434104,0.6984176970107994,0.723340036617037,1.0
0.0722831427991482,0.009828354913862792,0.021805310941277627,0.6915565880427039,0.7572460934186586,1.0
0.2875169678321347,0.02202696825657714,0.01599227274440622,0.7384367797287986,0.7357290663840403,1.0
0.36400525232687303,0.016115694691586375,0.023718574227619586,0.7177305303984619,0.7430854976180385,1.0
0.28530285900969543,0.019961979217757338,0.017926324522578627,0.6466078441197166,0.7417643645888674,1.0
0.3760485093747374,0.004366815064691909,0.007549941819331212,0.6825887060465812,0.7250244467785044,1.0
0.17260022507661088,0.012472626159959954,0.009541755625855425,0.6898252247073858,0.7593877573944487,1.0
0.008485450692772054,0.006214341900388557,0.024569096609570084,0.7978135026821466,0.7284197235908683,1.0
0.03537879054963871,0.013414995312559526,0.007518414029728748,0.7637323047285316,0.7575829995040898,1.0
0.1877713065949555,0.0031939244672046343,0.0117828001414595,0.6130195509521053,0.7305818611206971,1.0
0.022618290591953732,0.019467819086801418,0.006549051555082098,0.705799386223472,0.7380847916970938,1.0
0.08362469560261039,0.004863163330662155,0.019974281771356645,0.7451438946200708,0.7479672708197119,1.0
0.10768407625633893,0.019057746323867433,0.017017162429135452,0.7204389841464364,0.7318366642161924,1.0
0.3788891807672106,0.016646738495344062,0.007537322356036751,0.7875413884287528,0.7432948060727221,1.0
0.1618700813278414,0.01659619697258129,0.012525453033721672,0.7157489598237214,0.7484199798659362,1.0
0.377975387065807,0.008657714585861311,0.013387495141538286,0.7397028735735641,0.7443514035755106,1.0
0.2616481059188126,0.020410808612798956,0.02100567233290837,0.7648518019909547,0.7303363363426925,1.0
0.2237585609533534,0.0019501026119718829,0.020395843607546493,0.6646926848830178,0.7313038431216405,1.0
0.11693480984092545,0.008267318891393392,0.017096491161523186,0.7167130643800127,0.730228470144075,1.0
0.33141148507818596,0.0029935517600418802,0.01525645682401855,0.7041121748378553,0.7429654722724649,1.0
0.25144600633743325,0.0219331259743325,0.02242706166697455,0.6429480518974423,0.729647332409012,1.0
0.15964819395665186,0.012889395086615452,0.009650252657926777,0.6444690362227531,0.7352555982947232,1.0
0.2768096171729944,0.021986509910866224,0.00904830867843628,0.6785718303713961,0.7585870999175625,1.0
0.2389500173046976,0.012602390105128957,0.006510207602725131,0.7786747617631821,0.7450202086166043,1.0
0.21810263561212784,0.009426155457403902,0.010093293827217855,0.7510643970668969,0.7403827007104665,1.0
0.1626423274100045,0.020964978221790897,0.012477891230817257,0.6826466015851147,0.7449584449222014,1.0
0.2690421414933613,0.019276176719143348,0.007279411740813966,0.7849185106637299,0.7561568772964554,1.0
0.25177318392594444,0.005575480579330137,0.013958948759627778,0.6405406721839625,0.7208790671576407,1.0
0.107362873705531,0.013751828641303457,0.011005007670757261,0.674124324042087,0.7359104623432909,1.0
0.2567729049392746,0.02166012981550503,0.013572693000124661,0.794665344810853,0.7467118894937913,1.0
0.09865602146057459,0.002352795176836687,0.022038695405836577,0.7147962127888539,0.7365765544969952,1.0
0.12767925111804093,0.017847771003236475,0.01155927670811594,0.7841762372808327,0.730718674978272,1.0
0.2807481997980177,0.004501215940892572,0.023987261005779713,0.7311110224777733,0.729234426451381,1.0
0.3699306404525665,0.014068945126272653,0.022874720133448333,0.622045040969165,0.7570156878231671,1.0
0.26902665695088346,0.009016822638137533,0.006182806440116524,0.7915944882683659,0.7597839331643393,1.0
0.377827832252032,0.004606115255673631,0.00809368899317151,0.6146223680018342,0.7356507763033661,1.0
0.16088958989709423,0.003975394215967866,0.019610555911459146,0.7666725298672816,0.7475126171118516,1.0
0.3079050361986425,0.0063642542362154116,0.02018977193937055,0.7134795149792782,0.7346685006516483,1.0
0.3318662563737752,0.021202537797161844,0.01831835560001275,0.7929083133386878,0.7573644567617196,1.0
0.29382887769629434,0.008510053617910431,0.01475034721131252,0.6313930862297691,0.7589911771223061,1.0
0.1104287823042324,0.00898664133861272,0.013449658536575688,0.7495067448287681,0.7570278906707834,1.0
0.19163753487076574,0.013753962815946074,0.012866879848006312,0.7008362646731371,0.724228305160804,1.0
0.16343499660195723,0.020671188753066876,0.011987160914892672,0.6499585617210027,0.7497144888339711,1.0
0.18635382874010123,0.0011850065446944366,0.01876298662951236,0.683012160323229,0.7469458214646486,1.0
0.005951216807700155,0.00840666870303048,0.019095846852258833,0.6786226566018378,0.728766965586129,1.0
0.3021776667028623,0.003567811366034579,0.018835040672932957,0.7334688047607895,0.7348295151874028,1.0
0.35840859329473884,0.007797471837244501,0.0056218218678768615,0.6616609613490153,0.7281888777016418,1.0
0.36790404636695107,0.01971225646580671,0.011116583113296535,0.6857195067111274,0.7214616879631827,1.0
0.0300303521200379,0.02118003257392564,0.022338676697045447,0.6428375252875006,0.7479747471944819,1.0
0.3215362964438923,0.011226520295157678,0.008835439413315561,0.7279686800245664,0.7232112130798378,1.0
0.08901839815846074,0.015726133398156542,0.02156086323456217,0.6219049458564144,0.7360107420859436,1.0
0.06966270929994911,0.01318025890576783,0.01843677963751446,0.6709587214478765,0.7532792909681041,1.0
0.25266296177650144,0.004028765129152742,0.0054632034906533814,0.6101497141649972,0.7561568059279287,1.0
0.3239986184689278,0.0052916599615495065,0.015509173038990066,0.7592234201096747,0.7469867672502309,1.0
0.3587387739259074,0.0044546714447261885,0.00843591386826671,0.7802017258341417,0.7393846775637807,1.0
0.22369441320773234,0.022100042655890394,0.007392609104820857,0.7513897697584131,0.7333730344897651,1.0
0.17166367536441077,0.012798186871093324,0.009119232754562938,0.6810538918193205,0.7454270410188916,1.0
0.290648434651666,0.018982697458154126,0.013182806635387474,0.6845934550924455,0.7398676853782061,1.0
0.047787456323967206,0.0077216601151876415,0.008437835907540485,0.6771705524688263,0.7589341629029615,1.0
0.1746057003686158,0.013167643247309738,0.018381531108543587,0.6869906926580802,0.7379083921701155,1.0
0.029040720366252,0.012611732218199398,0.01594655624435403,0.7513504522256762,0.7593057900934663,1.0
0.2039965019969349,0.004643243361554339,0.016765219432663413,0.7668597773425372,0.7572965625458133,1.0
0.07964259951321259,0.016320381083510624,0.022603098949716866,0.7362033933253951,0.7474300816371287,1.0
0.2566056077395745,0.007329185463294954,0.006776201735714904,0.7655429809490801,0.7577257722956606,1.0
0.1368958537434172,0.0030108982531204583,0.01060276775262813,0.7685670751619801,0.7462325803053287,1.0
0.14035900228265585,0.01285665058627031,0.02080076443276456,0.6467983885463625,0.7585635989863866,1.0
0.00811953751126301,0.0015407954260022664,0.022644320328031903,0.7290563055522156,0.7505229007625545,1.0
0.17108161161905672,0.018170141792059488,0.02375064889625076,0.6344342215539244,0.7505654559816808,1.0
0.13198973620627227,0.009874229297282303,0.02227439039816171,0.6044112134620098,0.7373570482724106,1.0
0.04861410602159618,0.01803345233587445,0.02383805195794706,0.6181869642153957,0.7261179255132351,1.0
0.08315297811036793,0.0026972030276188963,0.024043850727918006,0.7785245419618938,0.7462290189093252,1.0
0.3680969150395943,0.015093681614895587,0.0181679331863014,0.7687371128403906,0.7461298270916968,1.0
0.15893999166988693,0.011817378695011675,0.01544957298174389,0.6721663762236504,0.7379247363592139,1.0
0.1695227806269757,0.0015495349826617313,0.010660386435476983,0.6463483728183397,0.7517432804732788,1.0
0.1157226644988776,0.018430155002594928,0.005384336091132241,0.6348501685462435,0.753078192775832,1.0
0.31059166095889473,0.019020784317384666,0.023839269771770793,0.6126849198606675,0.7519693897319388,1.0
0.08677511226724088,0.021031598726312644,0.01308403760612784,0.7775221054909609,0.744204548186597,1.0
0.06801195388891187,0.020658043922177224,0.016133238147244926,0.6012184810993635,0.7207313816428113,1.0
0.06896485958446391,0.013872876366005121,0.018621639238679606,0.6558731185896993,0.7427725523364564,1.0
0.3787945938103405,0.01949365836150709,0.010760855829949383,0.705762898190068,0.7400253142861563,1.0
0.16064136817262234,0.013087892424363685,0.02357413189774874,0.6325622102353116,0.7420194241311335,1.0
0.24891207806830773,0.008862188872820599,0.024352721463592013,0.6830818362297053,0.7254475055016683,1.0
0.3292423431120511,0.015939481820169864,0.01997623603768456,0.6529430435378814,0.7456821400169112,1.0
0.08277160683656365,0.02104400812239136,0.019784705941653175,0.6461345081978516,0.7244553235807715,1.0
0.04931412809375244,0.006527006033015836,0.008652679859989144,0.6014927640823535,0.7325653909639217,1.0
0.1400518057946958,0.011842554908557134,0.019918715678435627,0.7102160204158432,0.7497436602964923,1.0
0.24538239408461085,0.01496745150505252,0.02098328724156502,0.7420382789602209,0.7516709968282077,1.0
0.27268112442066345,0.016845971114998963,0.01099932864993669,0.7749154655686565,0.732188464132108,1.0
0.34750324211480194,0.006310926519503174,0.013310049248636003,0.6735845660073638,0.7559224729023309,1.0
0.27925202865200516,0.01807183644984232,0.017558071614943525,0.788738899664983,0.7521003011702403,1.0
0.38057067808678485,0.012278358915333683,0.005451546458897918,0.6520026559305794,0.7448691834814907,1.0
0.23570687773281546,0.00877435747961189,0.01568770960116548,0.6003749695746505,0.7539368541867479,1.0
0.06036258153979145,0.010415190925609219,0.014723545869776682,0.7274805420992378,0.7409824976140912,1.0
0.3492473672207171,0.010814942033419667,0.006539755450660179,0.7545656473058371,0.7464061767513227,1.0
0.1736310306855466,0.00982568684635125,0.015726772727746856,0.6101188825798206,0.7319583105687169,1.0
0.26656603320558997,0.010007084556472425,0.009447262058809061,0.7490418723800467,0.7304116123882476,1.0
0.06603338559254347,0.016679160502041747,0.01785620508577435,0.6139612198742461,0.724601712614488,1.0
0.23059086023950282,0.015748979797993987,0.00856077816726524,0.7453175812434334,0.757443858693222,1.0
0.08247135775889963,0.01561019288860829,0.011861633670921287,0.6098575492771443,0.7320935478141,1.0
0.1674000314695102,0.019590304767668484,0.015173186870455832,0.7033955977919201,0.7202086528425957,1.0
0.047586468787015994,0.011293090915664166,0.01020633711316198,0.678476593165863,0.741483094226672,1.0
0.11741051539229101,0.022276656587275092,0.006147982516411192,0.6638786976314737,0.7328568589985859,1.0
0.27548846278472644,0.006326491671683738,0.014205386882721056,0.7289727133704899,0.7328928823331435,1.0
0.39197069080235913,0.0035729817052814893,0.011876397688016203,0.641594413961295,0.7274715838222846,1.0
0.22771170771327717,0.010151518872848382,0.010451097461947214,0.6557243148507279,0.7596851262536293,1.0
0.03498004219079608,0.0151158390179167,0.014137552149696886,0.7377628194398325,0.7438784282216221,1.0
0.03146038414408588,0.008516355109240668,0.024709882515511695,0.6364570697981233,0.7250933375802658,1.0
0.3120868882068981,0.015453881275005193,0.020523916575198507,0.7387443144186344,0.725430827291567,1.0
0.3118662896110153,0.019608607035976056,0.009924704853674153,0.6254861521877076,0.7512436177433032,1.0
0.017612143936750497,0.01874209161846004,0.0151198226762172,0.6653266264856844,0.720457164209262,1.0
0.3180861918713164,0.011528676526744585,0.007994440985929203,0.6717011254498036,0.7266122059015009,1.0
0.11414158916628674,0.012814433770441544,0.009200132156244538,0.6687342162569534,0.7391172353582584,1.0
0.05580798065290941,0.0018356111640215958,0.005709174538978778,0.6700358036055735,0.7487520831414929,1.0
0.3158571459639481,0.01638699765024749,0.005078869817712224,0.605349574596369,0.727801328621522,1.0
0.21488052658177084,0.001851986121355939,0.021052916759907954,0.6985924137891621,0.7491181746668991,1.0
0.20517175616974193,0.020895301839449522,0.02480481547710616,0.6718429372029092,0.7250345656099694,1.0
0.0932247893206367,0.012416621841827626,0.01256775202504803,0.6960898828573582,0.7505275030430401,1.0
0.21730251623269156,0.0082059668605668,0.020699217282413227,0.7279073264815393,0.7203401892204244,1.0
0.07221399318630002,0.016576186489365343,0.016346773336909162,0.680296535544635,0.7477626571682904,1.0
0.31260376697551895,0.012725654446296012,0.019453886405190596,0.6827829108785507,0.7515610448625252,1.0
0.0592310655661775,0.0061176742312698444,0.010399774746983169,0.6332163437964183,0.7357014002758968,1.0
0.24023802781601075,0.0031847320222987423,0.010398383060535128,0.7331041291892714,0.735941804925334,1.0
0.3201804749185638,0.02216699839575621,0.01630135566508426,0.6158134342927215,0.7241161189689455,1.0
0.2732977905356463,0.017178086044177115,0.01851527515371083,0.6359235203390307,0.7379344864329904,1.0
0.34721337036211897,0.006102713567046999,0.016919235816676412,0.6314203805476907,0.7583310749248701,1.0
0.2920208757985392,0.005968928300877368,0.017321078857570834,0.7318528614045313,0.7331371241381901,1.0
0.35472150480774295,0.019384003500460892,0.011615964389294346,0.7488680518025308,0.7423796301947689,1.0
0.19358290867709244,0.013905614681330739,0.007713083160715,0.681769446623491,0.7271068704795178,1.0
0.05548674168924284,0.005568655512273431,0.020638585115754317,0.709967292435534,0.7209457247404893,1.0
0.3642400163921488,0.01992922942932671,0.021460337657466435,0.7984432885601874,0.7434560782215173,1.0
0.3797934718380639,0.007734632705823944,0.022268675121117416,0.7584945331117554,0.7510319510960434,1.0
0.15675505391852154,0.009601181766578709,0.01780104618407273,0.7475609075628684,0.7551894841063046,1.0
0.28992915163257266,0.021573194723162735,0.008572572378924845,0.7900679694360173,0.7225676592813448,1.0
0.04062779801820829,0.013212020966759932,0.01280219424911439,0.6163218863004774,0.7459246722009675,1.0
0.07380323837989261,0.01593038946513853,0.008580950982954659,0.6274792898630552,0.7258945306609899,1.0
0.31262236921000824,0.013833214581686992,0.0211870290603649,0.7182954682140739,0.7518928498939395,1.0
0.15942912414744873,0.004223756803928236,0.0077079362340991536,0.7194955193313196,0.7418841226342137,1.0
0.353431460253731,0.02157008992176505,0.010064312862066034,0.6413765861802134,0.7285568740923019,1.0
0.34202473424308383,0.013813153113734034,0.006351068634653399,0.6945958170344134,0.7236132673211236,1.0
0.16439045620981022,0.01493958231275738,0.01598907933926202,0.7749509564678172,0.7206510073066189,1.0
0.013950044677557488,0.007542231312241869,0.02259326276359127,0.7380828343354243,0.7268798671346457,1.0
0.2901521514863044,0.02115288140879988,0.017686423984364076,0.6049350822865854,0.7399880743878513,1.0
0.023872922437593924,0.013867978645654061,0.02053843805020849,0.6072121110992809,0.7513435708386208,1.0
0.30203482082650274,0.00626166001338756,0.012871909109868582,0.6239501654414438,0.7295556380093786,1.0
0.13117747261703053,0.0047633575940814535,0.008774235961422867,0.780294079958432,0.7513557445926242,1.0
0.3793191980949795,0.006136838325034964,0.013136409069001015,0.7627050622869141,0.737715454808145,1.0
0.1505715097104879,0.011765503056055653,0.01741288767320675,0.6811212999163047,0.737252173244799,1.0
0.21646218287487762,0.005718309026045246,0.022350524362161516,0.7494734140532603,0.7364111595365673,1.0
0.007763397014702343,0.008406518286811526,0.013806022962935772,0.6939597015091394,0.7499492591084136,1.0
0.1550988665249072,0.008537896764849305,0.017210304531607924,0.6562507228383158,0.7256540133526076,1.0
0.32476433293956375,0.021607740390018747,0.009356657573678333,0.6035618429939341,0.7374904630295243,1.0
0.05963850885434477,0.0035194887409438647,0.006379055684916841,0.753003599786395,0.7514370613533415,1.0
0.026050278823322757,0.01655069922002688,0.013972576169233744,0.631578884387321,0.7318050404193841,1.0
0.135212331546524,0.021849608374944235,0.014494834834143986,0.6744301020504287,0.7469266171587214,1.0
0.00596351576008063,0.014297184513465972,0.009875379495380674,0.6750467283175843,0.7482539556293938,1.0
0.1506187819412633,0.004599322564498166,0.015109643744955064,0.6638732047014406,0.756517112336323,1.0
0.34705577769731294,0.009388892112395493,0.02154874327575921,0.6113073804344157,0.7319247610227205,1.0
0.017501821382375195,0.020755538274447056,0.019337374887993596,0.7250220128936942,0.7412997123764733,1.0
0.25728270064764913,0.018771465586912218,0.016937771115910567,0.7497161526221765,0.7312391220731894,1.0
0.017599397332626426,0.009311396798462282,0.022640991030074078,0.6361045925372381,0.7256535237173463,1.0
0.17413690670414686,0.021067972304227144,0.021722390694176422,0.6928179275381028,0.7589190040352641,1.0
0.35009519913284703,0.006290225080466747,0.014779281485999655,0.6059434426712866,0.720355207730658,1.0
0.05172598087391228,0.012777877097882577,0.0189201496442004,0.6064469172459278,0.7379496559658273,1.0
0.3564437402026658,0.007433447162935613,0.024484330593686605,0.7689082999319395,0.7460254028832741,1.0
0.28588859859880195,0.018548155285012597,0.011065997497731146,0.798566012981406,0.7563447747901856,1.0
0.29051781673128113,0.01226619123430381,0.020218611043940526,0.7653964407755963,0.7209289022062817,1.0
0.13790462927130717,0.020728693101595513,0.012965471662867795,0.7775024430403848,0.7384973565052702,1.0
0.3607548473096856,0.013054421531751565,0.012209685900600826,0.6088814007255633,0.7244373252979289,1.0
0.14911033471218949,0.014057658548503394,0.011151802288438597,0.61310552675296,0.7305923494926934,1.0
0.39694662182557,0.009449218452145181,0.006783908374948879,0.7162229628947867,0.7567856029050516,1.0
0.3353062321289585,0.020956983616200103,0.01773087006771076,0.7989845461306998,0.721331262795186,1.0
0.34351921446129335,0.020709058401382246,0.014563389152716981,0.75755118472412,0.7278032159648472,1.0
0.14666483518356727,0.013817733489232471,0.018511210143166007,0.6694137333492358,0.7286495319721149,1.0
0.26726311181743984,0.015552796023965426,0.01982633872048198,0.6253073217145412,0.7527406956101784,1.0
0.017049505292802476,0.008215353762853591,0.014334225118129542,0.6721234980773629,0.7246966755283365,1.0
0.014701750989502353,0.0030011589690801008,0.010326002354490896,0.7639940531271462,0.741065500397488,1.0
0.2665543628636269,0.012642477046987611,0.0076302785351125245,0.6445246727648379,0.7289008944396242,1.0
0.18734162464479184,0.009333078845058353,0.01613278345763576,0.7940231571565115,0.7325677382422351,1.0
0.19474615617942567,0.01640782518253566,0.01960580535965832,0.7458141442826082,0.7280607831975497,1.0
0.32541400295650935,0.00920289866662384,0.024685102345798578,0.6729573483584398,0.7399066730936787,1.0
0.17629720197535081,0.019181074418871864,0.008105504750960271,0.7135329412827967,0.7447440630942169,1.0
0.24563406317081285,0.021640437477437283,0.02244335424521858,0.6697479896705463,0.7543962578116333,1.0
0.1065928864652116,0.014119489343284782,0.010636078246842711,0.7299134558164435,0.7237457121818809,1.0
0.17082883229516044,0.01362710434154339,0.005517248050469963,0.7390882910420656,0.7398396541654098,1.0
0.12968884908858877,0.004135133728560409,0.01370857883992284,0.7887958242572727,0.7291117610661522,1.0
0.024688199893643847,0.01643914538323896,0.009768743736029862,0.6903034120458665,0.734710124023791,1.0
0.14150487124215141,0.00852768660330349,0.015442112780595032,0.7944703065879976,0.7388007009004252,1.0
0.18731527513220939,0.0033121809688111984,0.009603057905518804,0.6815035352115201,0.7330147509188074,1.0
0.2730650128676378,0.013433631716251478,0.01482459102473381,0.6794541236578133,0.7444876975932805,1.0
0.06920060934567773,0.007517001598029049,0.008423692329221489,0.7354197438049633,0.7209907328562498,1.0
0.36153020325202734,0.022447177686774865,0.014751809556561862,0.6990740146043517,0.7509359504894976,1.0
0.17367348535088636,0.003146299459021636,0.013018527653129719,0.796764368225775,0.7501453312321344,1.0
0.29968920713988767,0.014074366543841648,0.02008441665854487,0.731818334594197,0.7385626411960763,1.0
0.2104703334370702,0.006557609688880755,0.014733526928842906,0.6292270811842172,0.7426158039588017,1.0
0.12097520105692003,0.01172910504832135,0.008250525060431614,0.7924759767271838,0.7378777726157151,1.0
0.01653265901156947,0.019129968806913006,0.017516678306127687,0.6832810309682594,0.729821311973539,1.0
0.37846245741795853,0.009187408671518434,0.007697521367584626,0.6218389494545474,0.7202544788933554,1.0
0.39265117743115985,0.022345581684201716,0.020683945086858512,0.6324367556592086,0.7591083782365249,1.0
0.13677974574955476,0.015777744487187436,0.005980983741489028,0.7651539459815119,0.7598918910595097,1.0
0.31376221402689664,0.009391743917180844,0.0063184277803131385,0.7585334868468847,0.743886323476192,1.0
0.05080534556589885,0.007560145856523328,0.01221312307446773,0.7366559417089383,0.7515098065241262,1.0
0.12168582753804101,0.011613182784131315,0.005579218601625968,0.6505975756217776,0.7349601403247856,1.0
0.19098396997167374,0.008836213785205443,0.017481559330586833,0.7657231354234001,0.7296672453193915,1.0
0.2834448416263729,0.0177257228733084,0.021507937434692946,0.6418662437794057,0.7415706784497766,1.0
0.15982042976113925,0.010242486439763446,0.02469645887801372,0.6226105292065011,0.7482240795784655,1.0
0.06456343907043688,0.016360744574155605,0.014394764440208846,0.7705781769349287,0.7562980926734363,1.0
0.030432129343710042,0.017272388451521944,0.02343055149971659,0.7242696881341862,0.7440350424191396,1.0
0.34313304377134574,0.001997676557826973,0.011270192127693479,0.7851726130574431,0.7579898057091805,1.0
0.19317890281709008,0.004814735247191733,0.014758889736581678,0.6204625850166098,0.7549014443587988,1.0
0.16477983017086834,0.0027099101033372947,0.01310481353633261,0.7732383216780219,0.7481362372990885,1.0
0.06816334389183946,0.009434632550211349,0.007027501653718373,0.7868082383986542,0.746091681785235,1.0
0.316282697640282,0.008920727464296771,0.009897412891064416,0.7139969883879382,0.7205348853248216,1.0
0.338302972272592,0.02095323831368972,0.011851094088328795,0.7284873176330089,0.7290729375347533,1.0
0.10534095183050966,0.013284164935490237,0.008434442345864619,0.7882465113521487,0.7554766990562917,1.0
0.31178184112535234,0.0030533388107421826,0.01980721817410848,0.6564918259225409,0.7254256707470345,1.0
0.19057369303865876,0.012398001437204544,0.015410595682758417,0.6118895964212039,0.7220552099637071,1.0
0.2514265337303896,0.0020142529650749637,0.012568786637756355,0.7225702559120855,0.7462672262301231,1.0
0.17118925202076796,0.012787542294659828,0.016571207512176344,0.6624090566600638,0.7221530160976645,1.0
0.33526953936681736,0.005304984184231306,0.017605093283182712,0.715409495728784,0.7359853230696207,1.0
0.2808686302988847,0.0014889414639422181,0.020533881467133693,0.7013997636003525,0.7338807715633139,1.0
0.2759959237102764,0.007677647114182404,0.024660777429957627,0.7297416973423507,0.7442311884981557,1.0
0.1153309182361713,0.01060994105001849,0.017612514086193527,0.7025527261460756,0.7505213173388556,1.0
0.2823520131365813,0.018556836508159993,0.020300999511659066,0.7541693169176067,0.7555402822904866,1.0
0.28039067069277074,0.021826581324003908,0.016473012997490762,0.6434632623968786,0.7599501522309685,1.0
0.13754529046306943,0.004699337050969108,0.014290257375001366,0.6837752019221917,0.7396496358604229,1.0
0.19393813240451893,0.012064466013593348,0.02273364211836936,0.7635515988029665,0.7295888812490178,1.0
0.2536523389198102,0.01916427121250668,0.016057002252208002,0.6422353840025691,0.7496542036270123,1.0
0.2281878522763784,0.019561727741451148,0.020684847058780657,0.7335904182845561,0.7465903467609287,1.0
0.21244007424204278,0.01097431535984271,0.019192009189974393,0.7220988962940462,0.7395992224920217,1.0
0.2822618715180004,0.014888969267426255,0.011844968519470072,0.6712646332430153,0.7298688953654101,1.0
0.34477953833314545,0.01306255413236266,0.013033062931170285,0.7473650527392847,0.7411091270450398,1.0
0.026773432499251053,0.001737143282149715,0.016372220359467466,0.6406558445377813,0.7441721665420077,1.0
0.05955335566802477,0.01047307682007485,0.018773341668987104,0.7667727141345942,0.7398537636014543,1.0
0.23639070595632503,0.010772116977587488,0.020438508540089717,0.7111152128405896,0.7311769137988172,1.0
0.20951007011997408,0.004817250873984041,0.01626144646283989,0.7896640119691746,0.7482206504375094,1.0
0.28579490424067894,0.007076035686546847,0.01585377675082524,0.7053191527575106,0.7298956351564722,1.0
0.37716167464048805,0.0063878685329318225,0.021020540872619717,0.7334741160024281,0.7413051653010305,1.0
0.08580544731901923,0.004848018907193684,0.01673588517947505,0.7946766393436957,0.7550895705109998,1.0
0.11312201666262688,0.004381035367145976,0.024513556837958035,0.647122046919563,0.7280525274015517,1.0
0.22469370051204066,0.005855806901296549,0.018407297290744844,0.6194014422589378,0.7207747626412356,1.0
0.14912294926043018,0.021962851049308573,0.01594493997618728,0.7509452206030934,0.7328598300892624,1.0
0.3866415732583312,0.008691859141064144,0.0249811886947005,0.7276819902063333,0.749943656498589,1.0
0.25902085382501044,0.011986634406441328,0.02412805290954872,0.7809350095579032,0.735866903957003,1.0
0.35450095833625384,0.013693252782936491,0.006642358175790806,0.6321580481319076,0.723074969786952,1.0
0.3908961878852657,0.005561596933147274,0.01881709164681326,0.7273056515365539,0.7452457945941201,1.0
0.2338419047819208,0.014449074516076459,0.016408106332902222,0.6372324934551358,0.7489224238829884,1.0
0.23852400466875065,0.010379575646628236,0.010005731862661474,0.7614777978052277,0.7270357026668873,1.0
0.3544031861868689,0.008752632263984783,0.011103058617171866,0.6274973366837804,0.7566531126373582,1.0
0.017554514946644246,0.011986487413074624,0.006715978956587738,0.7147501369905683,0.7403584687328325,1.0
0.3272649342811253,0.0066398193090749695,0.01582968728333398,0.7278077753261069,0.7584921813430067,1.0
0.3673397300537298,0.008629432838975526,0.0221487440329999,0.6471652453902833,0.7482991904974167,1.0
0.39448989089004544,0.02150963259704091,0.013844272770347554,0.7047870435980508,0.7439109944927209,1.0
0.27141621690603923,0.016019081851997092,0.015501529846505513,0.6295481384970435,0.756767437755664,1.0
0.253523006640652,0.003216404827109735,0.007922014182658452,0.6041076628057658,0.7345345633542704,1.0
0.21100996679448444,0.015502591751842442,0.018500377217419057,0.6280347487988477,0.7222934961368686,1.0
0.26302360046522083,0.012969130305546644,0.009915249326481414,0.7621530433964508,0.7230274406198502,1.0
0.052562556672352,0.015070625903314436,0.01335451575646993,0.7436206110875343,0.7220876880990773,1.0
0.062226770057631456,0.015671205079625182,0.0073991126262336485,0.6147166645903851,0.7485249119273445,1.0
0.09368967308294886,0.018731806738201948,0.021193766156164525,0.7708251515561553,0.7330439955835485,1.0
0.31047220427943,0.00394518857273823,0.019487817584314365,0.619497269878931,0.7565300243450747,1.0
0.19985559851245357,0.01142167897534403,0.008627240956898208,0.6691834744909307,0.749084946612686,1.0
0.21407595061960383,0.005197786732729957,0.01880724623907368,0.6784067802122701,0.7273101335375414,1.0
0.20518550501191402,0.012352787921515857,0.024627438204296123,0.6732812274340987,0.757720827382498,1.0
0.25507277493419594,0.006039993491763332,0.006035113447755802,0.6875567676570278,0.720406838479829,1.0
0.24015406849927734,0.01657614441107009,0.00835896663848554,0.7465000825347547,0.7579890330637901,1.0
0.314962511732138,0.016065320475769994,0.009494748809095024,0.6721779884311672,0.7579706785107927,1.0
0.31666476990395853,0.021826934305160563,0.009628738410253315,0.6643373334653107,0.74579206611338,1.0
0.23063153554681376,0.018386800159561723,0.017208867476482505,0.6590786567792222,0.7489641633334425,1.0
0.35843552036501414,0.0031696731673697912,0.022269822675248695,0.6995618855472465,0.7371458801395121,1.0
0.08408148972170387,0.010840239960514492,0.02199439631797317,0.7601910484437598,0.7265219413796532,1.0
0.34345071966134305,0.0186250031553044,0.013512648865943628,0.6096185680692231,0.7572467769189499,1.0
0.14758577171625578,0.017329571306294478,0.01027944430984045,0.7669495846334584,0.7230420624327726,1.0
0.38648684872440503,0.02240902913279473,0.023476087201283326,0.7741524810812619,0.7311552089783092,1.0
0.3715191545566694,0.01248900890104151,0.013041553087873593,0.6218534507116377,0.743625363113005,1.0
0.16457865035670396,0.009729635553556434,0.016466227814286076,0.6055568191814323,0.75831463585547,1.0
0.06065189039870764,0.0011180005168936937,0.022137830827714266,0.7726414751599339,0.7238122641807084,1.0
0.18192138134681834,0.004992639720925785,0.01971642273673514,0.6116079491411445,0.7419883732954347,1.0
0.18865386105843937,0.010132278030455437,0.008063183650693074,0.6440562970617124,0.722592307956417,1.0
0.3912684548554714,0.007015416451060916,0.011140510786791284,0.6254212660864242,0.7502065681798701,1.0
0.31695146214132713,0.014171240332834694,0.021264658312211523,0.6808460465865717,0.7543798942032275,1.0
0.005681234481246013,0.011487573900726614,0.010292331521584524,0.6172465832735391,0.753847841709911,1.0
0.2934145833118673,0.0222461306014395,0.014640395334124714,0.6742481059882869,0.7442333181789885,1.0
0.09989953754123515,0.0063900807268010285,0.017143560281736938,0.7879759641708611,0.7319375990303505,1.0
0.3973666540768144,0.004788776551940089,0.006539363367506081,0.7179510477761213,0.7209706795368653,1.0
0.2507726263727349,0.015179516614863659,0.015208504992952395,0.6767496092458767,0.7430479033768739,1.0
0.322375408285202,0.018044142806511718,0.018296015310298955,0.7788465166456932,0.7535210101438168,1.0
0.382888379322776,0.020172459499835288,0.011418543590159196,0.6040368837214078,0.7441590378703314,1.0
0.3010788317215221,0.012278894936935384,0.006529808705018936,0.6489374840509552,0.7553009502450612,1.0
0.2959845194123234,0.0072767854209557946,0.014052796060849942,0.7062010863823217,0.7300032542922881,1.0
0.27890967614866113,0.0028287788129216646,0.012478541517028412,0.7488754602412583,0.7488655023936452,1.0
0.3121815380478656,0.00331436520035663,0.0073642253568906016,0.731497860059269,0.7477333547158052,1.0
0.07650956672043654,0.01211059067776876,0.01821662594271165,0.6447399147658031,0.7406771146237596,1.0
0.08970755703368373,0.009074613320378039,0.00932677620271416,0.7805885808857198,0.7294719552771997,1.0
0.018886348053221758,0.0019664996568440284,0.008831724699336338,0.7216417022613905,0.7207059949804449,1.0
0.027975922072703236,0.009678663561432103,0.005971534756597153,0.7215083553241656,0.7475369706207606,1.0
0.09361564246527077,0.01967275348217748,0.01880576334661853,0.611330043859964,0.7376306683480571,1.0
0.12780310105449075,0.009203513639006192,0.017592076545930858,0.6110961760231796,0.7586774016203167,1.0
0.015535439860272829,0.0011144441138690355,0.012991087499987914,0.7768506730950756,0.7527904831687172,1.0
0.2158440161349151,0.010648044028316032,0.01271721952213589,0.6092836151582611,0.7563808502522061,1.0
0.18475163526534652,0.01207610097080352,0.02088309036228401,0.6448942171965127,0.7483960271597969,1.0
0.34057334899198227,0.0011866973669732053,0.008407910864702642,0.6942093704089511,0.7540216154984591,1.0
0.23997310279836354,0.005560880471594933,0.008691693916492913,0.7278887907972535,0.7284027658823762,1.0
0.33475071201184137,0.009381122441934935,0.012569443794838583,0.6072280673782148,0.7301633831369821,1.0
0.1473545418272176,0.004403426721733322,0.0071153546752065425,0.6190106756301418,0.7463653373247158,1.0
0.20981579721282356,0.011757018635421496,0.008062737053757431,0.7001208449520174,0.7223975110640152,1.0
0.027920883831029704,0.010105899190219248,0.005011421128063445,0.7572300877566489,0.7266468075414252,1.0
0.022371210404922987,0.018646927693135175,0.018132756256311763,0.6499471437771781,0.7280967843692238,1.0
0.33221913885426524,0.019532065789212294,0.008505707590486515,0.6706896079368662,0.7294996553560902,1.0
0.2603475080739266,0.00843622699956401,0.009507680895526683,0.7731995547003953,0.7499327172361426,1.0
0.02048237701739566,0.02067530465846792,0.016494767559484706,0.7007605609369038,0.7204234138411112,1.0
0.21983673584197025,0.018740799440321507,0.018110219214765876,0.7593387227021761,0.7477172699423121,1.0
0.09406625360412213,0.005345152251757504,0.01925083123890244,0.7002789601166938,0.7439664468133947,1.0
0.221234137815001,0.017935409124823217,0.01137734711871705,0.7717980887199385,0.724307054117024,1.0
0.3566023404730851,0.006432923749886649,0.01153669349847826,0.6610883556985477,0.7425705484710013,1.0
0.04764391757298644,0.02016267526776389,0.009093532583173483,0.7068160021977059,0.7437921958374905,1.0
0.04280636942346321,0.021891328774235358,0.018290246802987648,0.6067130354092853,0.75176796882612,1.0
0.03470383097099786,0.015636170108027512,0.01498703611736937,0.6409839602221846,0.7551080908835528,1.0
0.11739987100405658,0.006864632008533992,0.020349115541781024,0.7412237340761064,0.7561258274188143,1.0
0.3156140152394093,0.013320479895354061,0.011173592193053358,0.6070908264815501,0.7527579019940444,1.0
0.2545384993048932,0.012800660625285969,0.005088990772935678,0.7988687259879526,0.7525731742320052,1.0
0.2737348412457413,0.01124677608670161,0.019891725425574616,0.6268657091637788,0.7378540398093612,1.0
0.18656382118014378,0.010685162036497829,0.007861878995583887,0.7952977141418058,0.7206196857115251,1.0
0.15250932082079485,0.014338091510956575,0.008593064536298566,0.7066388007808322,0.7489108787185391,1.0
0.3938468511662937,0.008239063926394827,0.01784830827574498,0.6221439716373152,0.7483794555488531,1.0
0.04658763122059584,0.003706057818956424,0.010620948287744554,0.6023871630750658,0.7594420517734892,1.0
0.24499783273560047,0.021617686647510174,0.021640585086388543,0.7628485861936699,0.733580094796065,1.0
0.1202364941259955,0.008453958878190877,0.012390175227197011,0.6280007377961186,0.7342379145080837,1.0
0.12719219880493013,0.004554959815387278,0.012468207963569953,0.6961815546432871,0.7488291354666852,1.0
0.08506453727791306,0.001788090996117098,0.011075990436141386,0.6314272609717901,0.7358315391686278,1.0
0.07652319150756229,0.00785578978359383,0.019502286326391446,0.7018365565723843,0.7217571257429354,1.0
0.3744235741354124,0.0032180473438891116,0.017701855744194115,0.7584651297681824,0.7306175625089969,1.0
0.0721085957169212,0.007122130908926492,0.011236440617684149,0.7992869981128448,0.7285828918087183,1.0
0.3706481178051571,0.004481509917137584,0.022585598392588106,0.730091325529338,0.7430744599228207,1.0
0.2917695880734798,0.0033763130724937447,0.024989322208133782,0.7883779452897458,0.7558636785144767,1.0
0.2115025758762641,0.012529989553455866,0.005298738884564649,0.6998939003890886,0.7449507827063968,1.0
0.13619508869526864,0.011132570531311312,0.017726212133251488,0.6856611020550364,0.758485407959341,1.0
0.005503129769101746,0.0015005088518684395,0.01880600406936749,0.6825290195091005,0.7535788379684907,1.0
0.010461631050655286,0.009343770527444813,0.01972128208614898,0.7943455466755137,0.7553461551740422,1.0
0.3260628268625648,0.002512104844153702,0.016445446951697668,0.7848596826028941,0.7358554058996296,1.0
0.0921706132079966,0.0032711269049679604,0.015495246721634022,0.781449374396245,0.7324511687497898,1.0
0.07183292002271098,0.017029763514020198,0.016140538827748623,0.6350033950788745,0.7487234899775044,1.0
0.20859691551165893,0.005847554209317504,0.007645877844899931,0.7914510096919579,0.7462325015303662,1.0
0.28030335897484543,0.01883368380163421,0.008249816394978468,0.6993900449094089,0.7466849908200918,1.0
0.06423299498472128,0.014630625776395349,0.0223741160850764,0.7320832357883196,0.721448192538243,1.0
0.06010522585796681,0.006000088021378529,0.024499345638094486,0.754206599330675,0.7574630672151402,1.0
0.26243511762626404,0.007117889475554628,0.011537628833990508,0.789454214608874,0.7544250246462257,1.0
0.15244062996017801,0.0074004293909315216,0.011522602852500079,0.7721334932577572,0.7204202742635939,1.0
0.37742167301852364,0.012666681636430388,0.01400891580287807,0.6624739609399176,0.7229565051944762,1.0
0.04073107192506415,0.003724037738881707,0.008270330882525396,0.6604058864168557,0.7204406671998214,1.0
0.05390854160740495,0.009237700755731122,0.02259055119429561,0.6213135940381525,0.7393441700701648,1.0
0.22500023649348536,0.0055223873015893404,0.019710190628251627,0.7362682125735016,0.734487436261877,1.0
0.008106552508957091,0.01874594698723419,0.011431147231181372,0.6275539797211809,0.7407420490465193,1.0
0.008349941486347098,0.002207086124542911,0.013340898651701447,0.7351931813510127,0.739044018350682,1.0
0.022413399437303867,0.008313028697340486,0.012026957787774415,0.6680254451972684,0.7395074364849357,1.0
0.13056363347911285,0.017006388942592356,0.007929309425581428,0.7121449711267901,0.7350035210266218,1.0
0.04756115139703853,0.02149945120535953,0.023124282336035556,0.7652792608581258,0.7557113129355221,1.0
0.20397010034276805,0.007835046913265252,0.02274771882608317,0.6378875364998933,0.7287978142056789,1.0
0.04011536533962893,0.016745894303707754,0.010362545766282448,0.7321870730534294,0.7549215114544264,1.0
0.08901007464801307,0.0020570587990931567,0.005892279433901318,0.6177623764028015,0.7431927164987886,1.0
0.10102725607137977,0.005715090992639611,0.023971630638061982,0.6237633151784149,0.7321925764309062,1.0
0.005177562799330888,0.020800493530728076,0.006981971815202077,0.7364941201372345,0.7451546190864995,1.0
0.2622981535720502,0.017541829470143558,0.013424972175770551,0.6977408989103246,0.7480664840865767,1.0
0.20705772735535438,0.00541950573017281,0.010162165216127507,0.6716994482118787,0.7203713754169401,1.0
0.006093547926745562,0.01314783187230874,0.01908057537944698,0.7124297263230253,0.747740798928195,1.0
0.028479579447302276,0.016016942478824438,0.021058002959135413,0.7435403141778789,0.746520489702142,1.0
0.29713802068948547,0.016574116214902738,0.019760169553766797,0.6148039414830362,0.722530862059785,1.0
0.2134007022467743,0.017396309659317145,0.01169415637582025,0.6550234153267269,0.7512579323247411,1.0
0.329232343841713,0.004808371318980829,0.012189470457449536,0.6802151218852781,0.7319804178923057,1.0
0.09802615683939292,0.008259551515895785,0.011272497890533256,0.7571110992954414,0.7218947105014589,1.0
0.019818604953879295,0.0210089226717737,0.020804188740621926,0.7964323198476028,0.7564064212678407,1.0
0.27817544787057924,0.00759091288078578,0.02276422375859248,0.6821505739934682,0.7350355016761693,1.0
0.33551241360984246,0.021777891397332483,0.006329761711488937,0.648667775607772,0.7320343099146818,1.0
0.19188636814967175,0.007266657203434866,0.02080900846290057,0.6446488288970113,0.7478606925319645,1.0
0.2434608044680366,0.008614416906695647,0.008757824843933027,0.6268692388807392,0.7497669895659624,1.0
0.023296222711110218,0.022152549399266332,0.018426063659779803,0.7688365102853955,0.7375275468526804,1.0
0.08381238326503028,0.004980426643184546,0.02280669469540718,0.7783434128011457,0.7399607794199616,1.0
0.12556050099029242,0.017214275267741053,0.02191983816002607,0.6695309495489634,0.7224493472726747,1.0
0.29710133136812594,0.010116315531069389,0.016661952232357388,0.7974742995048167,0.7297999439743864,1.0
0.2463293633572438,0.012805804714525956,0.022382591158875916,0.7210015063844233,0.7403156008956516,1.0
0.2827676337209031,0.003840308272136058,0.005531397867284473,0.6977062326126925,0.7428978108859093,1.0
0.28636908380983817,0.01924469188489291,0.011927760780615106,0.7017829365159935,0.7589707596264742,1.0
0.32387971779694164,0.012308766031506664,0.009479237030601282,0.7160837274421766,0.7287224811348129,1.0
0.0981789261119706,0.005152592395634443,0.012418423543988675,0.7777193807618576,0.735514122943947,1.0
0.22446714295197462,0.0011637161407851892,0.008774734258064304,0.7862556090416073,0.7441669378479088,1.0
0.1274974080198639,0.01640609113307897,0.020440503197945197,0.7951399205472511,0.7207270593267584,1.0
0.15967813595364524,0.01901683672351464,0.015894258364421678,0.7129299086066732,0.734375115527458,1.0
0.1092853604809442,0.011583189802840038,0.016203489975349507,0.7485042186854977,0.7388654134816615,1.0
0.1966911680574503,0.015175393694609783,0.018482869524162965,0.7418883121058488,0.752931991754413,1.0
0.08134487472860785,0.01561227809480969,0.006542361669843237,0.6437910044922368,0.751686301146592,1.0
0.20172744622223074,0.022229033747395894,0.009703449716978358,0.6039105499071868,0.7244549043807137,1.0
0.29173840963660536,0.01768017368767238,0.016309779080282277,0.6510092797396323,0.740869675781073,1.0
0.2743113723830095,0.014207397441297108,0.005435930787630871,0.7634023267265592,0.7505370614064849,1.0
0.25597377699976087,0.013932098714496922,0.007863605584537406,0.6386518602228731,0.7473282454491251,1.0
0.23263230667600748,0.013207982629530214,0.017933633894076772,0.6881156600356257,0.7221668817400537,1.0
0.36059962299656645,0.018306356208418292,0.02354847137154131,0.6305663170264821,0.7402383102815532,1.0
0.08792057644722491,0.005320860144282856,0.020640658652856046,0.7343703834104414,0.7458875014726064,1.0
0.20517392257764672,0.0014960040000205484,0.007598921052008559,0.7036501725521582,0.7323868910252765,1.0
0.1912364656904692,0.002796629361672289,0.005356846945106249,0.7450515747695343,0.7268602695220125,1.0
0.17240385294306507,0.006677302666799489,0.01733154159492379,0.6971385014447528,0.7244580240590892,1.0
0.17321424749362802,0.01413293787116996,0.005078846650653635,0.7252800066873074,0.7313139942812373,1.0
0.12259963850940946,0.02241960600980822,0.00961684629423247,0.7825719202978514,0.7567186652731966,1.0
0.12508123063172571,0.009192264258324008,0.02478678174783596,0.7237592454675212,0.7417912095128255,1.0
0.33989799700682516,0.0028018172998547784,0.005939447340687627,0.6549716172235984,0.7390315442023008,1.0
0.3170811256377213,0.005249091106875624,0.01244159056854553,0.7560480529237765,0.7410836978987639,1.0
0.1614418050579417,0.014457619796958697,0.024464513496176694,0.7323624109712819,0.7206478064892559,1.0
0.10409159894560605,0.01953641665559702,0.012677798164522771,0.6399230075508601,0.7387178874604093,1.0
0.09814948795665097,0.013325128716630098,0.02034692541701759,0.7669908748319751,0.7359067948188156,1.0
0.19617012439389359,0.010326301756110295,0.008939578965060788,0.779228980228824,0.7589659301208276,1.0
0.3193198200436858,0.014882905995743082,0.01022872516331816,0.7270312236565626,0.725145727667339,1.0
0.3974281846456429,0.014681951956861191,0.01006445249066467,0.6900067911807531,0.7580035272919137,1.0
0.360675590140926,0.019679397756536925,0.011883126321816866,0.7392018008154205,0.7464199401513036,1.0
0.14954201988565677,0.0021230847177098533,0.00842078482225022,0.7233107375347518,0.7510040074758941,1.0
0.2355542261204371,0.002822300132870188,0.0053457725437162495,0.7564283514644146,0.7419750573675945,1.0
0.0693014422843586,0.009759598171579585,0.023383385741559463,0.6343195982494332,0.7224610761525018,1.0
0.23984185454559376,0.021468655875941264,0.023129368421097515,0.7498860780441142,0.7207662895151301,1.0
0.35896026493213035,0.010323498394461261,0.024242914392259896,0.7304975961287965,0.7243782851017118,1.0
0.2797687685798333,0.0024054329031518444,0.011892990641415349,0.7434162126107973,0.7262828544922814,1.0
0.2775145773745574,0.017674129390078445,0.015370235876508412,0.791371505540002,0.7570132343519599,1.0
0.06830839199397234,0.017618028623505106,0.009862791507862881,0.7685642619998211,0.7434857736462039,1.0
0.22477142664010497,0.012455388521845434,0.023494656917998354,0.6428726099523125,0.7571263381020671,1.0
0.30883529620556527,0.02077286481029865,0.01288104381973059,0.6146134373990534,0.7521867012597484,1.0
0.13782166825543915,0.012149755642246981,0.02118938136020299,0.6384085954500239,0.7451590302556508,1.0
0.0738942221404341,0.01887596445589563,0.011493616643998535,0.7868852231310033,0.742757354792792,1.0
0.17220584796664684,0.009614424131910566,0.02135932549674208,0.7355001698972252,0.7509476052449369,1.0
0.1082677037575805,0.002867602198355912,0.020533119799680893,0.6830552861035408,0.7403689436838673,1.0
0.1752994532658499,0.01570384090695877,0.017174682315172173,0.7944107597288611,0.7255561563059693,1.0
0.029979864543914023,0.018370246002226295,0.017326226665021864,0.6856757631985075,0.7520894261857578,1.0
0.09497550764881164,0.011158766363872242,0.006416635932746784,0.7795722219278776,0.7492383349893784,1.0
0.3504248550872847,0.018018810659524296,0.013637051805068797,0.62372728030509,0.7349345911992381,1.0
0.379890744036395,0.017509223608761604,0.009088611661427751,0.6388899716928321,0.7551908604352289,1.0
0.23573430354633326,0.009132411168999956,0.01104022015922353,0.7354764051353961,0.7583827630660775,1.0
0.19703422427511383,0.010475297426347651,0.023153283766447735,0.7156214196947508,0.7398655609226478,1.0
0.09867575776616294,0.002370312982859913,0.022102228809706883,0.7214523401398913,0.7265950840490027,1.0
0.3960237374728647,0.014640108097968587,0.01772224281934245,0.6144327326417444,0.7587596693697573,1.0
0.2213740646939721,0.00765186170369378,0.018961104567721834,0.7666748788943739,0.7514448563929301,1.0
0.2565578824734423,0.007906346778515603,0.014958552261370673,0.7632634335901233,0.7306137034886151,1.0
0.29130965922895596,0.01055518967008133,0.021331407903794453,0.6287367172317978,0.7334278585259763,1.0
0.28065791848617805,0.017325578086522964,0.014120053917731126,0.6956058752797871,0.7252812753115652,1.0
0.39696546527170273,0.0177253195778839,0.009462246463752561,0.7246245479188471,0.7317982724265701,1.0
0.07603002798405425,0.003205761803672589,0.008918651071363883,0.7591208842898007,0.7317132853612173,1.0
0.3798007091628945,0.013346871973957154,0.014708178840201092,0.7500254351180528,0.7238836055957236,1.0
0.20203571499816397,0.018867603173565117,0.02128435320462599,0.7696530719699963,0.747914917114708,1.0
0.33201233193063595,0.019775571927988296,0.014609691853176274,0.7971323815777543,0.7549927249991671,1.0
0.03236860016210702,0.00582657909374577,0.020527971587525697,0.6222308513997369,0.7387920026527706,1.0
0.35194699720635353,0.019212948052209817,0.020285558421194658,0.6815388485222398,0.7256899701736919,1.0
0.07660900588294671,0.013068261393285239,0.02461356364926689,0.710061955161455,0.7458222746904178,1.0
0.33300340128182443,0.010352084579301547,0.014950198021049955,0.635194402784918,0.7445871955095,1.0
0.20551177581103633,0.017480979660462803,0.0053513980936397325,0.7127831053168746,0.7269378006924275,1.0
0.01871174563436418,0.004643449343996898,0.024732587865743037,0.7997045522398625,0.7487939167955859,1.0
0.3119177464742097,0.020275916851980977,0.015386101191308165,0.6070567998835402,0.7483758328232021,1.0
0.10693091760892473,0.010964509657413649,0.012225488021025624,0.6780934988459727,0.7488559997550143,1.0
0.37672822955619706,0.017977656755916546,0.0055529405017539024,0.763709776406745,0.7509142968975463,1.0
0.20124287171483338,0.018963828424539496,0.0134957057832607,0.6318924686586597,0.7325159533139612,1.0
0.27401831671232285,0.004845777025878173,0.01789544872865614,0.6931933894527523,0.7535864371764712,1.0
0.3722725541549063,0.020360086249540135,0.008705751582080456,0.7372332704703768,0.728584989964831,1.0
0.25611064604194483,0.007323530427055499,0.009982472567670129,0.685915531009086,0.7520289188584452,1.0
0.01818360909419951,0.007499175132624352,0.013457019269394353,0.7171164026888487,0.7259810803525879,1.0
0.3548108231243437,0.011245771538393463,0.01988286452086879,0.696955701299268,0.7385993030560185,1.0
0.10744898231489892,0.006370745135084374,0.02478707709783218,0.7737984018638445,0.7495101958579857,1.0
0.016938760917982833,0.004771368840237499,0.0237546192901504,0.7632579540497976,0.740923040499543,1.0
0.0628999306464089,0.013021734460129792,0.008664442527974197,0.6612857209608611,0.757605400758529,1.0
0.04521052032408151,0.006365191819560177,0.01689014939164101,0.6122705574681648,0.7420033858940575,1.0
0.11993203662553151,0.0073021440726901525,0.009581585375401417,0.7871352740392086,0.7355548456279631,1.0
0.12412195683013824,0.01610727609492044,0.007028825421172851,0.6143283086189327,0.7497713504232755,1.0
0.10967552777556158,0.0086335043235808,0.024145210026656445,0.6208660589990629,0.7273258826618668,1.0
0.11642906789193243,0.014953683795592452,0.018812034458933688,0.705277616778019,0.7444478920561108,1.0
0.3053529652214406,0.0019051177036947993,0.011257826733117617,0.7368860082789789,0.7331858043150152,1.0
0.14128030424437624,0.01629713759345626,0.007439697305066355,0.7449262728423309,0.751018228654303,1.0
0.10147244918046698,0.01831385017969382,0.009288850035569307,0.7811641904342701,0.7482658279656833,1.0
0.3207184118713569,0.011888321117738009,0.014052977926261027,0.6841022385396973,0.7442652026576366,1.0
0.35891076321120147,0.006868313478365343,0.017615525458208475,0.737268522293626,0.7469918855914757,1.0
0.15945390654046193,0.01739114456694247,0.011000196080816028,0.6416106324796487,0.741833167750405,1.0
0.018127099291992917,0.0021088784827195664,0.018900210527737493,0.7946291691984146,0.738187535345043,1.0
0.3281428681590945,0.006620871784934976,0.024912529232077613,0.7126528331654121,0.7293053019424041,1.0
0.1374756023727112,0.017758647669479377,0.007116317716161116,0.7714005434065097,0.7506934757705653,1.0
0.3585225296864576,0.005940223193276246,0.015420116144572416,0.7699844440332755,0.7350955188846444,1.0
0.12019557083271404,0.006201286696708433,0.022401252373782092,0.6927692698818296,0.7473417694978525,1.0
0.12317920169215547,0.01736579048683901,0.0054552824303744285,0.6208232350623056,0.726474603600131,1.0
0.16417994997610447,0.011255841650743469,0.00990662692566795,0.6132430639220272,0.7471009236736097,1.0
0.3247409007691963,0.020976828740750828,0.019207378273192688,0.7191921034549664,0.7462807411731454,1.0
0.3730235287462677,0.021732576230670295,0.013534232838164436,0.7234158352296837,0.7521122821493669,1.0
0.2131712871469477,0.015036841306080498,0.019344108994751634,0.6737578818792562,0.7318257768244637,1.0
0.2253371418758104,0.02076502379342061,0.022919563014480965,0.6719931854315385,0.7303142055975281,1.0
0.29136710720645437,0.011864806369456082,0.01278060519077715,0.6247595807490349,0.7514055435636895,1.0
0.15386826349651658,0.02075394148543619,0.018193454128237245,0.7858477733687493,0.7389764984135857,1.0
0.37520951967406146,0.021635515707235962,0.024215346377577725,0.7637794787814886,0.7384962457929736,1.0
0.15645914810474218,0.021173396067632452,0.012271085901606,0.7513434853647075,0.7569201740436443,1.0
0.37933128801576566,0.012933738351028932,0.014837601493017407,0.7975281017535973,0.7287271681832123,1.0
0.3854570076096049,0.015817688669219645,0.01572608019596316,0.6264099585682611,0.7405296099606532,1.0
0.24314207272272534,0.009699515382449998,0.01602206002930257,0.777229017403557,0.7565139464454131,1.0
0.2451840959615572,0.007002856172680861,0.01402170592316953,0.6439765273566286,0.741258890474623,1.0
0.1384455107716554,0.006850543463730935,0.008020512132629038,0.627908733241232,0.7484584446285647,1.0
0.051600923337091396,0.022475741329932207,0.010198330037781141,0.7792096630856264,0.7443674381500767,1.0
0.22656297004235598,0.004887440693789331,0.02194103142905205,0.7655945532973568,0.7339874186140107,1.0
0.219500902046049,0.020544556522041388,0.021056487426079358,0.6081991539604061,0.7551710388876504,1.0
0.298151700036916,0.0035781409132119623,0.021147517796742402,0.7294978085247172,0.7335530527008792,1.0
0.22839884193900328,0.019337950516917148,0.018402274971684857,0.6577032207409856,0.7590007478344415,1.0
0.2091183205214513,0.009675457007444982,0.007726884061553747,0.7372425760072323,0.7372319679202326,1.0
0.38621338160446483,0.017504278390023945,0.009849895274050705,0.7431959361607933,0.7208168700386022,1.0
0.199979334000759,0.021139902472531506,0.012555200826519302,0.6526347208967689,0.7598022535502416,1.0
0.34595710425212306,0.020587729026451684,0.015369374255628468,0.6911427851038375,0.742115438190894,1.0
0.38604079148231585,0.008058925351448898,0.019772607642396935,0.6570748954579919,0.7444381216532602,1.0
0.35516209824121087,0.010647397962003804,0.01239511365131783,0.6506903224021776,0.7253366868167275,1.0
0.3494312328753997,0.010004404598528721,0.01134586331622444,0.747826448917283,0.7286233788650376,1.0
0.3746839160936295,0.0027541783912701594,0.013292623604868466,0.7153502384789608,0.7292104286245842,1.0
0.09262891907572246,0.008421489799303794,0.022970115101568968,0.686317469314333,0.7367131606609373,1.0
0.3858257121403419,0.003521937878726036,0.02243750841878733,0.6654322135455951,0.7582604636682141,1.0
0.03773537348624659,0.01218090051357909,0.009557311586198207,0.7505979630946752,0.7462922247331182,1.0
0.08142834800120148,0.01623555069503052,0.011226620539606746,0.7997348056120143,0.7492707065229602,1.0
0.34751152279014147,0.013670201543967682,0.01605499733551067,0.6474631205610759,0.747124479813017,1.0
0.02201763798579149,0.01854532862195409,0.006037463332974838,0.7344600245681052,0.7262688356593966,1.0
0.3443412051259547,0.0030300203059541522,0.01834301357105242,0.7225237484972171,0.7547011898542517,1.0
0.32091606433114295,0.010677605729938556,0.01357287824986491,0.672356870167975,0.7354229658478367,1.0
0.04718593005476899,0.010138916202268594,0.01803962430119046,0.6996384706876629,0.7266331787539849,1.0
0.17996986139824228,0.015380808514608815,0.023015326450749957,0.7100751025175637,0.7470547251246945,1.0
0.3820144765922993,0.007776986842643742,0.012085834993758428,0.6445685561283025,0.723386802870622,1.0
0.09999358227393826,0.007077786309924231,0.008635925532125452,0.7949770560597761,0.7512413918911682,1.0
0.3453807299861366,0.020485381190223122,0.01458068103698386,0.6341082874714201,0.7330752133743018,1.0
0.2882678658525358,0.0015519627556078621,0.007840844298359542,0.7365770240509723,0.7249376941520176,1.0
0.04813999002142039,0.01584949429042657,0.007786505188094002,0.6292608722272962,0.729212007870364,1.0
0.08413940034300653,0.0017605710295704546,0.023117267111518812,0.7752636848581846,0.7273927600358588,1.0
0.07948024072023817,0.01646999258767719,0.01000017768378464,0.7862899514757005,0.7531056409753427,1.0
0.008530598761916712,0.01999889223795833,0.019555232930651083,0.7575814793082013,0.7228730081828796,1.0
0.32281284208153677,0.021567660157376677,0.016609409455648712,0.7016083703998544,0.7370158715992765,1.0
0.36872441536227246,0.013894733547394766,0.009545672830166796,0.6035147900618353,0.7447645247307011,1.0
0.031060234641496706,0.009547780992668935,0.023800938521618055,0.7003353991713611,0.7288263291915437,1.0
0.16621512864694848,0.0035217245599610306,0.018215844876968226,0.7184328658184953,0.7459089151146231,1.0
0.01158546697389417,0.004750951265675872,0.008311440038917211,0.6195902972595979,0.749419030927931,1.0
0.268936659012886,0.004835391657554021,0.007366203564958527,0.6325060097232158,0.7403361382615208,1.0
0.32571031972276654,0.003764087417489558,0.017323734947716603,0.7547679198822494,0.7324962068603154,1.0
0.06659865541127298,0.0029685109225498197,0.02274423862045356,0.6753403336720469,0.7409339442054315,1.0
0.1517418767376859,0.014955707074493672,0.006533597064368755,0.6961811295137201,0.7238607586468123,1.0
0.12086962690021012,0.01642805178356935,0.018482083725785078,0.7494160177862131,0.7224702018894934,1.0
0.026495911340358724,0.01875357751594181,0.019805378669610713,0.718352358098364,0.7375542866057995,1.0
0.2972438322911942,0.003949334213030797,0.020852649459217405,0.615711399486993,0.7400218456851414,1.0
0.32956709866321493,0.010956869689000654,0.009737161551302904,0.6981319230913213,0.7300083244174848,1.0
0.18769073232707456,0.017780846400633477,0.009801802268850579,0.6399970368380679,0.7389674135826784,1.0
0.09558954823202481,0.008604655655035376,0.014752594251218205,0.6538873422450728,0.7424254597883363,1.0
0.21977234723625283,0.007167049717333283,0.006239619440046298,0.6273332609496647,0.7424486947418876,1.0
0.024618837703857872,0.004989321338839855,0.011381625413531412,0.6639546217761004,0.7583362805671184,1.0
0.029695538044248015,0.00858981883021486,0.00768883942059359,0.6253163930271578,0.7362980264446851,1.0
0.04123207658136701,0.013992523732690158,0.015033995320407001,0.615419933790261,0.7545097789605658,1.0
0.3847454100541359,0.021028080599961,0.013681932524375056,0.645713388087667,0.7533941085012089,1.0
0.0696025243951628,0.012859565890107234,0.014788048854025316,0.7700035757627913,0.7491712551935733,1.0
0.2952076503930129,0.014806761653927634,0.015003543045540255,0.7975106578992895,0.7583665929600069,1.0
0.3112510894452835,0.01341753032754801,0.010195067210524137,0.775087805417593,0.7204326453951583,1.0
0.16447431580836558,0.013602378837532547,0.016217586407207118,0.635163165277057,0.7241919279925413,1.0
0.14273997161411103,0.0013021542902818535,0.018849116410997117,0.6495454871474983,0.7340561774619345,1.0
0.20717277134701612,0.019485694025034136,0.007987799070110824,0.668145422646254,0.7476811523092713,1.0
0.3328415608890784,0.021679240520694667,0.01715274405163982,0.7913016742061443,0.7365224731772699,1.0
0.0469683192183078,0.0017621091024950485,0.009890086362690677,0.6956257314202295,0.7403072956345156,1.0
0.2470582414912639,0.004895926309025339,0.011524222805382003,0.6391419030378654,0.7478665439996055,1.0
0.2957599341336831,0.0022308356462204682,0.01350724160470283,0.7933917157962842,0.7221447805882545,1.0
0.020957296447970123,0.004153046400872199,0.01425052903146103,0.6315026795368105,0.7407502169985537,1.0
0.08416098548798356,0.0033045099588122524,0.02150553123965904,0.692053969482751,0.7553044439537655,1.0
0.25287514204890044,0.02085124141748578,0.008433915988958119,0.7601457118610807,0.7452606699938051,1.0
0.07242387125647773,0.010332859112245765,0.007576744569539054,0.792016421597073,0.7225076689184053,1.0
0.35977169591177244,0.007466386184960012,0.016940400656943,0.6574951057814613,0.7459503350251012,1.0
0.18625343593033036,0.01247008175777848,0.011672857805742601,0.6503401222537905,0.7256082667068486,1.0
0.07147167281779718,0.007280717410545109,0.01173817529233035,0.690873359395934,0.7481027479820027,1.0
0.34908198046701594,0.015615391402333966,0.0217697343226036,0.7432707922661882,0.7259452719934839,1.0
0.31570157497850443,0.013313518025631268,0.008304618814762523,0.6345361297157949,0.7445732469944056,1.0
0.2719645027034826,0.009007196085343606,0.015256903429131899,0.6375916075927924,0.726208045771753,1.0
0.3287575254349282,0.012940804408962716,0.023942820798133247,0.7498972562718657,0.7507505264099797,1.0
0.32710430492763204,0.02125436407424706,0.019434805046708754,0.6211177881774003,0.7460407943701403,1.0
0.0355028568553738,0.015897358709992666,0.021695708638480773,0.6317682981458733,0.7229659443186418,1.0
0.057222688111393215,0.0017543510154903492,0.01942108737532978,0.7695431108190687,0.7405789336585691,1.0
0.13805990252731457,0.006126958775624,0.020104641403511724,0.7698568816242085,0.7328497903266079,1.0
0.11077772922029479,0.0020878014874806563,0.010621500496807622,0.605130183393801,0.7515363048987349,1.0
0.2776112997937887,0.012678550289121956,0.021749272599543974,0.7920757455114044,0.7346916645651665,1.0
0.3011100769324395,0.0014580000132824425,0.009459266689724926,0.6106501336946277,0.7559259348647926,1.0
0.19963315518101657,0.010115981233918072,0.01805489329096279,0.6579488177138499,0.7549478160187784,1.0
0.175756298266932,0.008697564364519638,0.02131776494995169,0.7514120597071542,0.7359600023209619,1.0
0.020360755916704148,0.002756705776963131,0.006078369111084694,0.6048830972696053,0.7261148952856312,1.0
0.32027292774856675,0.019179837728306236,0.01747600722850944,0.724812620248134,0.7249572698621206,1.0
0.11561043229383683,0.012163946590403322,0.02409445207601715,0.7741230788636855,0.7293277402918317,1.0
0.046115846233888376,0.0015749634434967007,0.005563485495637204,0.6340492968436025,0.7477979360837517,1.0
0.011297263391843256,0.022242486574602097,0.015667568064639863,0.6787760430222635,0.7407539958019532,1.0
0.19074344795173254,0.01417840144599687,0.02271253239736613,0.6603427384154174,0.7394787449138385,1.0
0.34462664112069,0.0075769336116319995,0.010425937966567378,0.799507433842207,0.7433757175498075,1.0
0.10988236310796055,0.008594371647725694,0.024721200957413078,0.6861243355829716,0.7292053595317124,1.0
0.1648800649325191,0.002181648345050214,0.02221839224908651,0.6031375054566608,0.7559393454298191,1.0
0.03495016800625239,0.016557638172980657,0.020418833642786377,0.7204614146857369,0.7431068320062449,1.0
0.02850106686999911,0.01663670597146748,0.007111303578378196,0.6483688201412955,0.7399534637529344,1.0
0.3169866264172601,0.018358627511250405,0.02184286422521784,0.609913624154941,0.737114926449345,1.0
0.14847165917114608,0.015960138133944982,0.016784918083800192,0.6694417233414357,0.7310561931636169,1.0
0.05778153411614431,0.01949263416038681,0.01652886882161407,0.6223007010251678,0.7481411058077345,1.0
0.0856121590684544,0.02166298979788462,0.01939295570028851,0.7185987246655993,0.7539546872423745,1.0
0.17938089187149703,0.005073107487005228,0.008067808502363574,0.6863938632743697,0.7382389831611006,1.0
0.17962357896456618,0.013752922812156482,0.021650370481524923,0.7986669391021084,0.7329010126060513,1.0
0.3233900943821716,0.002462143841870391,0.011683178617077825,0.6438085919668767,0.7465753708969199,1.0
0.2004661657728737,0.017416620921862917,0.011666173916239668,0.6765504591106531,0.754625357929018,1.0
0.3116611496032938,0.005667025957710364,0.007253032643276947,0.6418410295531604,0.7369104546009159,1.0
0.36091125348844466,0.015420542387999963,0.013334584895660282,0.6547623465723121,0.7352264402056385,1.0
0.2869598291094128,0.002920843501920896,0.021976658795778915,0.625512006226036,0.7304980032788975,1.0
0.08013241044747921,0.0031745570374064314,0.017768106038375968,0.678625815970245,0.7236734173707403,1.0
0.03626882267068374,0.012238814943595994,0.009617858902618846,0.75551042686379,0.7543003453228697,1.0
0.13812284894011573,0.004151343697566245,0.010733854071638944,0.6478408837501143,0.7514745960374875,1.0
0.20074809550394968,0.0154887447676691,0.021445132983043732,0.6602418180644903,0.7283688267081607,1.0
0.1314582801357613,0.015427964132388823,0.018556820813556085,0.7028058891199083,0.7291378978193822,1.0
0.1973713772412003,0.011984985039294604,0.02046733513549595,0.7419666887904387,0.7564816511534347,1.0
0.2925012738488186,0.002644991849850448,0.013102366184342051,0.7217604739681366,0.7436078028579983,1.0
0.2352631681330942,0.008518130919451047,0.011778536896874319,0.7668014010602473,0.7368773263467288,1.0
0.22733478010861913,0.013104430766809748,0.009262430275667442,0.7198906726298014,0.7333849443577648,1.0
0.06255055159146221,0.022373485284623892,0.02044086582906791,0.6834502866968615,0.7320540740345713,1.0
0.2898772677456806,0.01509126769106815,0.01904185024001175,0.7777998390903079,0.7382518090524164,1.0
0.17939564220914797,0.014719108679577344,0.014496472739258944,0.7553327254675787,0.7202104049313492,1.0
0.12209286193948161,0.021325981884398996,0.015140924259338358,0.6728703759996283,0.7361724846245469,1.0
0.34779300409501857,0.021690221112122963,0.021883292794804613,0.7683313526837897,0.7279606044382184,1.0
0.24043942632044915,0.015106954388988184,0.009054107468921626,0.7492563745493035,0.7279985421167835,1.0
0.12618423750273622,0.019188815454541815,0.019641677937417664,0.7061370871448363,0.7527899719253958,1.0
0.15898407289974575,0.017800901680979527,0.00912485544003315,0.7006457699911018,0.7247296692155468,1.0
0.2105444790580403,0.002718244695195511,0.014252255234634999,0.7303341085920266,0.7445635293897895,1.0
0.04265917593373943,0.008554159288035532,0.021853714458322113,0.7739512106334725,0.732384514788317,1.0
0.23306928397889906,0.022143578563327798,0.006892878245793835,0.709576148448051,0.7437015059548502,1.0
0.02354653275913096,0.0021202475172882596,0.014072361084012764,0.7384947578887838,0.7480070314321251,1.0
0.3438989956972856,0.009108992158349516,0.024287358039448356,0.6236319268851274,0.7534581879454193,1.0
0.3299568328267739,0.018390084535793202,0.0122262003080989,0.7426686213441946,0.743173862640452,1.0
0.3972791199412035,0.007244776440120078,0.013262880443755683,0.7805722074676236,0.731560331163851,1.0
0.1274499011194466,0.017325201057688505,0.02219708019404532,0.6228889975244722,0.744868507242993,1.0
0.2691751252777792,0.015427711979226112,0.024189349405330567,0.6693058416853479,0.7319906768694311,1.0
0.1746202913992714,0.011185716854720432,0.006385539870089856,0.6296484353907186,0.7574149974637144,1.0
0.23810750910884523,0.017223363123884637,0.00523727056881655,0.6445496295866769,0.7350828812339755,1.0
0.13993014142848587,0.014953484050204574,0.009527950345014254,0.6050965872858037,0.7200628420327302,1.0
0.14785680568172763,0.021394988523810693,0.005895614250404726,0.7060130120270363,0.7431125325705539,1.0
0.2573001670555609,0.0011749991150647712,0.017637153468180233,0.6644775879399464,0.7509147584539121,1.0
0.2879012325309859,0.01444814967431481,0.018045817706549498,0.6351895374175108,0.7467669600532985,1.0
0.19831705318893322,0.008317862184232222,0.008331096985763517,0.6579921050221481,0.7505531344981008,1.0
0.28257173058733676,0.016911963487467464,0.018483404482485793,0.7347076847365898,0.7444323281730421,1.0
0.08313759131375656,0.019120272818819777,0.024285283449751907,0.6932968131200332,0.7573295502353863,1.0
0.19704738547139916,0.016573640535624313,0.017875806765010452,0.6474529632001494,0.7218835777501728,1.0
0.31594597397152757,0.007990395247828484,0.020688774423863687,0.7309603363925912,0.7478216540727035,1.0
0.19066871622300355,0.004906631700542168,0.009931610561594528,0.6179700086184831,0.7250709362518483,1.0
0.2341925134934556,0.010486039070274256,0.010338790251311241,0.7722224893795379,0.7410059076536795,1.0
0.2558111600996393,0.0013394333253674078,0.023269513820313902,0.7714926671361653,0.745410848911236,1.0
0.18390579896084108,0.01136675918398688,0.020384412816846994,0.7026283204717372,0.7270409879480976,1.0
0.05484357913317243,0.006405983840003801,0.012354682428794133,0.7784832024350418,0.7295634892879868,1.0
0.09309074311307568,0.012733449102181866,0.017341733925889738,0.7064255063794321,0.7580742660486777,1.0
0.33577141597319754,0.018313867115141495,0.012321055534992171,0.7159567012323997,0.7340588967579554,1.0
0.07287329994127523,0.005658441857334825,0.005773881417406177,0.7217879346675985,0.7475415303515582,1.0
0.206760376777729,0.009102802577530138,0.020847615636375355,0.6077781491997286,0.7219426275527231,1.0
0.23869734755900676,0.01886843549445722,0.016845337783147223,0.7898741657183003,0.7325753856893769,1.0
0.39118149326865204,0.0033117712324932298,0.02091809706392559,0.6023137429320881,0.7394605299761341,1.0
0.2415503729725857,0.018160654348718303,0.005660846047013746,0.6327545453183491,0.7337044152464761,1.0
0.15637185647347077,0.02146516844607521,0.00702412254880481,0.6846564217331544,0.7382836548643033,1.0
0.11501009028659004,0.016367171477610392,0.017356876853019655,0.7625664039466307,0.7362029288991221,1.0
0.3579673155696209,0.019303562141902285,0.02340046784999918,0.653795004505645,0.7594168473812848,1.0
0.31894908338631484,0.015352939920611174,0.02466535946744131,0.6883126456092961,0.7496615721904965,1.0
0.2941751180465909,0.017156493504639016,0.008815117822424268,0.6698102939404804,0.7356901598330362,1.0
0.2879179504091252,0.018917373412567964,0.020770383157806722,0.7192067758778822,0.7255979394594977,1.0
0.35538841703680424,0.01482824881287922,0.022912528571554833,0.7998106036273799,0.7343680893209413,1.0
0.21828365987719964,0.010781893715225558,0.009797341573849223,0.6491829191991862,0.7273988914703988,1.0
0.06111097317402571,0.01027480910106659,0.015466664785443883,0.687646895437794,0.7541971805389567,1.0
0.037718676720899534,0.022332290135211916,0.021899671821204253,0.7320086970812,0.7502529448323443,1.0
0.30753634367075405,0.005466602246810045,0.014779522591479514,0.6355965578648567,0.7501513985732877,1.0
0.10501732530421863,0.00334828051081643,0.019412129139277434,0.6591689261561756,0.7407312005280787,1.0
0.31100699723478215,0.0058693986146210264,0.023816690000927836,0.6642679949779415,0.72415406485163,1.0
0.034206666981534205,0.011077882716337133,0.010005024414469378,0.7772092088889753,0.7406851448088059,1.0
0.18325178031245187,0.0052138768510191225,0.008574587518498369,0.6601312940266888,0.7243320585907579,1.0
0.37552851483319166,0.01533625664599543,0.023422053269145315,0.6513693882935567,0.7542805334320369,1.0
0.06195701754338183,0.01830120265009023,0.006193002637255003,0.6809705677869933,0.7527725867404658,1.0
0.2096359496828788,0.008603129312326985,0.006501116607760405,0.7981943972071798,0.726990949069002,1.0
0.09818672618537402,0.020520740243742615,0.020273767854470607,0.6914659598878673,0.7582169213580744,1.0
0.3579998005825526,0.002299187717295422,0.012822613918691274,0.6108009756752979,0.7599587596703075,1.0
0.2359955873222613,0.005683658340962279,0.010535554503949385,0.689908673211424,0.7329112072996938,1.0
0.26422112320626817,0.014188699938005976,0.023086214064376817,0.6953708080210901,0.7337883584719355,1.0
0.08190452140385666,0.014449117564232906,0.02040065765580323,0.6306923426751384,0.7327353287054131,1.0
0.20468504071035964,0.012434487903567253,0.01944816394106703,0.7155785630442654,0.7227831907229527,1.0
0.36952023471314477,0.0021454605093024627,0.00742499512915102,0.7403950404414961,0.744178957300581,1.0
0.2180032163314467,0.016121779212022763,0.015089529237618587,0.6280376649271299,0.7235774411653316,1.0
0.36953947935028936,0.012992252256232616,0.012164401380356982,0.7817412339042071,0.7355452862471575,1.0
0.051017235598344875,0.016854120328666695,0.019006059142874312,0.7588487985718658,0.7330076525371105,1.0
0.07149497605324336,0.021736854836074734,0.006721546948157653,0.7298026607349615,0.7482102957826074,1.0
0.14930266630304348,0.0019272211853933903,0.01613216515173282,0.7989876285647248,0.7371953982728864,1.0
0.0548590424045402,0.009437768380257608,0.023039299400969437,0.7753390963314944,0.7329436631147913,1.0
0.35503326776532734,0.017487865522294394,0.01756952393865835,0.6305151229120045,0.7229201077028226,1.0
0.2026088879471977,0.006117788184226913,0.010855395899180494,0.678417435440282,0.7398208340849002,1.0
0.1579802104739568,0.0034882554431940878,0.022311808365106864,0.7218308163556189,0.7258440873840805,1.0
0.16960278525167047,0.013913348887516138,0.01717739235698663,0.7290444273959525,0.7479161222937523,1.0
0.12544426922626076,0.0013729781122124559,0.01409283024160766,0.6858860155660574,0.7493730772071792,1.0
0.25444031056457683,0.0075939252554982715,0.012638329496193984,0.7438573724742908,0.722861921942943,1.0
0.1595726759051625,0.016388610204810878,0.008984488301414014,0.7894825987380927,0.7599104781117664,1.0
0.12338643807809362,0.015273133062566373,0.0066629606339586615,0.7742558631413021,0.7406397148504109,1.0
0.13432954102687253,0.018215969006491455,0.02240453534854093,0.7039426773868848,0.7392124600124269,1.0
0.3313449008948292,0.01744420646651014,0.012688561004684153,0.7283851523218638,0.7542943963308371,1.0
0.15831399062041043,0.002217306003318191,0.013177545713747999,0.7544564167837298,0.7278811377370235,1.0
0.01945136470162172,0.02029947480073065,0.021400093898009027,0.7048818383574132,0.7482314798388779,1.0
0.33885775107696137,0.016378122918043084,0.00739934793450161,0.7961378570237555,0.7209012177682579,1.0
0.07284322371262261,0.016464039458220038,0.00640812507937558,0.6162201765686232,0.7386516696225253,1.0
0.11422391470940724,0.014169355456265235,0.01537198148748471,0.7684239219300876,0.7315435843082064,1.0
0.38049628846654643,0.008150594879225237,0.01378811162620362,0.7777626629007344,0.7332999542893783,1.0
0.12512692950669083,0.018404924569489067,0.023607739408755598,0.7262197761333812,0.7449452052503861,1.0
0.009931081080741186,0.004739658374706825,0.00794876709180469,0.6231764005626074,0.7461618926421358,1.0
0.0388254112520041,0.00922550239107995,0.009980453259357971,0.6291721091271765,0.7258451150223427,1.0
0.21705565653353637,0.017299055401961902,0.02205553286504279,0.75028356994777,0.7451285303881668,1.0
0.210296037080029,0.014617172078354364,0.013232411006637369,0.6654768401761492,0.7332684711784502,1.0
0.3196560720161713,0.0021904138131711914,0.0184937048752904,0.7728920385674072,0.7398971338794147,1.0
0.1742248973465719,0.00837937196197052,0.024710786385988615,0.7382530403237889,0.7488543921931567,1.0
0.28521863050462815,0.016535275999526616,0.006327177614922097,0.6445213048954541,0.7205187022171554,1.0
0.3509409426602305,0.014105422495949559,0.015004150556154188,0.785193169522128,0.7268887404408702,1.0
0.3673357658818385,0.020409807730754483,0.01865944972425899,0.6491958324192104,0.7587905609881749,1.0
0.2711883605159443,0.005792593466332127,0.015261783432662313,0.7645152482594,0.7544104089892915,1.0
0.21150356826910935,0.01600020230861427,0.015564976886249459,0.6835362076131322,0.7234167604569756,1.0
0.3053088099392636,0.0015302773894217635,0.006046100515952173,0.7809287156172836,0.7481598845381874,1.0
0.12825713287017473,0.01741134690280421,0.013352015999545113,0.6937595645716224,0.7383519624418422,1.0
0.28994961796981306,0.0032146361062094474,0.015145022110933421,0.6339911654918724,0.7218613123830863,1.0
0.348387299843138,0.0047871747927799154,0.010567384180247011,0.6276189576440813,0.7494218040663103,1.0
0.37773584026480306,0.015282978518329899,0.015627784409735435,0.7313261863256336,0.7216170153283865,1.0
0.382789696114813,0.0069370071739438864,0.017565909654862672,0.6403830488279749,0.7418988717840184,1.0
0.37622958129812994,0.008293163850211945,0.01887010526085523,0.7432854228694359,0.7288459520465896,1.0
0.2638914092291718,0.017427636286439736,0.024998945149090672,0.6080464738852961,0.7280922017471023,1.0
0.0660014507061775,0.010766346203372247,0.02257073113225875,0.689744653813551,0.7467392159133766,1.0
0.13126700954789047,0.018936056473824407,0.018110950202368394,0.6701790576165072,0.7565664104498866,1.0
0.07936852518321896,0.011389270043055144,0.018493988758669515,0.6734225178512324,0.7537513894510157,1.0
0.1897670880741142,0.01946229560016995,0.01425835612932306,0.6828820283701633,0.7241486558133399,1.0
0.16183407872241728,0.00488337986332653,0.016756464034263355,0.6287684141100696,0.7289475915441557,1.0
0.11124850806627114,0.014752868667759596,0.018810262658414092,0.6602580821213301,0.7234955072598688,1.0
0.04169487593626778,0.012077567152763164,0.019524356842579204,0.7240659582941606,0.7379307056484807,1.0
0.04519015706745735,0.01992003239860652,0.02100257745282406,0.6839477160729169,0.7261146868760285,1.0
0.36911327549340495,0.006024650281982591,0.022482314159756572,0.7006590439860578,0.7384693854690947,1.0
0.089940437742827,0.01020996949228342,0.023769688776098596,0.64765138579575,0.75686334235519,1.0
0.025503339289821226,0.012424651135714487,0.008436385993873773,0.7243428511913355,0.7595817057285951,1.0
0.37031514233450963,0.005587020986210136,0.01584639197778603,0.6469662032789901,0.755976988303106,1.0
0.06581377040163391,0.0012614965818514034,0.008638957201732434,0.6379525693709066,0.7230996075010244,1.0
0.313099134434969,0.00647135219296602,0.020665154066224052,0.6844329093593596,0.7510208123739274,1.0
0.22803841946271147,0.009204626652014623,0.008753516340469383,0.7171265768004002,0.7500332319991141,1.0
0.1457343202361012,0.012152303020725301,0.02027557197170173,0.6108995189045181,0.7228755333320344,1.0
0.09327128240644189,0.009054889420329738,0.006875061597192471,0.7184016061350575,0.7468696202397742,1.0
0.26195656053975414,0.009522199992630629,0.023698564496357155,0.7452664032055981,0.741107249833071,1.0
0.2613451197608052,0.013721991289348055,0.01866659997875093,0.7562249530616603,0.756601984759129,1.0
0.2539232733396105,0.02176805476869688,0.023228447980011353,0.6005228714030442,0.7455046986498403,1.0
0.12160109851110687,0.00739625429431516,0.014662592792742148,0.6021732355986733,0.7294318563209863,1.0
0.261970633459099,0.020119682941895912,0.024955773196638643,0.6897113783564195,0.7304056444117661,1.0
0.049697614428486754,0.021946138092707027,0.019296749094364046,0.7007869330734828,0.7238660214929693,1.0
0.22009021800536596,0.009897785909960459,0.021853289887240734,0.7284610959386874,0.7372758538598277,1.0
0.19476677248074242,0.004504376993902366,0.018340253249463707,0.7211458144931521,0.7524028547250481,1.0
0.11506617054587397,0.018982500223568743,0.018819941629197694,0.74134183281187,0.7411233828562538,1.0
0.09497448545125667,0.009636378545087792,0.020924651433296474,0.6265921803937362,0.7523243797206486,1.0
0.05457396111699495,0.0027017139390074245,0.021860574375074684,0.7557231091251272,0.7315216538155807,1.0
0.10265759828489864,0.005579234167414028,0.019661113033843963,0.6431126168713835,0.7286439408707049,1.0
0.24075957688225966,0.015813060287506307,0.01806980937896168,0.7137198312312157,0.7586429979536334,1.0
0.34475392070788774,0.014889213073112783,0.00668323881375672,0.7620176921952179,0.7433755416675927,1.0
0.0761898370714215,0.010406037024060684,0.022611649487485685,0.6430862386172631,0.7200049962614877,1.0
0.19757926742468274,0.018657477930991307,0.01786581801146702,0.7838126937914353,0.7382225772651158,1.0
0.09641019555530675,0.005688343417590739,0.01972219794016121,0.6160718246090618,0.7297085433933204,1.0
0.2328837231493629,0.0020016335949691435,0.01908510096659571,0.7013364735506233,0.7541808690999207,1.0
0.006756402251226509,0.005423390374260793,0.0101592740112989,0.74044645783233,0.7403725671068038,1.0
0.2075825435194677,0.008038769129976921,0.0070732129341737875,0.6405244197337473,0.7360312032138272,1.0
0.37576177426029594,0.006153983806929775,0.018321698788933676,0.6305091822986603,0.7485501248768933,1.0
0.2640883802221982,0.004509179619362274,0.008606488927616467,0.7117815266629155,0.7350164618363485,1.0
0.12701110860972187,0.02149954156485899,0.010813122001637776,0.7084094849471,0.7541742222216338,1.0
0.13249689405777967,0.012877388692386617,0.006659822524654548,0.7091372805415385,0.7372555635341417,1.0
0.3399216230379763,0.005291755215419939,0.006630718109215262,0.6781113962489671,0.7413660163280219,1.0
0.2532816625442416,0.011871502513960113,0.023732520693301794,0.6818782246639186,0.7232997669179433,1.0
0.24432807563348158,0.006504539620052351,0.010379769036112676,0.6679144968044701,0.7498456711963623,1.0
0.14339877036987309,0.005202992854850576,0.01341273904334206,0.6703679385959253,0.7596009965649271,1.0
0.2733169243606863,0.020646443432864342,0.01758123154727767,0.6498756949839708,0.7442964038133312,1.0
0.17182819842832878,0.022055478499463706,0.010571820271897053,0.6937870292956622,0.726394681827968,1.0
0.2433763475139044,0.017146837725283363,0.017729197472336904,0.6658567995805942,0.7223847269026008,1.0
0.2041865129721158,0.017569009571136097,0.017805791245839097,0.7742517255201974,0.7513193151478037,1.0
0.2547274622922558,0.01706666038328522,0.024137607383454898,0.6844704325244492,0.7459312796924454,1.0
0.2964421306535659,0.02060785318317698,0.0233845203143915,0.631417503477502,0.7281638639048351,1.0
0.2542489049472488,0.020459806667381526,0.011276011188310708,0.7696041622292527,0.7473510342793543,1.0
0.05496527575327751,0.016108557443185064,0.00816923025448536,0.7588658079486297,0.7422838016050927,1.0
0.11383396918896076,0.022152680290884484,0.01944334221821053,0.7556127294329754,0.7507484371066135,1.0
0.3761810425737568,0.01355216232272755,0.015400911702082989,0.6547420884845735,0.731269436793667,1.0
0.13723313154764416,0.01666728102065357,0.024054135176296502,0.6878614873557518,0.7238930257151857,1.0
0.008761597519716823,0.01792057570735438,0.015513062340774368,0.697946440801731,0.7427776864231075,1.0
0.13289202235942896,0.007052441558103701,0.013305949212477904,0.7789818563831133,0.7254148183915137,1.0
0.08095866904001474,0.01018344499985371,0.007669968382463424,0.7521591227804465,0.724138695703383,1.0
0.11074557832326427,0.011152084932439748,0.008999759234350828,0.7460447358951439,0.7579310395707329,1.0
0.3814955170465672,0.00799338672174583,0.01615694334103803,0.7403179902171152,0.7279707446426077,1.0
0.03179185486229979,0.01598665618460243,0.013332322394489568,0.7783289065279182,0.7309596755429255,1.0
0.06071073864972379,0.01404977901929849,0.011156163597443577,0.6363563221906575,0.7237574868687666,1.0
0.09710133363740196,0.013315509859527523,0.02458837445670556,0.6631923640559063,0.7213977711086691,1.0
0.052132193717412456,0.01096059583491257,0.019893011393212544,0.6592888771563716,0.7258337108337537,1.0
0.12396618249545077,0.013366162510213001,0.02367573119345504,0.6582693909853052,0.7404996645794507,1.0
0.27822865443656314,0.017156780757752493,0.020451387497122005,0.7079832040668086,0.7414424843160906,1.0
0.2805710666948545,0.01540623977663823,0.012642693842853272,0.7657085291209754,0.7294481155748356,1.0
0.14133907655070213,0.006457371668706553,0.018263650244063127,0.6462035702299922,0.7462595935340347,1.0
0.06521777688972756,0.0065555196786019915,0.015434535686064456,0.7466210607847397,0.735930065766987,1.0
0.12155589259204658,0.003045019569378032,0.0055029900218046615,0.7946258623993708,0.7238563973746366,1.0
0.3490308136064589,0.015265362567964047,0.013721450624906525,0.7298046811451699,0.7573993929412164,1.0
0.10126585573425623,0.019496458674620926,0.02061278690602214,0.7988513443114382,0.7325563526028877,1.0
0.14075708836152664,0.016374503610488103,0.02265485895243173,0.6341564190516723,0.728225546201408,1.0
0.3383107841640281,0.002697415007275401,0.02201761619511807,0.6686241059090193,0.7362490645589,1.0
0.36503456232003656,0.00381207802153104,0.016485489623526865,0.6296216161251583,0.7571437852037937,1.0
0.09735861333312576,0.007402232763895301,0.01263030655925355,0.6810835350590873,0.7526937143452822,1.0
0.1740399793822326,0.016468060124131587,0.014157297526876132,0.625648003376958,0.7242995673707812,1.0
0.243133743857993,0.00389908854443704,0.016002683413948147,0.6539219289617467,0.7478165366243317,1.0
0.19026425543482636,0.0021236792038060006,0.01161015550550641,0.6031150288573758,0.7387639504231173,1.0
0.044586914909648105,0.01680728787787158,0.016683905341846623,0.700921054627204,0.7439793304912097,1.0
0.2855841237384743,0.017762815601296604,0.020564477311737547,0.6538919578787377,0.7461562803875941,1.0
0.2006907473705255,0.001056529091279628,0.008871735180166823,0.7263468231665211,0.7549744602081252,1.0
0.22562835290886038,0.014690662932258155,0.023647819623654923,0.7310287589289913,0.7241213080988295,1.0
0.25612683091036414,0.005635823050409502,0.023566109497545763,0.7841374401571772,0.7579462344062885,1.0
0.288195213644325,0.015254798999099263,0.005712075626755442,0.6531130152692559,0.7282706691871788,1.0
0.3814562180353639,0.019180435237604272,0.010868491827365538,0.7060063062198646,0.7276906448634665,1.0
0.030676283360879388,0.014816039769711985,0.01813841548992658,0.7677003241606888,0.7548620725370901,1.0
0.29850117373437995,0.003896214105787645,0.012474300234916219,0.7031073143118443,0.721978796563483,1.0
0.11209085949606508,0.00374216008713507,0.023681925444126662,0.6576638376174233,0.7400468665803566,1.0
0.22882385738784136,0.00984715916232982,0.023595848118485703,0.6444995510733217,0.7271800296335483,1.0
0.1737841864433991,0.018135200662282497,0.0058402008260873455,0.723545164882244,0.748427165715915,1.0
0.06257646409473501,0.0062942292022535535,0.023648864631384846,0.7261257690966602,0.7215219613094205,1.0
0.315249021447929,0.013200701716812938,0.016308309632377477,0.7759731286622571,0.7296439167748491,1.0
0.24745334931072183,0.01997209659955849,0.010305012893352363,0.7362588729582704,0.7260951612743309,1.0
0.3610964728557813,0.00353624739048707,0.005486910733103894,0.7549880896221569,0.7345003819410072,1.0
0.32094373023873723,0.004868619518912986,0.018006538830420714,0.6627056657675269,0.7241707384258738,1.0
0.13087233314761978,0.01963198824202152,0.023380713004638017,0.7698103523841906,0.7328940698974185,1.0
0.3576562537510809,0.010738360153343916,0.019154794471160315,0.7654328402821269,0.7311074661947129,1.0
0.25180688752059793,0.013689133498909338,0.010404001453171517,0.7169413442770685,0.7516142901791337,1.0
0.10071549897560102,0.016587526092605456,0.020717440333635897,0.7908578875737841,0.7259034329166988,1.0
0.30721403042001144,0.01609084802051409,0.011261072583807563,0.6044385902376308,0.7403020197647777,1.0
0.11947930247604303,0.020933479409642047,0.008059377841064183,0.7868464759181109,0.7401522684004296,1.0
0.1170170907195546,0.014629294277821805,0.016131767914468336,0.7848332178835669,0.7271719370736969,1.0
0.3798409377841501,0.0031062393469012575,0.017693649380879927,0.6121128226430506,0.7230796323248241,1.0
0.22279034505085318,0.013320063273202242,0.014473041930998859,0.7484718681163209,0.7596875414545959,1.0
0.13275866858940463,0.007945565160379116,0.020265378926117048,0.6696031002247457,0.747069482703306,1.0
0.24508284347408996,0.018823830515305333,0.015281173751084114,0.6950346401693411,0.7306789833442121,1.0
0.10865284779929354,0.01913675942293611,0.012777280537231678,0.6258215263669907,0.7295987011170544,1.0
0.36693356875275224,0.007462072219357762,0.010287724081986232,0.6813119669620271,0.7587101791316858,1.0
0.06411884067450317,0.014195695672655677,0.020837284066880693,0.7536020682740475,0.7395538196701846,1.0
0.23551671118422857,0.005331067131322358,0.006121072812730173,0.6738999360100675,0.7224775600779015,1.0
0.3324072056204502,0.019152324190677,0.005681478426800357,0.6139070935018988,0.7467946835036497,1.0
0.06399656512850439,0.018318886781240003,0.00932992325412844,0.6156298509391421,0.7499802855240003,1.0
0.16080488179887284,0.01589361338134599,0.023227613773824058,0.6068364885533295,0.7451071775070134,1.0
0.19228441517684663,0.010115594270992446,0.012799593356690595,0.6380712200494923,0.7521059974577993,1.0
0.35544252306990953,0.008625367868349552,0.02179426689358307,0.7088932663049375,0.7354250093943917,1.0
0.3157285767183518,0.011377851990901359,0.013508408567670736,0.7154837940744645,0.7434065351402287,1.0
0.3042768369848419,0.00959401112670687,0.014059966857649856,0.7210636448559025,0.7594739560772266,1.0
0.09662135596505232,0.0048030762300291276,0.018788884286162672,0.6898189274836816,0.7355442536029709,1.0
0.3569996590743187,0.010528220257281295,0.017153866229726582,0.6225059156585057,0.724318888667396,1.0
0.15010170193112596,0.011167061947126099,0.009891562988984737,0.669935501175462,0.7202504013609508,1.0
0.05207267725818477,0.003760266285038625,0.005090121951200066,0.7392761132130214,0.7572513509619754,1.0
0.042999810511524315,0.022277463161938838,0.024511703417530267,0.6936469071314978,0.7243147687362518,1.0
0.3847799407709577,0.01774204148898189,0.01748405709141962,0.7221663804742154,0.7591167245682252,1.0
0.06407462773829734,0.018862446061903144,0.00790226160639518,0.6766592973858059,0.73125997024219,1.0
0.015160170687828538,0.013174402165998439,0.01302479041666922,0.7103180425274023,0.7321803282599001,1.0
0.23858214093540334,0.021665951500443734,0.012000119085173174,0.6004579074692644,0.7512506225984976,1.0
0.028187841894132728,0.014445438411939859,0.018220357340802403,0.6291467734095131,0.7421009821141032,1.0
0.011498422765783885,0.01963858844308653,0.014833903424529282,0.7563398201821423,0.7489157212891644,1.0
0.17799159454097133,0.010192338045279317,0.010635111341023405,0.725029442680643,0.7394445000222114,1.0
0.14582212088436378,0.003813161944600507,0.022248709042389084,0.7656093883929369,0.7340400074846297,1.0
0.19949914797886667,0.017360900088318653,0.012802647373290248,0.7071278470782459,0.7223126441625899,1.0
0.3137974150711657,0.009203657866716864,0.005702108484591803,0.6335272571423893,0.7364639212834245,1.0
0.14857659151385624,0.017021493719145683,0.022161211745901667,0.6682273228411425,0.752015022834177,1.0
0.16903699240330552,0.0030975915200542404,0.006050559775895514,0.6129054754970894,0.7241900810832654,1.0
0.21975246383530758,0.02136884603720573,0.01576000602625027,0.7257422664620774,0.7273793584456197,1.0
0.15719450677731409,0.021025859856017955,0.02367842431563584,0.6396997225004482,0.7448052345575347,1.0
0.22720135638591707,0.00367308872189571,0.018080306376817238,0.75981705698484,0.7338090413541252,1.0
0.050949538807964774,0.021009807296971095,0.0071907570634464,0.6416754213336494,0.7319391390320014,1.0
0.2817590885984302,0.0011508104170667045,0.00867123094318821,0.7500302358383804,0.7361533796400325,1.0
0.38574716693640976,0.0042515076282220845,0.015209332800936552,0.6496632195289687,0.7494987728090143,1.0
0.16190205939233276,0.015156666861369184,0.023181471690929708,0.7629618236985213,0.7365959087057966,1.0
0.35531691824067313,0.0017390152091663732,0.005456231446276528,0.6411590683130044,0.7531048657874138,1.0
0.1176853175545993,0.014524976838013777,0.008684856201227616,0.6606232682487146,0.7386765090849277,1.0
0.3970034051712836,0.0045140893724072585,0.021998742098405064,0.6940199662997438,0.7251649471888075,1.0
0.20261694214008788,0.008600683686588019,0.009692045982259874,0.7917878274331498,0.7385351896253276,1.0
0.06977989179560344,0.004944520445445263,0.01692055381884903,0.6539751285233645,0.7273975142244504,1.0
0.03512691477132972,0.017193120286388665,0.01064326292739633,0.795683830661527,0.727324845099165,1.0
0.15308890469552172,0.011753285043841842,0.02241271737958907,0.7669540419928375,0.7203982532345518,1.0
0.33203500876102987,0.0010042528682742693,0.015672791444364877,0.6518951242666404,0.736510741969684,1.0
0.1597430040834182,0.020176927627542154,0.015729272179390692,0.780749344765597,0.749069696292854,1.0
0.1999576542118372,0.009381958571413771,0.021571485564006433,0.6375195623941927,0.7574564912904621,1.0
0.24664439181739317,0.012111230105417382,0.01608992954089835,0.7335350832845654,0.7462014102040344,1.0
0.23506386354486425,0.008624468474801514,0.017740606116057576,0.7095669160535838,0.7271871973484997,1.0
0.18552031175439865,0.012855993374151945,0.01845285729849626,0.7305743547834275,0.7499571528036018,1.0
0.04860453732625599,0.015387360855498404,0.009719698933313644,0.6229209737099654,0.7252494997123763,1.0
0.39675588397945183,0.0043810970237723275,0.010970731245969357,0.7841468303764286,0.7585323225256321,1.0
0.35277881533500977,0.0039867358072447935,0.020230728226010315,0.6026016321294743,0.7362647851696383,1.0
0.2830831655928535,0.0013452068241364707,0.01429803412103066,0.739345804948987,0.7218681949300073,1.0
0.1476729759215973,0.0045532153932082145,0.009509289920609216,0.6677811857560927,0.7279350040728917,1.0
0.25500803591724563,0.01031874734099148,0.013540642997902447,0.7563399038737405,0.7320406685183154,1.0
0.35770402609217167,0.005762558849564262,0.017398014600489144,0.7895943560109568,0.7411918101982181,1.0
0.1274681874529946,0.013132318692323258,0.011220715024019057,0.6007438850134801,0.7598923240178264,1.0
0.38937528416850903,0.015040205772913231,0.023078672178971454,0.7934405494107266,0.7427131682536793,1.0
0.3080953141637711,0.012262012956011828,0.018098865683817716,0.6388542714653198,0.7204413048576139,1.0
0.17681349037936325,0.005903130617527711,0.01528071795972396,0.7315888284449333,0.7462317539640015,1.0
0.38669604311086786,0.0201499427872376,0.017403499186938523,0.6411528309182258,0.7577380463667971,1.0
0.06481381609163374,0.007827740549966853,0.016472111226765764,0.7362945263971609,0.7205317070938254,1.0
0.07413272188946066,0.007374424307529955,0.011441734515913031,0.6664891997797485,0.7504147040883788,1.0
0.08262453826496621,0.0014798634697776355,0.020565989134235324,0.7967444676730248,0.7463818863706626,1.0
0.36368615428845863,0.006481510706814879,0.006329246102760104,0.7019939809944432,0.7304139481269531,1.0
0.1852384409798147,0.007854884217463493,0.01472649163166107,0.6760303761099803,0.724522373471275,1.0
0.2820031171999393,0.0018881405974965717,0.007315728505426127,0.6193028941424048,0.7224697418803531,1.0
0.06705937150979913,0.019229192283393454,0.021564665923963517,0.7566292950556771,0.7445882602615429,1.0
0.29670007828192096,0.020120226711614845,0.019646860592715313,0.7472918616041931,0.7521632469085393,1.0
0.08914637206683064,0.0028176632677347534,0.013380871207637977,0.6183371343372125,0.7267721612621733,1.0
0.12358148495942141,0.021854953181643395,0.012578625453288212,0.6481785212102162,0.7361379790855292,1.0
0.2711813450567025,0.014641035364920233,0.005546858155409924,0.7022646311613571,0.7214479875070174,1.0
0.3746442905977671,0.020510989392639508,0.00911424224181853,0.7485290295442787,0.7517226388416226,1.0
0.10754147496620581,0.01069294918840144,0.009430088580731808,0.6048618914422382,0.7463605051145983,1.0
0.10300616782260909,0.019212734866941656,0.014913612799584058,0.7989315354425182,0.7517343130775587,1.0
0.31046623827508035,0.003277385327438365,0.006300580013073414,0.7830157545228927,0.725527887521592,1.0
0.2459148495645927,0.005555814522892906,0.009505700874155537,0.6932482684582753,0.7344358036583971,1.0
0.034655097230647865,0.011508311393773122,0.008485198354310339,0.7213450018001496,0.7246485316704137,1.0
0.32253614822310883,0.006056090285817296,0.019741306775876512,0.6546125399376382,0.7294011002093532,1.0
0.3529681338469857,0.009539061675739651,0.009875210597679474,0.7073278947393826,0.7354256564714055,1.0
0.396226019233646,0.012321350517315423,0.014034977953056986,0.6686070796627771,0.7589335492908055,1.0
0.07530875967473952,0.021838141965770535,0.02421764251998714,0.6871450104670153,0.7339274405213183,1.0
0.3324250316603159,0.011718440844095838,0.011616259821060668,0.6602788021726027,0.7330639490885767,1.0
0.31255507236030744,0.0032566370656614335,0.012966289898677055,0.7669886674281731,0.736164235827676,1.0
0.3795602209022906,0.0037206907009597282,0.022697078055689487,0.6124153597473609,0.7365411765141028,1.0
0.15116516173596395,0.012494038050671355,0.009080033331743644,0.7138069034933674,0.7253823486759695,1.0
0.2355970158096413,0.01136154046860533,0.006093335916661627,0.6999548671833444,0.7425427772144496,1.0
0.2726481846587477,0.0026504506973406925,0.009173781628969915,0.747509703464847,0.7258888887570409,1.0
0.2620878624222318,0.016670096631938913,0.0060297850924686406,0.625317882650443,0.7378447202337305,1.0
0.18424358756651626,0.014912004845452794,0.020119858130439178,0.7899087695015805,0.7339952285251778,1.0
0.10931318169384054,0.004185535568613508,0.012884912839458322,0.7745134531803132,0.7338823958777743,1.0
0.21143998839907288,0.02232679205819301,0.00876362437337519,0.7555749903513443,0.7529343577429721,1.0
0.24972281827248735,0.010296029191150554,0.010246538730799438,0.685223760014472,0.7238116054652028,1.0
0.33253124749357515,0.007609098567465379,0.01632953648759965,0.6464297064078873,0.7250984180069124,1.0
0.05797250062062539,0.017812549987932597,0.010435090975018482,0.7637026786005322,0.734740182975617,1.0
0.30147624046563126,0.01197071415466263,0.00901954852819748,0.770081709610687,0.7336061283694304,1.0
0.16932041274453666,0.013340177908148097,0.01719770667878195,0.7671215690607641,0.741656272951739,1.0
0.10835820064068369,0.0031680726483296574,0.019718485784725234,0.6211883092999516,0.7442325052909918,1.0
0.31527390500526636,0.0026045385432365534,0.009058226870223427,0.7819124754046277,0.7428894731784805,1.0
0.3003321248576013,0.0204044046984169,0.010260192738990979,0.7802951257622687,0.7243477850416301,1.0
0.07011647091434602,0.006724081924949319,0.006931878801832825,0.7607353013773201,0.7593692824816671,1.0
0.13361672435870858,0.006998067922670054,0.008096562004298502,0.7574888433477386,0.7224287936003648,1.0
0.3712896321810741,0.0035464403336112975,0.015590477024209648,0.7985702717288674,0.7541047699619371,1.0
0.013872073449156265,0.0024701150754171904,0.020880341968853848,0.6752889708381937,0.7467372750983619,1.0
0.17176275012241018,0.00408270764006676,0.012733890061584237,0.774209688463721,0.7332434311612791,1.0
0.38385690978798875,0.01563455354293817,0.015817135038751318,0.7658214693362476,0.7364464271238839,1.0
0.34374136241214037,0.0070317119456038005,0.012420959743552798,0.6551485928396892,0.7463736337139295,1.0
0.21138982003752324,0.021765568053315865,0.014445505763553794,0.7567444788393131,0.7463238046870668,1.0
0.02162756734850233,0.015136143012132827,0.01785190168552451,0.6249747989185096,0.7518365990144267,1.0
0.13303767568989947,0.018715126795688264,0.011867419189956475,0.7243701582567653,0.7447165920582597,1.0
0.17201928407701278,0.005789743123537063,0.008991413238021119,0.730992377725442,0.7204563998114302,1.0
0.16117944737190434,0.007424275861565459,0.023399487998749146,0.697334428421369,0.7445730100594111,1.0
0.3492074530263631,0.0037894527810667057,0.006633063581840473,0.7987421568669478,0.7203553520650428,1.0
0.24637081797365531,0.012879846966747087,0.02071655918360187,0.7984945895270917,0.7218754328597571,1.0
0.288127179072925,0.007577695082719898,0.022857227698418622,0.6913985682899424,0.7265791384780779,1.0
0.37745562006773437,0.0031395707449279873,0.020033617343091063,0.643002843833044,0.7202688887067609,1.0
0.342689384912195,0.004035453350850245,0.007613377659969211,0.7478095412400313,0.7362543855425855,1.0
0.09585014871045784,0.018083941387190494,0.017465375801160393,0.7521857545132997,0.7239109295595215,1.0
0.3198569690586262,0.006714544143671266,0.008383779367520572,0.6763567787634385,0.7333351989535513,1.0
0.3818082455157221,0.011386615697941962,0.017161527122198494,0.624221381749919,0.7444014035252605,1.0
0.3731120844703479,0.00986481122304894,0.02064124200952434,0.6608361956924244,0.7431576142531152,1.0
0.25190316774976407,0.016289911700979928,0.02251969050405181,0.78508487266176,0.7283309950081227,1.0
0.2224380701289704,0.022403602090586762,0.0148030464662156,0.6661809926206854,0.7414904509973236,1.0
0.07499667427241605,0.004201788972949964,0.005558310901421038,0.7444424606090568,0.7330189818344729,1.0
0.20733628935762127,0.007954054728399393,0.012860355415961582,0.6631063634123622,0.7201593405743533,1.0
0.048722739099953574,0.005711561536853843,0.00880634087127663,0.6662734590997414,0.7264079071798543,1.0
0.10108941659405499,0.0023161249332068366,0.022411259543396584,0.6611162214197422,0.7238112858550552,1.0
0.05369382975567728,0.017621503831322206,0.006231558864796791,0.6929271899888463,0.7577530532046312,1.0
0.0845406273776717,0.013909995594997138,0.024597081431906788,0.6771671496571188,0.7459458037110882,1.0
0.2583518676393994,0.006432234396530203,0.01726575214982661,0.6177322416167219,0.7409987608682131,1.0
0.2742749378151183,0.01707490042196878,0.021962850611187947,0.7984790737838164,0.7383741911861292,1.0
0.012277367919588068,0.020459371216083537,0.01731486291057158,0.6842689958546474,0.737372509710426,1.0
0.33422065139667817,0.01836992904076931,0.015211693060940475,0.6742293275136063,0.7578215744566215,1.0
0.21974309655271357,0.013863857038608292,0.017597330163725652,0.7426145768213808,0.7421273878016467,1.0
0.3445871146381179,0.010508541510036003,0.00837072224251073,0.7153311427542202,0.7448295808852473,1.0
0.3567782362432167,0.0029999355260238664,0.01074837009670401,0.7731579692645237,0.7575765325208882,1.0
0.08109437282717047,0.010037084174963597,0.01412332890848272,0.7039138756325101,0.730974123207318,1.0
0.2639571143817063,0.014368574246427745,0.018242050302306693,0.6754569966395162,0.7334582735399957,1.0
0.38071471176841903,0.00949776971760294,0.01712264792675851,0.7045686374333078,0.7550488726397797,1.0
0.17648705552068736,0.01912007720881752,0.008219152280598116,0.71885890957506,0.7359963283057521,1.0
0.28994672613624484,0.0012269596503317565,0.021789478008932876,0.7406359312362624,0.7424384366233058,1.0
0.06398007691103766,0.014510590601455986,0.013798805456275279,0.772324062446226,0.7304949428111068,1.0
0.10329299948031197,0.0146808172005057,0.005966892844314267,0.6783414853628769,0.72690742463463,1.0
0.13010758100520406,0.01758795128005011,0.007291887208600365,0.7112426133838485,0.7437471145176662,1.0
0.019214355785946956,0.007627163705052394,0.017181508788238244,0.7925259990324414,0.7236313403995465,1.0
0.27862286823849686,0.015393696235324751,0.015322946830644035,0.7933651901220288,0.7400710055395473,1.0
0.10869563813549223,0.018335632735097383,0.024930914678778667,0.7820171975547521,0.7321628687500777,1.0
0.04262656359634433,0.01557071253168063,0.01184292465973373,0.7317340179191196,0.7364899603031786,1.0
0.09635423884894065,0.0019113040064537938,0.013545398455997027,0.7680142573456367,0.7495198703590031,1.0
0.323843861277868,0.008996705442934723,0.01512051458986797,0.7016902340170802,0.7245283406774429,1.0
0.28947101270513254,0.014135808110935824,0.019919318694190453,0.6237782536249713,0.7504563578533671,1.0
0.35134659502161547,0.006266023215542104,0.014839847673808804,0.6974532593313268,0.7307540128156805,1.0
0.07831071588485884,0.013257164995358811,0.023260560506669605,0.6633215144723301,0.7403225043908583,1.0
0.18373712354346164,0.01887209706184527,0.013927813303397395,0.6880484933421747,0.7262895984871737,1.0
0.24654121399632267,0.01878767078059249,0.007708129737003873,0.7820187892213976,0.7343551920745734,1.0
0.35830909379716097,0.020270373681910234,0.01549717753823144,0.6553529888906682,0.726877578893527,1.0
0.31334782206192435,0.007978702247593466,0.018891229220660173,0.6390401644559194,0.739140145307556,1.0
0.20392686771149113,0.013253823754783794,0.024818699292688904,0.7799790094378405,0.7478346591009676,1.0
0.36801627975399126,0.02019060052022199,0.022734068601484775,0.6958033728706112,0.7268282684424423,1.0
0.1584634404012173,0.00840821822838305,0.012815640251185548,0.7118141114931625,0.7333407532297663,1.0
0.2608508993187467,0.011940546197278357,0.006079464633709905,0.7873085364742345,0.7364678513248156,1.0
0.18513284233605043,0.008848101102127085,0.018491758212360196,0.6027835391647698,0.7549403331724271,1.0
0.3998869016664029,0.0145037765272995,0.00632492948209368,0.7124874118853682,0.7332523116986246,1.0
0.3034110468888445,0.01190081537594138,0.01359554799014949,0.7991737731579073,0.7466953633984305,1.0
0.16218792638101667,0.007978531434972078,0.01910838847603259,0.7175771029812055,0.7539273934121573,1.0
0.2350208991020652,0.011263164639128378,0.02025241892582133,0.6829984352197036,0.7540775841891966,1.0
0.27858689332048137,0.020198874330642522,0.02038147727392242,0.6685216285031903,0.7482535601180309,1.0
0.027975206383464703,0.018014707402364293,0.02116018230463331,0.6045861877831195,0.757911800554799,1.0
0.36258249823697875,0.017945752301365497,0.023013070556174246,0.7666751266234137,0.758959814783473,1.0
0.09476724458573833,0.009375607310759232,0.020037584972381624,0.6313938557606122,0.7571936934471608,1.0
0.35101002158094613,0.011400064814029637,0.021812402967426817,0.7916591394955559,0.736885898083029,1.0
0.09455345334669395,0.018216892908588574,0.021398512985662147,0.6590491408065592,0.7209656304988276,1.0
0.07215021102685874,0.01859884822578077,0.010221945560343124,0.7887385585093055,0.7588723584430755,1.0
0.24184771869393884,0.006749702085697192,0.021145168296660716,0.7403190762416029,0.7590867338820105,1.0
0.028213359671249452,0.022465306070037345,0.02176527278877751,0.6442979376597098,0.7490251146359862,1.0
0.2253345778640143,0.008801022181535011,0.012626660824752538,0.6489039612344152,0.7309938086253337,1.0
0.10301728901372136,0.011028458857692915,0.01654695441140911,0.742222284570502,0.7470858260273127,1.0
0.020479888219104674,0.018902660121002307,0.022446256859291865,0.7957779039466544,0.7583884622894476,1.0
0.35823732305692346,0.010632181015409857,0.020746712794500858,0.7910669084513436,0.7518511422883065,1.0
0.1542149025913722,0.007268169215027432,0.01234127048627655,0.7641153323584406,0.748060012848743,1.0
0.28605637579018633,0.00915700251985983,0.016155450140732906,0.6740738545538693,0.7408651741154336,1.0
0.29379660699509713,0.01719342545497354,0.012820775909803921,0.7380990885826708,0.7295484652578833,1.0
0.23532723213729423,0.015759367026348548,0.02323991983508501,0.6609537273079582,0.7538114365857984,1.0
0.22300422051895416,0.018804146719633184,0.01946299210539381,0.772573933775466,0.7525952477006549,1.0
0.3972099853261654,0.02114546629245206,0.013603492424765795,0.6094418951377752,0.7321398669275652,1.0
0.3805938157020393,0.018880947016587477,0.012934864732091923,0.6113072999372662,0.7407033137603816,1.0
0.053574092935343494,0.0032758469473657677,0.008060737673121916,0.6411647346769279,0.7501514563746189,1.0
0.1775905614270956,0.013865198702137035,0.024202669548640327,0.7512938097800678,0.7458285045552481,1.0
0.2891205458418421,0.015840359111376948,0.014928142389997135,0.7133694160279958,0.7384596586579578,1.0
0.11195338834371991,0.008637083827141389,0.013570592346193087,0.7158758809968973,0.7399950038881206,1.0
0.13928959390561788,0.009088159574935046,0.019138519302261847,0.6665784168710909,0.7203182326233855,1.0
0.20131437509824082,0.005052653341855968,0.014892448225584654,0.7148410744172246,0.7573375161027742,1.0
0.017261085440205923,0.009185706143124157,0.02086913941563077,0.6521124911979856,0.7569989228600097,1.0
0.041516838269771296,0.0061959166138760265,0.023125983981773252,0.798291950234962,0.7545206357026941,1.0
0.30868350994148896,0.0057778943373194966,0.012690445748962553,0.7394336257201395,0.7587560535673825,1.0
0.20085538630816796,0.00573362337244767,0.013064454854987303,0.6126037215391289,0.7543434358250736,1.0
0.2749922109143739,0.006874266581264591,0.014522188640663234,0.6563116880199515,0.7360028267210762,1.0
0.2581528975157169,0.021216152076631002,0.011644018035512958,0.7169715025947504,0.7560688858883298,1.0
0.346694742544565,0.021587434572381756,0.021949874112538275,0.7139721002683194,0.7488846215997318,1.0
0.24091604275764536,0.021951192440032852,0.0100224111231109,0.7585094245081289,0.7402493259901921,1.0
0.2591964753782554,0.018037178490504145,0.016375116386467388,0.7674865601983318,0.7346347445634794,1.0
0.26108643949459925,0.018267925486028604,0.010459702497166158,0.6892256623805834,0.7563846964696058,1.0
0.16457277685745633,0.01777685114815747,0.019876293803560038,0.7703245661538733,0.7495756133871497,1.0
0.20181252436326813,0.014422231492345755,0.021954115171204533,0.7403381899712694,0.7240822687549467,1.0
0.2232733653410895,0.017226427193023728,0.015871351376371464,0.7555098482767584,0.7535043790585163,1.0
0.24835877839903484,0.012977873115836832,0.009546345053097356,0.6979756178473663,0.7419427313827487,1.0
0.18709080298370073,0.002739693623232913,0.014745919164644143,0.7675901888752866,0.7428502180931018,1.0
0.3687835244537821,0.004346504769460327,0.011537553049866046,0.687426938125916,0.7495191155170351,1.0
0.02813138811685378,0.01802877013996728,0.019410568305013264,0.7789304609623633,0.7560177196330217,1.0
0.08013006028415638,0.007748237393105089,0.02372639397696996,0.7196346599707716,0.7415504293755715,1.0
0.3503084367693675,0.016641167296302186,0.02264504608319087,0.6227669954390967,0.7503017586639963,1.0
0.024345832951154736,0.005795481513498634,0.020879367777308377,0.7040094328861305,0.7234647341816505,1.0
0.13300354196944583,0.007902848519687897,0.022553454989376637,0.7324072914716083,0.7493966911347605,1.0
0.17386724116937058,0.007833143503408828,0.022038508044803475,0.7907739307839704,0.7369336339834802,1.0
0.010671885597288405,0.008002967190485023,0.020498623558598997,0.6720199260950066,0.7568384932151166,1.0
0.31928835729460375,0.005336598426654274,0.008942098353456754,0.6891498716766549,0.7577976235332133,1.0
0.2558379934750642,0.0012092524580752484,0.006132304092635304,0.6133868051322047,0.7527856869864493,1.0
0.1348910829323032,0.014113984740523082,0.016679086353066384,0.682105899513688,0.7201720082413935,1.0
0.29685863320940914,0.00605764527949729,0.01916716020547636,0.6030305639634557,0.7563203121725812,1.0
0.005972285952700931,0.010843095896840014,0.013276438804773381,0.7683766711839013,0.7416288636529308,1.0
0.08498987121913686,0.002656890361937239,0.018846621943652504,0.7241351983938857,0.7532931493593311,1.0
0.25425893321931,0.012574769733431194,0.02328016538023702,0.7602528271704635,0.7552969997987031,1.0
0.16438478616777244,0.01641409523925114,0.018761356304631566,0.63482854266656,0.7454619439877217,1.0
0.1830010580949159,0.004872966781862224,0.019894786922719374,0.7395881979356512,0.7412916055600866,1.0
0.2249615902160651,0.0031528685761609376,0.01178744052284513,0.6744715685585426,0.7553370157016258,1.0
0.24139559810718983,0.01980774823993565,0.013515188775112593,0.7767407040141464,0.7254584525010656,1.0
0.042417263381253505,0.013059987029547622,0.024145641208156047,0.7313903670642531,0.7450430246939499,1.0
0.3727871696561331,0.011137997872677432,0.010340041060916383,0.7975399960866015,0.7369249573517895,1.0
0.018809700583039598,0.004833341922610675,0.021183827101445608,0.6965390209204301,0.7581949890770078,1.0
0.24829765974738058,0.016479659172181277,0.01742366252929207,0.7059755120251712,0.7431319328135484,1.0
0.345989099736824,0.008231409852120744,0.014193081608833353,0.7271819173234342,0.7325686380930578,1.0
0.3866366589273626,0.005186671109119101,0.009654661908045014,0.7237372200965185,0.7230947323968601,1.0
0.030285373503112698,0.0036501683843940184,0.013583937242683744,0.7658521286928983,0.7336788757238211,1.0
0.24209918167016747,0.007496105150910866,0.013650757575359608,0.6772623373728721,0.7336753416660008,1.0
0.009391495612765016,0.02005460436461407,0.024546935948973815,0.7724992382832278,0.7202296909621696,1.0
0.23137456817175187,0.003024760586666632,0.023657182697591952,0.7552434258445274,0.7258118514579237,1.0
0.05484850736020283,0.010775617387949594,0.00817951465318346,0.6300381590115809,0.7587122295349844,1.0
0.10737409248873599,0.017692586473630468,0.02250488798605015,0.7835207873575558,0.7573193988386749,1.0
0.2573782963909954,0.008363032970851727,0.023511353548777644,0.6244993056000772,0.7267519926020327,1.0
0.11704765217420675,0.014238255505813233,0.023106038459292464,0.6982062652744895,0.7421548237367412,1.0
0.2844898181904958,0.003164808766693597,0.005971797718531231,0.7282676948866326,0.7413951418061661,1.0
0.13692709354227295,0.002113860046927199,0.018611123248279956,0.6842935071641435,0.7378107215807846,1.0
0.2963314135967741,0.005718027696905767,0.018143329930435652,0.6264510637007316,0.7277625547140857,1.0
0.05472671520870954,0.0070241699544760245,0.022961205359670788,0.7476630956563092,0.7571783807056408,1.0
0.12846887168024845,0.014596114841342284,0.012573913562435465,0.739420866325222,0.7339382808660365,1.0
0.04210559499285526,0.017576765013789637,0.006680104895445221,0.7198845366480485,0.7543111404943676,1.0
0.16830832395371859,0.005484990628802789,0.023450749754836554,0.713279936357012,0.7362168023706822,1.0
0.08993200882940479,0.010509060257752861,0.007172914183270127,0.6249760521799076,0.7359438502398734,1.0
0.13886310794090245,0.015826356410964543,0.021103809385047852,0.7755155829306674,0.7217887801621494,1.0
0.06312113827848716,0.016012639305935685,0.012433249312000034,0.7415586595389724,0.7285529697803198,1.0
0.054578064389466524,0.004649529274621349,0.017289238503291195,0.6673542983300721,0.7481511229245523,1.0
0.250545426150756,0.01670662163653783,0.020878704813273277,0.7822846564943648,0.7232206331792704,1.0
0.30076684928005837,0.005664241318402361,0.010272422859538919,0.6533928688670841,0.7428933188589807,1.0
0.26810742234803164,0.01412015316231063,0.01814223666206097,0.6504635233618453,0.7506948550329199,1.0
0.056606596989423115,0.005303716326794926,0.011019302926129302,0.7872083015677462,0.7330539945441693,1.0
0.06094216637524571,0.001691694208492476,0.013056784882864332,0.7594306801939408,0.7380174312235601,1.0
0.023774081937491275,0.011099041579112423,0.02074150744258842,0.7349444435307901,0.7541130214856187,1.0
0.20283606453377923,0.015552889434357902,0.008369799123175752,0.7631613429354074,0.7324588020316389,1.0
0.3074520098193744,0.016157886564237573,0.022673595065688782,0.7784149490874248,0.731141031383263,1.0
0.39965358348793684,0.006241840791913049,0.014457533371172362,0.7820332729281018,0.7241231856610638,1.0
0.19782145985190164,0.020200376954298035,0.017427428216537602,0.7342871094046157,0.7509194300571197,1.0
0.2529684939206576,0.02086465076259496,0.02412247447919914,0.7936642888006706,0.7458333151707175,1.0
0.22322370137703101,0.014062397221761318,0.017242358607663214,0.6084816537043377,0.7235548514373368,1.0
0.12911548986520172,0.007480647927712866,0.008868812786299396,0.7602139938868178,0.7585731401488252,1.0
0.3784408587645367,0.020003509364973332,0.009358539568660625,0.6307051802353743,0.7284634714211445,1.0
0.23523727095984867,0.007076975921007602,0.023258333895028595,0.7226815546454471,0.7343844222307493,1.0
0.3815118258772888,0.017740227559147805,0.020833673508792696,0.795454026304898,0.7440182489055984,1.0
0.03060695030849632,0.012912344168267928,0.015050326789366493,0.6075447724441698,0.7234780794129653,1.0
0.12113592677214631,0.0021504914345999424,0.013463193695216032,0.7625492822745835,0.7445531923374593,1.0
0.017445141408306178,0.019049816745501144,0.007923807587659815,0.6605301752064974,0.7406717557973355,1.0
0.3992689215075178,0.01782720469786031,0.019586284474549385,0.7055364661424064,0.7466250935199664,1.0
0.11133246762706549,0.022169821565187316,0.02459230046291077,0.6645944789325626,0.7296419429028623,1.0
0.19652143148415885,0.00581098146550877,0.017969932651013886,0.614963962270787,0.724147088896769,1.0
0.3120900771844792,0.007950725089403256,0.014416335645677032,0.7313244092018363,0.751541596878919,1.0
0.29373291740986773,0.00715044919355365,0.017889324167332115,0.6901760281589383,0.7570651127740241,1.0
0.3107786275376654,0.020682483216333782,0.007730084840483822,0.730892791509583,0.7279347176628963,1.0
0.21151518028017313,0.01695272628444598,0.019429881483909558,0.7738918683914087,0.7423709940850635,1.0
0.35571599529636233,0.019254736023830543,0.009590402156086987,0.7062895986374393,0.749449463881743,1.0
0.00960067312615856,0.008032962479819621,0.01184700505171697,0.6577069139563714,0.7526969719905178,1.0
0.14697672625334304,0.016301219077934755,0.01313479438213967,0.6288127167384499,0.7444340989103635,1.0
0.3928263402657682,0.017093313711105996,0.02472351975691368,0.6372705282232003,0.750463800371116,1.0
0.28644125218448097,0.01105235644391962,0.009247816394258338,0.6091473326930249,0.7535315302930679,1.0
0.06920319484560286,0.014871389340192569,0.01975467401064323,0.7115249990762381,0.7326891561238442,1.0
0.25876405182886514,0.016484676508297783,0.01804229059004664,0.7442577343170176,0.7258026857973777,1.0
0.11789526519360814,0.018985851295144095,0.022867684081938282,0.7302447213320082,0.7439320304835498,1.0
0.1773073843014532,0.014150354269935047,0.006637385449655455,0.6222924022955088,0.7597392502042883,1.0
0.14314433248000974,0.006407876737897678,0.01792039538988554,0.6946151773613594,0.7516172382949402,1.0
0.011089312212067708,0.011377778892026106,0.006103745811895492,0.7653572760962855,0.724546323399388,1.0
0.1866862709039574,0.0051964571911089115,0.015784399203940633,0.6921396848893411,0.7581009044366915,1.0
0.2328091590660774,0.01648859160734565,0.0075525401811171265,0.7272924255514803,0.754569562166793,1.0
0.3743924227194779,0.016492592479930315,0.01287973659344635,0.7840902769181622,0.729014270704592,1.0
0.3074348883123944,0.019754045090402798,0.023330842621878203,0.6169951298964726,0.7490423667781678,1.0
0.3127521793873059,0.016064829236572587,0.008627047172006207,0.7665660344839057,0.7384715521607425,1.0
0.3887044826496694,0.015117450131664925,0.016771262900495548,0.6033525544727535,0.7279685934037575,1.0
0.13665840815787905,0.008406929590087462,0.01560660140783688,0.7379536893985035,0.7271738068758525,1.0
0.36720562843891824,0.004977668907422969,0.018181760605307278,0.6091178282503814,0.7412459053716449,1.0
0.01844650357010649,0.008173805909564487,0.022559139707839786,0.6450959591600077,0.7489149821758279,1.0
0.0696566280540005,0.016946711550609374,0.015641619860643954,0.6224051601452566,0.7579748561306108,1.0
0.29930692974718626,0.005680555708803313,0.007743664188087043,0.7482613552259838,0.7469529671423353,1.0
0.29978195702870764,0.011857333611897804,0.011971945132948126,0.7573783634959321,0.7446713099016883,1.0
0.31037730321663043,0.0127138097358292,0.02377068865867177,0.7636111385574955,0.7343275029096079,1.0
0.3831465621346784,0.020246894488069208,0.00882371075268623,0.6548607665646697,0.7345768207744788,1.0
0.37132983819862936,0.018250315177255883,0.010514168921205243,0.7774129613270464,0.7213152450376279,1.0
0.15416330977103637,0.012507651526948335,0.016212811144696578,0.6450808973686918,0.7281822281114302,1.0
0.03509773514673821,0.011605649943033976,0.008832928131953579,0.6639134450241956,0.7310917767668803,1.0
0.18512813830134703,0.00743799944059123,0.0216270399596041,0.6171590282581604,0.7506544258189456,1.0
0.3676175929375791,0.0011195203354453004,0.01613326674718679,0.7244529968055188,0.743092013305876,1.0
0.04930478319310543,0.00993445409229056,0.022274735460399472,0.7777470577057982,0.7399337761295506,1.0
0.30674383399351074,0.01776162347742079,0.022761625990117218,0.7687714798366087,0.7365769325145718,1.0
0.19587792685538497,0.0035361715280328317,0.021433618400101252,0.7203527059401014,0.7223202081522365,1.0
0.11682490917935522,0.0024892019874086357,0.017131778293672892,0.7464417308258487,0.7406913717728597,1.0
0.23286868109232836,0.0011420951193361392,0.02352816602594236,0.6534610315450105,0.7548402641398809,1.0
0.04340052164440726,0.010705278548957125,0.02017214758105338,0.7885123401001274,0.7408437926067372,1.0
0.02259904326728652,0.0135497536423823,0.012600875289970675,0.7818266969350082,0.7392023689136,1.0
0.3400431586448838,0.0031129686510717168,0.013816926155124896,0.7787434862024625,0.7369782119327877,1.0
0.3498760591830448,0.006000762113830542,0.022891633256469267,0.679405684237923,0.7437213331463626,1.0
0.21321202623503807,0.002059644764983804,0.006305199504775268,0.6829445523875171,0.7333980769373432,1.0
0.019974515982303463,0.004604876399343163,0.009191837882515843,0.6880983537059601,0.7298733904951581,1.0
0.24104160114406298,0.01699324752276927,0.018705361335944436,0.6552360190455042,0.7541777934546786,1.0
0.24779334689793242,0.005576241711903831,0.009844257746723071,0.6949500434876209,0.7295128412416234,1.0
0.12687903234102452,0.004266197310169007,0.00803227707546945,0.6254455557422322,0.737590003158655,1.0
0.21923705387949968,0.007413512842770333,0.016049576619204295,0.7870850826883167,0.7547619044073394,1.0
0.17013777349229642,0.01601479742827389,0.023462786652490426,0.6979094135879099,0.7239723089634127,1.0
0.009139265788281736,0.017439727312274483,0.006698332077731399,0.6213233148732573,0.751268274800461,1.0
0.22695173608797198,0.018642581643269162,0.022027370214875268,0.6915024511312573,0.7598519474821815,1.0
0.07274556781521531,0.019188493527077667,0.013311405591186605,0.7748999302457229,0.7224466537796161,1.0
0.020907701183465167,0.013943235646501816,0.021637283622329993,0.6805321567217344,0.723627817986841,1.0
0.14247822227419332,0.014834646382428466,0.01804303257592668,0.6206047434502706,0.7368070711010211,1.0
0.10725017763006373,0.009752226160362268,0.017273898632900377,0.6805741402489803,0.7212344388626227,1.0
0.3115519612138819,0.006342837693125659,0.02135422892129228,0.6933815651403648,0.7389168454878912,1.0
0.15640093764127858,0.006127332731275975,0.007100647534348663,0.7343819752337536,0.7387977015917153,1.0
0.18578150988685102,0.009918429514969077,0.010977041681494746,0.6398855745880716,0.7532174777859386,1.0
0.3613404507239001,0.0015785467516030356,0.01544504670464417,0.6116657124302168,0.7511842848523853,1.0
0.22853941761343155,0.020703591205705304,0.017985178712248525,0.635663992994783,0.7518671107501961,1.0
0.010204811645388888,0.011465446857318453,0.021249693545266807,0.6859915261667227,0.7503371220191997,1.0
0.18548036534862247,0.007950575578047119,0.019530800031243127,0.673783683547673,0.7268034842691461,1.0
0.35135148120657905,0.00709286591095379,0.009699210696894722,0.6266840141461124,0.722207113782709,1.0
0.21702684676794115,0.016687355903344997,0.020459468937374103,0.6704633989440945,0.7519562364064488,1.0
0.297995930845011,0.016302262223249746,0.013644675731640401,0.768264025161759,0.7235534950049339,1.0
0.14798744914642858,0.013168439189652513,0.022859275397940543,0.7210039119908951,0.7210232612144987,1.0
0.3719646799504375,0.014803256824177023,0.022228401549191475,0.7650591510683868,0.7544516913193585,1.0
0.19229459320792905,0.019232720358139225,0.023207971498629104,0.6293682998519493,0.7272612951836593,1.0
0.3092676421308464,0.019812094881044736,0.01660480282806691,0.6226536350786461,0.7321499291986866,1.0
0.1422842164166559,0.0032103557264220074,0.011041369322261565,0.7613412704599617,0.7397391813207657,1.0
0.12848978716907553,0.021501997512982533,0.01363914976197253,0.6883198509612186,0.7261227840817686,1.0
0.3268010225113184,0.017903277949670157,0.013709975978860964,0.7787304524314249,0.7352103566825129,1.0
0.017468392480957558,0.008465451239938781,0.022101369560396707,0.7802619122948656,0.7502569616488153,1.0
0.3271244392376082,0.01621250104677578,0.010084419089303567,0.6932473801389728,0.7464281999154464,1.0
0.3546135548136089,0.011187659768338309,0.008559747560464126,0.6429164074825763,0.7538422623543717,1.0
0.3483064929887493,0.0021951438404856725,0.012833169361788108,0.7600352454891258,0.7363046150728959,1.0
0.04461803963768434,0.011998157868356507,0.016649480359980186,0.7781737194474483,0.7237448562535677,1.0
0.26544249748425125,0.02206849675999167,0.021965486479157137,0.769299012339178,0.7406873011769916,1.0
0.34413913716185757,0.019696950104520328,0.021045491309442235,0.7637142550369151,0.7551851943600353,1.0
0.12059255387746351,0.02198644098000256,0.015895523199279903,0.6352927720083384,0.7401222253279811,1.0
0.33214768365537467,0.01846179960950456,0.0059848298666483335,0.6907049973944817,0.7208227622474803,1.0
0.07369289982985684,0.014434805946104226,0.016412367425608004,0.7251058869285731,0.7425366649132563,1.0
0.25231343657915084,0.002941455305572507,0.012335359020148803,0.7093186871869304,0.7330078970359271,1.0
0.1305695974467218,0.01881670974751535,0.007934674419629676,0.753878512997175,0.7273386176314075,1.0
0.13160712732074945,0.014702690373506348,0.009254808196831948,0.7590819466703785,0.7429433546546576,1.0
0.286149279921739,0.014059004099319894,0.021583173808926825,0.6439365135523554,0.7453096984345783,1.0
0.29879743676284315,0.0015260923040622159,0.013554241930538282,0.7303403803665839,0.7384255734576864,1.0
0.18841795441337716,0.01926950729802481,0.009136780345962643,0.6734344327259286,0.7596134208600052,1.0
0.01841749514002899,0.01240213730344331,0.006308260536957671,0.7847809847315422,0.7376617965074013,1.0
0.11281368257652771,0.013229608078431307,0.007899974459867856,0.7597910001071094,0.7396484137938634,1.0
0.3371178753235356,0.004980698638526403,0.008503661466842314,0.6841603345739692,0.751445129647784,1.0
0.3190922305400045,0.01176626676222391,0.01623526899896449,0.7128771876558346,0.7222466955583088,1.0
0.3033424933483056,0.009863764569019598,0.016210339645037083,0.7889737244053094,0.7218508707326944,1.0
0.14770328247491976,0.0032886626631869354,0.02401588697519596,0.7922919179497088,0.7324595261675763,1.0
0.018893574656092812,0.02208926379222834,0.021718640328173288,0.6428660441622428,0.7439818861573836,1.0
0.13112309078307272,0.008605663529995835,0.017579455511858532,0.6294188101866875,0.7247284243888963,1.0
0.2977975994120774,0.008881883367848467,0.015147164433035888,0.6390901113615065,0.7277642266939829,1.0
0.04780822448803924,0.015358575635152732,0.013014037046978124,0.7342541827235252,0.7352691790806195,1.0
0.02694468684018341,0.020205892203961802,0.010373223544761905,0.6085084419930963,0.7424961768752872,1.0
0.1863852336577273,0.018249755430335225,0.020830935214963035,0.7200771232566829,0.7591148763463059,1.0
0.02055841419015127,0.018617640720925182,0.009425877401137215,0.6352477617994049,0.7228003968786596,1.0
0.13383279198640421,0.007509587937278725,0.01686385879537355,0.7503084338656212,0.7575106687458936,1.0
0.06440082383281805,0.013681613976278196,0.0069627118775452065,0.6741528569238526,0.7449820892218415,1.0
0.09095171854592247,0.015361689628085753,0.017917393316944266,0.7719232252516629,0.7325498998305596,1.0
0.30203994645439036,0.0061426826528120345,0.01742315675516855,0.7350324175336929,0.7309771365048909,1.0
0.17713220226631474,0.017630455719977275,0.005013825118274873,0.7002053222913387,0.7273736325425524,1.0
0.2737457008735251,0.011774219936912038,0.015840590835688204,0.6630116378110338,0.7325329071720148,1.0
0.057033890133396305,0.0175873212659058,0.01810026363203851,0.7768949369310997,0.7304057876879919,1.0
0.020400857054046605,0.020618891363677883,0.01850782921358317,0.7245750498142883,0.7493075680394641,1.0
0.24352480615713257,0.01821982107371277,0.006805888894081284,0.7917633778580598,0.7556754721000527,1.0
0.32429766106748376,0.007327688487445386,0.016631109352693088,0.6240324844476797,0.7501666692666422,1.0
0.3473954542950717,0.006171974479025442,0.00820823814565855,0.6141808727381944,0.7484546051220324,1.0
0.08307878576437937,0.004648476983049733,0.011115902449369885,0.7882422868256788,0.7394648671169729,1.0
0.07230435008326123,0.0014063805236669174,0.01229985294136695,0.6220122948452164,0.7210804798267665,1.0
0.1308159989750005,0.017143569580923203,0.006339725023370526,0.7357347847513165,0.7448217011520498,1.0
0.07767486834646334,0.018076755672097943,0.022297304340961506,0.7952968263303474,0.7523419743207663,1.0
0.3791159590145552,0.018522329135281353,0.009246503689093539,0.633039480109259,0.7574565660160153,1.0
0.31195583723658926,0.0097130739666579,0.019476105309855173,0.6183702760333297,0.7490023315095388,1.0
0.36064946220884486,0.005050565970745063,0.007187121559500029,0.6392440596969732,0.7231430146899752,1.0
0.05352836723495525,0.005318295330285917,0.021193714945527783,0.6493508791403573,0.7288917336076215,1.0
0.16251226602373242,0.018962801806706713,0.017765386913251923,0.6576429434168953,0.7439169310247878,1.0
0.14897076941822246,0.016834120512771018,0.013316659607543076,0.7086146795557,0.7493480011119295,1.0
0.18470506132496803,0.0030470905938413196,0.019500110889441865,0.7215612530370278,0.7330771864155711,1.0
0.37069197250181757,0.007772579991774733,0.010507535547934805,0.6202009941835167,0.7430941283638632,1.0
0.3379269674736523,0.01567948584797653,0.005078298116188134,0.7131349223332057,0.7292733870727891,1.0
0.24965002938004113,0.005405658744416675,0.022992716199064584,0.7146761481906674,0.7283674043888014,1.0
0.22084441881139064,0.004557651700717067,0.015344843403381481,0.7918698116446199,0.7369684092336888,1.0
0.18714505527879544,0.007022226349821509,0.008235672260873031,0.7157855406736853,0.755768007868702,1.0
0.042994026016832804,0.009618252985191702,0.005105917598110041,0.6615880771774153,0.7467750637045635,1.0
0.33702053604259075,0.0112637605911253,0.01838336325679885,0.7767730446562967,0.7473124123459769,1.0
0.3241858155904951,0.013191881275979395,0.010944662000349489,0.6596284809302713,0.7550132435943342,1.0
0.3768675549982455,0.008031785704131818,0.01977742119626811,0.6660059505274897,0.7581320555693264,1.0
0.144560956272925,0.01965041251108575,0.010481130782739474,0.6551238953186551,0.7559500726427446,1.0
0.04677962214207375,0.013473868062190952,0.009467903766798512,0.6430276543529716,0.7446161594761425,1.0
0.1905627053961755,0.00650016728665192,0.02207844945154715,0.7108988464736264,0.7286043532504646,1.0
0.3300441295106669,0.006703782952867143,0.024221018156082238,0.6535477834284092,0.731705724881879,1.0
0.07009806207955416,0.015770846982324508,0.016146746516555874,0.7788924963103847,0.7296350090258613,1.0
0.14665624010841424,0.004141336695423907,0.023923020563332204,0.7434893393738817,0.7518476661859665,1.0
0.10091357403521133,0.004024117717435085,0.013588671660188978,0.7658038243548962,0.7332206131440308,1.0
0.26572397733798087,0.005301356023343028,0.0158567032478328,0.6029760100051238,0.740353994224863,1.0
0.3527627348581666,0.016518996688046645,0.005720563098057911,0.7579044793277654,0.7516490981750265,1.0
0.37207221068194646,0.018269950844821924,0.009377973292039085,0.6763091770048645,0.7339969288974549,1.0
0.38171687997806597,0.014235364921627953,0.011258781188402575,0.7883035476770878,0.7480108589131879,1.0
0.36307254367688063,0.008400577302759461,0.015324225511689684,0.6958445691379501,0.7569452349319675,1.0
0.13665616501219352,0.015193443941752163,0.022732314058273743,0.6229768181337707,0.7283953407562181,1.0
0.31203235623975006,0.008440500000989483,0.012152696161592565,0.6939067741332671,0.7469519799901078,1.0
0.31156738123688954,0.002164586023273042,0.021380814850303395,0.6116102703504931,0.7552389570008707,1.0
0.05549381039462704,0.004873963994066531,0.009461015642792977,0.6803524145180507,0.7462192802750911,1.0
0.2121786100039077,0.012448529428214974,0.011386101958993684,0.7601360848611698,0.7244194491247279,1.0
0.04330765842696155,0.005604887604763598,0.016731958231115677,0.6251920775961824,0.7240247118105408,1.0
0.05172815559718425,0.014073147023111294,0.012040223657883405,0.7792734243552493,0.7483020014723287,1.0
0.3587099036511793,0.009898826232524768,0.010964548979681967,0.7345564043125732,0.7487189568493091,1.0
0.14390433566883296,0.004361105954393845,0.016868871296183485,0.7913818106663244,0.7366649784937357,1.0
0.0746837687758565,0.018116138369398373,0.023562165072285136,0.7376108705326502,0.7243730515724346,1.0
0.03883799620503019,0.013937584599689712,0.024962976183178626,0.6749509226470518,0.7265178017010504,1.0
0.23046677783802463,0.013232678416936795,0.009596416658726122,0.750140948107565,0.7235204916597344,1.0
0.17315108483540084,0.003734262926629805,0.017687695041913084,0.7346098836389859,0.7376008118252476,1.0
0.2061800508421418,0.00714372072011866,0.024072025558763144,0.7888088075499742,0.7238248557887338,1.0
0.31131554039163506,0.0032928494949805444,0.015386505437044291,0.6069902620155198,0.7435542828224351,1.0
0.15044284630675595,0.011935441242099897,0.009551206518053522,0.7081892479857785,0.7521029867497345,1.0
0.2236272709759843,0.008624830458035157,0.019957441561475157,0.7404077323914406,0.7479515862445634,1.0
0.24171532467333884,0.014998331449259156,0.018616279447394583,0.7150512708075145,0.7546721898729291,1.0
0.027043681797743722,0.021693824258286695,0.006214674532477371,0.780591131158391,0.744491397478169,1.0
0.2281568025722424,0.01865168759809535,0.019425805264690673,0.7050224267321341,0.7345329435981448,1.0
0.1041075834549039,0.02146298638218978,0.010509236957299826,0.75037048853244,0.7403399045812534,1.0
0.3964819123401403,0.0020099491167830746,0.016641542129480477,0.6923036432019423,0.7230610563880825,1.0
0.27922557960276706,0.00332906554055882,0.021020502210994246,0.7250121987904227,0.7240343037953443,1.0
0.05918525562701147,0.01814842785449199,0.01565919250251334,0.6005659873433172,0.741716145889126,1.0
0.25901517918203953,0.001749147192970416,0.005708515838660946,0.6698736210190713,0.7475415238464594,1.0
0.11491411378805061,0.005645452208102262,0.018662511947621255,0.6054225472267605,0.7422713332677782,1.0
0.099439293084408,0.012186408920647993,0.00934335313245606,0.7128643211098484,0.7259589534490537,1.0
0.2066184024453981,0.0016815721029422904,0.017214344809392285,0.7500630586995007,0.7582429425124416,1.0
0.08743467006358359,0.007553862720920002,0.02281528074913811,0.6813714327385745,0.7320717525230381,1.0
0.020006120143168767,0.012799511993128586,0.014003799821525213,0.7249716421485312,0.7492439869396165,1.0
0.2563847884791808,0.012273067113661384,0.007679356207805532,0.7763452416019322,0.7501836067132343,1.0
0.2895598136282798,0.0062633410501281425,0.013610524502719788,0.6773736850889738,0.7214328773052863,1.0
0.1414999343291243,0.001084361403318917,0.02194246518182584,0.6287748850015706,0.7400380866954106,1.0
0.2437701407944246,0.004641051345726994,0.017364222513302233,0.7515193788897473,0.7541905806457672,1.0
0.018398953211727635,0.0140708864385225,0.009515370202878133,0.7561790147889184,0.747195268374645,1.0
0.38717482412695364,0.013567768995693636,0.023086271008202198,0.7283786764948089,0.7272697738479473,1.0
0.2790109565644175,0.022025705220010693,0.009868639778814881,0.6666251032567865,0.7528596410640949,1.0
0.2551139070229016,0.012512735133756815,0.008376437445351137,0.6330243418520486,0.7524079048501592,1.0
0.3000023689224271,0.01675234538059647,0.01799359952737309,0.6819035326162532,0.7211328273409683,1.0
0.05465434550354431,0.007036930909433671,0.023935658535824064,0.6603722053032343,0.7302055660157969,1.0
0.038943219827789206,0.0044548433402229705,0.013766350297635704,0.7575346255683102,0.7553743575577311,1.0
0.3905891374831273,0.00136219206604961,0.01739013109982879,0.6232692403769867,0.7564145096241948,1.0
0.12469614599300007,0.018795733506434462,0.017605511507745964,0.6200977568970116,0.7441107263731378,1.0
0.12669714935726065,0.0010245266871390514,0.024535833544063582,0.6827966834901006,0.7372373107137353,1.0
0.2437322279220476,0.0074927121647077625,0.006999557573119346,0.7654725039894392,0.7393350870538561,1.0
0.3448993565470625,0.0013810311546322807,0.022187705538853828,0.7503590519513537,0.7578728699994586,1.0
0.1323568231931774,0.01522179296616917,0.023515859773224665,0.7985338722898782,0.7366695060234272,1.0
0.07236764800742396,0.01592047039562986,0.02174740845785829,0.7597298624888841,0.7338337217902441,1.0
0.05253690188002239,0.011620355324567434,0.016091942603862108,0.707302771410731,0.7503156311871577,1.0
0.03546612615119899,0.004866810548890044,0.015644780413102074,0.7389095202126837,0.7405669812884231,1.0
0.02519815188961648,0.017896439335704888,0.014943884797961772,0.7077578261094185,0.7387583256107166,1.0
0.11416751857389901,0.0023652669258747987,0.019151980324038656,0.6543745746267043,0.7319424539269711,1.0
0.15739595955055855,0.011979989966711188,0.012729462015223632,0.6580382226488751,0.7202340295298706,1.0
0.19189570179882434,0.016477641529752465,0.02417313383259141,0.6005662679907474,0.7470015842737703,1.0
0.18589619778459604,0.019205814739166154,0.006429916979689365,0.7979226969757269,0.7432334331247346,1.0
0.012706554807484716,0.013616696180469779,0.014897809280150108,0.6430634004344977,0.7396179013435,1.0
0.3997936575413736,0.008140460485061013,0.014604442961223795,0.7569556336100813,0.7485111337437367,1.0
0.3768236660622877,0.005067323365776878,0.012807996924515492,0.7373633983924783,0.7218009710172165,1.0
0.006928958800492858,0.020652902239751973,0.01936338899483206,0.7130998344929965,0.737156038892049,1.0
0.2959221346769915,0.018356798586548678,0.02150769980469595,0.6043749866575603,0.7221873754024903,1.0
0.26381095045439074,0.014414907718287396,0.011503271096071537,0.794599752634892,0.7237242656851249,1.0
0.1949464622756712,0.010004935299409354,0.0055112998638979695,0.7455599283240442,0.750863020430679,1.0
0.20920033388535905,0.014038505649549539,0.012352904857272399,0.7231164012318724,0.7373650823766699,1.0
0.28881272454279266,0.0033757496375867147,0.02099206367317492,0.6675011262790018,0.7574227368812804,1.0
0.01589329445311459,0.016788798159672783,0.007614687379420928,0.7754534965914558,0.757933212302296,1.0
0.21548474680279786,0.01394435466840907,0.013577103423918647,0.616716556402918,0.7571537399533727,1.0
0.12857487061165918,0.0051134826804057065,0.024848164976689246,0.7885128874560583,0.7339772947941503,1.0
0.32312096422453224,0.010086116079216998,0.024355761001762854,0.7802433459218671,0.7503780536904077,1.0
0.28234045593942264,0.022225969317508823,0.012465850659675336,0.7763138006098629,0.7363256735738477,1.0
0.2631685917770849,0.0030747603826465444,0.014580914775892464,0.6099457506795435,0.7358030289474443,1.0
0.09671986682013818,0.021437207228757058,0.006998460892702809,0.7329623094148343,0.7586274222460201,1.0
0.3601065617333368,0.02230715520488465,0.017836868720849282,0.7564527694581215,0.7212794077511895,1.0
0.11886481463444029,0.018719984680938866,0.018551560251626117,0.7228828444760378,0.7572623475127567,1.0
0.3817673025247562,0.003166441204138252,0.01194035093765035,0.7260547329594365,0.7336590481546991,1.0
0.31129035458224874,0.018812875343738794,0.008586874018079997,0.6364153392377693,0.7220925611171564,1.0
0.059325779444163694,0.007849835314822893,0.021808686385665944,0.7897317885435368,0.7528830378938804,1.0
0.22936957532881497,0.004583192785689164,0.012514938224135155,0.685583788829035,0.7577176303124815,1.0
0.11072374553216945,0.014820089073618948,0.024037309551078453,0.6118318248184174,0.7526395067137049,1.0
0.06547764106526302,0.020325638751479178,0.005036989139957946,0.7482171480745785,0.7234891363955755,1.0
0.25025427604927447,0.019549685064066423,0.021452129944590972,0.7370328686172076,0.7352219036168373,1.0
0.2560947558092175,0.01168485067222012,0.006558845245627749,0.7911123780937706,0.7325767807964725,1.0
0.3611676700157895,0.013406593917219326,0.01966121347100635,0.630533248059077,0.7361842269610417,1.0
0.1041310597244549,0.01608222732145939,0.009672298453477515,0.6418255654279745,0.7204649860104153,1.0
0.10246103285177825,0.017433665968627485,0.016394198123358416,0.6355648967464113,0.7427250988379535,1.0
0.17307340062140716,0.020096473326970246,0.019385124390329873,0.7302200033402446,0.7312593379728856,1.0
0.3024148487984741,0.01320964326777748,0.017455203396484743,0.7950226638758302,0.7339328368066882,1.0
0.2257879521445308,0.006058088837429262,0.006057766639731834,0.7232021783977921,0.7319046454551029,1.0
0.2817872288866688,0.010792400058115542,0.015727942336791957,0.7253093715335815,0.738744197752003,1.0
0.03499415722365577,0.022066090427761455,0.005669018228165626,0.6416192711792769,0.7483323141861744,1.0
0.10855823749435828,0.004310498599550863,0.019471431276324256,0.715786678262029,0.7225791444716825,1.0
0.08735865656633798,0.021805519856621637,0.007158358946181038,0.7196110350728071,0.7392738894338727,1.0
0.38281467602892805,0.008337560373054451,0.019975327464221572,0.6894932954351027,0.7464304645890214,1.0
0.09471327107466468,0.0027977517266166247,0.007035025026417556,0.7918860637527033,0.7515382647869918,1.0
0.21401315855079786,0.016356003573526446,0.012050758040049854,0.6879976116319569,0.7487352767829083,1.0
0.2129060215943299,0.005516895691253994,0.00506155202031052,0.7380527471130008,0.7482905943848497,1.0
0.07650110053594583,0.016900976988913408,0.023959348487252757,0.7289160673622211,0.7585256224188034,1.0
0.321641638699758,0.022484647037176345,0.01751648918615523,0.6994111385227355,0.7567054501748087,1.0
0.04849426897077558,0.007508536906173446,0.01021290240859971,0.7710523318755418,0.7293298141722722,1.0
0.20992151844681667,0.0026365689643458494,0.024224592852758353,0.6982125553071812,0.7276173489611696,1.0
0.32024308009942887,0.014631139323836079,0.014292520484467908,0.666320273477603,0.7560273745203544,1.0
0.28865425475319545,0.010589010849270511,0.024623203015196243,0.7420140593572613,0.7369449889994664,1.0
0.35881137362975163,0.01690925166120317,0.020339922432401635,0.684725499938781,0.7402940201452068,1.0
0.24018151698587012,0.008953205789720049,0.011948766511407064,0.7896456402276132,0.7265913373273599,1.0
0.11618008554819717,0.001616096023930548,0.005809261596576549,0.6858354985171743,0.7381784362459389,1.0
0.26916794419792456,0.01143486973759412,0.006482261326623138,0.6696142389826552,0.7240785093539961,1.0
0.08728111687398964,0.01606237241497369,0.018920032914514554,0.7722778254207123,0.7502567716996162,1.0
0.12848177476365805,0.00112494714610664,0.01794274962575589,0.6579426375229693,0.7300040040691167,1.0
0.07382487600046919,0.001697346906762034,0.02398780790384233,0.6612013444112869,0.735736802024826,1.0
0.1646057597090618,0.021902757751523828,0.01888039435676153,0.69476496896664,0.7322988658404941,1.0
0.2464351192342784,0.006470676346014157,0.008038950509904002,0.7392457347887297,0.754778791084754,1.0
0.33736032009181405,0.012407893156548262,0.02077661938008168,0.7852711463534774,0.7209345035842853,1.0
0.08562956443022698,0.022430528886627246,0.023591320192663485,0.7604371902151974,0.7318351922050466,1.0
0.01655392382454699,0.005042853690127876,0.01733747508461853,0.7586013424116617,0.7553452341246228,1.0
0.15936781742247988,0.010778789142005547,0.005539476370678298,0.7727938506104205,0.7335179366154473,1.0
0.16663283992448144,0.01627711256032903,0.022418311587876216,0.6430752932431245,0.7269045186814158,1.0
0.22260274256960924,0.008864098408326354,0.008986389101282457,0.7990495644396878,0.748767371483662,1.0
0.041047480706725384,0.005284570395317286,0.009954852078151562,0.6222171298523206,0.7291860548285495,1.0
0.15420402185019225,0.011453198072151602,0.014105699451618362,0.765842013669813,0.7301598154533885,1.0
0.3637085133188769,0.02163569380807835,0.008619664677697696,0.6491502292470742,0.7449532910942963,1.0
0.03882042548288768,0.0025844900586761265,0.017122992693324977,0.7609356284019974,0.7303554265063675,1.0
0.31781452562012513,0.002665398715349032,0.013146062570496296,0.6136029732068518,0.7566077663117398,1.0
0.27618532649011324,0.015678089702205265,0.010703650037914871,0.7867078310401417,0.7569110663288158,1.0
0.19022743179335824,0.0020129882120003763,0.005566227002740714,0.6276268665847735,0.7438305877477223,1.0
0.37964397530807953,0.004770284704437156,0.010510557615923167,0.610820057410883,0.7595618866752352,1.0
0.19488208103006086,0.013374655139002576,0.01624348822666184,0.65087215062863,0.7274156277717367,1.0
0.10262565216947922,0.01298685393208376,0.011164056116797138,0.7457889583231353,0.7427175893142814,1.0
0.3807610380002524,0.007931805010676906,0.017705397264798556,0.6000101254054857,0.7494769458910908,1.0
0.08731205812736159,0.0010324769632152698,0.019138879280075075,0.7325401407101148,0.7466162846591827,1.0
0.25752244367912974,0.013283697987280295,0.009777900892225373,0.7037536082936857,0.7405837117847558,1.0
0.1762281639549407,0.010375836868974956,0.02468808942549633,0.7788927745717866,0.7296914396017496,1.0
0.05949682925668295,0.019347907762910007,0.008666467534600346,0.6851206697796728,0.7593568652507335,1.0
0.3367161888873621,0.01163677991484468,0.0072198273155022075,0.7904982758210006,0.7419692547255691,1.0
0.3482972420847666,0.001314643533225004,0.010296814071316718,0.6673843159226305,0.7413945618216602,1.0
0.15864192484022752,0.01851471965789658,0.008463822300145332,0.7402552949152765,0.738413176375491,1.0
0.07506275592343713,0.004032160732277874,0.017394356926375063,0.6174648797765643,0.7529218712310998,1.0
0.03662448886270906,0.02009623975119894,0.024183216513523977,0.608693619636249,0.7580131827254732,1.0
0.2675809666172603,0.0047585385440947845,0.021349116992092063,0.7683826683120848,0.7591336562078598,1.0
0.03496379457153109,0.015146217427478601,0.010460923543045848,0.625115557126229,0.7259518167486039,1.0
0.2750414491464113,0.0020849104458343843,0.024684601562921852,0.761562447272143,0.732367172226029,1.0
0.2919975117848067,0.015534689845548096,0.014261617976284715,0.7024779801398134,0.7217283072166573,1.0
0.1393975222309944,0.007128600810211562,0.010392448495363719,0.7297893794712897,0.7371703048288527,1.0
0.0678788615838341,0.021680066717237764,0.009478524049011028,0.681221841320157,0.7276081905671895,1.0
0.17727085485203747,0.009893473688889182,0.022501897707781344,0.7518959699586907,0.7407950021155673,1.0
0.38416105212983703,0.02156393654086159,0.019095417358197753,0.7520295852972866,0.7559637163261527,1.0
0.037498532676975206,0.022442784898117504,0.019060444299387972,0.7185489708383256,0.7365266850130759,1.0
0.322663032366971,0.015070353715752167,0.009014103376429881,0.7219822074268012,0.7256466440688586,1.0
0.23546576694468616,0.014667207520996694,0.007905243794468704,0.6191197057301541,0.7303483266390143,1.0
0.3730147115185145,0.0177511559143576,0.01991421050344855,0.6660464689115432,0.7244682951910063,1.0
0.20283713448156837,0.0031609831933914175,0.015699374602343583,0.7350820485330513,0.7327960011840935,1.0
0.25053475004836606,0.0018620536462339275,0.013655865817423745,0.7649550456253694,0.7599539052936992,1.0
0.012950135967577853,0.011597416691683599,0.010525507948639845,0.7785550027178385,0.7484601260131077,1.0
0.30600115121267696,0.008335926181843048,0.015435271702275797,0.7845570559598342,0.7280062906494812,1.0
0.354809397948149,0.01093038474667385,0.011357776573471576,0.6074597340367881,0.7367581215034761,1.0
0.1655014825918295,0.006965373526067014,0.012382603471077322,0.728488959710744,0.7556511887985201,1.0
0.26023416220963763,0.018562809532588872,0.008302855554665327,0.6602195258916277,0.7220236393189948,1.0
0.39953539399526977,0.008080216500359881,0.02219545992051814,0.6171555427860864,0.73838849453344,1.0
0.08462523097640917,0.009008884526722575,0.018025562228278943,0.6980616149778186,0.7537733612483385,1.0
0.1953476683119307,0.02210711575424907,0.006440415270731679,0.6552678442672496,0.736668450816343,1.0
0.2206422478187182,0.013211500421314585,0.022925014452172623,0.6555130383906612,0.7526741498235452,1.0
0.19874374075446305,0.007437388650947586,0.011081376055200057,0.6776959742889774,0.7505404195239876,1.0
0.06576430567621874,0.017337058312870194,0.01826759975831737,0.7898477536802334,0.7411765640647817,1.0
0.19433545774067854,0.015636774477976234,0.013722341264003669,0.6275712957471649,0.7594673294519653,1.0
0.24540720096579133,0.011350546128988667,0.019228580043773306,0.6253549844270362,0.7330445359256678,1.0
0.05477991295879063,0.0014589722148598174,0.02011786830283101,0.6454617249250358,0.7532803087627875,1.0
0.07158359356249759,0.01624057691022273,0.014206114569801219,0.7837922314812102,0.7393766877520661,1.0
0.12135322201691322,0.020427860964905384,0.009523586068170565,0.7655429583218973,0.7277674979031175,1.0
0.18317092769105753,0.0032490865128586063,0.007518660086341047,0.6563018299831339,0.7506660673981628,1.0
0.0860224993059101,0.011238347183188346,0.006939739253539905,0.7431892572366405,0.751732081400696,1.0
0.35486965672411863,0.008264684603639128,0.010090676668800456,0.7793178749492738,0.7258402789927804,1.0
0.12912597631978595,0.01734645094416525,0.01888399584310927,0.7974110558053713,0.7343813428443174,1.0
0.15439200565174602,0.017818509620754763,0.009285999022422761,0.7895495968492906,0.7405019733011878,1.0
0.3317684206711471,0.011294525022761626,0.01982742760805174,0.6729388647870922,0.7524371205709282,1.0
0.22865129867817546,0.005690178041270302,0.024404463503607296,0.7893959740350496,0.7447928217831735,1.0
0.20360453707453652,0.009072914060909697,0.014210060315393257,0.6091814036371019,0.7419648739276544,1.0
0.04826038962360637,0.006495347791467648,0.019423682197016283,0.7587180356717731,0.7594346819737778,1.0
0.3373685913075095,0.004700213749954581,0.007617567907972849,0.7458407162351242,0.7378348948576462,1.0
0.11661309415708636,0.00558366835764352,0.015975974876461005,0.6230620949341862,0.7311499685596599,1.0
0.1314186810401144,0.017458222175808284,0.0074148467441569246,0.7223737838342742,0.7433906428193291,1.0
0.19627780337205683,0.015273002990047722,0.022036213109115122,0.6324073276697681,0.7525652528948638,1.0
0.19543915768786882,0.011996508699153478,0.00895171663228325,0.6179346210713075,0.7229964390184789,1.0
0.2315692445269981,0.004342704126924026,0.021174094988598825,0.7797905442066785,0.7316963264080046,1.0
0.16679669086993273,0.019953759327618024,0.012996383666824644,0.6216672592027246,0.7593867237105002,1.0
0.14023673112041013,0.020212846981650403,0.02354806987745386,0.6993608933017312,0.7322686557517363,1.0
0.09161637071222392,0.011282119105687024,0.009588622113522093,0.7244405522157022,0.7503955672427872,1.0
0.33781533537523156,0.002851899163340903,0.009230457598833177,0.7063383715757411,0.73030363976756,1.0
0.3031424252148531,0.008692098163132772,0.006322000648397237,0.7017672833045273,0.7590883485259357,1.0
0.06771261473085807,0.01205735509748849,0.02303444909786971,0.6108487333904177,0.7455157280305975,1.0
0.2830846212292311,0.0042286639987623225,0.023145570634305227,0.6644542665426145,0.7220696809356402,1.0
0.18574306581088093,0.001859613044699513,0.02059105035536527,0.7731647011940637,0.7205349270008522,1.0
0.39257655529426216,0.0016529154637736135,0.01949934489239233,0.7998188157595274,0.7518847434517582,1.0
0.35450507396888425,0.01622054713540452,0.010849033009207927,0.6448639564154539,0.7405017757081848,1.0
0.13513985636916068,0.004825383559628024,0.02190572006343396,0.7410029001289754,0.7332528587863497,1.0
0.05561447563841117,0.003419028525455587,0.0175095637043418,0.6217634356133851,0.7584085049590787,1.0
0.015192919929823492,0.019389589062628474,0.012351747917006004,0.668593176594992,0.7247448244726553,1.0
0.14672338177782623,0.01869438238568454,0.017612366072602584,0.7759824705187933,0.7449024463195231,1.0
0.28013301753736647,0.010945737129774322,0.018773479839211026,0.7327234035116686,0.7202681447970449,1.0
0.10855300322002412,0.012649190673000662,0.0072266477682170985,0.604604500314468,0.7206047883510228,1.0
0.012857540111009893,0.003846544548296897,0.016183472107179485,0.6800545663145992,0.7592299249036262,1.0
0.06297642302300903,0.009960971959412692,0.013619415931266414,0.6724233557902571,0.7398235912270215,1.0
0.25815143768556287,0.008677632028871396,0.01910091246297045,0.6578970797326865,0.7534187137690552,1.0
0.1214209785073136,0.01787080388456427,0.021268516077154544,0.6981526749069757,0.7235098924661217,1.0
0.16595390410184535,0.005473532423287669,0.01753300465121559,0.6873876211361528,0.7235028979472072,1.0
0.1016414387464374,0.011985748692812378,0.018345765234620476,0.6230178728797383,0.7495764037544304,1.0
0.2000323944361867,0.01235909482087664,0.02409590054880655,0.7821795674537928,0.7244793329548515,1.0
0.20912471554899936,0.0207794806868883,0.021331266589080917,0.6772965405988828,0.7554484162204258,1.0
0.11212120964270225,0.014112691470988387,0.012118035096296068,0.7244815119845172,0.736387363001809,1.0
0.38195283448269574,0.006811647345735721,0.01520020168488563,0.7448864870605177,0.7263407638082859,1.0
0.2352739248499438,0.0042194212641097515,0.02236459173608175,0.6853402519051619,0.727064773836986,1.0
0.3152750279076984,0.02111789745257703,0.012564998445082987,0.6157656150614466,0.7240329231781543,1.0
0.15144692568292187,0.01016182719293456,0.011740947562968777,0.6931077131979156,0.7457419781152026,1.0
0.06987536253983365,0.011562706016791786,0.014212261182126831,0.7091474496107282,0.7244268012416153,1.0
0.21444645035263904,0.006921853414817117,0.01758063377422694,0.674550276535832,0.7288293899066174,1.0
0.16059352950879321,0.004388668115959078,0.0211761795854058,0.6863517423881229,0.7566028135889058,1.0
0.3511583426695569,0.018542064370029986,0.007078316481764617,0.7063362631300635,0.7461473144058579,1.0
0.1591539182534446,0.021292605738319627,0.01901641719484439,0.7931739755128983,0.7538492124341276,1.0
0.2916247546685038,0.014890703706123234,0.022737241822247237,0.7226819545326126,0.7230115360370076,1.0
0.045619884876776005,0.02140997300763217,0.017933379522025724,0.7111292566826714,0.7279128453093235,1.0
0.14029974651259017,0.01552080261218578,0.017088195949187143,0.6998614180014118,0.730109640057774,1.0
0.18737026986936378,0.019302216365439998,0.0228867468272557,0.7518498308216819,0.7327855982644924,1.0
0.37050770390133203,0.022328263410661388,0.007540415246450161,0.7371232047566405,0.7370058614195888,1.0
0.39925001783139896,0.021064420370928143,0.024652177525654274,0.628779250874029,0.7396769810129198,1.0
0.2716875860827211,0.01034393877076905,0.015333884817591554,0.6077203209402112,0.7444606870725717,1.0
0.006103482483806351,0.004439240569426067,0.015359802440106431,0.7121928652041731,0.733734093806657,1.0
0.29872203774218636,0.006222890042270573,0.017891546038016026,0.7118293482155295,0.737233523298397,1.0
0.27954030386841144,0.013303252835838181,0.016150508642053644,0.6872155493714174,0.7372013808988847,1.0
0.1835707753016357,0.010439028562600804,0.00920740142420827,0.7449675842111139,0.7253180987563802,1.0
0.2518142532550027,0.0020513646011504076,0.01817997399496508,0.6723028523011635,0.7571905937752258,1.0
0.3391417108318744,0.013208751392439969,0.023383553826104228,0.7299616378145718,0.7550051622188444,1.0
0.3621512238053255,0.015224199933157547,0.011065478462774461,0.7995627054361801,0.7474753586941789,1.0
0.007206280785921904,0.012875275805307493,0.01925065247145406,0.6027473778237422,0.750502369004914,1.0
0.11353006316911508,0.015812316346476594,0.007618020779938877,0.7648074397537613,0.7546490046903401,1.0
0.20543965633958702,0.009644168758626556,0.011906679704075997,0.7745796557706895,0.7321949270315016,1.0
0.12346693709558237,0.015119324357043617,0.02128436662223165,0.6328671653888283,0.7301897006358092,1.0
0.0682726630256224,0.009747954925797876,0.02051752579418278,0.708323586993783,0.7221310511154865,1.0
0.3191451467108864,0.009459557733896104,0.00990025202744333,0.7527875456394175,0.720956249558437,1.0
0.32268253470995895,0.02009169750992546,0.006789598812472493,0.621551696380925,0.7549101129570858,1.0
0.15997371042729167,0.013325811650302864,0.006171661403128801,0.7287432339792161,0.7578033261435759,1.0
0.18849136936212751,0.021658941255147005,0.01877032827806827,0.6113920871420133,0.7468018612725252,1.0
0.12635580370203736,0.014237194828658423,0.009312320323737269,0.6076378369188598,0.7447181475511955,1.0
0.2155208686139833,0.006614629946449353,0.018728576938576245,0.7791402782319409,0.7234625921118256,1.0
0.06665754677253788,0.008082310424355189,0.012147305916499136,0.6412619978036522,0.7230093736345214,1.0
0.31848287801294384,0.022431915743127508,0.023692084979906543,0.6869284846769644,0.725335520581671,1.0
0.21494942770637435,0.01950217783290623,0.010358074791610408,0.6397882735976138,0.7375581348708329,1.0
0.18341116354932563,0.01653832747895086,0.014250524203493866,0.6745917762885888,0.7376364821798457,1.0
0.30299039207181383,0.010282800840231107,0.010352348508573311,0.627825407816749,0.7200547877750092,1.0
0.07003882975079971,0.015833662506093405,0.021358317538575117,0.7473891332462418,0.7489293106880942,1.0
0.3852261070317913,0.006780214695278586,0.007902014990967135,0.6306596475871377,0.7558242668284513,1.0
0.13935694670816107,0.012402450361053056,0.01726901007366375,0.7191465275629749,0.751456308885597,1.0
0.34116338303591376,0.002819549817551973,0.02217930907120288,0.7180006321554008,0.728917302634014,1.0
0.3761950381228878,0.019183105165984794,0.023231922712269426,0.6764283442090613,0.7291121948979835,1.0
0.35013518756181233,0.018772574001373363,0.024618767666698748,0.7696504202908194,0.7452946365570596,1.0
0.07011477764992101,0.011184539826122077,0.020355910622887313,0.6346550780355504,0.7566207003171541,1.0
0.12836209072633573,0.020043831231451828,0.016972607363618816,0.7466316964050254,0.7354176882502222,1.0
0.009983940340180802,0.0125648934892327,0.020215936116677335,0.7937649027173208,0.7556890734683295,1.0
0.3923054475409394,0.004213834813518286,0.005822285967841661,0.7497859670936451,0.756235458013166,1.0
0.33086556256765376,0.00540548363779468,0.008080058289888222,0.6117936955142905,0.7432787631957649,1.0
0.048167025332366754,0.010993783051438602,0.016346471810689742,0.7445909287020998,0.7365679028013368,1.0
0.2679432832708813,0.015710808325479223,0.010408571133396374,0.6039646164474253,0.7578276227897008,1.0
0.08443621211302482,0.013161811496368097,0.01689895061352139,0.6251977263991358,0.7276662834935823,1.0
0.2056642897082546,0.005116007716959735,0.02095149508188017,0.6941146605066946,0.7455364833309077,1.0
0.027872118811230803,0.0045463008066269515,0.0244607380629197,0.7247176871656431,0.7532434079429762,1.0
0.307357687955975,0.011426469430650071,0.018306157537423946,0.671641008068155,0.7448347530727556,1.0
0.023007541452000773,0.018174982812960677,0.007489305356008804,0.6027967869172273,0.7564982595854661,1.0
0.23504095450209314,0.01903671486657785,0.019918141588508572,0.6093255641621866,0.7424379480343537,1.0
0.14328167039313255,0.017201604099419558,0.024280113159510393,0.6294373307871828,0.7258089601497745,1.0
0.1844944820156799,0.018097207007463895,0.007821552192941412,0.607971508828442,0.7479173629940656,1.0
0.042445293066801726,0.0195832646231851,0.012705794815468295,0.6033579090586214,0.7404008717188484,1.0
0.2788942409004712,0.007188358382354476,0.014634002468660923,0.6401130502688378,0.7531240703217424,1.0
0.16431762291550323,0.010650920700211623,0.02465367346423064,0.6284230953449327,0.7523447805836015,1.0
0.3528900962571543,0.007287213713778606,0.010923159324406866,0.6651639896110814,0.7206652432929181,1.0
0.39786172324233093,0.006352394336354549,0.005398341955212782,0.6557080628076991,0.7363356067193835,1.0
0.032083577846843445,0.01799422177365247,0.021510025363941154,0.6426321157743403,0.7519367275293991,1.0
0.1721285202636406,0.021132347467751354,0.022838087819200343,0.6750221426380978,0.7395244122289041,1.0
0.2085965320477214,0.015661019910951274,0.00685335394551263,0.783968225235138,0.7487549587257872,1.0
0.3482506518316428,0.01698918162422089,0.011262536336654977,0.7042866176595756,0.7544052263675867,1.0
0.1160255713993148,0.014987000920037477,0.022204938479855215,0.797633369768589,0.7228287395458525,1.0
0.3500979759265954,0.0010678996724398568,0.013744704392108863,0.7168397448239265,0.7410596123422646,1.0
0.03088122434682249,0.017886459557095627,0.010663410722669669,0.7648458773047911,0.7367795170711704,1.0
0.3857463324401956,0.017781809745686505,0.011956320645646987,0.6540054736436727,0.7435585491380021,1.0
0.11961589555100034,0.021387829010042284,0.01160774239237178,0.74081955305156,0.7352693743116816,1.0
0.37479479941724914,0.004524451886406812,0.023893829359951973,0.620661365185771,0.73067789779826,1.0
0.2651236408484914,0.005073893870596455,0.01684186622910563,0.6360782416071108,0.7549776827068136,1.0
0.21426219062211188,0.002364670055333445,0.018900455021352507,0.7871594470387335,0.7532426579868662,1.0
0.09857743766450489,0.0036020910863179853,0.02247247974765066,0.6162218258094825,0.7451531676631107,1.0
0.3983324357565308,0.011939701240644416,0.01597581899406822,0.7835777570029703,0.7587854761300329,1.0
0.31949191952322825,0.014647485105831597,0.013548009279872373,0.6114630714549394,0.7487097549416714,1.0
0.05109741114204649,0.005946480811561863,0.01964256373749411,0.629942395518908,0.7476374013773095,1.0
0.1445708230962708,0.006550909770257681,0.012460788222072264,0.6718393242785788,0.7442807922281833,1.0
0.34539229076589373,0.0016448341060454523,0.01953103114738739,0.662837203657832,0.7535456804284189,1.0
0.22271393151836127,0.012796482179711287,0.011530229243504567,0.794061319470673,0.7242769260467474,1.0
0.2594825412843687,0.012057433329838543,0.010289342571040937,0.6608543592914884,0.7262809323483528,1.0
0.22995995489017773,0.00626394338730738,0.012868415154186857,0.7813370108609766,0.7554736464661225,1.0
0.26336955462048267,0.004288880175849061,0.009217667310965143,0.7728415184492833,0.7558076126990383,1.0
0.350199715144084,0.016662611386129327,0.02051420726533398,0.7583630655291621,0.7402893308695198,1.0
0.08414204357233514,0.011856749811627173,0.011371051597768092,0.7644862485605015,0.7233080284851511,1.0
0.3105236742169052,0.007715329598491398,0.009809525685408976,0.6525098309589792,0.7485436042962618,1.0
0.16406000045787708,0.01273186387994232,0.02381520157893384,0.7588695119773858,0.7274112665689607,1.0
0.3386831361081554,0.017022327170429678,0.015338119495438896,0.6139629910514622,0.7484602096555666,1.0
0.12736109569809262,0.0012136670003928874,0.009620979615526977,0.7211380355158785,0.7244922634532782,1.0
0.3287704750846947,0.007840834325829407,0.006639710789099285,0.6279397580852437,0.7343163573013962,1.0
0.2555400942865383,0.019659584434067977,0.024888542252622492,0.6405132405798318,0.7477928574494718,1.0
0.19992383407399406,0.008000000176557295,0.01185024429998821,0.7352563896795535,0.7448321166878407,1.0
0.05183946293353891,0.013432187677126351,0.019787926899297707,0.711724358042902,0.7201460269382656,1.0
0.3125388391558297,0.01696478641344987,0.005208205050829855,0.6940592465520357,0.7374927269060136,1.0
0.05436711582567411,0.014360427506968804,0.023938360403221014,0.67434990692305,0.7334942567063903,1.0
0.027671048287395448,0.021028807608988946,0.024510036930773783,0.6011283400873173,0.7560271874537265,1.0
0.2267366938692897,0.01558002985586811,0.012181174211211582,0.7057976183541435,0.7451016875262122,1.0
0.39773136552634447,0.005383459465087948,0.005206769293732374,0.7888569184209496,0.7371651080345657,1.0
0.11389017079419776,0.0015553864260101041,0.010291363867603024,0.6786600685131964,0.7408131699546688,1.0
0.35221930204308904,0.020593592031498204,0.0113430984363143,0.7919109187750919,0.7545973668848142,1.0
0.28400069854317983,0.005262844631499141,0.008904555853155489,0.7817303126167887,0.7402818183973777,1.0
0.2896164122797802,0.005569014543203954,0.012695196401259075,0.7935650430045017,0.7207833104577401,1.0
0.39161798034470635,0.0032391593373580006,0.010439857098937574,0.7094026241362382,0.753750597109868,1.0
0.02854043856285581,0.0037344629516197995,0.012518867376651288,0.6645081347521098,0.7287871452471685,1.0
0.015618265080750591,0.018830901327207168,0.023433603472915263,0.7260222049102129,0.7450140159435106,1.0
0.2294855065932786,0.00906624946966834,0.009580995230403915,0.7166659111711063,0.7200476186824938,1.0
0.26413659959393293,0.010783373125907847,0.007912810810088978,0.6002636223499915,0.7308175725627987,1.0
0.21614549821988208,0.003818045836496277,0.01727394286033374,0.799784875645015,0.7433946762504441,1.0
0.25094008381920196,0.019912924140605755,0.023919986893912705,0.6082067031505317,0.7281997521166061,1.0
0.3100797453525428,0.0019796014674668366,0.023052698939822612,0.6041110729806262,0.7441018725179649,1.0
0.19087259235171908,0.010500547151104973,0.01997786541447966,0.6993284202119836,0.736848833205062,1.0
0.370693733125418,0.01806933163275668,0.01973434063005108,0.6975444162271303,0.7560086319312532,1.0
0.372462885199637,0.018262828642064615,0.008005204712202592,0.6093984345454704,0.7496342274746426,1.0
0.2428251074348804,0.02198914452037294,0.015908060955439222,0.6695799734202726,0.7425986340329032,1.0
0.23380937265526844,0.020402249408381996,0.005086601370362807,0.7690607624356234,0.7520771557639645,1.0
0.3394980447830784,0.017416223213268304,0.01482092915119691,0.6490427876799546,0.7315240166339141,1.0
0.10229007975332118,0.007995147026990317,0.023616768623006146,0.7458657233012506,0.7494429619886792,1.0
0.007288637822234943,0.006256445632511999,0.018159479259207904,0.6876543067874282,0.7245121979252948,1.0
0.02359365096157106,0.012692798912073994,0.016249286630850342,0.7271922639221308,0.7326250521088725,1.0
0.35614839800186954,0.0209779030888118,0.014639774538081313,0.6041280706963056,0.743234846408938,1.0
0.07708180284931025,0.004632482112195915,0.008585108806663352,0.6661682001158623,0.7312248086277069,1.0
0.2006493094190596,0.010194421087998536,0.007916671142289366,0.7751781586242328,0.7221928882317515,1.0
0.2504815489154505,0.016099717202222925,0.021023131496382942,0.6820582602940215,0.7338696034656567,1.0
0.22939739507570192,0.008495665725625287,0.011561884813518662,0.6033781706870793,0.7579326395016643,1.0
0.1119942497328211,0.020810521987824966,0.01970696390524691,0.715627960837488,0.7464325565278149,1.0
0.32441570074381276,0.006377295378325965,0.02412427955757741,0.6462749207588038,0.7450145766492731,1.0
0.061525722117624145,0.00880293410806146,0.020625855094778652,0.6425176147998216,0.7585142925936781,1.0
0.25255505549463386,0.014305641351182096,0.014415564843303306,0.7310720928331519,0.7497430777530708,1.0
0.22619787463692176,0.014042489273564416,0.013039118408039198,0.61417463342631,0.7263879351673113,1.0
0.37123368750488966,0.0015534217942804183,0.015880703941243916,0.6504122866018379,0.7424695962193805,1.0
0.29550398720698917,0.016585044653089877,0.02057846931878874,0.6145221373641915,0.740383113356718,1.0
0.36890187159595317,0.01783190327341863,0.007150896947167795,0.648649225806036,0.7382088102199258,1.0
0.04832090772781549,0.013211405923655786,0.01182575026349117,0.7292680683465115,0.7459482690809082,1.0
0.3153947131208962,0.00296214313369837,0.02136277742174666,0.6423933717158988,0.743583171939666,1.0
0.2458630315156484,0.006749483737899114,0.016379273439010213,0.6016396520427129,0.734978178304688,1.0
0.18788760166967558,0.011734113628284262,0.01743153675827986,0.6868419197667964,0.7546830691089526,1.0
0.377308211526084,0.01985416750147155,0.013421755653179704,0.6731601749197275,0.7470651207560067,1.0
0.07841532304321229,0.0061824718685093705,0.00792505033296986,0.7521383756376637,0.7485760745991634,1.0
0.2170655405309655,0.017431146222873093,0.023940573254867457,0.6357045308262063,0.7321731911955875,1.0
0.2518660568576177,0.0039330052794932235,0.008868581385027855,0.7560873674783972,0.7416821466342428,1.0
0.15843093546324902,0.003891625199632255,0.012253800024736838,0.6800398590423271,0.7244844164650158,1.0
0.3532327466517246,0.020084433927264705,0.005051577504252998,0.7282408192848273,0.7237471603015592,1.0
0.35242714490073185,0.014257225840459856,0.017263109144058843,0.6742963018107448,0.7299787587745145,1.0
0.057818303273238836,0.015452835239509645,0.01440173790759437,0.6355203012061862,0.7435325701115713,1.0
0.23757578735851673,0.0123877203506157,0.0219543495626162,0.602151077000166,0.7446699051133852,1.0
0.08145862871977938,0.022060923776851142,0.013076276582943787,0.6670525624884445,0.7267603375896259,1.0
0.34314028563172233,0.0025044070015114504,0.016315077522543665,0.6294802421750931,0.7486312566005179,1.0
0.048603640858713985,0.012976336162182231,0.023213513022056247,0.6682389364666305,0.7220322245904791,1.0
0.06101067926373298,0.011213618018946523,0.015893542556965685,0.6474174926362514,0.7270967212815256,1.0
0.0326323365298195,0.011924720775127413,0.02184041553668633,0.6253517542733202,0.7480247611378199,1.0
0.01891357439338152,0.01252340466510151,0.010040165322663528,0.7210508186081005,0.7339729204335549,1.0
0.36780882835775647,0.006257708084751371,0.023796809379753953,0.6408617720500663,0.7228277952889345,1.0
0.32689209630864163,0.015567459273187648,0.024416683065228623,0.7419654620849861,0.7365052506014653,1.0
0.3834607646923417,0.018020580800642276,0.01613279171670202,0.7651531562611126,0.7271617882933712,1.0
0.3998257980821817,0.015300513578789924,0.00891778079160017,0.6288873324390644,0.7583765762240139,1.0
0.300728146368083,0.02140606395273134,0.015068075057367824,0.7775492806004729,0.7265128125595351,1.0
0.20737550303585403,0.00814895770815727,0.013650385360293154,0.7596393972601067,0.7221362988376904,1.0
0.03985056103907939,0.019221272581029035,0.009037996130713502,0.7469877840695991,0.7436751759595076,1.0
0.11067681891547154,0.0022353752997277955,0.012067604138260142,0.6401057513202352,0.7254365001580793,1.0
0.0889434214502142,0.005797898025897621,0.011809629035080873,0.6925306319243538,0.740548509771588,1.0
0.23746620889598127,0.011356203414122796,0.012878804292749407,0.6531572423858469,0.7483977045473216,1.0
0.3405846504427287,0.013602492801591712,0.017678885570563612,0.7017580461755467,0.7571422425860819,1.0
0.173652539100431,0.020199811659094343,0.01709813841920343,0.689829743144828,0.7304860445806692,1.0
0.32156655393331823,0.007008520668909982,0.005114753806067314,0.6038921278596647,0.7591361044638626,1.0
0.19816472958446119,0.0207343354858291,0.012033747979805855,0.7589995119310466,0.7488723925112055,1.0
0.310979599496183,0.021764235333241698,0.009012147515741413,0.6035018829002042,0.7528581762505719,1.0
0.22003898493842822,0.005782939895749438,0.021835775237057542,0.7442412498145423,0.7581346651277919,1.0
0.39074318004052694,0.011983390948938818,0.01742844181725545,0.7348254879643381,0.739590858228807,1.0
0.09320629055708854,0.008790805749857527,0.019039864901844963,0.6077977920035869,0.748016524798691,1.0
0.11237515536781775,0.015910001983581133,0.009298903254415125,0.7923366871778629,0.7596271613485229,1.0
0.16356024265770575,0.002699305312572756,0.02056437367588362,0.6325447993092476,0.7573219144190433,1.0
0.053351863132276064,0.015684626464993207,0.014319839831354543,0.708229170842104,0.7271829871861912,1.0
0.07081202478122242,0.020033949521490357,0.014079492286863216,0.726973619873509,0.7568716442819332,1.0
0.2186349139627379,0.009657569428632237,0.014242702439874085,0.6683346119221079,0.7578473530100962,1.0
0.1666917816258041,0.01773181437999813,0.012286833452521281,0.7773221792876239,0.7297229056058819,1.0
0.2533566893394882,0.011927449341305303,0.023661161597816453,0.6846264651791923,0.7254236103183277,1.0
0.16031866493436714,0.013537333997254802,0.01049000982178352,0.710062664034761,0.7563218346226386,1.0
0.26236995010536435,0.005921319623204614,0.02102654090092045,0.6539341260720118,0.7431921117402223,1.0
0.03162392827442958,0.00787274892206216,0.009240613214226985,0.7785347536805258,0.7306464845855257,1.0
0.19947659563132178,0.005752896781204457,0.012826882663313912,0.6366862234995174,0.7533473301538182,1.0
0.35004346184068824,0.001987216541719897,0.01099215863058666,0.6279773440485553,0.7474106218368295,1.0
0.376039131274909,0.008872886363233955,0.00581498187000987,0.7523318126390267,0.7431800259870287,1.0
0.17332473596907524,0.016870894969163688,0.008421314122989363,0.7999053109663683,0.7269458789947644,1.0
0.08891307674027683,0.017823921668774608,0.02222504834054946,0.7753281812419537,0.739028737876527,1.0
0.33434749640164085,0.013459018293442501,0.017425536629770567,0.6472134242417243,0.7378462805681043,1.0
0.2678020158397735,0.005224390520412714,0.013115038534445773,0.7697464117996315,0.7418578270835413,1.0
0.09684834036288888,0.010457921736862793,0.015008324463902102,0.6801134814612373,0.7473797424939012,1.0
0.2101631541178838,0.003983605535234198,0.017583949775751097,0.7660496266548934,0.7207998818677426,1.0
0.19961791876506663,0.01648546552904245,0.006494398639500716,0.6812041562540192,0.7514192492469023,1.0
0.30118924430473826,0.008826210275840648,0.023401753637717102,0.615469051643903,0.7236465762321119,1.0
0.19097542036908277,0.014727051840495381,0.009581122694784361,0.6452056581953751,0.7499643827107881,1.0
0.2922802353882009,0.014775200179210964,0.006666543066583473,0.7422259279472149,0.755180614984237,1.0
0.00850043702646117,0.012603848981980411,0.023266744235468432,0.7197451348398333,0.731613042826124,1.0
0.27555427409521,0.017581959596326767,0.02325169529834801,0.7811433167066211,0.7335712066446286,1.0
0.045100078414302545,0.003030944828521645,0.0064293713360109314,0.7854288492175825,0.7260972970490998,1.0
0.17606358409379086,0.00798257885697307,0.01575461304702873,0.6005581780947177,0.7352059735327838,1.0
0.3223052325510937,0.016070713729985375,0.021995236080359148,0.6752596470530242,0.7256362211118955,1.0
0.385408555400378,0.005608043272231273,0.008495107259481265,0.7888674552318152,0.7579969233924085,1.0
0.3089338803127237,0.010239463839994063,0.014844314320098433,0.6997376292916292,0.7587348624447338,1.0
0.3103601754248632,0.0011219933297315797,0.017572202138176115,0.7305355953398119,0.7501482483780275,1.0
0.30276486673397746,0.01674109569554944,0.010075750326419499,0.7985679418342959,0.738736352436957,1.0
0.20324164144445192,0.009472213798704193,0.016872751424519092,0.6699249179570053,0.7295977939577838,1.0
0.37149224958847077,0.011669276374784805,0.02424294687888607,0.6831434319688715,0.7354951547386648,1.0
0.25500221619415364,0.017394123454932967,0.013254876631280426,0.6814003328952031,0.723332148195124,1.0
0.09504379190263189,0.011626741868129516,0.007292205436921411,0.7293907226708732,0.7356350180099107,1.0
0.21370956852274617,0.003783805276476161,0.005214810171898921,0.6424897364600609,0.7489738597928183,1.0
0.1398273390855477,0.01252238903150637,0.00980026580917112,0.7760886481839921,0.7586082858363673,1.0
0.04011025463377329,0.010398049483306757,0.024810113634999537,0.645876965862653,0.7468188668070191,1.0
0.310415338364038,0.014090493346781995,0.015134103177911251,0.7857628724674067,0.7357893346843078,1.0
0.17526590695799046,0.0172657180108148,0.023314277985349536,0.710128581725644,0.7323951939333703,1.0
0.3246576855843862,0.014373213294908467,0.010260912956509915,0.775482330632318,0.756812110551032,1.0
0.2425995698506925,0.021996504554139807,0.02249611262403536,0.6208520809891318,0.7592442390383738,1.0
0.3684141819053989,0.017347340848902656,0.017951333507108373,0.6653344763312727,0.7210812009433734,1.0
0.27589902753507023,0.019556970497738968,0.005046931942309592,0.6415947547573645,0.7469227086160835,1.0
0.06097262735117812,0.002761626111805749,0.01775757993649112,0.7189719634056689,0.7543445428859867,1.0
