1.019475907087326050e-01,5.718325376510620117e-01,1.371714472770690918e-01,9.194015860557556152e-01,7.712858915328979492e-01,1.000000000000000000e+00
6.212117671966552734e-01,3.096048533916473389e-01,5.167949199676513672e-01,9.082678556442260742e-01,8.619609475135803223e-01,1.000000000000000000e+00
2.406614869832992554e-01,4.708821475505828857e-01,3.756133317947387695e-01,9.182879924774169922e-01,4.221541881561279297e-01,1.000000000000000000e+00
5.062058568000793457e-01,5.394643545150756836e-01,2.762202620506286621e-01,9.372831583023071289e-01,5.290597677230834961e-01,1.000000000000000000e+00
4.397932291030883789e-01,6.561632156372070312e-01,1.419960111379623413e-01,9.650004506111145020e-01,3.446018695831298828e-01,1.000000000000000000e+00
1.444601863622665405e-01,5.092599391937255859e-01,6.269827485084533691e-01,9.269413948059082031e-01,2.914106249809265137e-01,1.000000000000000000e+00
5.985527634620666504e-01,6.385181546211242676e-01,2.522819042205810547e-01,9.580479264259338379e-01,8.445311188697814941e-01,1.000000000000000000e+00
6.941513419151306152e-01,6.139013171195983887e-01,1.994763463735580444e-01,9.329860806465148926e-01,8.209409117698669434e-01,1.000000000000000000e+00
2.646735906600952148e-01,4.414918422698974609e-01,1.489911675453186035e-01,9.214496612548828125e-01,2.568530440330505371e-01,1.000000000000000000e+00
4.881146252155303955e-01,4.669595360755920410e-01,6.567485332489013672e-01,9.430789947509765625e-01,7.446920871734619141e-01,1.000000000000000000e+00
7.335486412048339844e-01,4.228387475013732910e-01,1.750683784484863281e-01,9.687815308570861816e-01,3.804864287376403809e-01,1.000000000000000000e+00
3.589763045310974121e-01,5.704736113548278809e-01,1.900899410247802734e-01,9.446309804916381836e-01,7.974641323089599609e-01,1.000000000000000000e+00
5.059011578559875488e-01,4.050612747669219971e-01,1.629406213760375977e-01,9.594213962554931641e-01,6.585695147514343262e-01,1.000000000000000000e+00
1.651266217231750488e-01,1.879682391881942749e-01,2.054499834775924683e-01,9.352556467056274414e-01,4.555646777153015137e-01,1.000000000000000000e+00
2.301354706287384033e-01,2.481063008308410645e-01,1.914130449295043945e-01,9.676273465156555176e-01,6.736640334129333496e-01,1.000000000000000000e+00
2.160313576459884644e-01,4.831610023975372314e-01,6.113891601562500000e-01,9.579390287399291992e-01,4.823116660118103027e-01,1.000000000000000000e+00
4.497351944446563721e-01,3.806574642658233643e-01,5.941063761711120605e-01,9.704579710960388184e-01,5.296903252601623535e-01,1.000000000000000000e+00
5.159762501716613770e-01,2.541388273239135742e-01,1.589735001325607300e-01,9.350298047065734863e-01,6.952446103096008301e-01,1.000000000000000000e+00
2.422905266284942627e-01,1.814606785774230957e-01,6.392222642898559570e-02,9.274371862411499023e-01,4.164676666259765625e-01,1.000000000000000000e+00
2.826048433780670166e-01,6.142150759696960449e-01,5.252175331115722656e-01,9.422774314880371094e-01,1.525828838348388672e-01,1.000000000000000000e+00
4.518019855022430420e-01,3.518244922161102295e-01,5.817298293113708496e-01,9.675948619842529297e-01,1.429415345191955566e-01,1.000000000000000000e+00
3.496873080730438232e-01,4.560508728027343750e-01,2.502012550830841064e-01,9.048286676406860352e-01,5.067533254623413086e-01,1.000000000000000000e+00
4.949125945568084717e-01,4.027590453624725342e-01,4.257449209690093994e-01,9.440349340438842773e-01,5.461512207984924316e-01,1.000000000000000000e+00
7.306835055351257324e-01,4.620498418807983398e-01,2.053685486316680908e-01,9.752826094627380371e-01,6.940240263938903809e-01,1.000000000000000000e+00
6.320099830627441406e-01,4.072600305080413818e-01,3.212648928165435791e-01,9.620042443275451660e-01,4.292573928833007812e-01,1.000000000000000000e+00
3.598424792289733887e-01,2.115676850080490112e-01,4.405388236045837402e-01,9.675474762916564941e-01,3.236104249954223633e-01,1.000000000000000000e+00
2.276643216609954834e-01,6.283534765243530273e-01,1.646789163351058960e-01,9.534913301467895508e-01,8.046931624412536621e-01,1.000000000000000000e+00
3.799497783184051514e-01,6.539112925529479980e-01,3.104752898216247559e-01,9.666427969932556152e-01,1.939401030540466309e-01,1.000000000000000000e+00
7.314912676811218262e-01,4.781727790832519531e-01,6.074252724647521973e-01,9.494382739067077637e-01,7.619256973266601562e-01,1.000000000000000000e+00
3.341872692108154297e-01,3.485122621059417725e-01,2.751907110214233398e-01,9.331359863281250000e-01,1.057527661323547363e-01,1.000000000000000000e+00
3.593298792839050293e-01,3.961205184459686279e-01,2.731426060199737549e-01,9.562772512435913086e-01,5.763503313064575195e-01,1.000000000000000000e+00
2.452117502689361572e-01,2.468862384557723999e-01,6.262777447700500488e-01,9.236647486686706543e-01,3.571026921272277832e-01,1.000000000000000000e+00
7.108820080757141113e-01,5.207891464233398438e-01,5.870438218116760254e-01,9.489603042602539062e-01,5.843512415885925293e-01,1.000000000000000000e+00
6.719080209732055664e-01,5.355135202407836914e-01,5.607568621635437012e-01,9.530669450759887695e-01,5.314568877220153809e-01,1.000000000000000000e+00
2.742755413055419922e-01,6.580525636672973633e-01,4.778387844562530518e-01,9.322953224182128906e-01,5.894227027893066406e-01,1.000000000000000000e+00
1.532342284917831421e-01,1.978006362915039062e-01,5.870864391326904297e-01,9.051487445831298828e-01,2.871938347816467285e-01,1.000000000000000000e+00
1.068654507398605347e-01,6.162599325180053711e-01,1.931753605604171753e-01,9.093998670578002930e-01,4.670745134353637695e-01,1.000000000000000000e+00
7.339249253273010254e-01,6.575277447700500488e-01,5.898382663726806641e-01,9.514900445938110352e-01,4.737727642059326172e-01,1.000000000000000000e+00
3.970549702644348145e-01,5.079670548439025879e-01,6.755742430686950684e-01,9.204677939414978027e-01,8.594033718109130859e-01,1.000000000000000000e+00
1.270156800746917725e-01,6.372602581977844238e-01,5.698221921920776367e-01,9.502782821655273438e-01,8.907051682472229004e-01,1.000000000000000000e+00
4.411863386631011963e-01,5.786779522895812988e-01,6.818526387214660645e-01,9.221822023391723633e-01,1.648665666580200195e-01,1.000000000000000000e+00
1.025849506258964539e-01,2.529442906379699707e-01,5.136357545852661133e-01,9.645442366600036621e-01,4.612803459167480469e-01,1.000000000000000000e+00
4.725806117057800293e-01,3.786223232746124268e-01,5.914007499814033508e-02,9.686908721923828125e-01,2.281841635704040527e-01,1.000000000000000000e+00
4.205964505672454834e-01,5.809698700904846191e-01,5.965149998664855957e-01,9.661226272583007812e-01,1.272601485252380371e-01,1.000000000000000000e+00
2.694505155086517334e-01,3.549304604530334473e-01,2.118953466415405273e-01,9.127366542816162109e-01,1.214159727096557617e-01,1.000000000000000000e+00
2.984122335910797119e-01,1.839120835065841675e-01,5.452294945716857910e-01,9.053791761398315430e-01,6.057023406028747559e-01,1.000000000000000000e+00
3.804937005043029785e-01,6.132749915122985840e-01,2.796898484230041504e-01,9.092381000518798828e-01,5.002977252006530762e-01,1.000000000000000000e+00
1.371775120496749878e-01,2.631161212921142578e-01,4.012237489223480225e-01,9.748913645744323730e-01,6.581225395202636719e-01,1.000000000000000000e+00
2.430987358093261719e-01,6.330280900001525879e-01,5.452694892883300781e-01,9.215396642684936523e-01,4.687488079071044922e-01,1.000000000000000000e+00
2.895765602588653564e-01,5.934119224548339844e-01,5.900090932846069336e-01,9.235202670097351074e-01,5.640298724174499512e-01,1.000000000000000000e+00
4.325978159904479980e-01,2.550751864910125732e-01,3.198228180408477783e-01,9.350254535675048828e-01,7.697650790214538574e-01,1.000000000000000000e+00
1.113788411021232605e-01,4.486436545848846436e-01,2.948319911956787109e-01,9.270073175430297852e-01,2.667931914329528809e-01,1.000000000000000000e+00
1.709375381469726562e-01,6.013700962066650391e-01,6.880241036415100098e-01,9.716578722000122070e-01,6.322766542434692383e-01,1.000000000000000000e+00
1.684674024581909180e-01,5.558812022209167480e-01,6.766667962074279785e-01,9.242165088653564453e-01,1.834446787834167480e-01,1.000000000000000000e+00
2.322341054677963257e-01,4.122135043144226074e-01,1.889367699623107910e-01,9.690622091293334961e-01,1.461187601089477539e-01,1.000000000000000000e+00
2.281458228826522827e-01,4.902999401092529297e-01,6.338971108198165894e-02,9.315591454505920410e-01,5.444828271865844727e-01,1.000000000000000000e+00
5.173349380493164062e-01,6.279899477958679199e-01,2.058117836713790894e-01,9.230391979217529297e-01,6.444156765937805176e-01,1.000000000000000000e+00
5.570095181465148926e-01,6.273022294044494629e-01,5.192033052444458008e-01,9.355852603912353516e-01,3.747374415397644043e-01,1.000000000000000000e+00
7.230966091156005859e-01,2.955138385295867920e-01,2.496797293424606323e-01,9.178360700607299805e-01,8.116055130958557129e-01,1.000000000000000000e+00
1.165354177355766296e-01,2.160360813140869141e-01,6.286402940750122070e-01,9.214442968368530273e-01,2.050274610519409180e-01,1.000000000000000000e+00
3.453184068202972412e-01,5.677627325057983398e-01,5.319787263870239258e-01,9.628040194511413574e-01,5.516166090965270996e-01,1.000000000000000000e+00
4.853884577751159668e-01,2.176396995782852173e-01,1.302528828382492065e-01,9.148267507553100586e-01,7.602190971374511719e-01,1.000000000000000000e+00
5.216988325119018555e-01,5.573825240135192871e-01,5.774918198585510254e-01,9.072535037994384766e-01,8.018711209297180176e-01,1.000000000000000000e+00
1.480117887258529663e-01,5.781931877136230469e-01,1.615344285964965820e-01,9.448748230934143066e-01,7.198497653007507324e-01,1.000000000000000000e+00
1.317953467369079590e-01,3.951846659183502197e-01,3.838142156600952148e-01,9.778384566307067871e-01,7.836396098136901855e-01,1.000000000000000000e+00
5.250040292739868164e-01,5.021389126777648926e-01,2.193490713834762573e-01,9.712554812431335449e-01,2.794223427772521973e-01,1.000000000000000000e+00
6.709733605384826660e-01,6.518623232841491699e-01,2.371915429830551147e-01,9.449791908264160156e-01,5.199420452117919922e-01,1.000000000000000000e+00
6.683126688003540039e-01,5.761789083480834961e-01,4.284227192401885986e-01,9.390713572502136230e-01,6.423765420913696289e-01,1.000000000000000000e+00
2.062733173370361328e-01,2.517508268356323242e-01,9.418678283691406250e-02,9.750557541847229004e-01,6.772057414054870605e-01,1.000000000000000000e+00
6.781938672065734863e-01,2.664358913898468018e-01,2.936758399009704590e-01,9.485881328582763672e-01,2.368844747543334961e-01,1.000000000000000000e+00
2.742633819580078125e-01,2.922853231430053711e-01,6.117091178894042969e-01,9.757758378982543945e-01,8.376241922378540039e-01,1.000000000000000000e+00
5.744664072990417480e-01,3.338728547096252441e-01,4.014590680599212646e-01,9.001382589340209961e-01,6.353345513343811035e-01,1.000000000000000000e+00
2.466630041599273682e-01,6.368033289909362793e-01,3.087847232818603516e-01,9.473576545715332031e-01,8.637796044349670410e-01,1.000000000000000000e+00
4.515970051288604736e-01,5.055105686187744141e-01,4.269792437553405762e-01,9.032894372940063477e-01,7.097903490066528320e-01,1.000000000000000000e+00
6.218455433845520020e-01,5.222117900848388672e-01,2.545664310455322266e-01,9.404743313789367676e-01,4.647349715232849121e-01,1.000000000000000000e+00
3.025799691677093506e-01,1.797018051147460938e-01,1.969442367553710938e-01,9.334197640419006348e-01,4.448191523551940918e-01,1.000000000000000000e+00
1.211052462458610535e-01,6.584989428520202637e-01,2.017472982406616211e-01,9.426736831665039062e-01,8.792290091514587402e-01,1.000000000000000000e+00
1.485936641693115234e-01,3.692893087863922119e-01,1.610773801803588867e-01,9.332938790321350098e-01,3.294584751129150391e-01,1.000000000000000000e+00
3.237230181694030762e-01,5.385614633560180664e-01,2.134377807378768921e-01,9.003170728683471680e-01,8.903722763061523438e-01,1.000000000000000000e+00
3.292147815227508545e-01,4.359676241874694824e-01,1.344458460807800293e-01,9.336427450180053711e-01,4.658989906311035156e-01,1.000000000000000000e+00
2.317054271697998047e-01,5.334597229957580566e-01,5.681053996086120605e-01,9.057810306549072266e-01,3.903556466102600098e-01,1.000000000000000000e+00
5.190097689628601074e-01,3.531175851821899414e-01,5.126739144325256348e-01,9.581115841865539551e-01,3.972334861755371094e-01,1.000000000000000000e+00
2.537295222282409668e-01,2.356485128402709961e-01,2.911415398120880127e-01,9.087839126586914062e-01,7.551930546760559082e-01,1.000000000000000000e+00
1.901029199361801147e-01,2.171849012374877930e-01,3.006626069545745850e-01,9.313725829124450684e-01,6.774819493293762207e-01,1.000000000000000000e+00
2.284888327121734619e-01,4.528598189353942871e-01,2.798536419868469238e-01,9.738571047782897949e-01,4.463922977447509766e-01,1.000000000000000000e+00
3.292361199855804443e-01,6.204139590263366699e-01,4.908089935779571533e-01,9.148935079574584961e-01,5.803141593933105469e-01,1.000000000000000000e+00
4.069402515888214111e-01,2.506898641586303711e-01,5.822569727897644043e-01,9.467078447341918945e-01,6.157273054122924805e-01,1.000000000000000000e+00
2.669855654239654541e-01,3.327682912349700928e-01,1.101204082369804382e-01,9.715943932533264160e-01,3.367190361022949219e-01,1.000000000000000000e+00
1.108518764376640320e-01,4.635201096534729004e-01,1.124478504061698914e-01,9.541648626327514648e-01,2.921757102012634277e-01,1.000000000000000000e+00
1.372845768928527832e-01,3.431810140609741211e-01,2.693531513214111328e-01,9.717787504196166992e-01,2.846072316169738770e-01,1.000000000000000000e+00
5.102965235710144043e-01,5.425266623497009277e-01,5.202944874763488770e-01,9.598687291145324707e-01,1.798484921455383301e-01,1.000000000000000000e+00
5.303622484207153320e-01,3.820818662643432617e-01,8.131907880306243896e-02,9.432252645492553711e-01,7.372707724571228027e-01,1.000000000000000000e+00
5.355530977249145508e-01,6.345021724700927734e-01,6.498674154281616211e-01,9.372819066047668457e-01,7.943137288093566895e-01,1.000000000000000000e+00
6.583614349365234375e-01,4.608679711818695068e-01,2.518298923969268799e-01,9.110555052757263184e-01,1.476332545280456543e-01,1.000000000000000000e+00
5.763501524925231934e-01,3.247721493244171143e-01,1.716610789299011230e-01,9.271699786186218262e-01,6.278916001319885254e-01,1.000000000000000000e+00
6.570802927017211914e-01,5.806530117988586426e-01,4.244930148124694824e-01,9.177677631378173828e-01,2.950670123100280762e-01,1.000000000000000000e+00
3.099088072776794434e-01,4.452697336673736572e-01,2.930220663547515869e-01,9.324609041213989258e-01,8.680224418640136719e-01,1.000000000000000000e+00
5.820714235305786133e-01,5.333271622657775879e-01,6.481660604476928711e-01,9.313812851905822754e-01,7.747763991355895996e-01,1.000000000000000000e+00
1.463901847600936890e-01,2.512284517288208008e-01,3.789869546890258789e-01,9.546644687652587891e-01,1.620951890945434570e-01,1.000000000000000000e+00
4.069497287273406982e-01,6.559047102928161621e-01,4.179776310920715332e-01,9.074084162712097168e-01,7.993037104606628418e-01,1.000000000000000000e+00
1.795428395271301270e-01,5.207753181457519531e-01,4.365298151969909668e-01,9.319214820861816406e-01,4.207614660263061523e-01,1.000000000000000000e+00
2.681826353073120117e-01,3.147340714931488037e-01,3.012194335460662842e-01,9.756448864936828613e-01,2.262334227561950684e-01,1.000000000000000000e+00
5.086685419082641602e-01,1.925561577081680298e-01,6.973897665739059448e-02,9.652152657508850098e-01,5.260914564132690430e-01,1.000000000000000000e+00
2.885490655899047852e-01,6.378170847892761230e-01,5.840255618095397949e-01,9.446022510528564453e-01,8.999482989311218262e-01,1.000000000000000000e+00
3.193545341491699219e-01,5.294812321662902832e-01,3.314599096775054932e-01,9.652537107467651367e-01,8.477517366409301758e-01,1.000000000000000000e+00
1.709233224391937256e-01,6.211474537849426270e-01,9.802018851041793823e-02,9.650955796241760254e-01,4.935256838798522949e-01,1.000000000000000000e+00
4.404118359088897705e-01,2.137322872877120972e-01,2.569504678249359131e-01,9.582176804542541504e-01,1.091083884239196777e-01,1.000000000000000000e+00
1.493780463933944702e-01,2.908796668052673340e-01,1.347990632057189941e-01,9.744563698768615723e-01,8.804492354393005371e-01,1.000000000000000000e+00
1.334220618009567261e-01,3.137515187263488770e-01,6.490515470504760742e-01,9.103912711143493652e-01,2.245413661003112793e-01,1.000000000000000000e+00
6.455659270286560059e-01,6.131401658058166504e-01,3.273508548736572266e-01,9.039887785911560059e-01,1.104646325111389160e-01,1.000000000000000000e+00
6.612091660499572754e-01,4.094099998474121094e-01,3.673842251300811768e-01,9.406210184097290039e-01,6.565587520599365234e-01,1.000000000000000000e+00
1.690729260444641113e-01,6.626852750778198242e-01,1.975594758987426758e-01,9.168241024017333984e-01,5.069795250892639160e-01,1.000000000000000000e+00
2.695752680301666260e-01,5.640195608139038086e-01,5.479713678359985352e-01,9.431495666503906250e-01,1.269391179084777832e-01,1.000000000000000000e+00
1.446109414100646973e-01,3.811319470405578613e-01,2.446643710136413574e-01,9.285317659378051758e-01,3.611938357353210449e-01,1.000000000000000000e+00
1.619558632373809814e-01,6.605054140090942383e-01,2.407877892255783081e-01,9.599465131759643555e-01,1.947525143623352051e-01,1.000000000000000000e+00
3.065753281116485596e-01,3.505615890026092529e-01,5.167508721351623535e-01,9.136675000190734863e-01,8.668515086174011230e-01,1.000000000000000000e+00
4.869839847087860107e-01,3.536262810230255127e-01,3.926036953926086426e-01,9.584270119667053223e-01,2.515636086463928223e-01,1.000000000000000000e+00
2.411126941442489624e-01,2.505797445774078369e-01,4.323830008506774902e-01,9.274117350578308105e-01,2.678886651992797852e-01,1.000000000000000000e+00
5.946394801139831543e-01,3.096454739570617676e-01,2.406406402587890625e-01,9.053286314010620117e-01,1.862595081329345703e-01,1.000000000000000000e+00
1.389157623052597046e-01,6.527438759803771973e-01,4.116535484790802002e-01,9.603450894355773926e-01,3.116630315780639648e-01,1.000000000000000000e+00
1.160993427038192749e-01,3.046668171882629395e-01,6.159338355064392090e-01,9.764159917831420898e-01,2.843067646026611328e-01,1.000000000000000000e+00
6.127391457557678223e-01,4.547801613807678223e-01,5.895113348960876465e-01,9.056646227836608887e-01,7.065553069114685059e-01,1.000000000000000000e+00
4.750452935695648193e-01,5.662269592285156250e-01,8.404056727886199951e-02,9.330990314483642578e-01,6.115077137947082520e-01,1.000000000000000000e+00
5.694273710250854492e-01,2.519254982471466064e-01,4.795481562614440918e-01,9.664840698242187500e-01,8.679748177528381348e-01,1.000000000000000000e+00
5.047794580459594727e-01,2.186126708984375000e-01,6.839612722396850586e-01,9.432614445686340332e-01,4.439578056335449219e-01,1.000000000000000000e+00
5.705967545509338379e-01,3.055332303047180176e-01,5.707415938377380371e-01,9.330095648765563965e-01,6.029798388481140137e-01,1.000000000000000000e+00
3.220059275627136230e-01,2.422748208045959473e-01,3.455966114997863770e-01,9.472778439521789551e-01,6.324073076248168945e-01,1.000000000000000000e+00
1.024695485830307007e-01,3.601835966110229492e-01,4.091392159461975098e-01,9.312497973442077637e-01,3.408920764923095703e-01,1.000000000000000000e+00
2.062421739101409912e-01,5.445025563240051270e-01,2.798207104206085205e-01,9.408141970634460449e-01,1.296767592430114746e-01,1.000000000000000000e+00
1.343753933906555176e-01,3.743557333946228027e-01,4.586023092269897461e-01,9.078552722930908203e-01,7.921621799468994141e-01,1.000000000000000000e+00
2.882026731967926025e-01,5.214793086051940918e-01,4.302283823490142822e-01,9.605504870414733887e-01,2.262926697731018066e-01,1.000000000000000000e+00
4.646501243114471436e-01,3.464113473892211914e-01,1.838443279266357422e-01,9.646489620208740234e-01,2.910895943641662598e-01,1.000000000000000000e+00
3.155084550380706787e-01,6.212624907493591309e-01,3.041939735412597656e-01,9.170377850532531738e-01,2.128759026527404785e-01,1.000000000000000000e+00
7.107974886894226074e-01,4.775872528553009033e-01,2.486163973808288574e-01,9.410077929496765137e-01,8.348906636238098145e-01,1.000000000000000000e+00
1.959096491336822510e-01,3.623935580253601074e-01,6.751853823661804199e-01,9.179709553718566895e-01,8.323881030082702637e-01,1.000000000000000000e+00
4.754406511783599854e-01,5.729699134826660156e-01,3.496272563934326172e-01,9.139992594718933105e-01,7.657378315925598145e-01,1.000000000000000000e+00
7.156201004981994629e-01,3.659718036651611328e-01,1.032418534159660339e-01,9.379963874816894531e-01,5.299848318099975586e-01,1.000000000000000000e+00
5.511756539344787598e-01,5.994260907173156738e-01,4.502438008785247803e-01,9.328554868698120117e-01,4.850450158119201660e-01,1.000000000000000000e+00
7.150413393974304199e-01,2.705376744270324707e-01,3.229459822177886963e-01,9.673115015029907227e-01,4.038583636283874512e-01,1.000000000000000000e+00
6.134577393531799316e-01,2.525142431259155273e-01,9.683442115783691406e-02,9.755800962448120117e-01,2.106029391288757324e-01,1.000000000000000000e+00
3.199794292449951172e-01,3.377106189727783203e-01,1.497819423675537109e-01,9.094080328941345215e-01,6.655149459838867188e-01,1.000000000000000000e+00
6.465240120887756348e-01,2.363670319318771362e-01,5.912798643112182617e-01,9.793480038642883301e-01,4.779351949691772461e-01,1.000000000000000000e+00
3.277961313724517822e-01,6.582092046737670898e-01,3.405389785766601562e-01,9.487928152084350586e-01,1.441947817802429199e-01,1.000000000000000000e+00
1.567043066024780273e-01,5.044856667518615723e-01,4.154518246650695801e-01,9.051908850669860840e-01,5.875421762466430664e-01,1.000000000000000000e+00
5.241460204124450684e-01,6.408405303955078125e-01,2.585480809211730957e-01,9.689905047416687012e-01,8.856853842735290527e-01,1.000000000000000000e+00
5.639947652816772461e-01,6.663106083869934082e-01,5.624402761459350586e-01,9.347050189971923828e-01,7.205904722213745117e-01,1.000000000000000000e+00
6.569463610649108887e-01,6.236836910247802734e-01,1.223267316818237305e-01,9.398835897445678711e-01,1.353831887245178223e-01,1.000000000000000000e+00
1.997643709182739258e-01,6.378945112228393555e-01,5.192765593528747559e-01,9.129711389541625977e-01,2.530823945999145508e-01,1.000000000000000000e+00
6.913770437240600586e-01,2.035392969846725464e-01,2.276455163955688477e-01,9.095750451087951660e-01,7.605526447296142578e-01,1.000000000000000000e+00
5.383313298225402832e-01,3.940850794315338135e-01,2.399266958236694336e-01,9.236612915992736816e-01,5.651726722717285156e-01,1.000000000000000000e+00
2.993271946907043457e-01,3.457356393337249756e-01,6.902996897697448730e-01,9.579564332962036133e-01,5.905147790908813477e-01,1.000000000000000000e+00
1.820526123046875000e-01,3.929606676101684570e-01,3.621104955673217773e-01,9.353331923484802246e-01,3.914250135421752930e-01,1.000000000000000000e+00
5.177760720252990723e-01,6.215269565582275391e-01,5.621503591537475586e-01,9.415131211280822754e-01,7.090572714805603027e-01,1.000000000000000000e+00
1.555171608924865723e-01,3.786885738372802734e-01,4.832928180694580078e-01,9.333626627922058105e-01,4.231233596801757812e-01,1.000000000000000000e+00
4.511608481407165527e-01,2.656965851783752441e-01,2.578849792480468750e-01,9.231905341148376465e-01,8.202022910118103027e-01,1.000000000000000000e+00
6.111338138580322266e-01,2.939677238464355469e-01,1.441010236740112305e-01,9.781538248062133789e-01,3.272575139999389648e-01,1.000000000000000000e+00
4.476978182792663574e-01,5.789903402328491211e-01,2.676158547401428223e-01,9.769746065139770508e-01,6.044200062751770020e-01,1.000000000000000000e+00
6.208048462867736816e-01,2.918211817741394043e-01,2.398148626089096069e-01,9.459907412528991699e-01,8.709555268287658691e-01,1.000000000000000000e+00
2.918037772178649902e-01,6.157443523406982422e-01,4.613161981105804443e-01,9.187745451927185059e-01,2.160910964012145996e-01,1.000000000000000000e+00
4.955160617828369141e-01,1.965045183897018433e-01,1.910924911499023438e-01,9.516751170158386230e-01,3.244148492813110352e-01,1.000000000000000000e+00
2.605850398540496826e-01,6.090484261512756348e-01,1.818576455116271973e-01,9.131028652191162109e-01,7.445032000541687012e-01,1.000000000000000000e+00
3.021594285964965820e-01,3.212804794311523438e-01,2.593290209770202637e-01,9.541529417037963867e-01,3.471361398696899414e-01,1.000000000000000000e+00
4.114300310611724854e-01,5.483114719390869141e-01,1.820179671049118042e-01,9.049202799797058105e-01,8.740633726119995117e-01,1.000000000000000000e+00
1.328302025794982910e-01,4.672452509403228760e-01,2.995395660400390625e-01,9.275447726249694824e-01,5.969523787498474121e-01,1.000000000000000000e+00
6.358982324600219727e-01,6.004965901374816895e-01,3.577089309692382812e-01,9.507386088371276855e-01,6.442759633064270020e-01,1.000000000000000000e+00
5.777971744537353516e-01,3.260763287544250488e-01,1.421880722045898438e-01,9.560646414756774902e-01,6.491878032684326172e-01,1.000000000000000000e+00
5.427029132843017578e-01,5.836051702499389648e-01,3.029204905033111572e-01,9.003433585166931152e-01,3.983950018882751465e-01,1.000000000000000000e+00
3.340681493282318115e-01,5.419222712516784668e-01,8.004581183195114136e-02,9.014387130737304688e-01,8.971313834190368652e-01,1.000000000000000000e+00
1.555579006671905518e-01,2.323188185691833496e-01,3.438661396503448486e-01,9.728070497512817383e-01,7.992348670959472656e-01,1.000000000000000000e+00
5.985102653503417969e-01,2.778530120849609375e-01,3.524108529090881348e-01,9.275244474411010742e-01,5.791165828704833984e-01,1.000000000000000000e+00
5.259299278259277344e-01,4.595323503017425537e-01,5.703015923500061035e-01,9.009764194488525391e-01,2.193184494972229004e-01,1.000000000000000000e+00
3.730718195438385010e-01,2.175174206495285034e-01,2.278177589178085327e-01,9.725360274314880371e-01,1.400614380836486816e-01,1.000000000000000000e+00
3.569638431072235107e-01,4.599216282367706299e-01,4.098787307739257812e-01,9.083102345466613770e-01,6.791986823081970215e-01,1.000000000000000000e+00
4.769654870033264160e-01,6.113302111625671387e-01,6.104826927185058594e-01,9.684655070304870605e-01,5.890635848045349121e-01,1.000000000000000000e+00
2.063954919576644897e-01,4.840475916862487793e-01,1.262683272361755371e-01,9.307157397270202637e-01,2.127979993820190430e-01,1.000000000000000000e+00
2.143324017524719238e-01,5.598434209823608398e-01,5.117555260658264160e-01,9.611024260520935059e-01,5.971376299858093262e-01,1.000000000000000000e+00
2.455643266439437866e-01,4.919891953468322754e-01,1.694654077291488647e-01,9.573498368263244629e-01,7.335626482963562012e-01,1.000000000000000000e+00
2.063776701688766479e-01,5.331516265869140625e-01,1.788085699081420898e-01,9.010040163993835449e-01,1.450069546699523926e-01,1.000000000000000000e+00
1.314703822135925293e-01,5.828811526298522949e-01,2.324301600456237793e-01,9.307307004928588867e-01,2.144606113433837891e-01,1.000000000000000000e+00
4.469959437847137451e-01,6.543253660202026367e-01,6.099700927734375000e-01,9.631271958351135254e-01,3.820056915283203125e-01,1.000000000000000000e+00
3.993174433708190918e-01,4.124845266342163086e-01,6.000273227691650391e-01,9.232427477836608887e-01,4.004512429237365723e-01,1.000000000000000000e+00
7.215469479560852051e-01,6.066319346427917480e-01,3.308739662170410156e-01,9.666298031806945801e-01,1.981999278068542480e-01,1.000000000000000000e+00
3.407028913497924805e-01,2.195272445678710938e-01,2.410805225372314453e-01,9.712291359901428223e-01,2.662828564643859863e-01,1.000000000000000000e+00
6.870408058166503906e-01,3.642041385173797607e-01,6.557455062866210938e-01,9.157539010047912598e-01,5.677361488342285156e-01,1.000000000000000000e+00
5.764148235321044922e-01,3.696651458740234375e-01,5.556159615516662598e-01,9.383450746536254883e-01,4.517348408699035645e-01,1.000000000000000000e+00
5.582146644592285156e-01,2.546635270118713379e-01,2.135783731937408447e-01,9.375866055488586426e-01,2.273328900337219238e-01,1.000000000000000000e+00
6.863381266593933105e-01,5.376212000846862793e-01,6.921998858451843262e-01,9.337194561958312988e-01,7.962526679039001465e-01,1.000000000000000000e+00
4.058388769626617432e-01,6.118488311767578125e-01,4.375357329845428467e-01,9.147790670394897461e-01,2.016459703445434570e-01,1.000000000000000000e+00
2.850126326084136963e-01,3.121025264263153076e-01,3.891078829765319824e-01,9.441492557525634766e-01,5.792683362960815430e-01,1.000000000000000000e+00
5.612345337867736816e-01,3.957345485687255859e-01,6.454349756240844727e-01,9.140889048576354980e-01,3.201207518577575684e-01,1.000000000000000000e+00
3.502623140811920166e-01,2.974840402603149414e-01,2.445634007453918457e-01,9.664146900177001953e-01,8.667629957199096680e-01,1.000000000000000000e+00
5.022256970405578613e-01,5.980294942855834961e-01,4.478462636470794678e-01,9.098539352416992188e-01,6.216587424278259277e-01,1.000000000000000000e+00
5.167906880378723145e-01,6.469681262969970703e-01,5.776832103729248047e-01,9.411956667900085449e-01,1.852400302886962891e-01,1.000000000000000000e+00
5.161722898483276367e-01,4.140576124191284180e-01,1.847819536924362183e-01,9.143639802932739258e-01,7.723963260650634766e-01,1.000000000000000000e+00
4.376203715801239014e-01,6.375284194946289062e-01,5.500371456146240234e-01,9.451255202293395996e-01,5.592699050903320312e-01,1.000000000000000000e+00
5.456694364547729492e-01,3.041307628154754639e-01,3.851543068885803223e-01,9.581263065338134766e-01,6.443238854408264160e-01,1.000000000000000000e+00
1.636663526296615601e-01,4.246581792831420898e-01,2.967578470706939697e-01,9.759175181388854980e-01,7.759256362915039062e-01,1.000000000000000000e+00
3.658665716648101807e-01,3.078567385673522949e-01,7.750898599624633789e-02,9.603297710418701172e-01,5.248848199844360352e-01,1.000000000000000000e+00
2.509725987911224365e-01,4.677956104278564453e-01,6.753069758415222168e-01,9.587615728378295898e-01,2.666608095169067383e-01,1.000000000000000000e+00
3.121219575405120850e-01,3.795043826103210449e-01,3.993456959724426270e-01,9.604378342628479004e-01,6.666989922523498535e-01,1.000000000000000000e+00
2.774434983730316162e-01,5.643860697746276855e-01,5.635080337524414062e-01,9.500789642333984375e-01,3.434314727783203125e-01,1.000000000000000000e+00
6.006667613983154297e-01,5.458523035049438477e-01,3.643179535865783691e-01,9.569228291511535645e-01,2.489902377128601074e-01,1.000000000000000000e+00
5.231152772903442383e-01,3.517293930053710938e-01,2.013680785894393921e-01,9.391801953315734863e-01,6.482902169227600098e-01,1.000000000000000000e+00
4.471535682678222656e-01,4.152963161468505859e-01,5.967366695404052734e-01,9.653629064559936523e-01,6.274338364601135254e-01,1.000000000000000000e+00
4.033658206462860107e-01,4.561189115047454834e-01,1.419129967689514160e-01,9.694054722785949707e-01,4.759081602096557617e-01,1.000000000000000000e+00
7.329794764518737793e-01,2.122993618249893188e-01,6.025740504264831543e-01,9.007567167282104492e-01,3.524383306503295898e-01,1.000000000000000000e+00
3.183450400829315186e-01,4.554084539413452148e-01,5.762838721275329590e-01,9.209195971488952637e-01,5.861638188362121582e-01,1.000000000000000000e+00
6.499606966972351074e-01,4.799239635467529297e-01,4.623151719570159912e-01,9.350344538688659668e-01,6.482530236244201660e-01,1.000000000000000000e+00
3.726175129413604736e-01,3.020006120204925537e-01,1.809563040733337402e-01,9.483683109283447266e-01,1.363574862480163574e-01,1.000000000000000000e+00
4.714897871017456055e-01,6.067772507667541504e-01,5.815798044204711914e-01,9.617069363594055176e-01,8.981971740722656250e-01,1.000000000000000000e+00
6.208233833312988281e-01,4.191547632217407227e-01,1.417275667190551758e-01,9.341389536857604980e-01,3.530219793319702148e-01,1.000000000000000000e+00
1.816783994436264038e-01,4.718229174613952637e-01,4.454015791416168213e-01,9.026606082916259766e-01,3.047612309455871582e-01,1.000000000000000000e+00
3.044188320636749268e-01,3.737478256225585938e-01,7.033990621566772461e-01,9.792627096176147461e-01,1.074946522712707520e-01,1.000000000000000000e+00
5.433904528617858887e-01,5.720300674438476562e-01,1.336801499128341675e-01,9.513564109802246094e-01,8.082481026649475098e-01,1.000000000000000000e+00
6.429488062858581543e-01,3.539044559001922607e-01,2.355354875326156616e-01,9.119652509689331055e-01,1.860905885696411133e-01,1.000000000000000000e+00
5.629021525382995605e-01,4.493742883205413818e-01,5.333874821662902832e-01,9.116102457046508789e-01,2.249987721443176270e-01,1.000000000000000000e+00
7.082599997520446777e-01,2.268607020378112793e-01,7.005076408386230469e-01,9.748166203498840332e-01,5.117168426513671875e-01,1.000000000000000000e+00
2.513330578804016113e-01,2.182558774948120117e-01,3.194575309753417969e-01,9.060301184654235840e-01,4.174216389656066895e-01,1.000000000000000000e+00
4.030650854110717773e-01,2.095861285924911499e-01,4.936122000217437744e-01,9.537569284439086914e-01,6.050960421562194824e-01,1.000000000000000000e+00
4.991213083267211914e-01,6.190009117126464844e-01,2.304781079292297363e-01,9.090064167976379395e-01,2.739657759666442871e-01,1.000000000000000000e+00
3.675358593463897705e-01,5.991719365119934082e-01,2.067976444959640503e-01,9.719784259796142578e-01,2.455205917358398438e-01,1.000000000000000000e+00
2.434518784284591675e-01,3.426542580127716064e-01,4.206139147281646729e-01,9.578856229782104492e-01,2.781664729118347168e-01,1.000000000000000000e+00
5.526885986328125000e-01,6.451908946037292480e-01,2.883979678153991699e-01,9.520606994628906250e-01,2.905266284942626953e-01,1.000000000000000000e+00
5.025449991226196289e-01,3.583267033100128174e-01,2.587555050849914551e-01,9.771770238876342773e-01,6.279458999633789062e-01,1.000000000000000000e+00
3.766311705112457275e-01,2.451376765966415405e-01,6.255502700805664062e-01,9.572591781616210938e-01,5.650140643119812012e-01,1.000000000000000000e+00
6.901748776435852051e-01,3.077831268310546875e-01,6.012115478515625000e-01,9.364271759986877441e-01,7.195549011230468750e-01,1.000000000000000000e+00
2.394586205482482910e-01,4.620350599288940430e-01,1.782115548849105835e-01,9.674111008644104004e-01,5.777051448822021484e-01,1.000000000000000000e+00
1.268022507429122925e-01,4.402607381343841553e-01,5.345244407653808594e-01,9.621068239212036133e-01,5.524442195892333984e-01,1.000000000000000000e+00
2.985793352127075195e-01,2.355981916189193726e-01,5.264124870300292969e-01,9.794797301292419434e-01,2.118704915046691895e-01,1.000000000000000000e+00
1.542046368122100830e-01,5.395554900169372559e-01,6.028891801834106445e-01,9.411180019378662109e-01,2.775728702545166016e-01,1.000000000000000000e+00
5.475306510925292969e-01,3.596970736980438232e-01,4.524047970771789551e-01,9.394683837890625000e-01,8.657658696174621582e-01,1.000000000000000000e+00
6.862610578536987305e-01,6.665938496589660645e-01,4.732902050018310547e-01,9.498878121376037598e-01,2.259111404418945312e-01,1.000000000000000000e+00
6.146942377090454102e-01,6.560320854187011719e-01,9.036552160978317261e-02,9.312068223953247070e-01,5.799521803855895996e-01,1.000000000000000000e+00
3.107758760452270508e-01,5.639121532440185547e-01,2.961447834968566895e-01,9.666270613670349121e-01,7.802748084068298340e-01,1.000000000000000000e+00
4.166803359985351562e-01,5.873715877532958984e-01,3.176204562187194824e-01,9.277365207672119141e-01,1.615137457847595215e-01,1.000000000000000000e+00
5.265426039695739746e-01,3.604446351528167725e-01,4.211217164993286133e-01,9.504098296165466309e-01,5.146381855010986328e-01,1.000000000000000000e+00
1.241235062479972839e-01,4.428388178348541260e-01,1.085363477468490601e-01,9.604004025459289551e-01,1.677933335304260254e-01,1.000000000000000000e+00
6.423597335815429688e-01,6.639394164085388184e-01,5.145287513732910156e-01,9.621183872222900391e-01,1.874203085899353027e-01,1.000000000000000000e+00
4.281497597694396973e-01,1.956155151128768921e-01,4.383681416511535645e-01,9.475702047348022461e-01,3.655894994735717773e-01,1.000000000000000000e+00
6.871902942657470703e-01,3.057500123977661133e-01,6.325586438179016113e-01,9.618242979049682617e-01,6.105139851570129395e-01,1.000000000000000000e+00
5.806362032890319824e-01,2.355028986930847168e-01,1.839914768934249878e-01,9.377549290657043457e-01,7.913480401039123535e-01,1.000000000000000000e+00
5.378471612930297852e-01,2.874423265457153320e-01,2.004983425140380859e-01,9.749504923820495605e-01,1.470293402671813965e-01,1.000000000000000000e+00
3.052387833595275879e-01,5.927905440330505371e-01,5.368008017539978027e-01,9.071368575096130371e-01,2.122420072555541992e-01,1.000000000000000000e+00
2.088873237371444702e-01,5.161352157592773438e-01,5.044460296630859375e-01,9.765214920043945312e-01,3.131417036056518555e-01,1.000000000000000000e+00
5.463124513626098633e-01,4.712845087051391602e-01,4.026103615760803223e-01,9.644517302513122559e-01,5.965403914451599121e-01,1.000000000000000000e+00
6.152803301811218262e-01,3.071913719177246094e-01,6.179162859916687012e-01,9.174348115921020508e-01,1.994519829750061035e-01,1.000000000000000000e+00
4.917267262935638428e-01,6.339954137802124023e-01,4.578042328357696533e-01,9.798027873039245605e-01,2.586731314659118652e-01,1.000000000000000000e+00
5.169023275375366211e-01,4.291833043098449707e-01,6.052448749542236328e-01,9.296165704727172852e-01,5.007858276367187500e-01,1.000000000000000000e+00
2.556961178779602051e-01,2.799999117851257324e-01,2.611115574836730957e-01,9.708182811737060547e-01,5.637595653533935547e-01,1.000000000000000000e+00
6.039046645164489746e-01,2.489421218633651733e-01,5.826728940010070801e-01,9.103870987892150879e-01,1.315850019454956055e-01,1.000000000000000000e+00
1.034489721059799194e-01,2.654695212841033936e-01,2.052775621414184570e-01,9.760639667510986328e-01,6.117025017738342285e-01,1.000000000000000000e+00
5.516815185546875000e-01,4.673478603363037109e-01,5.018858909606933594e-01,9.023119211196899414e-01,3.301827907562255859e-01,1.000000000000000000e+00
1.188129708170890808e-01,3.494715392589569092e-01,5.555824637413024902e-01,9.325018525123596191e-01,1.475526690483093262e-01,1.000000000000000000e+00
5.177879333496093750e-01,2.253403067588806152e-01,2.271627038717269897e-01,9.143996834754943848e-01,2.403945922851562500e-01,1.000000000000000000e+00
3.049994409084320068e-01,4.606864750385284424e-01,9.489261358976364136e-02,9.159283041954040527e-01,6.296712756156921387e-01,1.000000000000000000e+00
2.364049553871154785e-01,3.612986207008361816e-01,2.001267075538635254e-01,9.436718821525573730e-01,8.443748950958251953e-01,1.000000000000000000e+00
5.168575644493103027e-01,6.597677469253540039e-01,2.480821460485458374e-01,9.283727407455444336e-01,1.341117024421691895e-01,1.000000000000000000e+00
1.111073344945907593e-01,6.415702700614929199e-01,1.104232668876647949e-01,9.028388261795043945e-01,2.443045377731323242e-01,1.000000000000000000e+00
4.544982910156250000e-01,2.223441004753112793e-01,5.698725581169128418e-01,9.437156915664672852e-01,8.612858057022094727e-01,1.000000000000000000e+00
5.000182986259460449e-01,3.653687536716461182e-01,1.555366516113281250e-01,9.567745327949523926e-01,4.123088717460632324e-01,1.000000000000000000e+00
5.524520874023437500e-01,6.187898516654968262e-01,1.328038424253463745e-01,9.537739157676696777e-01,7.332081794738769531e-01,1.000000000000000000e+00
5.924820303916931152e-01,2.750858962535858154e-01,5.152904987335205078e-01,9.714400768280029297e-01,1.942074298858642578e-01,1.000000000000000000e+00
4.540275335311889648e-01,6.418664455413818359e-01,2.442044019699096680e-01,9.449267387390136719e-01,1.586185693740844727e-01,1.000000000000000000e+00
5.574680566787719727e-01,2.466773986816406250e-01,7.780384272336959839e-02,9.164901375770568848e-01,8.501846194267272949e-01,1.000000000000000000e+00
6.082724928855895996e-01,4.854260683059692383e-01,6.895725131034851074e-01,9.228613972663879395e-01,1.739524006843566895e-01,1.000000000000000000e+00
1.052849814295768738e-01,4.245274066925048828e-01,3.182422518730163574e-01,9.409060478210449219e-01,8.986548185348510742e-01,1.000000000000000000e+00
4.643090665340423584e-01,4.205509424209594727e-01,4.470940828323364258e-01,9.368165135383605957e-01,1.868966817855834961e-01,1.000000000000000000e+00
7.261613607406616211e-01,3.805192410945892334e-01,6.071593761444091797e-01,9.158569574356079102e-01,4.170562624931335449e-01,1.000000000000000000e+00
5.202539563179016113e-01,2.279942631721496582e-01,3.309322595596313477e-01,9.606966972351074219e-01,4.686164259910583496e-01,1.000000000000000000e+00
6.479079127311706543e-01,6.100007295608520508e-01,4.840207397937774658e-01,9.617213606834411621e-01,1.611649394035339355e-01,1.000000000000000000e+00
1.434530615806579590e-01,4.701755046844482422e-01,4.834243655204772949e-01,9.685893654823303223e-01,7.203064560890197754e-01,1.000000000000000000e+00
5.033434033393859863e-01,5.113430023193359375e-01,6.860736608505249023e-01,9.753603935241699219e-01,2.309246063232421875e-01,1.000000000000000000e+00
5.721327662467956543e-01,4.060164093971252441e-01,3.219465315341949463e-01,9.752155542373657227e-01,6.845397949218750000e-01,1.000000000000000000e+00
7.305008769035339355e-01,2.779150009155273438e-01,4.631651341915130615e-01,9.756493568420410156e-01,3.548743724822998047e-01,1.000000000000000000e+00
6.863662004470825195e-01,5.859965682029724121e-01,1.072966903448104858e-01,9.339706897735595703e-01,6.833652853965759277e-01,1.000000000000000000e+00
2.400675863027572632e-01,3.957417607307434082e-01,6.832548975944519043e-01,9.656262397766113281e-01,5.698287487030029297e-01,1.000000000000000000e+00
4.502013027667999268e-01,2.635543942451477051e-01,3.158767521381378174e-01,9.642221927642822266e-01,1.924486756324768066e-01,1.000000000000000000e+00
2.812328040599822998e-01,6.375575661659240723e-01,2.843450903892517090e-01,9.372954368591308594e-01,3.636596798896789551e-01,1.000000000000000000e+00
2.529837787151336670e-01,3.130006790161132812e-01,3.830463588237762451e-01,9.148868322372436523e-01,5.111146569252014160e-01,1.000000000000000000e+00
3.916178047657012939e-01,2.474914789199829102e-01,1.706657409667968750e-01,9.097139239311218262e-01,5.481895804405212402e-01,1.000000000000000000e+00
4.173017740249633789e-01,4.316355586051940918e-01,6.251422762870788574e-01,9.116109013557434082e-01,1.866347789764404297e-01,1.000000000000000000e+00
1.955410242080688477e-01,3.520296216011047363e-01,2.832349538803100586e-01,9.324094057083129883e-01,5.733419060707092285e-01,1.000000000000000000e+00
5.891322493553161621e-01,5.942499041557312012e-01,3.185433149337768555e-01,9.364895820617675781e-01,3.128683567047119141e-01,1.000000000000000000e+00
4.299474656581878662e-01,3.909699022769927979e-01,1.458486169576644897e-01,9.638398885726928711e-01,8.425612449645996094e-01,1.000000000000000000e+00
6.302357316017150879e-01,2.398814409971237183e-01,6.550865173339843750e-01,9.752246141433715820e-01,6.519005298614501953e-01,1.000000000000000000e+00
6.056715250015258789e-01,4.160982668399810791e-01,1.181697174906730652e-01,9.366790056228637695e-01,5.705462098121643066e-01,1.000000000000000000e+00
2.554262876510620117e-01,4.876989722251892090e-01,6.914981007575988770e-01,9.624415636062622070e-01,2.124841809272766113e-01,1.000000000000000000e+00
5.237972736358642578e-01,6.240278482437133789e-01,1.168860793113708496e-01,9.207653403282165527e-01,6.181349754333496094e-01,1.000000000000000000e+00
2.661418914794921875e-01,3.217116296291351318e-01,6.351398676633834839e-02,9.775812625885009766e-01,1.956776380538940430e-01,1.000000000000000000e+00
2.744656503200531006e-01,3.075974881649017334e-01,1.821237206459045410e-01,9.008748531341552734e-01,7.865903973579406738e-01,1.000000000000000000e+00
2.542466521263122559e-01,4.889875650405883789e-01,1.403251290321350098e-01,9.681473970413208008e-01,7.464908361434936523e-01,1.000000000000000000e+00
4.664082229137420654e-01,5.022684931755065918e-01,1.614567041397094727e-01,9.037629365921020508e-01,8.727596402168273926e-01,1.000000000000000000e+00
6.685929894447326660e-01,5.841109752655029297e-01,4.885133206844329834e-01,9.331623315811157227e-01,3.648490309715270996e-01,1.000000000000000000e+00
4.786520898342132568e-01,3.542399406433105469e-01,7.288628816604614258e-02,9.635406732559204102e-01,4.515860080718994141e-01,1.000000000000000000e+00
4.909930229187011719e-01,6.480855941772460938e-01,2.208469957113265991e-01,9.488577842712402344e-01,8.490628600120544434e-01,1.000000000000000000e+00
1.818518042564392090e-01,5.426884293556213379e-01,4.475830197334289551e-01,9.252757430076599121e-01,6.862490773200988770e-01,1.000000000000000000e+00
3.390943408012390137e-01,2.863008379936218262e-01,1.083196923136711121e-01,9.005984067916870117e-01,7.826499342918395996e-01,1.000000000000000000e+00
6.005303859710693359e-01,3.570747077465057373e-01,7.917397469282150269e-02,9.394323825836181641e-01,7.176524996757507324e-01,1.000000000000000000e+00
2.977982759475708008e-01,4.764738976955413818e-01,2.447268962860107422e-01,9.309894442558288574e-01,8.520206809043884277e-01,1.000000000000000000e+00
5.667372345924377441e-01,5.383533835411071777e-01,6.793605089187622070e-01,9.097689986228942871e-01,2.960249781608581543e-01,1.000000000000000000e+00
5.982040762901306152e-01,3.365821242332458496e-01,1.350942105054855347e-01,9.331038594245910645e-01,7.602089047431945801e-01,1.000000000000000000e+00
2.519040107727050781e-01,2.534999549388885498e-01,5.406489968299865723e-01,9.280018806457519531e-01,5.661620497703552246e-01,1.000000000000000000e+00
3.178814351558685303e-01,5.386022925376892090e-01,1.129172891378402710e-01,9.182268381118774414e-01,5.012716054916381836e-01,1.000000000000000000e+00
4.050863981246948242e-01,5.040445923805236816e-01,5.335520505905151367e-01,9.538927078247070312e-01,2.569429278373718262e-01,1.000000000000000000e+00
3.156408965587615967e-01,2.313788384199142456e-01,3.168902397155761719e-01,9.655762910842895508e-01,4.004139900207519531e-01,1.000000000000000000e+00
7.254463434219360352e-01,4.884441196918487549e-01,1.343879103660583496e-01,9.702308773994445801e-01,6.606594324111938477e-01,1.000000000000000000e+00
4.310543239116668701e-01,2.849998176097869873e-01,5.611558556556701660e-01,9.497668743133544922e-01,1.318588256835937500e-01,1.000000000000000000e+00
6.840682625770568848e-01,4.492633342742919922e-01,5.213571786880493164e-01,9.586157798767089844e-01,2.780118584632873535e-01,1.000000000000000000e+00
6.043109893798828125e-01,2.670117616653442383e-01,1.429746747016906738e-01,9.414333701133728027e-01,1.821034550666809082e-01,1.000000000000000000e+00
3.694831132888793945e-01,6.224309802055358887e-01,2.116065025329589844e-01,9.602003693580627441e-01,2.299643754959106445e-01,1.000000000000000000e+00
6.532323360443115234e-01,3.606576323509216309e-01,2.151103466749191284e-01,9.099043607711791992e-01,3.967261910438537598e-01,1.000000000000000000e+00
2.835149466991424561e-01,5.155644416809082031e-01,7.011786103248596191e-01,9.160490632057189941e-01,5.327990055084228516e-01,1.000000000000000000e+00
5.521031022071838379e-01,5.821120142936706543e-01,5.761771202087402344e-01,9.376797080039978027e-01,2.043486237525939941e-01,1.000000000000000000e+00
2.847433984279632568e-01,1.815687417984008789e-01,1.784354448318481445e-01,9.156763553619384766e-01,7.738211154937744141e-01,1.000000000000000000e+00
3.893386125564575195e-01,2.267128229141235352e-01,1.833234876394271851e-01,9.275208115577697754e-01,5.310449004173278809e-01,1.000000000000000000e+00
5.980572104454040527e-01,6.179849505424499512e-01,5.853129625320434570e-01,9.410190582275390625e-01,3.609782457351684570e-01,1.000000000000000000e+00
2.017049193382263184e-01,6.619246006011962891e-01,1.783022880554199219e-01,9.115604758262634277e-01,3.581669926643371582e-01,1.000000000000000000e+00
5.252732634544372559e-01,3.082682490348815918e-01,6.654509902000427246e-01,9.530621767044067383e-01,8.037979602813720703e-01,1.000000000000000000e+00
7.278643846511840820e-01,3.456703722476959229e-01,4.731400012969970703e-01,9.261537194252014160e-01,1.931371092796325684e-01,1.000000000000000000e+00
3.021991252899169922e-01,2.672811746597290039e-01,5.900184512138366699e-01,9.609740972518920898e-01,7.655839323997497559e-01,1.000000000000000000e+00
4.657423496246337891e-01,6.073099374771118164e-01,3.005744218826293945e-01,9.018332362174987793e-01,6.287489533424377441e-01,1.000000000000000000e+00
4.125001728534698486e-01,4.389023482799530029e-01,8.294188231229782104e-02,9.190818667411804199e-01,5.940800309181213379e-01,1.000000000000000000e+00
4.984799921512603760e-01,3.551427721977233887e-01,6.992803812026977539e-01,9.331212639808654785e-01,4.738045930862426758e-01,1.000000000000000000e+00
5.270752310752868652e-01,3.655853867530822754e-01,6.888225078582763672e-01,9.709085226058959961e-01,5.684932470321655273e-01,1.000000000000000000e+00
2.816631793975830078e-01,3.443908095359802246e-01,4.366661012172698975e-01,9.346091747283935547e-01,5.744692087173461914e-01,1.000000000000000000e+00
6.960299611091613770e-01,2.149940580129623413e-01,3.910325765609741211e-01,9.615497589111328125e-01,6.138154268264770508e-01,1.000000000000000000e+00
2.249586284160614014e-01,2.127799987792968750e-01,7.018790245056152344e-01,9.514868855476379395e-01,5.143689513206481934e-01,1.000000000000000000e+00
4.026255011558532715e-01,5.768191814422607422e-01,5.802902579307556152e-01,9.701934456825256348e-01,3.068978190422058105e-01,1.000000000000000000e+00
1.317012906074523926e-01,5.035479068756103516e-01,4.722666144371032715e-01,9.767388105392456055e-01,1.663590669631958008e-01,1.000000000000000000e+00
5.479995012283325195e-01,5.879540443420410156e-01,6.112839579582214355e-01,9.072643518447875977e-01,8.357821106910705566e-01,1.000000000000000000e+00
4.672800898551940918e-01,6.538896560668945312e-01,4.883641004562377930e-01,9.253990054130554199e-01,1.779185533523559570e-01,1.000000000000000000e+00
2.046002000570297241e-01,6.651598215103149414e-01,4.094230830669403076e-01,9.565771222114562988e-01,8.271103501319885254e-01,1.000000000000000000e+00
4.303472936153411865e-01,4.260675907135009766e-01,3.308788239955902100e-01,9.390929937362670898e-01,3.248299360275268555e-01,1.000000000000000000e+00
5.350193977355957031e-01,3.622546792030334473e-01,6.535540819168090820e-01,9.604895114898681641e-01,5.980488061904907227e-01,1.000000000000000000e+00
4.679678380489349365e-01,2.639784216880798340e-01,1.576153635978698730e-01,9.700934886932373047e-01,8.439817428588867188e-01,1.000000000000000000e+00
6.958538293838500977e-01,5.799672007560729980e-01,1.571928858757019043e-01,9.534597396850585938e-01,5.553706884384155273e-01,1.000000000000000000e+00
4.864059388637542725e-01,4.020054042339324951e-01,2.203282564878463745e-01,9.176502227783203125e-01,4.505262970924377441e-01,1.000000000000000000e+00
1.593466252088546753e-01,2.708463370800018311e-01,5.895791053771972656e-01,9.312319755554199219e-01,5.323987603187561035e-01,1.000000000000000000e+00
2.131134569644927979e-01,3.540979027748107910e-01,6.665633618831634521e-02,9.296051263809204102e-01,3.127416968345642090e-01,1.000000000000000000e+00
2.141721695661544800e-01,6.096796393394470215e-01,1.169797182083129883e-01,9.068486690521240234e-01,3.977404236793518066e-01,1.000000000000000000e+00
1.192798539996147156e-01,5.077345371246337891e-01,3.645181059837341309e-01,9.097066521644592285e-01,1.852586865425109863e-01,1.000000000000000000e+00
4.781505465507507324e-01,5.646380782127380371e-01,4.724731147289276123e-01,9.759730696678161621e-01,6.366983652114868164e-01,1.000000000000000000e+00
3.769544661045074463e-01,6.017525196075439453e-01,2.671616673469543457e-01,9.264052510261535645e-01,8.987522125244140625e-01,1.000000000000000000e+00
7.108078598976135254e-01,3.714831471443176270e-01,6.400495767593383789e-01,9.479326605796813965e-01,1.256497502326965332e-01,1.000000000000000000e+00
4.909149706363677979e-01,3.974538445472717285e-01,1.992156505584716797e-01,9.195016026496887207e-01,1.592838168144226074e-01,1.000000000000000000e+00
4.591223895549774170e-01,2.951683104038238525e-01,6.986293196678161621e-01,9.646614193916320801e-01,7.408856749534606934e-01,1.000000000000000000e+00
4.150640070438385010e-01,5.732922554016113281e-01,5.171836614608764648e-01,9.543282389640808105e-01,1.223304271697998047e-01,1.000000000000000000e+00
1.562540978193283081e-01,4.140296578407287598e-01,2.286043614149093628e-01,9.245688915252685547e-01,3.698722720146179199e-01,1.000000000000000000e+00
1.819624751806259155e-01,5.029447078704833984e-01,1.499025672674179077e-01,9.225800037384033203e-01,5.290302634239196777e-01,1.000000000000000000e+00
2.442390620708465576e-01,3.081185817718505859e-01,5.733223557472229004e-01,9.483496546745300293e-01,2.007855772972106934e-01,1.000000000000000000e+00
7.198007702827453613e-01,3.192440271377563477e-01,3.264706730842590332e-01,9.695895910263061523e-01,1.085275411605834961e-01,1.000000000000000000e+00
2.865375280380249023e-01,6.255276203155517578e-01,1.003767177462577820e-01,9.644463658332824707e-01,8.240782618522644043e-01,1.000000000000000000e+00
6.544439792633056641e-01,2.853770256042480469e-01,5.631390810012817383e-01,9.658218026161193848e-01,8.895585536956787109e-01,1.000000000000000000e+00
5.589761137962341309e-01,3.200964927673339844e-01,6.677033901214599609e-01,9.327754974365234375e-01,4.631373286247253418e-01,1.000000000000000000e+00
5.169625878334045410e-01,3.566548228263854980e-01,5.835790038108825684e-01,9.190996885299682617e-01,8.887224197387695312e-01,1.000000000000000000e+00
6.826931834220886230e-01,3.041651546955108643e-01,6.744184494018554688e-01,9.287740588188171387e-01,4.093805551528930664e-01,1.000000000000000000e+00
3.887453079223632812e-01,5.465305447578430176e-01,2.170220613479614258e-01,9.213692545890808105e-01,7.838916778564453125e-01,1.000000000000000000e+00
5.836947560310363770e-01,5.065522193908691406e-01,5.615502595901489258e-01,9.405823349952697754e-01,5.240139961242675781e-01,1.000000000000000000e+00
2.073685377836227417e-01,3.103275895118713379e-01,3.784679174423217773e-01,9.645171761512756348e-01,7.707690000534057617e-01,1.000000000000000000e+00
2.965717017650604248e-01,4.014344811439514160e-01,5.406402349472045898e-01,9.021272063255310059e-01,5.013898015022277832e-01,1.000000000000000000e+00
4.865243136882781982e-01,2.980481386184692383e-01,3.770607113838195801e-01,9.338862895965576172e-01,3.238121271133422852e-01,1.000000000000000000e+00
3.957804441452026367e-01,5.109732151031494141e-01,2.747281193733215332e-01,9.042593240737915039e-01,8.514022827148437500e-01,1.000000000000000000e+00
1.600880026817321777e-01,3.795758485794067383e-01,1.534564942121505737e-01,9.174399375915527344e-01,2.017809748649597168e-01,1.000000000000000000e+00
6.913778781890869141e-01,5.201030969619750977e-01,4.859862029552459717e-01,9.002011418342590332e-01,1.244652867317199707e-01,1.000000000000000000e+00
5.057209730148315430e-01,3.548885285854339600e-01,5.950632691383361816e-01,9.496092796325683594e-01,1.253624558448791504e-01,1.000000000000000000e+00
3.057837784290313721e-01,4.476473331451416016e-01,5.322103500366210938e-01,9.283411502838134766e-01,3.455780744552612305e-01,1.000000000000000000e+00
2.932743430137634277e-01,3.818735480308532715e-01,6.916909217834472656e-01,9.458456039428710938e-01,4.129251241683959961e-01,1.000000000000000000e+00
6.668992042541503906e-01,3.491480946540832520e-01,9.516620635986328125e-02,9.407683610916137695e-01,7.445687651634216309e-01,1.000000000000000000e+00
1.637504100799560547e-01,4.902214109897613525e-01,1.604894399642944336e-01,9.090470671653747559e-01,1.727787852287292480e-01,1.000000000000000000e+00
2.746663987636566162e-01,6.217174530029296875e-01,4.422622025012969971e-01,9.152517914772033691e-01,7.266762852668762207e-01,1.000000000000000000e+00
3.398450911045074463e-01,3.747824728488922119e-01,6.557066440582275391e-01,9.081908464431762695e-01,2.810010910034179688e-01,1.000000000000000000e+00
4.813177883625030518e-01,4.093197286128997803e-01,1.487615108489990234e-01,9.709672331809997559e-01,7.889791727066040039e-01,1.000000000000000000e+00
5.249547362327575684e-01,3.494659066200256348e-01,3.149781227111816406e-01,9.659395217895507812e-01,4.954915642738342285e-01,1.000000000000000000e+00
6.194167137145996094e-01,5.264917016029357910e-01,2.961466014385223389e-01,9.211606383323669434e-01,6.229895949363708496e-01,1.000000000000000000e+00
1.750701516866683960e-01,3.490546345710754395e-01,7.004027366638183594e-01,9.301992654800415039e-01,1.353054642677307129e-01,1.000000000000000000e+00
4.188706576824188232e-01,6.376196146011352539e-01,6.485339999198913574e-01,9.014050364494323730e-01,4.629300832748413086e-01,1.000000000000000000e+00
5.321249961853027344e-01,5.853494405746459961e-01,3.879257738590240479e-01,9.061858654022216797e-01,6.269310712814331055e-01,1.000000000000000000e+00
5.695030093193054199e-01,4.712997674942016602e-01,6.444363594055175781e-01,9.415265321731567383e-01,7.802405953407287598e-01,1.000000000000000000e+00
3.427996635437011719e-01,3.456819951534271240e-01,3.427267670631408691e-01,9.528036713600158691e-01,5.919659733772277832e-01,1.000000000000000000e+00
5.524076223373413086e-01,6.013901233673095703e-01,4.000809192657470703e-01,9.484583139419555664e-01,4.382260441780090332e-01,1.000000000000000000e+00
5.163897871971130371e-01,2.272182703018188477e-01,6.290826797485351562e-01,9.741305112838745117e-01,4.484956860542297363e-01,1.000000000000000000e+00
3.420433998107910156e-01,5.396178960800170898e-01,4.624249637126922607e-01,9.157888889312744141e-01,5.167784690856933594e-01,1.000000000000000000e+00
4.325506091117858887e-01,6.424366235733032227e-01,4.443337917327880859e-01,9.644918441772460938e-01,7.951620221138000488e-01,1.000000000000000000e+00
4.106764495372772217e-01,2.906340658664703369e-01,2.177641242742538452e-01,9.622155427932739258e-01,6.487321257591247559e-01,1.000000000000000000e+00
1.494401544332504272e-01,6.383460760116577148e-01,4.613043665885925293e-01,9.704806804656982422e-01,8.041980862617492676e-01,1.000000000000000000e+00
5.895997881889343262e-01,2.100270986557006836e-01,2.881324589252471924e-01,9.732455015182495117e-01,5.558990836143493652e-01,1.000000000000000000e+00
2.216014862060546875e-01,3.595047295093536377e-01,6.953836083412170410e-01,9.472396969795227051e-01,7.654678225517272949e-01,1.000000000000000000e+00
5.387686491012573242e-01,3.036229014396667480e-01,2.552484273910522461e-01,9.188073873519897461e-01,2.352256178855895996e-01,1.000000000000000000e+00
1.971863508224487305e-01,3.989866375923156738e-01,2.997179627418518066e-01,9.281081557273864746e-01,1.021472811698913574e-01,1.000000000000000000e+00
4.524348080158233643e-01,2.118098139762878418e-01,3.479765355587005615e-01,9.167705178260803223e-01,4.876780509948730469e-01,1.000000000000000000e+00
2.857557535171508789e-01,4.653120338916778564e-01,5.717421770095825195e-01,9.674416780471801758e-01,6.244856715202331543e-01,1.000000000000000000e+00
5.890399217605590820e-01,3.328906297683715820e-01,5.492463707923889160e-01,9.475489258766174316e-01,8.075348138809204102e-01,1.000000000000000000e+00
4.253166019916534424e-01,2.154861539602279663e-01,2.974267303943634033e-01,9.003187417984008789e-01,3.921011686325073242e-01,1.000000000000000000e+00
6.997904181480407715e-01,6.609598994255065918e-01,3.169924020767211914e-01,9.751511216163635254e-01,6.038805842399597168e-01,1.000000000000000000e+00
6.882891654968261719e-01,5.950658917427062988e-01,3.129926323890686035e-01,9.791462421417236328e-01,1.561222076416015625e-01,1.000000000000000000e+00
6.284645795822143555e-01,5.767635703086853027e-01,2.213520258665084839e-01,9.281114339828491211e-01,4.546349048614501953e-01,1.000000000000000000e+00
1.110758706927299500e-01,5.996724367141723633e-01,6.583811044692993164e-01,9.129695296287536621e-01,8.270471692085266113e-01,1.000000000000000000e+00
2.743574082851409912e-01,5.606982707977294922e-01,1.205026507377624512e-01,9.486300349235534668e-01,4.608813524246215820e-01,1.000000000000000000e+00
6.301447153091430664e-01,6.443126797676086426e-01,5.694161653518676758e-01,9.115631580352783203e-01,6.282541751861572266e-01,1.000000000000000000e+00
4.803552031517028809e-01,2.422997802495956421e-01,1.080504581332206726e-01,9.399589896202087402e-01,7.553067207336425781e-01,1.000000000000000000e+00
7.110989689826965332e-01,2.619736194610595703e-01,5.192010402679443359e-01,9.085463285446166992e-01,6.190629005432128906e-01,1.000000000000000000e+00
5.228630304336547852e-01,6.506518125534057617e-01,5.366976261138916016e-01,9.418306350708007812e-01,3.375470638275146484e-01,1.000000000000000000e+00
1.703137606382369995e-01,2.368054240942001343e-01,2.014191150665283203e-01,9.224062561988830566e-01,1.090033650398254395e-01,1.000000000000000000e+00
5.246403813362121582e-01,2.549527287483215332e-01,6.199060678482055664e-01,9.591520428657531738e-01,8.589020967483520508e-01,1.000000000000000000e+00
5.582430362701416016e-01,2.642351686954498291e-01,2.939828336238861084e-01,9.045777320861816406e-01,5.475075840950012207e-01,1.000000000000000000e+00
6.079381704330444336e-01,5.864593386650085449e-01,3.425416648387908936e-01,9.536374211311340332e-01,7.190286517143249512e-01,1.000000000000000000e+00
2.058154791593551636e-01,3.415960073471069336e-01,4.216203391551971436e-01,9.081419110298156738e-01,1.717700958251953125e-01,1.000000000000000000e+00
5.050668716430664062e-01,2.547067999839782715e-01,2.640633881092071533e-01,9.765175580978393555e-01,8.902595043182373047e-01,1.000000000000000000e+00
1.535171121358871460e-01,4.137793183326721191e-01,5.560859441757202148e-01,9.579488039016723633e-01,2.544466257095336914e-01,1.000000000000000000e+00
7.250944972038269043e-01,3.248165845870971680e-01,5.647934675216674805e-01,9.468211531639099121e-01,4.148983955383300781e-01,1.000000000000000000e+00
4.509824514389038086e-01,3.891900479793548584e-01,4.720704853534698486e-01,9.573102593421936035e-01,5.671210289001464844e-01,1.000000000000000000e+00
1.941063851118087769e-01,5.809665322303771973e-01,2.505412101745605469e-01,9.634152054786682129e-01,2.768034338951110840e-01,1.000000000000000000e+00
3.114108443260192871e-01,1.999858021736145020e-01,1.804802268743515015e-01,9.584324359893798828e-01,1.545314788818359375e-01,1.000000000000000000e+00
2.927672266960144043e-01,1.806858330965042114e-01,2.783426642417907715e-01,9.675807356834411621e-01,8.949625492095947266e-01,1.000000000000000000e+00
4.181211888790130615e-01,6.570263504981994629e-01,4.789909422397613525e-01,9.439569711685180664e-01,8.827114701271057129e-01,1.000000000000000000e+00
2.090567201375961304e-01,5.953153967857360840e-01,6.776681542396545410e-01,9.624153375625610352e-01,7.728524804115295410e-01,1.000000000000000000e+00
6.009169220924377441e-01,2.446758747100830078e-01,1.815150231122970581e-01,9.554140567779541016e-01,3.760967850685119629e-01,1.000000000000000000e+00
6.362172961235046387e-01,2.915835976600646973e-01,6.998925805091857910e-01,9.561245441436767578e-01,3.488942980766296387e-01,1.000000000000000000e+00
2.044024914503097534e-01,3.392949104309082031e-01,1.463284939527511597e-01,9.155684113502502441e-01,1.145384311676025391e-01,1.000000000000000000e+00
1.269446462392807007e-01,6.470268964767456055e-01,6.422245502471923828e-01,9.381195306777954102e-01,5.444861650466918945e-01,1.000000000000000000e+00
5.169012546539306641e-01,4.550815224647521973e-01,4.493717551231384277e-01,9.387516975402832031e-01,5.861738324165344238e-01,1.000000000000000000e+00
5.468112230300903320e-01,2.740697562694549561e-01,2.713956832885742188e-01,9.132584929466247559e-01,7.702232599258422852e-01,1.000000000000000000e+00
5.761573910713195801e-01,2.893694639205932617e-01,6.063252091407775879e-01,9.460282921791076660e-01,4.870589375495910645e-01,1.000000000000000000e+00
1.007499024271965027e-01,6.430539488792419434e-01,3.619955778121948242e-01,9.523883461952209473e-01,3.285678625106811523e-01,1.000000000000000000e+00
5.737711191177368164e-01,3.398287594318389893e-01,6.153275966644287109e-01,9.399510622024536133e-01,1.012288331985473633e-01,1.000000000000000000e+00
3.986369073390960693e-01,3.756934404373168945e-01,9.278571605682373047e-02,9.516440033912658691e-01,1.607593297958374023e-01,1.000000000000000000e+00
6.961010694503784180e-01,2.669691145420074463e-01,6.091502904891967773e-01,9.234416484832763672e-01,4.188581109046936035e-01,1.000000000000000000e+00
1.620964854955673218e-01,2.302635163068771362e-01,6.084358096122741699e-01,9.506063461303710938e-01,1.042433977127075195e-01,1.000000000000000000e+00
6.532410979270935059e-01,5.826687216758728027e-01,6.999135613441467285e-01,9.437324404716491699e-01,7.046910524368286133e-01,1.000000000000000000e+00
3.091244399547576904e-01,3.320921957492828369e-01,1.431159973144531250e-01,9.338605999946594238e-01,8.105810284614562988e-01,1.000000000000000000e+00
5.124294161796569824e-01,4.606550633907318115e-01,6.372445225715637207e-01,9.351618885993957520e-01,1.834917068481445312e-01,1.000000000000000000e+00
3.429179787635803223e-01,5.170384645462036133e-01,5.019518733024597168e-01,9.401773810386657715e-01,6.507003903388977051e-01,1.000000000000000000e+00
6.831312775611877441e-01,6.097302436828613281e-01,5.917803645133972168e-01,9.130685329437255859e-01,4.334020018577575684e-01,1.000000000000000000e+00
4.426139295101165771e-01,2.150781005620956421e-01,4.320696592330932617e-01,9.624676704406738281e-01,2.383537888526916504e-01,1.000000000000000000e+00
2.630598247051239014e-01,3.650987744331359863e-01,3.894037902355194092e-01,9.738191366195678711e-01,6.830163598060607910e-01,1.000000000000000000e+00
4.041069746017456055e-01,4.960750639438629150e-01,2.981531918048858643e-01,9.281856417655944824e-01,4.903661012649536133e-01,1.000000000000000000e+00
3.964087069034576416e-01,6.578885316848754883e-01,6.060076355934143066e-01,9.584603309631347656e-01,6.645978093147277832e-01,1.000000000000000000e+00
6.025262475013732910e-01,2.636038064956665039e-01,1.139621138572692871e-01,9.246850013732910156e-01,6.300217509269714355e-01,1.000000000000000000e+00
4.707250595092773438e-01,2.412524819374084473e-01,2.663355171680450439e-01,9.003347754478454590e-01,3.619741201400756836e-01,1.000000000000000000e+00
6.455709338188171387e-01,3.714948296546936035e-01,6.578323245048522949e-01,9.090148210525512695e-01,1.292768716812133789e-01,1.000000000000000000e+00
3.996869623661041260e-01,5.296841859817504883e-01,7.023363113403320312e-01,9.608410000801086426e-01,3.054861426353454590e-01,1.000000000000000000e+00
2.983183264732360840e-01,6.504235863685607910e-01,1.821400374174118042e-01,9.496172666549682617e-01,6.715594530105590820e-01,1.000000000000000000e+00
4.394200146198272705e-01,5.393967628479003906e-01,5.247800946235656738e-01,9.730293750762939453e-01,6.107269525527954102e-01,1.000000000000000000e+00
6.794686317443847656e-01,3.042941689491271973e-01,6.892334669828414917e-02,9.034029245376586914e-01,1.433845162391662598e-01,1.000000000000000000e+00
3.598561286926269531e-01,4.514015913009643555e-01,4.741120636463165283e-01,9.409518241882324219e-01,4.351193904876708984e-01,1.000000000000000000e+00
3.312932550907135010e-01,4.536326229572296143e-01,1.362190246582031250e-01,9.722353816032409668e-01,5.583495497703552246e-01,1.000000000000000000e+00
2.109978646039962769e-01,5.772174596786499023e-01,5.525172352790832520e-01,9.310450553894042969e-01,1.989783644676208496e-01,1.000000000000000000e+00
5.453967452049255371e-01,4.000459909439086914e-01,1.475245356559753418e-01,9.673066735267639160e-01,2.484871149063110352e-01,1.000000000000000000e+00
5.880132913589477539e-01,2.196511626243591309e-01,6.277491450309753418e-01,9.521978497505187988e-01,8.548785448074340820e-01,1.000000000000000000e+00
2.069303989410400391e-01,1.975445300340652466e-01,5.815946459770202637e-01,9.077868461608886719e-01,5.396407246589660645e-01,1.000000000000000000e+00
4.814700782299041748e-01,1.892849057912826538e-01,6.875259876251220703e-01,9.548374414443969727e-01,7.659921050071716309e-01,1.000000000000000000e+00
1.446000188589096069e-01,4.129377603530883789e-01,1.241546273231506348e-01,9.657095074653625488e-01,4.995458126068115234e-01,1.000000000000000000e+00
2.815324366092681885e-01,5.367731451988220215e-01,6.327301859855651855e-01,9.648679494857788086e-01,8.026278018951416016e-01,1.000000000000000000e+00
6.276818513870239258e-01,4.579913020133972168e-01,6.427917480468750000e-01,9.677390456199645996e-01,5.136271119117736816e-01,1.000000000000000000e+00
5.758783817291259766e-01,2.163870930671691895e-01,1.012871116399765015e-01,9.063549637794494629e-01,5.576905012130737305e-01,1.000000000000000000e+00
4.148031473159790039e-01,4.757380187511444092e-01,5.883842706680297852e-01,9.538444876670837402e-01,1.321938037872314453e-01,1.000000000000000000e+00
5.700832009315490723e-01,4.284948408603668213e-01,5.151023268699645996e-01,9.399834275245666504e-01,3.081708550453186035e-01,1.000000000000000000e+00
3.367374539375305176e-01,1.886054277420043945e-01,4.784039258956909180e-01,9.382137656211853027e-01,8.242018818855285645e-01,1.000000000000000000e+00
4.599331915378570557e-01,1.960067600011825562e-01,1.178679391741752625e-01,9.350091218948364258e-01,6.667121648788452148e-01,1.000000000000000000e+00
3.128923773765563965e-01,3.402316272258758545e-01,4.476417601108551025e-01,9.707351326942443848e-01,8.937811255455017090e-01,1.000000000000000000e+00
5.653858780860900879e-01,6.118187308311462402e-01,5.924655795097351074e-01,9.257719516754150391e-01,3.908299207687377930e-01,1.000000000000000000e+00
1.970755904912948608e-01,4.028169512748718262e-01,1.276006102561950684e-01,9.729147553443908691e-01,1.747506856918334961e-01,1.000000000000000000e+00
2.186669111251831055e-01,5.852143764495849609e-01,2.634210586547851562e-01,9.683109521865844727e-01,5.152916908264160156e-01,1.000000000000000000e+00
5.506321191787719727e-01,3.568170070648193359e-01,4.305458962917327881e-01,9.753649830818176270e-01,5.687523484230041504e-01,1.000000000000000000e+00
1.173714324831962585e-01,2.620344161987304688e-01,5.398566722869873047e-01,9.192221760749816895e-01,2.256893515586853027e-01,1.000000000000000000e+00
2.479977309703826904e-01,5.031722784042358398e-01,4.500460922718048096e-01,9.124773740768432617e-01,1.164388060569763184e-01,1.000000000000000000e+00
5.583003759384155273e-01,4.953618347644805908e-01,1.983739584684371948e-01,9.267094135284423828e-01,7.424917221069335938e-01,1.000000000000000000e+00
4.067025482654571533e-01,3.756940364837646484e-01,3.902174830436706543e-01,9.374515414237976074e-01,1.351725459098815918e-01,1.000000000000000000e+00
5.679398179054260254e-01,6.203804016113281250e-01,4.529935717582702637e-01,9.192347526550292969e-01,3.327300548553466797e-01,1.000000000000000000e+00
5.706108808517456055e-01,6.210857629776000977e-01,5.072374343872070312e-01,9.459496736526489258e-01,7.088223695755004883e-01,1.000000000000000000e+00
6.837683916091918945e-01,6.057767868041992188e-01,2.379785031080245972e-01,9.436094760894775391e-01,8.649435639381408691e-01,1.000000000000000000e+00
5.225772261619567871e-01,3.653393685817718506e-01,5.676956772804260254e-01,9.176518321037292480e-01,2.022915482521057129e-01,1.000000000000000000e+00
6.084005236625671387e-01,5.782364606857299805e-01,3.246544897556304932e-01,9.016587734222412109e-01,4.815338253974914551e-01,1.000000000000000000e+00
4.725355803966522217e-01,6.556447744369506836e-01,4.565942883491516113e-01,9.606945514678955078e-01,2.011501193046569824e-01,1.000000000000000000e+00
2.915725708007812500e-01,5.078449249267578125e-01,8.831786364316940308e-02,9.747574329376220703e-01,7.285733819007873535e-01,1.000000000000000000e+00
4.535142481327056885e-01,1.989609450101852417e-01,3.255239725112915039e-01,9.576832652091979980e-01,4.888145327568054199e-01,1.000000000000000000e+00
5.148423910140991211e-01,3.172022700309753418e-01,6.078191399574279785e-01,9.500664472579956055e-01,5.183849334716796875e-01,1.000000000000000000e+00
6.478749513626098633e-01,2.749856710433959961e-01,2.350932955741882324e-01,9.623068571090698242e-01,6.335133910179138184e-01,1.000000000000000000e+00
3.579369783401489258e-01,3.783981800079345703e-01,5.893471837043762207e-01,9.260968565940856934e-01,8.494891524314880371e-01,1.000000000000000000e+00
2.795688211917877197e-01,4.987441301345825195e-01,2.159587591886520386e-01,9.691738486289978027e-01,3.566458225250244141e-01,1.000000000000000000e+00
5.293639302253723145e-01,1.860833764076232910e-01,1.722500324249267578e-01,9.082033038139343262e-01,2.081846594810485840e-01,1.000000000000000000e+00
6.494915485382080078e-01,4.124606251716613770e-01,5.892606973648071289e-01,9.385313391685485840e-01,3.015222549438476562e-01,1.000000000000000000e+00
2.675446271896362305e-01,5.229843258857727051e-01,4.633492529392242432e-01,9.508864879608154297e-01,1.999164819717407227e-01,1.000000000000000000e+00
3.485585749149322510e-01,2.654073834419250488e-01,4.519648849964141846e-01,9.372594356536865234e-01,1.744120717048645020e-01,1.000000000000000000e+00
3.167304098606109619e-01,3.799890577793121338e-01,1.542094945907592773e-01,9.759101271629333496e-01,5.373794436454772949e-01,1.000000000000000000e+00
6.906673908233642578e-01,4.956901371479034424e-01,2.311726808547973633e-01,9.636494517326354980e-01,7.301859855651855469e-01,1.000000000000000000e+00
4.827951192855834961e-01,4.618364870548248291e-01,5.851047039031982422e-01,9.390921592712402344e-01,4.887654185295104980e-01,1.000000000000000000e+00
1.063489839434623718e-01,2.470176666975021362e-01,6.620972603559494019e-02,9.549823403358459473e-01,2.097558379173278809e-01,1.000000000000000000e+00
4.693501591682434082e-01,6.586245298385620117e-01,6.611729860305786133e-01,9.131645560264587402e-01,3.683712482452392578e-01,1.000000000000000000e+00
4.664801061153411865e-01,3.277984857559204102e-01,4.499115347862243652e-01,9.043215513229370117e-01,4.652667641639709473e-01,1.000000000000000000e+00
6.177822947502136230e-01,4.442003369331359863e-01,2.664678692817687988e-01,9.510734677314758301e-01,1.818773150444030762e-01,1.000000000000000000e+00
6.464369893074035645e-01,4.846724867820739746e-01,2.170677781105041504e-01,9.277202486991882324e-01,5.507872700691223145e-01,1.000000000000000000e+00
1.095609590411186218e-01,6.643515825271606445e-01,4.702934324741363525e-01,9.636523723602294922e-01,1.484681963920593262e-01,1.000000000000000000e+00
5.753828287124633789e-01,4.151239991188049316e-01,2.432318776845932007e-01,9.527368545532226562e-01,3.706759810447692871e-01,1.000000000000000000e+00
3.796296715736389160e-01,6.623903512954711914e-01,8.903627842664718628e-02,9.021921753883361816e-01,2.334731817245483398e-01,1.000000000000000000e+00
3.587795197963714600e-01,6.027382612228393555e-01,6.702030897140502930e-01,9.252480268478393555e-01,3.287398219108581543e-01,1.000000000000000000e+00
4.691213965415954590e-01,2.046791166067123413e-01,6.076438426971435547e-01,9.153941273689270020e-01,3.240606784820556641e-01,1.000000000000000000e+00
1.308269351720809937e-01,5.716786384582519531e-01,4.999542832374572754e-01,9.266616702079772949e-01,8.588874340057373047e-01,1.000000000000000000e+00
2.973435223102569580e-01,4.894731044769287109e-01,6.923334598541259766e-01,9.401789307594299316e-01,3.891355395317077637e-01,1.000000000000000000e+00
7.003732323646545410e-01,3.797645866870880127e-01,2.581172585487365723e-01,9.719842672348022461e-01,6.250009536743164062e-01,1.000000000000000000e+00
2.713987231254577637e-01,4.017911255359649658e-01,6.584249734878540039e-01,9.329913854598999023e-01,4.827249050140380859e-01,1.000000000000000000e+00
3.303422331809997559e-01,2.649359107017517090e-01,1.387868374586105347e-01,9.564023613929748535e-01,4.139236807823181152e-01,1.000000000000000000e+00
1.236832663416862488e-01,6.354116797447204590e-01,6.810439825057983398e-01,9.301751852035522461e-01,4.896428585052490234e-01,1.000000000000000000e+00
1.288094371557235718e-01,4.694339632987976074e-01,1.848654747009277344e-01,9.699645638465881348e-01,5.402784943580627441e-01,1.000000000000000000e+00
2.830294668674468994e-01,2.033474296331405640e-01,3.627685308456420898e-01,9.267498254776000977e-01,7.707067728042602539e-01,1.000000000000000000e+00
1.557324379682540894e-01,2.923693656921386719e-01,6.548599600791931152e-01,9.106163978576660156e-01,7.869852781295776367e-01,1.000000000000000000e+00
1.648941040039062500e-01,3.614754974842071533e-01,1.930057406425476074e-01,9.723812937736511230e-01,8.381605148315429688e-01,1.000000000000000000e+00
3.691128492355346680e-01,5.175179839134216309e-01,1.145629286766052246e-01,9.661561846733093262e-01,4.501267075538635254e-01,1.000000000000000000e+00
1.514707654714584351e-01,4.659435153007507324e-01,3.262617886066436768e-01,9.518776535987854004e-01,3.106167316436767578e-01,1.000000000000000000e+00
3.179080486297607422e-01,3.524500131607055664e-01,4.243641793727874756e-01,9.642664194107055664e-01,6.485712528228759766e-01,1.000000000000000000e+00
2.099743485450744629e-01,2.059486955404281616e-01,3.152555823326110840e-01,9.799350500106811523e-01,4.867613315582275391e-01,1.000000000000000000e+00
5.982507467269897461e-01,2.514425516128540039e-01,5.400770306587219238e-01,9.491853117942810059e-01,6.018283963203430176e-01,1.000000000000000000e+00
4.371591806411743164e-01,4.618154764175415039e-01,9.847436845302581787e-02,9.719102978706359863e-01,2.375940084457397461e-01,1.000000000000000000e+00
7.335237264633178711e-01,5.184527635574340820e-01,6.241094470024108887e-01,9.482446908950805664e-01,5.176591277122497559e-01,1.000000000000000000e+00
4.214394390583038330e-01,6.079569458961486816e-01,4.939002692699432373e-01,9.556329250335693359e-01,5.516001582145690918e-01,1.000000000000000000e+00
4.652418494224548340e-01,5.603939294815063477e-01,5.288757085800170898e-01,9.272308349609375000e-01,3.853729963302612305e-01,1.000000000000000000e+00
1.597359627485275269e-01,2.094701528549194336e-01,5.972413420677185059e-01,9.618437886238098145e-01,3.735971450805664062e-01,1.000000000000000000e+00
5.815653204917907715e-01,5.460184216499328613e-01,2.520222365856170654e-01,9.516361355781555176e-01,3.320737481117248535e-01,1.000000000000000000e+00
3.644772768020629883e-01,4.272846579551696777e-01,3.807185888290405273e-01,9.011046886444091797e-01,1.231845617294311523e-01,1.000000000000000000e+00
4.894479811191558838e-01,4.164718985557556152e-01,1.141942068934440613e-01,9.557891488075256348e-01,7.963809370994567871e-01,1.000000000000000000e+00
4.550754129886627197e-01,3.641223013401031494e-01,5.330706238746643066e-01,9.513933658599853516e-01,2.257416248321533203e-01,1.000000000000000000e+00
5.486817955970764160e-01,2.731424570083618164e-01,2.714113295078277588e-01,9.329520463943481445e-01,1.789683103561401367e-01,1.000000000000000000e+00
3.571351766586303711e-01,3.083591759204864502e-01,3.561920821666717529e-01,9.444329738616943359e-01,4.999468922615051270e-01,1.000000000000000000e+00
2.112826555967330933e-01,3.006172776222229004e-01,1.962254047393798828e-01,9.589910507202148438e-01,6.039294600486755371e-01,1.000000000000000000e+00
3.213159441947937012e-01,4.027175307273864746e-01,2.724384665489196777e-01,9.685239791870117188e-01,6.513510346412658691e-01,1.000000000000000000e+00
2.843652963638305664e-01,4.892115294933319092e-01,7.108037918806076050e-02,9.788766503334045410e-01,2.566231489181518555e-01,1.000000000000000000e+00
2.096648514270782471e-01,5.315274596214294434e-01,4.082774221897125244e-01,9.484469890594482422e-01,8.996855020523071289e-01,1.000000000000000000e+00
4.609664380550384521e-01,5.922045111656188965e-01,4.030478298664093018e-01,9.547001719474792480e-01,2.213200926780700684e-01,1.000000000000000000e+00
6.984670162200927734e-01,5.326668024063110352e-01,1.799117773771286011e-01,9.776367545127868652e-01,5.874595642089843750e-01,1.000000000000000000e+00
4.462864398956298828e-01,2.993181943893432617e-01,4.821087419986724854e-01,9.457411766052246094e-01,5.513985753059387207e-01,1.000000000000000000e+00
5.203759670257568359e-01,6.126855015754699707e-01,4.986235499382019043e-01,9.743483066558837891e-01,1.704525351524353027e-01,1.000000000000000000e+00
1.167658418416976929e-01,3.455747961997985840e-01,4.925788342952728271e-01,9.787436723709106445e-01,2.703679203987121582e-01,1.000000000000000000e+00
3.297134339809417725e-01,4.297578632831573486e-01,1.983838677406311035e-01,9.794420599937438965e-01,3.268920779228210449e-01,1.000000000000000000e+00
4.999275505542755127e-01,4.898403584957122803e-01,3.319149613380432129e-01,9.121223688125610352e-01,8.693931698799133301e-01,1.000000000000000000e+00
5.598907470703125000e-01,5.466212034225463867e-01,1.547672748565673828e-01,9.206321835517883301e-01,7.655178308486938477e-01,1.000000000000000000e+00
6.189890503883361816e-01,4.890179336071014404e-01,6.252216100692749023e-01,9.744567871093750000e-01,7.039345502853393555e-01,1.000000000000000000e+00
2.691942155361175537e-01,4.200588464736938477e-01,2.505508661270141602e-01,9.370161294937133789e-01,3.233919143676757812e-01,1.000000000000000000e+00
5.471398234367370605e-01,4.108000397682189941e-01,6.183083057403564453e-01,9.359136819839477539e-01,3.440598845481872559e-01,1.000000000000000000e+00
6.302486658096313477e-01,5.550490021705627441e-01,3.696646690368652344e-01,9.728330969810485840e-01,4.964519739151000977e-01,1.000000000000000000e+00
1.665836572647094727e-01,6.152305603027343750e-01,2.871426939964294434e-01,9.232275485992431641e-01,1.684697270393371582e-01,1.000000000000000000e+00
6.711886525154113770e-01,1.859415173530578613e-01,5.692523121833801270e-01,9.406071305274963379e-01,1.620281338691711426e-01,1.000000000000000000e+00
4.185197055339813232e-01,3.996500968933105469e-01,1.097850054502487183e-01,9.575222730636596680e-01,1.441891193389892578e-01,1.000000000000000000e+00
7.333080768585205078e-01,5.463904142379760742e-01,2.166928052902221680e-01,9.598591923713684082e-01,1.689779758453369141e-01,1.000000000000000000e+00
4.735260903835296631e-01,2.546325325965881348e-01,2.825724482536315918e-01,9.788240194320678711e-01,1.095792651176452637e-01,1.000000000000000000e+00
3.322167694568634033e-01,4.485614001750946045e-01,3.189070522785186768e-01,9.242498278617858887e-01,4.441646337509155273e-01,1.000000000000000000e+00
4.745873510837554932e-01,3.823208510875701904e-01,1.550394892692565918e-01,9.122806191444396973e-01,4.123138189315795898e-01,1.000000000000000000e+00
4.977704882621765137e-01,2.237864285707473755e-01,5.612273216247558594e-01,9.441446065902709961e-01,3.931506872177124023e-01,1.000000000000000000e+00
4.179425239562988281e-01,5.549518465995788574e-01,3.126778602600097656e-01,9.419047832489013672e-01,5.987127423286437988e-01,1.000000000000000000e+00
6.145939826965332031e-01,3.558879494667053223e-01,5.686311721801757812e-01,9.583536982536315918e-01,2.086378931999206543e-01,1.000000000000000000e+00
3.000117838382720947e-01,3.515625596046447754e-01,5.474560260772705078e-01,9.034400582313537598e-01,8.084411621093750000e-01,1.000000000000000000e+00
3.948624432086944580e-01,2.038626074790954590e-01,3.145486116409301758e-01,9.282760024070739746e-01,2.158460617065429688e-01,1.000000000000000000e+00
4.008663594722747803e-01,4.495134949684143066e-01,7.178233563899993896e-02,9.656241536140441895e-01,8.226944804191589355e-01,1.000000000000000000e+00
1.764498203992843628e-01,5.789369940757751465e-01,4.370263218879699707e-01,9.130749702453613281e-01,1.333144903182983398e-01,1.000000000000000000e+00
1.970287561416625977e-01,5.722636580467224121e-01,3.191855549812316895e-01,9.680640101432800293e-01,2.468014359474182129e-01,1.000000000000000000e+00
1.630263179540634155e-01,4.422876834869384766e-01,4.795786440372467041e-01,9.235761165618896484e-01,1.853100061416625977e-01,1.000000000000000000e+00
3.194687962532043457e-01,4.888820052146911621e-01,6.072436571121215820e-01,9.147963523864746094e-01,5.009865760803222656e-01,1.000000000000000000e+00
3.205177187919616699e-01,2.456453442573547363e-01,2.876732349395751953e-01,9.585213661193847656e-01,6.611469984054565430e-01,1.000000000000000000e+00
1.372603625059127808e-01,4.797360897064208984e-01,6.121889352798461914e-01,9.421942830085754395e-01,4.464762806892395020e-01,1.000000000000000000e+00
1.900349855422973633e-01,4.089525640010833740e-01,3.462851643562316895e-01,9.360349178314208984e-01,8.678110241889953613e-01,1.000000000000000000e+00
2.208813875913619995e-01,5.444663763046264648e-01,5.284106135368347168e-01,9.178841710090637207e-01,3.457003235816955566e-01,1.000000000000000000e+00
2.313429415225982666e-01,2.441632747650146484e-01,3.983220756053924561e-01,9.500620961189270020e-01,4.725207090377807617e-01,1.000000000000000000e+00
2.268949002027511597e-01,2.615422308444976807e-01,1.400963664054870605e-01,9.085805416107177734e-01,8.892999887466430664e-01,1.000000000000000000e+00
2.171775102615356445e-01,2.115899324417114258e-01,1.958473771810531616e-01,9.241065979003906250e-01,2.957000732421875000e-01,1.000000000000000000e+00
4.548281133174896240e-01,2.773833870887756348e-01,2.610587477684020996e-01,9.562706947326660156e-01,2.747720479965209961e-01,1.000000000000000000e+00
1.046952605247497559e-01,4.661218225955963135e-01,4.608685076236724854e-01,9.497785568237304688e-01,8.846427798271179199e-01,1.000000000000000000e+00
5.086547136306762695e-01,6.635829806327819824e-01,1.451361775398254395e-01,9.600422382354736328e-01,3.615611195564270020e-01,1.000000000000000000e+00
6.722195744514465332e-01,4.486899375915527344e-01,6.266842484474182129e-01,9.737379550933837891e-01,1.279647350311279297e-01,1.000000000000000000e+00
4.234040975570678711e-01,3.825590312480926514e-01,4.132452905178070068e-01,9.513161778450012207e-01,4.467993378639221191e-01,1.000000000000000000e+00
1.704845279455184937e-01,3.766537904739379883e-01,3.049899935722351074e-01,9.556536674499511719e-01,3.271110057830810547e-01,1.000000000000000000e+00
4.694824516773223877e-01,4.567049741744995117e-01,5.790903568267822266e-01,9.048827886581420898e-01,7.063955068588256836e-01,1.000000000000000000e+00
3.407237827777862549e-01,3.633102774620056152e-01,1.268547177314758301e-01,9.107372760772705078e-01,1.725953221321105957e-01,1.000000000000000000e+00
4.503495991230010986e-01,3.624060750007629395e-01,5.829961895942687988e-01,9.309350252151489258e-01,5.905912518501281738e-01,1.000000000000000000e+00
4.171256124973297119e-01,4.346215128898620605e-01,1.780042648315429688e-01,9.535976648330688477e-01,7.853513956069946289e-01,1.000000000000000000e+00
5.126762390136718750e-01,5.371317863464355469e-01,4.260645508766174316e-01,9.046567678451538086e-01,2.239947319030761719e-01,1.000000000000000000e+00
5.149117112159729004e-01,3.000702261924743652e-01,6.066848039627075195e-01,9.395536780357360840e-01,5.757901072502136230e-01,1.000000000000000000e+00
5.957618951797485352e-01,5.592065453529357910e-01,1.871840357780456543e-01,9.083904027938842773e-01,5.372594594955444336e-01,1.000000000000000000e+00
5.108515024185180664e-01,2.623009085655212402e-01,6.444388031959533691e-01,9.678120017051696777e-01,2.453546524047851562e-01,1.000000000000000000e+00
4.976606667041778564e-01,3.728987872600555420e-01,4.922487437725067139e-01,9.583351612091064453e-01,4.020553827285766602e-01,1.000000000000000000e+00
2.594166696071624756e-01,4.292803406715393066e-01,2.065368145704269409e-01,9.474148750305175781e-01,3.017146587371826172e-01,1.000000000000000000e+00
1.864700764417648315e-01,4.333264827728271484e-01,5.367670655250549316e-01,9.762108922004699707e-01,4.216776490211486816e-01,1.000000000000000000e+00
2.258649319410324097e-01,5.660224556922912598e-01,5.630514621734619141e-01,9.460924863815307617e-01,5.727337002754211426e-01,1.000000000000000000e+00
5.410687327384948730e-01,5.715043544769287109e-01,6.675193309783935547e-01,9.799642562866210938e-01,4.611288309097290039e-01,1.000000000000000000e+00
2.662225961685180664e-01,3.849000334739685059e-01,1.880997866392135620e-01,9.053013920783996582e-01,3.766859173774719238e-01,1.000000000000000000e+00
2.441026419401168823e-01,2.899692058563232422e-01,3.922408223152160645e-01,9.173287749290466309e-01,4.395538568496704102e-01,1.000000000000000000e+00
7.004511356353759766e-01,5.299108028411865234e-01,1.089330241084098816e-01,9.704886078834533691e-01,7.984862923622131348e-01,1.000000000000000000e+00
6.915408968925476074e-01,6.397255063056945801e-01,6.671078205108642578e-01,9.772251844406127930e-01,7.647008299827575684e-01,1.000000000000000000e+00
6.466948986053466797e-01,4.011707305908203125e-01,5.621230602264404297e-01,9.078359603881835938e-01,7.706198692321777344e-01,1.000000000000000000e+00
2.902939319610595703e-01,5.720249414443969727e-01,5.244691967964172363e-01,9.157837033271789551e-01,1.931439042091369629e-01,1.000000000000000000e+00
1.768776029348373413e-01,4.537559747695922852e-01,6.663268804550170898e-01,9.702103734016418457e-01,8.102338314056396484e-01,1.000000000000000000e+00
4.836375415325164795e-01,4.635109305381774902e-01,2.412235587835311890e-01,9.102873802185058594e-01,8.085289001464843750e-01,1.000000000000000000e+00
1.266390532255172729e-01,4.291679859161376953e-01,6.103681921958923340e-01,9.167671203613281250e-01,7.404470443725585938e-01,1.000000000000000000e+00
7.256126999855041504e-01,2.592157721519470215e-01,4.101476073265075684e-01,9.123774170875549316e-01,4.513760209083557129e-01,1.000000000000000000e+00
2.114161252975463867e-01,1.873369812965393066e-01,4.233343303203582764e-01,9.048149585723876953e-01,7.152505517005920410e-01,1.000000000000000000e+00
6.582032442092895508e-01,5.069952607154846191e-01,3.618035316467285156e-01,9.470306634902954102e-01,6.415411233901977539e-01,1.000000000000000000e+00
3.117739260196685791e-01,5.359748005867004395e-01,1.806634068489074707e-01,9.628148674964904785e-01,4.941576123237609863e-01,1.000000000000000000e+00
2.068712413311004639e-01,5.831627249717712402e-01,8.893250674009323120e-02,9.342352747917175293e-01,2.680821418762207031e-01,1.000000000000000000e+00
4.911377131938934326e-01,3.605625629425048828e-01,2.456132769584655762e-01,9.753976464271545410e-01,7.700986266136169434e-01,1.000000000000000000e+00
3.486935198307037354e-01,3.301362991333007812e-01,5.334071516990661621e-01,9.248139858245849609e-01,6.567161679267883301e-01,1.000000000000000000e+00
3.195686042308807373e-01,4.308343529701232910e-01,2.936984002590179443e-01,9.338871836662292480e-01,3.851659297943115234e-01,1.000000000000000000e+00
2.433601915836334229e-01,6.610976457595825195e-01,5.637797713279724121e-01,9.151730537414550781e-01,8.407331109046936035e-01,1.000000000000000000e+00
2.205203175544738770e-01,3.621318042278289795e-01,3.140286207199096680e-01,9.148910045623779297e-01,8.791767358779907227e-01,1.000000000000000000e+00
4.661432206630706787e-01,5.163408517837524414e-01,2.448845356702804565e-01,9.770615100860595703e-01,1.974358558654785156e-01,1.000000000000000000e+00
2.944981753826141357e-01,4.224716424942016602e-01,5.393476486206054688e-01,9.257349371910095215e-01,4.124340415000915527e-01,1.000000000000000000e+00
3.891346156597137451e-01,2.664004564285278320e-01,1.542856693267822266e-01,9.644675254821777344e-01,4.693894386291503906e-01,1.000000000000000000e+00
4.054047465324401855e-01,3.365323543548583984e-01,4.206241965293884277e-01,9.754466414451599121e-01,2.716830372810363770e-01,1.000000000000000000e+00
7.197690606117248535e-01,6.493666768074035645e-01,4.589615762233734131e-01,9.149251580238342285e-01,8.299919962882995605e-01,1.000000000000000000e+00
4.944242537021636963e-01,4.651935994625091553e-01,6.523502469062805176e-01,9.447979331016540527e-01,7.125259041786193848e-01,1.000000000000000000e+00
4.760195016860961914e-01,3.371766507625579834e-01,4.591503739356994629e-01,9.083657860755920410e-01,3.477360010147094727e-01,1.000000000000000000e+00
4.820708334445953369e-01,6.602022647857666016e-01,7.016038894653320312e-01,9.593237042427062988e-01,2.628442645072937012e-01,1.000000000000000000e+00
7.169578075408935547e-01,5.942006707191467285e-01,5.395563840866088867e-01,9.025300145149230957e-01,8.276722431182861328e-01,1.000000000000000000e+00
6.074889302253723145e-01,4.498938024044036865e-01,4.872866570949554443e-01,9.558050632476806641e-01,7.068175673484802246e-01,1.000000000000000000e+00
3.349041640758514404e-01,2.947915792465209961e-01,5.356273651123046875e-01,9.093679189682006836e-01,6.024659872055053711e-01,1.000000000000000000e+00
5.721423625946044922e-01,5.557564496994018555e-01,2.467034459114074707e-01,9.014980792999267578e-01,5.600407123565673828e-01,1.000000000000000000e+00
3.019033372402191162e-01,3.326912820339202881e-01,5.726799368858337402e-01,9.766520857810974121e-01,4.260828495025634766e-01,1.000000000000000000e+00
5.227553844451904297e-01,1.933800578117370605e-01,1.731370687484741211e-01,9.679088592529296875e-01,1.015722155570983887e-01,1.000000000000000000e+00
6.819735765457153320e-01,2.762997150421142578e-01,1.573162078857421875e-01,9.340706467628479004e-01,4.814785122871398926e-01,1.000000000000000000e+00
6.062860488891601562e-01,4.697303175926208496e-01,3.179424405097961426e-01,9.148199558258056641e-01,6.673069000244140625e-01,1.000000000000000000e+00
7.019757032394409180e-01,5.593221187591552734e-01,1.728917956352233887e-01,9.748119115829467773e-01,6.641306877136230469e-01,1.000000000000000000e+00
6.539296507835388184e-01,2.233692407608032227e-01,5.222881436347961426e-01,9.066808819770812988e-01,2.882185578346252441e-01,1.000000000000000000e+00
4.814068675041198730e-01,5.222895741462707520e-01,1.929902434349060059e-01,9.117470383644104004e-01,4.109393954277038574e-01,1.000000000000000000e+00
4.563523530960083008e-01,5.574759244918823242e-01,6.663976907730102539e-01,9.382613897323608398e-01,1.123265027999877930e-01,1.000000000000000000e+00
4.693014323711395264e-01,2.772747874259948730e-01,5.998893380165100098e-01,9.725904464721679688e-01,7.347041368484497070e-01,1.000000000000000000e+00
3.507415056228637695e-01,6.207470297813415527e-01,6.809706687927246094e-01,9.788476824760437012e-01,8.892962932586669922e-01,1.000000000000000000e+00
2.077058404684066772e-01,4.327367544174194336e-01,4.433838427066802979e-01,9.157591462135314941e-01,3.615461587905883789e-01,1.000000000000000000e+00
5.706900954246520996e-01,4.261992275714874268e-01,1.936707496643066406e-01,9.671624898910522461e-01,6.422482728958129883e-01,1.000000000000000000e+00
2.582560777664184570e-01,3.994991183280944824e-01,3.748002052307128906e-01,9.560931324958801270e-01,1.538802981376647949e-01,1.000000000000000000e+00
3.084621429443359375e-01,3.649941682815551758e-01,2.904537022113800049e-01,9.220340251922607422e-01,8.409701585769653320e-01,1.000000000000000000e+00
2.141154110431671143e-01,4.084844887256622314e-01,6.766517758369445801e-01,9.624243378639221191e-01,3.522158265113830566e-01,1.000000000000000000e+00
4.300082623958587646e-01,2.847126424312591553e-01,5.281963348388671875e-01,9.132269620895385742e-01,5.750701427459716797e-01,1.000000000000000000e+00
2.768341004848480225e-01,2.217241376638412476e-01,3.415874242782592773e-01,9.184602499008178711e-01,2.339428663253784180e-01,1.000000000000000000e+00
7.182855010032653809e-01,2.784371972084045410e-01,3.202874958515167236e-01,9.202045202255249023e-01,3.423134088516235352e-01,1.000000000000000000e+00
7.348085641860961914e-01,4.707255959510803223e-01,5.169822573661804199e-01,9.514435529708862305e-01,3.589906096458435059e-01,1.000000000000000000e+00
5.119658112525939941e-01,6.034054160118103027e-01,6.480738520622253418e-01,9.174445867538452148e-01,5.585975646972656250e-01,1.000000000000000000e+00
3.484562039375305176e-01,2.476064562797546387e-01,2.157038152217864990e-01,9.079728126525878906e-01,2.425334453582763672e-01,1.000000000000000000e+00
4.673800468444824219e-01,5.046998262405395508e-01,3.659658730030059814e-01,9.367887377738952637e-01,1.004685759544372559e-01,1.000000000000000000e+00
4.166640937328338623e-01,2.089255899190902710e-01,6.312125325202941895e-01,9.302767515182495117e-01,8.445026278495788574e-01,1.000000000000000000e+00
7.276918292045593262e-01,4.676984846591949463e-01,4.932463765144348145e-01,9.618156552314758301e-01,8.900887966156005859e-01,1.000000000000000000e+00
1.876988410949707031e-01,3.037127852439880371e-01,9.580295532941818237e-02,9.315317273139953613e-01,8.761515021324157715e-01,1.000000000000000000e+00
3.286654055118560791e-01,3.052120804786682129e-01,1.403660774230957031e-01,9.683507680892944336e-01,1.537722349166870117e-01,1.000000000000000000e+00
6.932521462440490723e-01,3.042218387126922607e-01,1.339503526687622070e-01,9.196098446846008301e-01,1.593297123908996582e-01,1.000000000000000000e+00
1.908739060163497925e-01,1.863821595907211304e-01,2.387032359838485718e-01,9.020453095436096191e-01,2.676797509193420410e-01,1.000000000000000000e+00
3.080760240554809570e-01,3.508872687816619873e-01,6.527326107025146484e-01,9.218813776969909668e-01,5.809269547462463379e-01,1.000000000000000000e+00
5.127273797988891602e-01,4.049975872039794922e-01,6.719304323196411133e-01,9.584292769432067871e-01,2.888777256011962891e-01,1.000000000000000000e+00
1.557835787534713745e-01,2.290575355291366577e-01,2.886996269226074219e-01,9.305643439292907715e-01,6.494498252868652344e-01,1.000000000000000000e+00
7.231782674789428711e-01,3.398150801658630371e-01,6.349711418151855469e-01,9.680442214012145996e-01,5.456289052963256836e-01,1.000000000000000000e+00
4.169861376285552979e-01,5.313967466354370117e-01,3.050855398178100586e-01,9.358262419700622559e-01,8.249548673629760742e-01,1.000000000000000000e+00
1.032787486910820007e-01,3.722127377986907959e-01,4.268779754638671875e-01,9.020888805389404297e-01,8.858612775802612305e-01,1.000000000000000000e+00
1.581434011459350586e-01,5.432434678077697754e-01,4.080104827880859375e-01,9.269616007804870605e-01,2.827660441398620605e-01,1.000000000000000000e+00
5.280784368515014648e-01,2.933368384838104248e-01,1.269529312849044800e-01,9.332146644592285156e-01,5.086534023284912109e-01,1.000000000000000000e+00
5.843069553375244141e-01,2.476333975791931152e-01,4.570114016532897949e-01,9.481159448623657227e-01,7.267766594886779785e-01,1.000000000000000000e+00
6.851565241813659668e-01,4.843985438346862793e-01,4.112557768821716309e-01,9.177994728088378906e-01,7.969725728034973145e-01,1.000000000000000000e+00
3.768191039562225342e-01,5.287032723426818848e-01,3.079163432121276855e-01,9.281445741653442383e-01,4.943917989730834961e-01,1.000000000000000000e+00
3.723469972610473633e-01,4.133115410804748535e-01,5.320687890052795410e-01,9.352136850357055664e-01,2.941313982009887695e-01,1.000000000000000000e+00
4.901495575904846191e-01,5.286940932273864746e-01,5.715296864509582520e-01,9.328712224960327148e-01,2.720820903778076172e-01,1.000000000000000000e+00
3.440809249877929688e-01,4.155508279800415039e-01,4.488418400287628174e-01,9.125863909721374512e-01,1.113744378089904785e-01,1.000000000000000000e+00
5.092404484748840332e-01,4.175473749637603760e-01,6.427189111709594727e-01,9.607320427894592285e-01,2.224298715591430664e-01,1.000000000000000000e+00
3.355403244495391846e-01,4.188234806060791016e-01,1.258146166801452637e-01,9.050343632698059082e-01,2.346343994140625000e-01,1.000000000000000000e+00
5.697972774505615234e-01,2.073200941085815430e-01,6.322532892227172852e-01,9.264829754829406738e-01,4.807381629943847656e-01,1.000000000000000000e+00
2.871525883674621582e-01,4.352699220180511475e-01,4.906481504440307617e-01,9.754050970077514648e-01,1.247729659080505371e-01,1.000000000000000000e+00
5.970613956451416016e-01,5.786727070808410645e-01,1.691054701805114746e-01,9.158444404602050781e-01,1.322166323661804199e-01,1.000000000000000000e+00
5.624754428863525391e-01,6.511340737342834473e-01,3.876934945583343506e-01,9.188335537910461426e-01,5.162796378135681152e-01,1.000000000000000000e+00
7.225239276885986328e-01,5.657566189765930176e-01,4.143236875534057617e-01,9.680274724960327148e-01,1.807682514190673828e-01,1.000000000000000000e+00
6.722369790077209473e-01,2.086052298545837402e-01,5.064536333084106445e-01,9.720551967620849609e-01,7.233384251594543457e-01,1.000000000000000000e+00
5.231652855873107910e-01,2.396324276924133301e-01,6.268712282180786133e-01,9.776734113693237305e-01,1.686615943908691406e-01,1.000000000000000000e+00
3.456050455570220947e-01,1.819584369659423828e-01,5.218514204025268555e-01,9.671406745910644531e-01,7.814593911170959473e-01,1.000000000000000000e+00
4.582951068878173828e-01,4.584695398807525635e-01,5.758100748062133789e-01,9.400013685226440430e-01,5.235195755958557129e-01,1.000000000000000000e+00
1.290275454521179199e-01,2.457900494337081909e-01,4.740740358829498291e-01,9.195138216018676758e-01,6.759134531021118164e-01,1.000000000000000000e+00
1.849306821823120117e-01,3.842287659645080566e-01,5.749216079711914062e-01,9.279334545135498047e-01,5.154042840003967285e-01,1.000000000000000000e+00
2.865666449069976807e-01,4.692285358905792236e-01,2.149487137794494629e-01,9.487548470497131348e-01,5.632695555686950684e-01,1.000000000000000000e+00
4.836761057376861572e-01,2.115116119384765625e-01,2.791377902030944824e-01,9.221661686897277832e-01,5.495041608810424805e-01,1.000000000000000000e+00
6.355763077735900879e-01,4.918099343776702881e-01,6.752142906188964844e-01,9.477774500846862793e-01,6.630242466926574707e-01,1.000000000000000000e+00
6.942878961563110352e-01,3.475231826305389404e-01,5.863803625106811523e-01,9.014310836791992188e-01,3.367303609848022461e-01,1.000000000000000000e+00
5.647911429405212402e-01,2.767928540706634521e-01,1.547238826751708984e-01,9.700582623481750488e-01,1.261625885963439941e-01,1.000000000000000000e+00
2.179471701383590698e-01,2.688722610473632812e-01,2.990994155406951904e-01,9.457770586013793945e-01,8.866734504699707031e-01,1.000000000000000000e+00
5.945470333099365234e-01,2.622945904731750488e-01,3.896664977073669434e-01,9.486831426620483398e-01,1.340550184249877930e-01,1.000000000000000000e+00
2.180934995412826538e-01,1.860916614532470703e-01,5.819459557533264160e-01,9.243394136428833008e-01,4.008141756057739258e-01,1.000000000000000000e+00
4.748445153236389160e-01,4.701216816902160645e-01,2.597256898880004883e-01,9.747983813285827637e-01,2.628820538520812988e-01,1.000000000000000000e+00
6.048523783683776855e-01,3.541094660758972168e-01,6.870650649070739746e-01,9.693179130554199219e-01,5.526095628738403320e-01,1.000000000000000000e+00
3.326832950115203857e-01,3.476370573043823242e-01,7.092118263244628906e-02,9.714420437812805176e-01,1.529555320739746094e-01,1.000000000000000000e+00
3.135874867439270020e-01,2.572845220565795898e-01,5.155764222145080566e-01,9.370190501213073730e-01,5.480321049690246582e-01,1.000000000000000000e+00
2.040138095617294312e-01,2.813800573348999023e-01,1.194657087326049805e-01,9.603815078735351562e-01,8.558337688446044922e-01,1.000000000000000000e+00
1.488447040319442749e-01,4.446550011634826660e-01,6.591467559337615967e-02,9.479803442955017090e-01,4.798371195793151855e-01,1.000000000000000000e+00
1.995774358510971069e-01,2.973639667034149170e-01,6.322869062423706055e-01,9.658902883529663086e-01,1.012673377990722656e-01,1.000000000000000000e+00
5.111360549926757812e-01,2.163026928901672363e-01,3.960111737251281738e-01,9.765244126319885254e-01,5.693417787551879883e-01,1.000000000000000000e+00
5.647315382957458496e-01,5.870502591133117676e-01,3.842949569225311279e-01,9.138795733451843262e-01,7.822479009628295898e-01,1.000000000000000000e+00
1.579140424728393555e-01,4.256927669048309326e-01,6.699636578559875488e-01,9.665168523788452148e-01,1.478821039199829102e-01,1.000000000000000000e+00
3.110460638999938965e-01,4.464919567108154297e-01,1.598626971244812012e-01,9.247642755508422852e-01,4.383256435394287109e-01,1.000000000000000000e+00
6.118966341018676758e-01,6.182724237442016602e-01,1.769830435514450073e-01,9.451850652694702148e-01,5.395240783691406250e-01,1.000000000000000000e+00
1.010288521647453308e-01,2.477921694517135620e-01,3.338391780853271484e-01,9.043380618095397949e-01,6.496207118034362793e-01,1.000000000000000000e+00
5.306066870689392090e-01,3.988585174083709717e-01,2.247439026832580566e-01,9.251288175582885742e-01,5.773839950561523438e-01,1.000000000000000000e+00
5.006093382835388184e-01,4.165794551372528076e-01,5.615878105163574219e-01,9.014675617218017578e-01,5.745643973350524902e-01,1.000000000000000000e+00
4.208215773105621338e-01,6.500552892684936523e-01,5.227250456809997559e-01,9.394453167915344238e-01,6.489530801773071289e-01,1.000000000000000000e+00
3.581517934799194336e-01,3.185921907424926758e-01,4.072469472885131836e-01,9.259700179100036621e-01,3.583666682243347168e-01,1.000000000000000000e+00
1.828388422727584839e-01,5.681911706924438477e-01,5.101101398468017578e-01,9.543504714965820312e-01,3.987581133842468262e-01,1.000000000000000000e+00
5.099127292633056641e-01,2.438505291938781738e-01,6.836428642272949219e-01,9.026149511337280273e-01,1.315702199935913086e-01,1.000000000000000000e+00
1.270000189542770386e-01,5.526230931282043457e-01,3.079386949539184570e-01,9.080870747566223145e-01,1.192911863327026367e-01,1.000000000000000000e+00
4.823102951049804688e-01,2.067988514900207520e-01,2.205585539340972900e-01,9.343540072441101074e-01,3.297727108001708984e-01,1.000000000000000000e+00
6.938702464103698730e-01,3.773625493049621582e-01,6.483352780342102051e-01,9.259369373321533203e-01,3.462496399879455566e-01,1.000000000000000000e+00
4.656836688518524170e-01,1.860451102256774902e-01,1.217176318168640137e-01,9.190276861190795898e-01,7.521607279777526855e-01,1.000000000000000000e+00
4.132212102413177490e-01,3.277089893817901611e-01,2.994170486927032471e-01,9.249161481857299805e-01,7.866528630256652832e-01,1.000000000000000000e+00
2.882881760597229004e-01,2.626482844352722168e-01,2.939755320549011230e-01,9.083174467086791992e-01,8.030617833137512207e-01,1.000000000000000000e+00
5.673193335533142090e-01,4.832375943660736084e-01,2.048463821411132812e-01,9.382115602493286133e-01,2.966455221176147461e-01,1.000000000000000000e+00
3.965855538845062256e-01,6.475135684013366699e-01,7.048475742340087891e-01,9.545047879219055176e-01,5.823777914047241211e-01,1.000000000000000000e+00
1.529711335897445679e-01,5.954701304435729980e-01,2.802544832229614258e-01,9.249550104141235352e-01,8.032643198966979980e-01,1.000000000000000000e+00
5.764539241790771484e-01,3.664826154708862305e-01,6.821624636650085449e-01,9.215345382690429688e-01,1.310532093048095703e-01,1.000000000000000000e+00
7.188794016838073730e-01,3.710753321647644043e-01,2.042555660009384155e-01,9.291657209396362305e-01,5.668364763259887695e-01,1.000000000000000000e+00
3.553709983825683594e-01,3.469138145446777344e-01,4.299513101577758789e-01,9.730505347251892090e-01,1.492562890052795410e-01,1.000000000000000000e+00
5.421426892280578613e-01,3.928858637809753418e-01,1.085178777575492859e-01,9.608448743820190430e-01,6.080427765846252441e-01,1.000000000000000000e+00
3.646701574325561523e-01,3.514441847801208496e-01,3.859847187995910645e-01,9.447901844978332520e-01,3.106811046600341797e-01,1.000000000000000000e+00
4.354343116283416748e-01,2.833192944526672363e-01,4.493065178394317627e-01,9.720690250396728516e-01,3.150683045387268066e-01,1.000000000000000000e+00
6.012619137763977051e-01,3.919144570827484131e-01,5.165632367134094238e-01,9.095278382301330566e-01,1.216371059417724609e-01,1.000000000000000000e+00
5.996204614639282227e-01,6.510141491889953613e-01,2.125809043645858765e-01,9.594593644142150879e-01,3.154674768447875977e-01,1.000000000000000000e+00
5.455198287963867188e-01,2.485901564359664917e-01,4.062066078186035156e-01,9.021946787834167480e-01,2.725482583045959473e-01,1.000000000000000000e+00
4.435320198535919189e-01,4.038063287734985352e-01,2.964840531349182129e-01,9.039782881736755371e-01,6.849052309989929199e-01,1.000000000000000000e+00
4.543019235134124756e-01,2.827825546264648438e-01,3.750730156898498535e-01,9.706196188926696777e-01,1.748483777046203613e-01,1.000000000000000000e+00
2.920768558979034424e-01,6.038678884506225586e-01,4.518192112445831299e-01,9.779595732688903809e-01,3.394543528556823730e-01,1.000000000000000000e+00
5.707128643989562988e-01,4.858166575431823730e-01,2.045516222715377808e-01,9.745306372642517090e-01,3.185570836067199707e-01,1.000000000000000000e+00
6.926819682121276855e-01,5.904779434204101562e-01,3.559495806694030762e-01,9.151113033294677734e-01,2.856063842773437500e-01,1.000000000000000000e+00
4.305742383003234863e-01,5.309097170829772949e-01,1.821891069412231445e-01,9.736631512641906738e-01,8.405758142471313477e-01,1.000000000000000000e+00
1.327483654022216797e-01,2.138721793889999390e-01,3.278419673442840576e-01,9.544351696968078613e-01,7.480542063713073730e-01,1.000000000000000000e+00
3.443801701068878174e-01,3.789325058460235596e-01,4.964479804039001465e-01,9.455732703208923340e-01,4.810785651206970215e-01,1.000000000000000000e+00
5.952181220054626465e-01,4.115578234195709229e-01,5.323942303657531738e-01,9.609871506690979004e-01,7.095826268196105957e-01,1.000000000000000000e+00
5.476559996604919434e-01,4.241938591003417969e-01,7.896398752927780151e-02,9.027577042579650879e-01,1.491639614105224609e-01,1.000000000000000000e+00
2.838037908077239990e-01,2.482294440269470215e-01,3.966199159622192383e-01,9.337902665138244629e-01,6.832900643348693848e-01,1.000000000000000000e+00
5.861960053443908691e-01,3.971540927886962891e-01,1.914388388395309448e-01,9.272755384445190430e-01,1.385644674301147461e-01,1.000000000000000000e+00
2.158775925636291504e-01,4.358168244361877441e-01,1.185936331748962402e-01,9.465246796607971191e-01,6.140523552894592285e-01,1.000000000000000000e+00
1.572102308273315430e-01,6.389986872673034668e-01,5.146089792251586914e-01,9.614334702491760254e-01,2.900136709213256836e-01,1.000000000000000000e+00
1.875403374433517456e-01,5.799478292465209961e-01,1.104527115821838379e-01,9.106328487396240234e-01,4.346619248390197754e-01,1.000000000000000000e+00
7.204880714416503906e-01,5.387089848518371582e-01,5.252427458763122559e-01,9.244452714920043945e-01,6.810108423233032227e-01,1.000000000000000000e+00
1.983302235603332520e-01,4.903681278228759766e-01,2.451025843620300293e-01,9.431518912315368652e-01,8.608649373054504395e-01,1.000000000000000000e+00
5.269159674644470215e-01,5.547313094139099121e-01,5.602251291275024414e-01,9.052718281745910645e-01,6.614931225776672363e-01,1.000000000000000000e+00
5.722999572753906250e-01,2.627446055412292480e-01,6.948709487915039062e-02,9.171058535575866699e-01,8.421052694320678711e-01,1.000000000000000000e+00
6.827059984207153320e-01,5.773034095764160156e-01,3.118420243263244629e-01,9.292353987693786621e-01,7.813062667846679688e-01,1.000000000000000000e+00
3.726516067981719971e-01,4.447582364082336426e-01,5.607745051383972168e-01,9.052947163581848145e-01,4.446706771850585938e-01,1.000000000000000000e+00
3.310028016567230225e-01,5.388500690460205078e-01,6.662873923778533936e-02,9.747376441955566406e-01,7.904972434043884277e-01,1.000000000000000000e+00
6.521865129470825195e-01,2.490955442190170288e-01,3.185351788997650146e-01,9.721781015396118164e-01,7.726470828056335449e-01,1.000000000000000000e+00
2.706881165504455566e-01,4.755921363830566406e-01,3.881505131721496582e-01,9.100614190101623535e-01,8.761103153228759766e-01,1.000000000000000000e+00
7.037726044654846191e-01,3.973192870616912842e-01,3.067361116409301758e-01,9.164013266563415527e-01,6.480059027671813965e-01,1.000000000000000000e+00
2.379768788814544678e-01,4.120392203330993652e-01,3.930700719356536865e-01,9.605168700218200684e-01,3.661167025566101074e-01,1.000000000000000000e+00
5.488290190696716309e-01,5.887538194656372070e-01,2.895477116107940674e-01,9.773310422897338867e-01,6.983101367950439453e-01,1.000000000000000000e+00
6.149070858955383301e-01,3.173100054264068604e-01,3.308638334274291992e-01,9.616031050682067871e-01,3.033012747764587402e-01,1.000000000000000000e+00
2.598759531974792480e-01,3.223393559455871582e-01,4.763981997966766357e-01,9.569126367568969727e-01,7.407990097999572754e-01,1.000000000000000000e+00
2.374670803546905518e-01,6.323460936546325684e-01,2.037770003080368042e-01,9.290833473205566406e-01,2.543496489524841309e-01,1.000000000000000000e+00
1.936298608779907227e-01,5.264831185340881348e-01,2.802236676216125488e-01,9.483657479286193848e-01,6.328082680702209473e-01,1.000000000000000000e+00
1.415918916463851929e-01,6.331154108047485352e-01,5.473737120628356934e-01,9.742075204849243164e-01,1.810332536697387695e-01,1.000000000000000000e+00
4.982891976833343506e-01,5.849257707595825195e-01,6.575192213058471680e-01,9.098580479621887207e-01,7.918765544891357422e-01,1.000000000000000000e+00
7.286618351936340332e-01,5.407647490501403809e-01,3.910825848579406738e-01,9.448580145835876465e-01,7.447680830955505371e-01,1.000000000000000000e+00
5.950409770011901855e-01,4.154460430145263672e-01,7.001777887344360352e-01,9.003473520278930664e-01,7.301898002624511719e-01,1.000000000000000000e+00
1.094549819827079773e-01,6.424587965011596680e-01,9.371393173933029175e-02,9.671505689620971680e-01,3.966153860092163086e-01,1.000000000000000000e+00
4.627557992935180664e-01,6.470248699188232422e-01,5.736269950866699219e-01,9.524376392364501953e-01,5.560082197189331055e-01,1.000000000000000000e+00
2.711958587169647217e-01,4.082574546337127686e-01,3.714335560798645020e-01,9.219841957092285156e-01,8.671606779098510742e-01,1.000000000000000000e+00
5.431031584739685059e-01,4.020904898643493652e-01,5.660398006439208984e-01,9.284234642982482910e-01,5.736663341522216797e-01,1.000000000000000000e+00
5.658835172653198242e-01,4.710365533828735352e-01,6.229714155197143555e-01,9.028576016426086426e-01,2.779338955879211426e-01,1.000000000000000000e+00
1.584954112768173218e-01,4.180820584297180176e-01,5.725005865097045898e-01,9.155049920082092285e-01,7.214493155479431152e-01,1.000000000000000000e+00
5.148048996925354004e-01,2.999207973480224609e-01,4.815425872802734375e-01,9.116030931472778320e-01,7.209951281547546387e-01,1.000000000000000000e+00
4.017806947231292725e-01,3.415636122226715088e-01,1.343719363212585449e-01,9.570999145507812500e-01,4.998053908348083496e-01,1.000000000000000000e+00
6.956929564476013184e-01,2.777193188667297363e-01,2.877380847930908203e-01,9.014679789543151855e-01,2.364236712455749512e-01,1.000000000000000000e+00
5.535812973976135254e-01,1.783279329538345337e-01,8.654969185590744019e-02,9.202669858932495117e-01,4.960423111915588379e-01,1.000000000000000000e+00
3.393202126026153564e-01,5.100908279418945312e-01,1.096358895301818848e-01,9.321789145469665527e-01,8.194606304168701172e-01,1.000000000000000000e+00
3.194023072719573975e-01,6.075307726860046387e-01,5.403996706008911133e-01,9.488733410835266113e-01,5.279231667518615723e-01,1.000000000000000000e+00
3.732998371124267578e-01,4.285058379173278809e-01,9.676901996135711670e-02,9.707330465316772461e-01,4.492514133453369141e-01,1.000000000000000000e+00
4.627711772918701172e-01,3.017685413360595703e-01,5.811482667922973633e-01,9.099126458168029785e-01,6.635797023773193359e-01,1.000000000000000000e+00
5.765193700790405273e-01,4.239000082015991211e-01,2.771591246128082275e-01,9.757489562034606934e-01,4.757147431373596191e-01,1.000000000000000000e+00
5.501571297645568848e-01,5.199807286262512207e-01,3.479492068290710449e-01,9.374531507492065430e-01,2.873085141181945801e-01,1.000000000000000000e+00
5.270447134971618652e-01,5.685197710990905762e-01,1.873943209648132324e-01,9.624021053314208984e-01,3.977857232093811035e-01,1.000000000000000000e+00
5.673331618309020996e-01,2.285231202840805054e-01,3.383662402629852295e-01,9.774934053421020508e-01,3.127789497375488281e-01,1.000000000000000000e+00
3.970568180084228516e-01,6.049270033836364746e-01,7.001967430114746094e-01,9.313911795616149902e-01,1.216313242912292480e-01,1.000000000000000000e+00
1.801512688398361206e-01,5.353757143020629883e-01,4.088986515998840332e-01,9.735350608825683594e-01,1.720561981201171875e-01,1.000000000000000000e+00
4.949666857719421387e-01,2.345521897077560425e-01,9.392517805099487305e-02,9.262182712554931641e-01,6.925052404403686523e-01,1.000000000000000000e+00
3.958210945129394531e-01,3.618129789829254150e-01,5.936530232429504395e-01,9.642184376716613770e-01,2.624275088310241699e-01,1.000000000000000000e+00
5.847081542015075684e-01,6.058483123779296875e-01,7.331984490156173706e-02,9.035437703132629395e-01,4.390061497688293457e-01,1.000000000000000000e+00
4.241172969341278076e-01,6.077421903610229492e-01,6.948857903480529785e-01,9.254677295684814453e-01,3.933643102645874023e-01,1.000000000000000000e+00
6.957253813743591309e-01,6.538614630699157715e-01,2.864466607570648193e-01,9.241042733192443848e-01,1.495718359947204590e-01,1.000000000000000000e+00
6.827819347381591797e-01,2.528961002826690674e-01,3.612591922283172607e-01,9.131023287773132324e-01,4.439392685890197754e-01,1.000000000000000000e+00
5.886672139167785645e-01,5.962046980857849121e-01,3.232015371322631836e-01,9.499036073684692383e-01,5.708975791931152344e-01,1.000000000000000000e+00
5.914883613586425781e-01,6.314295530319213867e-01,1.777970045804977417e-01,9.628395438194274902e-01,4.092488884925842285e-01,1.000000000000000000e+00
1.892959326505661011e-01,2.069990038871765137e-01,1.410178542137145996e-01,9.702696800231933594e-01,1.703377366065979004e-01,1.000000000000000000e+00
2.010934948921203613e-01,5.986014604568481445e-01,4.931109845638275146e-01,9.052705764770507812e-01,6.242865920066833496e-01,1.000000000000000000e+00
1.340240091085433960e-01,3.926821351051330566e-01,3.621857166290283203e-01,9.211860895156860352e-01,4.250019788742065430e-01,1.000000000000000000e+00
3.232554495334625244e-01,5.261861681938171387e-01,3.812747001647949219e-01,9.633089303970336914e-01,4.744734168052673340e-01,1.000000000000000000e+00
1.088682860136032104e-01,3.333161175251007080e-01,2.726611495018005371e-01,9.042133688926696777e-01,4.267701506614685059e-01,1.000000000000000000e+00
6.255084872245788574e-01,3.892401456832885742e-01,6.613383293151855469e-01,9.319324493408203125e-01,8.124617934226989746e-01,1.000000000000000000e+00
1.622599363327026367e-01,4.143734276294708252e-01,5.186401605606079102e-01,9.564382433891296387e-01,8.671627044677734375e-01,1.000000000000000000e+00
2.969915270805358887e-01,3.657679557800292969e-01,4.271224141120910645e-01,9.417348504066467285e-01,3.335171341896057129e-01,1.000000000000000000e+00
2.629846930503845215e-01,2.426043599843978882e-01,4.585013985633850098e-01,9.242920279502868652e-01,6.114258766174316406e-01,1.000000000000000000e+00
6.189972758293151855e-01,4.029378592967987061e-01,7.243514060974121094e-02,9.075214266777038574e-01,6.243274807929992676e-01,1.000000000000000000e+00
4.682776033878326416e-01,4.094419479370117188e-01,3.314124345779418945e-01,9.680150747299194336e-01,8.018773794174194336e-01,1.000000000000000000e+00
3.367014527320861816e-01,5.720220804214477539e-01,6.638474464416503906e-01,9.621652960777282715e-01,5.899962186813354492e-01,1.000000000000000000e+00
1.237519234418869019e-01,5.523117780685424805e-01,1.498523950576782227e-01,9.615049362182617188e-01,1.123915314674377441e-01,1.000000000000000000e+00
2.213307917118072510e-01,5.537343025207519531e-01,5.209322571754455566e-01,9.727289676666259766e-01,1.365417838096618652e-01,1.000000000000000000e+00
6.688157916069030762e-01,5.423721671104431152e-01,6.674707531929016113e-01,9.722377657890319824e-01,3.239416480064392090e-01,1.000000000000000000e+00
5.405767560005187988e-01,2.743632793426513672e-01,6.877722144126892090e-01,9.596432447433471680e-01,6.894153356552124023e-01,1.000000000000000000e+00
6.430104374885559082e-01,3.886149525642395020e-01,2.433506846427917480e-01,9.629723429679870605e-01,6.570603847503662109e-01,1.000000000000000000e+00
3.459286987781524658e-01,5.094382762908935547e-01,9.580957144498825073e-02,9.416826963424682617e-01,6.843285560607910156e-01,1.000000000000000000e+00
1.740124523639678955e-01,2.073446512222290039e-01,6.959592103958129883e-01,9.162411689758300781e-01,5.041124820709228516e-01,1.000000000000000000e+00
1.610907316207885742e-01,5.880346894264221191e-01,4.571324288845062256e-01,9.135167002677917480e-01,6.736563444137573242e-01,1.000000000000000000e+00
2.185795158147811890e-01,5.609219670295715332e-01,6.526208519935607910e-01,9.670165777206420898e-01,8.691743016242980957e-01,1.000000000000000000e+00
3.664429485797882080e-01,1.854894757270812988e-01,6.735150814056396484e-01,9.097228646278381348e-01,5.527260303497314453e-01,1.000000000000000000e+00
4.436779916286468506e-01,2.734452486038208008e-01,1.596775501966476440e-01,9.223313927650451660e-01,8.506230115890502930e-01,1.000000000000000000e+00
3.486503660678863525e-01,6.040813922882080078e-01,1.622817516326904297e-01,9.082906246185302734e-01,5.126909613609313965e-01,1.000000000000000000e+00
1.258488893508911133e-01,4.329760074615478516e-01,6.828392744064331055e-01,9.125176668167114258e-01,6.700823903083801270e-01,1.000000000000000000e+00
2.774199843406677246e-01,4.283191561698913574e-01,6.296322941780090332e-01,9.535749554634094238e-01,8.905262351036071777e-01,1.000000000000000000e+00
4.434109330177307129e-01,3.872120082378387451e-01,6.317126750946044922e-01,9.499592185020446777e-01,1.695307493209838867e-01,1.000000000000000000e+00
1.265707015991210938e-01,3.736417889595031738e-01,3.569712638854980469e-01,9.760485291481018066e-01,4.118990302085876465e-01,1.000000000000000000e+00
1.022239252924919128e-01,4.947220087051391602e-01,6.875730752944946289e-01,9.152863025665283203e-01,3.488913774490356445e-01,1.000000000000000000e+00
5.922071933746337891e-01,4.816514253616333008e-01,4.822753369808197021e-01,9.319857954978942871e-01,2.741971611976623535e-01,1.000000000000000000e+00
1.634159535169601440e-01,4.806406497955322266e-01,2.506009936332702637e-01,9.394199252128601074e-01,2.219699621200561523e-01,1.000000000000000000e+00
4.061396121978759766e-01,2.586769759654998779e-01,1.337157487869262695e-01,9.250458478927612305e-01,1.435382962226867676e-01,1.000000000000000000e+00
2.970624864101409912e-01,5.983845591545104980e-01,2.644283771514892578e-01,9.407303333282470703e-01,3.376659154891967773e-01,1.000000000000000000e+00
5.610861778259277344e-01,3.422898650169372559e-01,2.455665916204452515e-01,9.371744394302368164e-01,4.865338802337646484e-01,1.000000000000000000e+00
2.568533122539520264e-01,4.063208103179931641e-01,2.613422572612762451e-01,9.244241118431091309e-01,2.218328118324279785e-01,1.000000000000000000e+00
2.025168985128402710e-01,4.009107351303100586e-01,2.096562832593917847e-01,9.350153207778930664e-01,1.855056285858154297e-01,1.000000000000000000e+00
2.705578207969665527e-01,5.835657119750976562e-01,6.830551028251647949e-01,9.296234250068664551e-01,6.464401483535766602e-01,1.000000000000000000e+00
7.151797413825988770e-01,6.002717018127441406e-01,4.148434996604919434e-01,9.299375414848327637e-01,5.177243351936340332e-01,1.000000000000000000e+00
2.482686340808868408e-01,1.874142885208129883e-01,5.612704157829284668e-01,9.468471407890319824e-01,3.211829662322998047e-01,1.000000000000000000e+00
4.346860051155090332e-01,5.722418427467346191e-01,4.471434950828552246e-01,9.270608425140380859e-01,6.943677663803100586e-01,1.000000000000000000e+00
7.115769386291503906e-01,4.017935991287231445e-01,4.123546481132507324e-01,9.445345997810363770e-01,2.055734992027282715e-01,1.000000000000000000e+00
3.422322571277618408e-01,4.670671820640563965e-01,2.512548267841339111e-01,9.260824322700500488e-01,5.872384309768676758e-01,1.000000000000000000e+00
3.923712670803070068e-01,5.089566111564636230e-01,6.740900278091430664e-01,9.699171185493469238e-01,5.173501372337341309e-01,1.000000000000000000e+00
6.128145456314086914e-01,4.268510639667510986e-01,2.090967744588851929e-01,9.786528944969177246e-01,4.857289195060729980e-01,1.000000000000000000e+00
1.677541732788085938e-01,5.167936682701110840e-01,7.051919102668762207e-01,9.688267111778259277e-01,3.517012000083923340e-01,1.000000000000000000e+00
3.250395357608795166e-01,5.604622364044189453e-01,2.979849576950073242e-01,9.199364185333251953e-01,2.412610650062561035e-01,1.000000000000000000e+00
1.473264098167419434e-01,4.077931046485900879e-01,5.539320707321166992e-01,9.141293168067932129e-01,2.828398346900939941e-01,1.000000000000000000e+00
1.212598532438278198e-01,4.048607647418975830e-01,9.140348434448242188e-02,9.685349464416503906e-01,8.244168758392333984e-01,1.000000000000000000e+00
4.031720757484436035e-01,3.290698826313018799e-01,5.339501500129699707e-01,9.737936258316040039e-01,8.738496303558349609e-01,1.000000000000000000e+00
1.479705423116683960e-01,4.822428226470947266e-01,1.108323186635971069e-01,9.576998353004455566e-01,8.874759078025817871e-01,1.000000000000000000e+00
1.315172165632247925e-01,4.540260434150695801e-01,8.151852339506149292e-02,9.161806106567382812e-01,8.894162774085998535e-01,1.000000000000000000e+00
6.761029362678527832e-01,6.355763673782348633e-01,5.036411881446838379e-01,9.439218044281005859e-01,8.441057801246643066e-01,1.000000000000000000e+00
4.548811614513397217e-01,5.042709708213806152e-01,4.708165526390075684e-01,9.161881804466247559e-01,8.837257027626037598e-01,1.000000000000000000e+00
5.441677570343017578e-01,3.783546090126037598e-01,4.923276901245117188e-01,9.119787812232971191e-01,6.338522434234619141e-01,1.000000000000000000e+00
6.086183786392211914e-01,4.767875969409942627e-01,7.012780904769897461e-01,9.679355621337890625e-01,5.801848769187927246e-01,1.000000000000000000e+00
2.858718931674957275e-01,3.090640306472778320e-01,5.961725711822509766e-01,9.773785471916198730e-01,6.121324896812438965e-01,1.000000000000000000e+00
3.509637713432312012e-01,3.071957826614379883e-01,4.840373396873474121e-01,9.156797528266906738e-01,7.385900616645812988e-01,1.000000000000000000e+00
1.502340883016586304e-01,5.126313567161560059e-01,5.750989913940429688e-01,9.384157061576843262e-01,8.154082298278808594e-01,1.000000000000000000e+00
6.652828454971313477e-01,3.998402357101440430e-01,1.396241635084152222e-01,9.447124600410461426e-01,6.174930334091186523e-01,1.000000000000000000e+00
6.842250227928161621e-01,4.218386411666870117e-01,6.907896995544433594e-01,9.372199177742004395e-01,2.908754348754882812e-01,1.000000000000000000e+00
3.279100358486175537e-01,3.548143804073333740e-01,1.469497680664062500e-01,9.701285362243652344e-01,3.300589919090270996e-01,1.000000000000000000e+00
1.299781799316406250e-01,5.282998085021972656e-01,6.887155771255493164e-02,9.787188768386840820e-01,7.194745540618896484e-01,1.000000000000000000e+00
5.965503454208374023e-01,2.331063002347946167e-01,3.366089761257171631e-01,9.065880775451660156e-01,2.908411026000976562e-01,1.000000000000000000e+00
2.507050037384033203e-01,3.412381410598754883e-01,3.377113938331604004e-01,9.263928532600402832e-01,8.791564702987670898e-01,1.000000000000000000e+00
6.183521151542663574e-01,2.946916818618774414e-01,2.300704568624496460e-01,9.118908047676086426e-01,1.861689090728759766e-01,1.000000000000000000e+00
6.316301226615905762e-01,4.241769313812255859e-01,2.862384915351867676e-01,9.561843872070312500e-01,4.395959377288818359e-01,1.000000000000000000e+00
6.374767422676086426e-01,2.681610584259033203e-01,3.909297883510589600e-01,9.642405509948730469e-01,7.239626049995422363e-01,1.000000000000000000e+00
6.705473661422729492e-01,5.994682312011718750e-01,8.675312995910644531e-02,9.070000648498535156e-01,3.091785907745361328e-01,1.000000000000000000e+00
2.501481175422668457e-01,6.416674256324768066e-01,1.961548775434494019e-01,9.147443175315856934e-01,1.698392033576965332e-01,1.000000000000000000e+00
3.012221753597259521e-01,3.550481796264648438e-01,1.225503608584403992e-01,9.036179184913635254e-01,5.173900127410888672e-01,1.000000000000000000e+00
5.099421143531799316e-01,3.942937254905700684e-01,4.456683397293090820e-01,9.636631608009338379e-01,2.649341821670532227e-01,1.000000000000000000e+00
6.629050374031066895e-01,5.024719834327697754e-01,6.649582087993621826e-02,9.682985544204711914e-01,8.939982056617736816e-01,1.000000000000000000e+00
3.042746484279632568e-01,5.421465635299682617e-01,5.298342704772949219e-01,9.797615408897399902e-01,7.597350478172302246e-01,1.000000000000000000e+00
2.190062850713729858e-01,2.895131707191467285e-01,2.849687039852142334e-01,9.067558646202087402e-01,5.758578181266784668e-01,1.000000000000000000e+00
2.571682929992675781e-01,3.071590065956115723e-01,2.699806690216064453e-01,9.621010422706604004e-01,5.631920695304870605e-01,1.000000000000000000e+00
6.076093912124633789e-01,3.999377489089965820e-01,4.208125770092010498e-01,9.211212992668151855e-01,5.225499272346496582e-01,1.000000000000000000e+00
1.316636800765991211e-01,3.925047516822814941e-01,2.686128616333007812e-01,9.741250872611999512e-01,6.829251646995544434e-01,1.000000000000000000e+00
5.319142341613769531e-01,5.840281248092651367e-01,6.769008040428161621e-01,9.198120832443237305e-01,3.337970376014709473e-01,1.000000000000000000e+00
7.092893123626708984e-01,3.547795414924621582e-01,4.649477899074554443e-01,9.399287104606628418e-01,4.381639957427978516e-01,1.000000000000000000e+00
4.658122658729553223e-01,3.959954679012298584e-01,5.045517683029174805e-01,9.393583536148071289e-01,8.692434430122375488e-01,1.000000000000000000e+00
4.330663084983825684e-01,6.329526901245117188e-01,4.644173979759216309e-01,9.146579504013061523e-01,2.236502766609191895e-01,1.000000000000000000e+00
4.844799041748046875e-01,2.728579044342041016e-01,1.928110718727111816e-01,9.469002485275268555e-01,7.266657352447509766e-01,1.000000000000000000e+00
2.491145133972167969e-01,5.614768862724304199e-01,1.234005019068717957e-01,9.632845520973205566e-01,6.284835934638977051e-01,1.000000000000000000e+00
2.209492623805999756e-01,6.201241016387939453e-01,1.232873797416687012e-01,9.087802767753601074e-01,1.602140069007873535e-01,1.000000000000000000e+00
7.150506973266601562e-01,5.555128455162048340e-01,2.898051440715789795e-01,9.388654828071594238e-01,5.719978213310241699e-01,1.000000000000000000e+00
7.345592379570007324e-01,2.457532733678817749e-01,6.282867789268493652e-01,9.539903998374938965e-01,1.295550465583801270e-01,1.000000000000000000e+00
1.052426025271415710e-01,2.241163849830627441e-01,8.879947662353515625e-02,9.122111201286315918e-01,2.927780151367187500e-01,1.000000000000000000e+00
5.631302595138549805e-01,6.262726187705993652e-01,7.049651145935058594e-01,9.786689281463623047e-01,1.496372222900390625e-01,1.000000000000000000e+00
7.182233333587646484e-01,4.677234888076782227e-01,9.274798631668090820e-02,9.076505899429321289e-01,1.068449616432189941e-01,1.000000000000000000e+00
3.943822681903839111e-01,3.706630170345306396e-01,6.737114191055297852e-01,9.030138254165649414e-01,3.787121772766113281e-01,1.000000000000000000e+00
4.512056112289428711e-01,4.494922161102294922e-01,2.095277309417724609e-01,9.274739623069763184e-01,6.148911714553833008e-01,1.000000000000000000e+00
2.997549176216125488e-01,4.353378117084503174e-01,2.177861183881759644e-01,9.690029025077819824e-01,5.182481408119201660e-01,1.000000000000000000e+00
6.443567872047424316e-01,5.276377201080322266e-01,1.368464231491088867e-01,9.084895849227905273e-01,3.188366293907165527e-01,1.000000000000000000e+00
2.739899456501007080e-01,4.004333019256591797e-01,2.424217462539672852e-01,9.468184709548950195e-01,8.930242061614990234e-01,1.000000000000000000e+00
1.076344177126884460e-01,6.408725380897521973e-01,6.658106446266174316e-01,9.036542773246765137e-01,7.791425585746765137e-01,1.000000000000000000e+00
3.501234650611877441e-01,3.132035434246063232e-01,6.117336153984069824e-01,9.690934419631958008e-01,7.093166708946228027e-01,1.000000000000000000e+00
3.492280244827270508e-01,4.475886225700378418e-01,3.184822201728820801e-01,9.270761609077453613e-01,3.807139992713928223e-01,1.000000000000000000e+00
2.961599230766296387e-01,5.275438427925109863e-01,3.459474444389343262e-01,9.103074073791503906e-01,4.977906942367553711e-01,1.000000000000000000e+00
2.506966888904571533e-01,6.386263370513916016e-01,4.705080091953277588e-01,9.451142549514770508e-01,6.303924322128295898e-01,1.000000000000000000e+00
5.077245831489562988e-01,4.530056118965148926e-01,1.950396299362182617e-01,9.746465682983398438e-01,3.498323559761047363e-01,1.000000000000000000e+00
4.050090909004211426e-01,4.975779056549072266e-01,6.699696779251098633e-01,9.351877570152282715e-01,1.610735654830932617e-01,1.000000000000000000e+00
3.365127146244049072e-01,2.640836238861083984e-01,5.188777446746826172e-01,9.682340025901794434e-01,7.697108387947082520e-01,1.000000000000000000e+00
2.228866070508956909e-01,5.617141723632812500e-01,4.949152469635009766e-01,9.272398948669433594e-01,5.061462521553039551e-01,1.000000000000000000e+00
5.325173735618591309e-01,6.096713542938232422e-01,5.047482252120971680e-01,9.035257101058959961e-01,7.938011884689331055e-01,1.000000000000000000e+00
5.264077782630920410e-01,3.936896026134490967e-01,3.869282603263854980e-01,9.258342981338500977e-01,4.225720763206481934e-01,1.000000000000000000e+00
7.165282368659973145e-01,6.549383997917175293e-01,6.544047594070434570e-01,9.357985854148864746e-01,4.087489843368530273e-01,1.000000000000000000e+00
6.522125601768493652e-01,1.946775764226913452e-01,5.075805187225341797e-01,9.299823045730590820e-01,6.518790125846862793e-01,1.000000000000000000e+00
5.479515194892883301e-01,5.837553143501281738e-01,4.957237839698791504e-01,9.188382029533386230e-01,3.151514530181884766e-01,1.000000000000000000e+00
4.684374928474426270e-01,6.089190840721130371e-01,5.234619975090026855e-01,9.485641121864318848e-01,6.484583616256713867e-01,1.000000000000000000e+00
2.975302636623382568e-01,4.332477450370788574e-01,2.668791413307189941e-01,9.404665827751159668e-01,2.412896156311035156e-01,1.000000000000000000e+00
7.145212292671203613e-01,3.543183803558349609e-01,5.806323289871215820e-01,9.082648754119873047e-01,6.257475614547729492e-01,1.000000000000000000e+00
3.716881275177001953e-01,4.157672524452209473e-01,5.381092429161071777e-01,9.121082425117492676e-01,1.390540599822998047e-01,1.000000000000000000e+00
5.942153930664062500e-01,4.748052060604095459e-01,4.614003896713256836e-01,9.332024455070495605e-01,8.436428308486938477e-01,1.000000000000000000e+00
6.118901371955871582e-01,4.881955683231353760e-01,1.849306821823120117e-01,9.144393205642700195e-01,7.059861421585083008e-01,1.000000000000000000e+00
5.935773849487304688e-01,3.028669655323028564e-01,4.628716111183166504e-01,9.108982682228088379e-01,7.280370593070983887e-01,1.000000000000000000e+00
2.823028862476348877e-01,5.585887432098388672e-01,6.095487475395202637e-01,9.313672780990600586e-01,7.803277373313903809e-01,1.000000000000000000e+00
5.954521894454956055e-01,6.352352499961853027e-01,5.989090800285339355e-01,9.040787816047668457e-01,2.305030822753906250e-01,1.000000000000000000e+00
2.170170396566390991e-01,3.757472038269042969e-01,2.296990007162094116e-01,9.794186353683471680e-01,8.726335167884826660e-01,1.000000000000000000e+00
2.986354529857635498e-01,4.631463587284088135e-01,4.748451709747314453e-01,9.203076362609863281e-01,4.259991049766540527e-01,1.000000000000000000e+00
2.602776288986206055e-01,4.719465970993041992e-01,7.022860646247863770e-01,9.262492656707763672e-01,6.429510712623596191e-01,1.000000000000000000e+00
2.265614718198776245e-01,2.702781260013580322e-01,1.872392296791076660e-01,9.062156081199645996e-01,8.311845064163208008e-01,1.000000000000000000e+00
3.961970806121826172e-01,4.199568331241607666e-01,2.401455640792846680e-01,9.445161223411560059e-01,6.428364515304565430e-01,1.000000000000000000e+00
4.512459337711334229e-01,2.749057412147521973e-01,5.123725533485412598e-01,9.519766569137573242e-01,2.016819119453430176e-01,1.000000000000000000e+00
2.439285218715667725e-01,6.251549720764160156e-01,3.875048160552978516e-01,9.581206440925598145e-01,4.736415743827819824e-01,1.000000000000000000e+00
2.623493075370788574e-01,4.900462627410888672e-01,4.518576860427856445e-01,9.221987128257751465e-01,5.871802568435668945e-01,1.000000000000000000e+00
5.245034098625183105e-01,2.839225232601165771e-01,9.982375800609588623e-02,9.659780263900756836e-01,7.331324815750122070e-01,1.000000000000000000e+00
4.700956642627716064e-01,5.090785026550292969e-01,2.480199784040451050e-01,9.446851611137390137e-01,2.768660783767700195e-01,1.000000000000000000e+00
2.413030266761779785e-01,3.543964028358459473e-01,2.836023569107055664e-01,9.021676182746887207e-01,2.495325207710266113e-01,1.000000000000000000e+00
4.644134342670440674e-01,4.059671461582183838e-01,1.468068361282348633e-01,9.390190839767456055e-01,5.152786970138549805e-01,1.000000000000000000e+00
1.200210899114608765e-01,6.419152617454528809e-01,3.876585662364959717e-01,9.127436280250549316e-01,7.582104206085205078e-01,1.000000000000000000e+00
1.554335802793502808e-01,5.339224338531494141e-01,7.842373847961425781e-02,9.115249514579772949e-01,6.362720727920532227e-01,1.000000000000000000e+00
4.032335877418518066e-01,3.984032571315765381e-01,2.056925743818283081e-01,9.322730302810668945e-01,8.169812560081481934e-01,1.000000000000000000e+00
5.631015300750732422e-01,1.972844600677490234e-01,3.948549628257751465e-01,9.269736409187316895e-01,8.923587799072265625e-01,1.000000000000000000e+00
1.141462922096252441e-01,2.646973729133605957e-01,2.445508241653442383e-01,9.493460059165954590e-01,4.227667450904846191e-01,1.000000000000000000e+00
6.654648184776306152e-01,6.013956665992736816e-01,3.100097477436065674e-01,9.049455523490905762e-01,3.453418016433715820e-01,1.000000000000000000e+00
4.003911018371582031e-01,3.256137073040008545e-01,4.148854315280914307e-01,9.636905193328857422e-01,1.301094889640808105e-01,1.000000000000000000e+00
6.830370426177978516e-01,4.433082342147827148e-01,1.140122413635253906e-01,9.088963866233825684e-01,5.020943880081176758e-01,1.000000000000000000e+00
6.147627830505371094e-01,2.803180515766143799e-01,6.089917421340942383e-01,9.353628158569335938e-01,5.144245624542236328e-01,1.000000000000000000e+00
3.734773099422454834e-01,3.536560535430908203e-01,1.098456978797912598e-01,9.468205571174621582e-01,5.785698890686035156e-01,1.000000000000000000e+00
5.353177785873413086e-01,2.378354072570800781e-01,1.215286254882812500e-01,9.463402032852172852e-01,3.692979216575622559e-01,1.000000000000000000e+00
6.931130290031433105e-01,4.734154641628265381e-01,5.038727521896362305e-01,9.629907608032226562e-01,6.040402054786682129e-01,1.000000000000000000e+00
7.367877960205078125e-01,3.124120533466339111e-01,6.370992660522460938e-01,9.504538774490356445e-01,2.514393329620361328e-01,1.000000000000000000e+00
6.482729315757751465e-01,3.264455199241638184e-01,5.487630963325500488e-01,9.783526659011840820e-01,2.794407010078430176e-01,1.000000000000000000e+00
2.272414416074752808e-01,2.249447107315063477e-01,5.788963437080383301e-01,9.459819793701171875e-01,8.252614140510559082e-01,1.000000000000000000e+00
7.208440303802490234e-01,6.629902720451354980e-01,1.539574265480041504e-01,9.440841078758239746e-01,4.762449264526367188e-01,1.000000000000000000e+00
1.630751490592956543e-01,6.118419766426086426e-01,5.071150660514831543e-01,9.797543883323669434e-01,1.420641541481018066e-01,1.000000000000000000e+00
2.448212355375289917e-01,5.655975341796875000e-01,4.145142138004302979e-01,9.482804536819458008e-01,8.574373126029968262e-01,1.000000000000000000e+00
4.074524343013763428e-01,4.668976664543151855e-01,1.866654008626937866e-01,9.472230076789855957e-01,7.925980687141418457e-01,1.000000000000000000e+00
5.331112146377563477e-01,3.624346852302551270e-01,5.043951869010925293e-01,9.492727518081665039e-01,6.788496971130371094e-01,1.000000000000000000e+00
6.638092994689941406e-01,4.563158750534057617e-01,5.270272493362426758e-01,9.599435329437255859e-01,8.773095607757568359e-01,1.000000000000000000e+00
6.054436564445495605e-01,2.958903908729553223e-01,3.206444978713989258e-01,9.632827639579772949e-01,3.841658234596252441e-01,1.000000000000000000e+00
1.663901656866073608e-01,5.336462259292602539e-01,5.157564282417297363e-01,9.693663716316223145e-01,4.433184266090393066e-01,1.000000000000000000e+00
3.532983958721160889e-01,5.672051310539245605e-01,5.606667995452880859e-01,9.190011024475097656e-01,4.543415904045104980e-01,1.000000000000000000e+00
4.147486388683319092e-01,2.939041852951049805e-01,1.580659747123718262e-01,9.683346748352050781e-01,2.926635146141052246e-01,1.000000000000000000e+00
1.727313250303268433e-01,6.414809226989746094e-01,6.797446608543395996e-01,9.631871581077575684e-01,2.918118834495544434e-01,1.000000000000000000e+00
1.703737229108810425e-01,4.754887819290161133e-01,2.564783394336700439e-01,9.797355532646179199e-01,6.790683269500732422e-01,1.000000000000000000e+00
2.586608231067657471e-01,5.354927778244018555e-01,1.073095649480819702e-01,9.560773968696594238e-01,3.527626991271972656e-01,1.000000000000000000e+00
6.006228923797607422e-01,4.711565971374511719e-01,6.030104756355285645e-01,9.589189887046813965e-01,8.781098723411560059e-01,1.000000000000000000e+00
6.032594442367553711e-01,2.257058620452880859e-01,5.661386251449584961e-01,9.018310308456420898e-01,1.102243065834045410e-01,1.000000000000000000e+00
5.799960494041442871e-01,4.064381718635559082e-01,6.098196506500244141e-01,9.106723666191101074e-01,6.524877548217773438e-01,1.000000000000000000e+00
1.169255226850509644e-01,6.002306938171386719e-01,6.482242345809936523e-01,9.404701590538024902e-01,2.969327569007873535e-01,1.000000000000000000e+00
3.312894701957702637e-01,6.265677809715270996e-01,6.863054633140563965e-01,9.406865239143371582e-01,7.172881960868835449e-01,1.000000000000000000e+00
1.930290907621383667e-01,3.637747764587402344e-01,7.476770877838134766e-02,9.476459622383117676e-01,6.824315786361694336e-01,1.000000000000000000e+00
5.561632513999938965e-01,2.488304823637008667e-01,3.454813957214355469e-01,9.271746873855590820e-01,6.291077136993408203e-01,1.000000000000000000e+00
6.977308988571166992e-01,6.374950408935546875e-01,1.488308757543563843e-01,9.510990381240844727e-01,4.922714829444885254e-01,1.000000000000000000e+00
4.497305154800415039e-01,4.759239256381988525e-01,2.623912692070007324e-01,9.359920024871826172e-01,1.632953882217407227e-01,1.000000000000000000e+00
1.700267642736434937e-01,5.271844863891601562e-01,2.988411188125610352e-01,9.178022742271423340e-01,5.398997068405151367e-01,1.000000000000000000e+00
5.208488702774047852e-01,5.831769704818725586e-01,3.142574429512023926e-01,9.664236307144165039e-01,4.295154809951782227e-01,1.000000000000000000e+00
4.265652596950531006e-01,3.963726460933685303e-01,5.040497779846191406e-01,9.102914929389953613e-01,2.942408323287963867e-01,1.000000000000000000e+00
3.025968372821807861e-01,4.766256511211395264e-01,1.769127696752548218e-01,9.120874404907226562e-01,1.724758744239807129e-01,1.000000000000000000e+00
6.619669795036315918e-01,3.242176175117492676e-01,1.047347784042358398e-01,9.500688910484313965e-01,5.540896654129028320e-01,1.000000000000000000e+00
3.655981421470642090e-01,5.047352313995361328e-01,5.329649448394775391e-01,9.569351077079772949e-01,8.809299468994140625e-01,1.000000000000000000e+00
4.064448773860931396e-01,6.343580484390258789e-01,6.469462513923645020e-01,9.344120025634765625e-01,5.936798453330993652e-01,1.000000000000000000e+00
2.503150105476379395e-01,4.881585836410522461e-01,2.259739041328430176e-01,9.163345098495483398e-01,2.483190894126892090e-01,1.000000000000000000e+00
1.109032556414604187e-01,5.305715799331665039e-01,1.581110358238220215e-01,9.523443579673767090e-01,1.261031627655029297e-01,1.000000000000000000e+00
5.359621047973632812e-01,4.469248652458190918e-01,5.103492736816406250e-01,9.110686779022216797e-01,2.408299446105957031e-01,1.000000000000000000e+00
5.531107783317565918e-01,4.235064983367919922e-01,4.245729446411132812e-01,9.061264991760253906e-01,7.281811237335205078e-01,1.000000000000000000e+00
5.078809857368469238e-01,5.948994159698486328e-01,6.017151474952697754e-01,9.082165956497192383e-01,2.494041919708251953e-01,1.000000000000000000e+00
3.374667167663574219e-01,5.196726918220520020e-01,5.523714423179626465e-01,9.419323801994323730e-01,6.657501459121704102e-01,1.000000000000000000e+00
2.052031457424163818e-01,3.488180935382843018e-01,1.877197623252868652e-01,9.438449144363403320e-01,2.925273776054382324e-01,1.000000000000000000e+00
7.265723943710327148e-01,2.403457760810852051e-01,2.050297111272811890e-01,9.005630016326904297e-01,4.303379654884338379e-01,1.000000000000000000e+00
1.429488062858581543e-01,2.059247940778732300e-01,6.852887868881225586e-01,9.679380655288696289e-01,4.856485128402709961e-01,1.000000000000000000e+00
2.648285627365112305e-01,6.527585983276367188e-01,2.184962630271911621e-01,9.112624526023864746e-01,2.387309074401855469e-01,1.000000000000000000e+00
3.251341879367828369e-01,2.097637057304382324e-01,5.421707034111022949e-01,9.774137735366821289e-01,8.579723834991455078e-01,1.000000000000000000e+00
6.437364816665649414e-01,6.523386836051940918e-01,3.311932682991027832e-01,9.334009885787963867e-01,7.137808203697204590e-01,1.000000000000000000e+00
1.925479620695114136e-01,2.733218669891357422e-01,5.935803651809692383e-01,9.390984177589416504e-01,3.496828079223632812e-01,1.000000000000000000e+00
6.345876455307006836e-01,6.652812361717224121e-01,4.351382553577423096e-01,9.035632610321044922e-01,5.803837180137634277e-01,1.000000000000000000e+00
5.002840757369995117e-01,4.253028035163879395e-01,1.652197241783142090e-01,9.326480627059936523e-01,1.640931963920593262e-01,1.000000000000000000e+00
2.677921652793884277e-01,1.879068613052368164e-01,6.280461549758911133e-01,9.623559117317199707e-01,4.465566873550415039e-01,1.000000000000000000e+00
3.790944218635559082e-01,4.183763265609741211e-01,2.964887619018554688e-01,9.249500036239624023e-01,7.716138362884521484e-01,1.000000000000000000e+00
4.710376858711242676e-01,3.426585793495178223e-01,7.153856754302978516e-02,9.476860761642456055e-01,4.062826037406921387e-01,1.000000000000000000e+00
7.138083577156066895e-01,5.948269963264465332e-01,4.188890159130096436e-01,9.548105597496032715e-01,1.503784656524658203e-01,1.000000000000000000e+00
4.849212765693664551e-01,6.454923152923583984e-01,6.104571819305419922e-01,9.521796703338623047e-01,8.207579255104064941e-01,1.000000000000000000e+00
7.110160589218139648e-01,3.296955227851867676e-01,3.235208392143249512e-01,9.210659265518188477e-01,4.735895395278930664e-01,1.000000000000000000e+00
5.110690593719482422e-01,2.047256678342819214e-01,1.725981831550598145e-01,9.239480495452880859e-01,3.015782237052917480e-01,1.000000000000000000e+00
7.272994518280029297e-01,3.473317921161651611e-01,4.136081933975219727e-01,9.172949194908142090e-01,3.589714169502258301e-01,1.000000000000000000e+00
5.426094532012939453e-01,2.843252420425415039e-01,6.558619141578674316e-01,9.472386240959167480e-01,4.372377991676330566e-01,1.000000000000000000e+00
6.225651502609252930e-01,6.215937137603759766e-01,3.952780961990356445e-01,9.591290950775146484e-01,8.501137495040893555e-01,1.000000000000000000e+00
1.258455365896224976e-01,3.484486937522888184e-01,5.718173384666442871e-01,9.321402907371520996e-01,6.272463798522949219e-01,1.000000000000000000e+00
2.882801592350006104e-01,2.359333187341690063e-01,4.656911492347717285e-01,9.727721810340881348e-01,6.328850984573364258e-01,1.000000000000000000e+00
5.038586258888244629e-01,4.000301361083984375e-01,4.279110729694366455e-01,9.038574099540710449e-01,8.398411870002746582e-01,1.000000000000000000e+00
6.260645985603332520e-01,5.909106731414794922e-01,2.518859505653381348e-01,9.354529976844787598e-01,5.532161593437194824e-01,1.000000000000000000e+00
2.906196713447570801e-01,3.081129491329193115e-01,4.657348692417144775e-01,9.394829869270324707e-01,1.241293549537658691e-01,1.000000000000000000e+00
5.936499834060668945e-01,3.916463553905487061e-01,2.089275419712066650e-01,9.152804613113403320e-01,7.125000953674316406e-01,1.000000000000000000e+00
6.932863593101501465e-01,3.103449642658233643e-01,4.527964591979980469e-01,9.288991093635559082e-01,8.421506881713867188e-01,1.000000000000000000e+00
4.635790884494781494e-01,6.682702302932739258e-01,2.105228155851364136e-01,9.688628911972045898e-01,4.755079150199890137e-01,1.000000000000000000e+00
5.055033564567565918e-01,2.479241341352462769e-01,2.502923905849456787e-01,9.507284760475158691e-01,3.212518095970153809e-01,1.000000000000000000e+00
2.929015457630157471e-01,4.266177713871002197e-01,7.540594786405563354e-02,9.423834085464477539e-01,5.442390441894531250e-01,1.000000000000000000e+00
3.212791979312896729e-01,1.837717890739440918e-01,5.840751528739929199e-01,9.313116669654846191e-01,5.333008766174316406e-01,1.000000000000000000e+00
6.189342737197875977e-01,2.972745299339294434e-01,2.502147555351257324e-01,9.725953936576843262e-01,4.024842381477355957e-01,1.000000000000000000e+00
6.439220905303955078e-01,3.565833568572998047e-01,1.541144251823425293e-01,9.656255841255187988e-01,5.874903202056884766e-01,1.000000000000000000e+00
4.878409206867218018e-01,5.833487510681152344e-01,9.638255089521408081e-02,9.019002318382263184e-01,5.948093533515930176e-01,1.000000000000000000e+00
1.766956150531768799e-01,4.530865550041198730e-01,4.948922693729400635e-01,9.344325661659240723e-01,3.786856532096862793e-01,1.000000000000000000e+00
6.708161830902099609e-01,3.958996832370758057e-01,1.713702678680419922e-01,9.225924015045166016e-01,6.782935857772827148e-01,1.000000000000000000e+00
1.854804158210754395e-01,5.452712774276733398e-01,6.804659366607666016e-01,9.224777221679687500e-01,6.798663139343261719e-01,1.000000000000000000e+00
2.754068374633789062e-01,6.641520857810974121e-01,1.786933541297912598e-01,9.154917001724243164e-01,4.583988189697265625e-01,1.000000000000000000e+00
2.457310259342193604e-01,3.213484883308410645e-01,2.242855280637741089e-01,9.598808884620666504e-01,3.863990306854248047e-01,1.000000000000000000e+00
5.473611354827880859e-01,3.395911455154418945e-01,1.346155256032943726e-01,9.470673203468322754e-01,6.509035825729370117e-01,1.000000000000000000e+00
4.570160210132598877e-01,1.853752136230468750e-01,4.118701219558715820e-01,9.685870409011840820e-01,3.095833659172058105e-01,1.000000000000000000e+00
2.030729055404663086e-01,5.215188860893249512e-01,6.740704178810119629e-01,9.174742102622985840e-01,5.075674057006835938e-01,1.000000000000000000e+00
3.338256776332855225e-01,3.221208751201629639e-01,4.939187169075012207e-01,9.368057250976562500e-01,1.884465217590332031e-01,1.000000000000000000e+00
1.442442536354064941e-01,4.606572985649108887e-01,5.902548432350158691e-01,9.585079550743103027e-01,3.524465560913085938e-01,1.000000000000000000e+00
3.383373916149139404e-01,2.766972184181213379e-01,2.751901447772979736e-01,9.602373838424682617e-01,3.108485937118530273e-01,1.000000000000000000e+00
1.388907879590988159e-01,5.150097012519836426e-01,3.469654321670532227e-01,9.087890982627868652e-01,2.603567838668823242e-01,1.000000000000000000e+00
4.863909184932708740e-01,2.191534638404846191e-01,6.608353853225708008e-01,9.709758758544921875e-01,2.744982242584228516e-01,1.000000000000000000e+00
1.722714155912399292e-01,6.111612319946289062e-01,1.170159578323364258e-01,9.042794108390808105e-01,7.241065502166748047e-01,1.000000000000000000e+00
1.208201572299003601e-01,3.421346545219421387e-01,4.575298130512237549e-01,9.300579428672790527e-01,1.830476522445678711e-01,1.000000000000000000e+00
2.842431068420410156e-01,5.808044075965881348e-01,2.913310527801513672e-01,9.440419077873229980e-01,4.273923039436340332e-01,1.000000000000000000e+00
6.171165108680725098e-01,2.984486520290374756e-01,5.898612737655639648e-01,9.619598984718322754e-01,2.306672334671020508e-01,1.000000000000000000e+00
6.188406944274902344e-01,4.483760595321655273e-01,2.843698263168334961e-01,9.450599551200866699e-01,6.254686117172241211e-01,1.000000000000000000e+00
7.318246960639953613e-01,4.158584177494049072e-01,6.087304353713989258e-01,9.795306324958801270e-01,3.506800532341003418e-01,1.000000000000000000e+00
1.627063602209091187e-01,1.825650334358215332e-01,3.937295675277709961e-01,9.589334726333618164e-01,1.610748767852783203e-01,1.000000000000000000e+00
6.307803392410278320e-01,4.804650545120239258e-01,6.331696510314941406e-01,9.242327213287353516e-01,8.516562581062316895e-01,1.000000000000000000e+00
6.180649995803833008e-01,4.021472930908203125e-01,4.372590482234954834e-01,9.743897318840026855e-01,1.317456960678100586e-01,1.000000000000000000e+00
2.083803862333297729e-01,5.957143902778625488e-01,7.005547732114791870e-02,9.457181692123413086e-01,7.702498435974121094e-01,1.000000000000000000e+00
4.636971652507781982e-01,3.676015436649322510e-01,5.332600474357604980e-01,9.147653579711914062e-01,4.106916189193725586e-01,1.000000000000000000e+00
6.097336411476135254e-01,2.260140776634216309e-01,3.222433328628540039e-01,9.195570945739746094e-01,2.700553536415100098e-01,1.000000000000000000e+00
4.083442389965057373e-01,3.532449603080749512e-01,5.611246824264526367e-01,9.399268627166748047e-01,7.201790213584899902e-01,1.000000000000000000e+00
6.040856838226318359e-01,4.485306143760681152e-01,8.143800497055053711e-02,9.451164007186889648e-01,2.195199131965637207e-01,1.000000000000000000e+00
2.332254499197006226e-01,4.158946275711059570e-01,5.681484937667846680e-01,9.031210541725158691e-01,2.434268593788146973e-01,1.000000000000000000e+00
2.343081086874008179e-01,5.759943723678588867e-01,6.430694460868835449e-01,9.731950163841247559e-01,6.139706373214721680e-01,1.000000000000000000e+00
5.933366417884826660e-01,3.708491325378417969e-01,2.108632773160934448e-01,9.482898116111755371e-01,2.062153816223144531e-01,1.000000000000000000e+00
4.776900112628936768e-01,5.710266828536987305e-01,6.677665114402770996e-01,9.503019452095031738e-01,6.664863228797912598e-01,1.000000000000000000e+00
3.782783746719360352e-01,5.401919484138488770e-01,6.502567976713180542e-02,9.321210980415344238e-01,3.725416660308837891e-01,1.000000000000000000e+00
5.374570488929748535e-01,5.346862673759460449e-01,2.790630757808685303e-01,9.068734049797058105e-01,3.173464536666870117e-01,1.000000000000000000e+00
2.336412519216537476e-01,5.596605539321899414e-01,7.384495437145233154e-02,9.539513587951660156e-01,1.270040273666381836e-01,1.000000000000000000e+00
5.184553265571594238e-01,4.515389502048492432e-01,5.910404920578002930e-01,9.209102988243103027e-01,7.906376719474792480e-01,1.000000000000000000e+00
5.566217899322509766e-01,2.613320946693420410e-01,3.254671096801757812e-01,9.615851640701293945e-01,6.937859654426574707e-01,1.000000000000000000e+00
3.831281363964080811e-01,5.946812629699707031e-01,3.376247882843017578e-01,9.766033887863159180e-01,2.698262929916381836e-01,1.000000000000000000e+00
4.932554066181182861e-01,3.364597558975219727e-01,4.985717833042144775e-01,9.092922806739807129e-01,6.892871856689453125e-01,1.000000000000000000e+00
4.483705163002014160e-01,3.135569989681243896e-01,5.023677349090576172e-01,9.421452879905700684e-01,2.888768911361694336e-01,1.000000000000000000e+00
6.783726811408996582e-01,2.783479094505310059e-01,8.279806375503540039e-02,9.695116281509399414e-01,6.965107321739196777e-01,1.000000000000000000e+00
6.091030836105346680e-01,5.238686203956604004e-01,4.046450853347778320e-01,9.328684210777282715e-01,4.278156161308288574e-01,1.000000000000000000e+00
6.513572335243225098e-01,5.941105484962463379e-01,6.620737314224243164e-01,9.012605547904968262e-01,8.827852010726928711e-01,1.000000000000000000e+00
1.727254688739776611e-01,2.415518760681152344e-01,5.773578286170959473e-01,9.613335132598876953e-01,2.809645533561706543e-01,1.000000000000000000e+00
2.170759886503219604e-01,2.994036972522735596e-01,6.231699585914611816e-01,9.051602482795715332e-01,1.837718486785888672e-01,1.000000000000000000e+00
5.776180028915405273e-01,4.823329746723175049e-01,2.172244489192962646e-01,9.659954905509948730e-01,4.202586412429809570e-01,1.000000000000000000e+00
2.689702212810516357e-01,3.622783422470092773e-01,5.448809862136840820e-01,9.370427727699279785e-01,7.562299370765686035e-01,1.000000000000000000e+00
5.844080448150634766e-01,1.867598742246627808e-01,4.430564641952514648e-01,9.358413815498352051e-01,4.988245368003845215e-01,1.000000000000000000e+00
3.336989581584930420e-01,4.085782468318939209e-01,6.332882046699523926e-01,9.162878990173339844e-01,7.534326314926147461e-01,1.000000000000000000e+00
4.552158713340759277e-01,2.890742719173431396e-01,4.485483169555664062e-01,9.258391857147216797e-01,8.254947662353515625e-01,1.000000000000000000e+00
3.970428705215454102e-01,2.322565168142318726e-01,9.306787699460983276e-02,9.616695642471313477e-01,7.141309976577758789e-01,1.000000000000000000e+00
3.752540647983551025e-01,4.279078841209411621e-01,6.362356543540954590e-01,9.547014832496643066e-01,3.717821240425109863e-01,1.000000000000000000e+00
4.464059472084045410e-01,4.745818674564361572e-01,4.428102672100067139e-01,9.476659297943115234e-01,3.956777453422546387e-01,1.000000000000000000e+00
6.656780242919921875e-01,2.375736832618713379e-01,5.658401846885681152e-01,9.145463705062866211e-01,2.475411295890808105e-01,1.000000000000000000e+00
6.376822590827941895e-01,3.505510389804840088e-01,1.102702543139457703e-01,9.624369144439697266e-01,3.503011465072631836e-01,1.000000000000000000e+00
3.657965660095214844e-01,3.741433620452880859e-01,6.429338455200195312e-01,9.088184237480163574e-01,3.152988553047180176e-01,1.000000000000000000e+00
4.441917240619659424e-01,6.640389561653137207e-01,8.152227103710174561e-02,9.019396901130676270e-01,3.299806118011474609e-01,1.000000000000000000e+00
1.301084160804748535e-01,1.825076788663864136e-01,3.570110499858856201e-01,9.586789011955261230e-01,3.600621223449707031e-01,1.000000000000000000e+00
5.599971413612365723e-01,3.766135871410369873e-01,3.033097386360168457e-01,9.340957403182983398e-01,1.026996970176696777e-01,1.000000000000000000e+00
1.389693617820739746e-01,2.490507960319519043e-01,9.560231864452362061e-02,9.744260907173156738e-01,4.475995302200317383e-01,1.000000000000000000e+00
2.668751180171966553e-01,5.834133028984069824e-01,2.408484071493148804e-01,9.149095416069030762e-01,8.896813988685607910e-01,1.000000000000000000e+00
1.504376381635665894e-01,2.380817532539367676e-01,6.819574832916259766e-01,9.686341881752014160e-01,2.824580073356628418e-01,1.000000000000000000e+00
4.652796387672424316e-01,3.614805936813354492e-01,2.567994296550750732e-01,9.304170012474060059e-01,3.345313668251037598e-01,1.000000000000000000e+00
3.846466541290283203e-01,5.644701123237609863e-01,3.784353137016296387e-01,9.027097821235656738e-01,6.742792725563049316e-01,1.000000000000000000e+00
2.600921392440795898e-01,2.317628711462020874e-01,6.196691989898681641e-01,9.778386354446411133e-01,6.226385235786437988e-01,1.000000000000000000e+00
4.795692861080169678e-01,3.617705106735229492e-01,5.308690071105957031e-01,9.321219325065612793e-01,2.532571554183959961e-01,1.000000000000000000e+00
4.455939829349517822e-01,5.368915796279907227e-01,4.962772727012634277e-01,9.304710030555725098e-01,1.808838248252868652e-01,1.000000000000000000e+00
5.478134155273437500e-01,2.545562386512756348e-01,9.729336947202682495e-02,9.651095867156982422e-01,1.791920065879821777e-01,1.000000000000000000e+00
1.557466238737106323e-01,3.814799785614013672e-01,6.796624660491943359e-01,9.267394542694091797e-01,3.808489441871643066e-01,1.000000000000000000e+00
4.240179657936096191e-01,4.792071580886840820e-01,2.580954432487487793e-01,9.205895066261291504e-01,2.903604507446289062e-01,1.000000000000000000e+00
1.907818317413330078e-01,5.304185748100280762e-01,4.934705495834350586e-01,9.513542056083679199e-01,5.413867831230163574e-01,1.000000000000000000e+00
2.274959087371826172e-01,6.321291327476501465e-01,6.714442372322082520e-01,9.747906327247619629e-01,4.788268208503723145e-01,1.000000000000000000e+00
2.122541517019271851e-01,2.178268581628799438e-01,3.966836631298065186e-01,9.490210413932800293e-01,3.179836869239807129e-01,1.000000000000000000e+00
3.995139300823211670e-01,3.794777393341064453e-01,5.792546272277832031e-01,9.094972014427185059e-01,8.715566396713256836e-01,1.000000000000000000e+00
3.349410593509674072e-01,3.362135291099548340e-01,6.768740415573120117e-01,9.631740450859069824e-01,2.480932474136352539e-01,1.000000000000000000e+00
5.524526238441467285e-01,6.376600265502929688e-01,7.807057350873947144e-02,9.370007514953613281e-01,2.192718982696533203e-01,1.000000000000000000e+00
6.815918684005737305e-01,4.426512420177459717e-01,3.895076811313629150e-01,9.226866364479064941e-01,7.244588136672973633e-01,1.000000000000000000e+00
4.015345871448516846e-01,4.815746545791625977e-01,6.062763333320617676e-01,9.550121426582336426e-01,1.936872601509094238e-01,1.000000000000000000e+00
5.286563038825988770e-01,2.850905656814575195e-01,1.175006553530693054e-01,9.346888661384582520e-01,1.802313327789306641e-01,1.000000000000000000e+00
1.486445665359497070e-01,6.419028043746948242e-01,3.947167098522186279e-01,9.065343737602233887e-01,7.725539803504943848e-01,1.000000000000000000e+00
2.925604879856109619e-01,4.664656221866607666e-01,4.606950581073760986e-01,9.540067315101623535e-01,8.607760667800903320e-01,1.000000000000000000e+00
4.472747147083282471e-01,5.118455290794372559e-01,4.887200891971588135e-01,9.616944193840026855e-01,4.038853645324707031e-01,1.000000000000000000e+00
6.582546234130859375e-01,2.277238368988037109e-01,6.327385902404785156e-01,9.019698500633239746e-01,8.657705783843994141e-01,1.000000000000000000e+00
3.928114473819732666e-01,6.391834616661071777e-01,6.722862720489501953e-01,9.207259416580200195e-01,7.503508329391479492e-01,1.000000000000000000e+00
5.838371515274047852e-01,2.366778850555419922e-01,5.207132101058959961e-01,9.531391859054565430e-01,8.886181712150573730e-01,1.000000000000000000e+00
4.992602765560150146e-01,3.336653411388397217e-01,2.988441586494445801e-01,9.708139300346374512e-01,4.295284152030944824e-01,1.000000000000000000e+00
1.956075429916381836e-01,6.187224388122558594e-01,1.440695524215698242e-01,9.447361826896667480e-01,5.224280953407287598e-01,1.000000000000000000e+00
3.580711483955383301e-01,2.225026488304138184e-01,8.785050362348556519e-02,9.422456026077270508e-01,8.953768014907836914e-01,1.000000000000000000e+00
5.455401539802551270e-01,3.205902576446533203e-01,4.853017330169677734e-01,9.152038097381591797e-01,6.321055889129638672e-01,1.000000000000000000e+00
4.317688345909118652e-01,6.685849428176879883e-01,2.216340750455856323e-01,9.772901535034179688e-01,3.288431763648986816e-01,1.000000000000000000e+00
2.927291095256805420e-01,6.101021766662597656e-01,4.876268804073333740e-01,9.352137446403503418e-01,2.519699335098266602e-01,1.000000000000000000e+00
4.986345767974853516e-01,2.647652626037597656e-01,6.358740329742431641e-01,9.210608005523681641e-01,1.074137091636657715e-01,1.000000000000000000e+00
6.574353575706481934e-01,3.466317653656005859e-01,9.622512757778167725e-02,9.173557758331298828e-01,5.394825935363769531e-01,1.000000000000000000e+00
6.582124829292297363e-01,5.837576389312744141e-01,8.954590559005737305e-02,9.789628982543945312e-01,6.486349105834960938e-01,1.000000000000000000e+00
6.336035132408142090e-01,4.615503847599029541e-01,5.707357525825500488e-01,9.579953551292419434e-01,1.963414549827575684e-01,1.000000000000000000e+00
4.918759167194366455e-01,5.273486971855163574e-01,3.662435412406921387e-01,9.402332901954650879e-01,6.150951385498046875e-01,1.000000000000000000e+00
2.981585562229156494e-01,6.191071271896362305e-01,4.970398545265197754e-01,9.380314350128173828e-01,2.675650119781494141e-01,1.000000000000000000e+00
1.982777714729309082e-01,5.372077822685241699e-01,6.558486223220825195e-01,9.013903737068176270e-01,4.508624076843261719e-01,1.000000000000000000e+00
1.117573305964469910e-01,2.011580318212509155e-01,4.650897979736328125e-01,9.106462001800537109e-01,3.056446909904479980e-01,1.000000000000000000e+00
3.788393437862396240e-01,4.983191490173339844e-01,4.867393672466278076e-01,9.372763037681579590e-01,1.621547937393188477e-01,1.000000000000000000e+00
4.949319362640380859e-01,5.716086030006408691e-01,2.051862925291061401e-01,9.065216779708862305e-01,6.040878295898437500e-01,1.000000000000000000e+00
2.636292278766632080e-01,5.174700021743774414e-01,4.139347970485687256e-01,9.010559320449829102e-01,5.230042338371276855e-01,1.000000000000000000e+00
2.345794737339019775e-01,3.030520677566528320e-01,3.718221783638000488e-01,9.425292611122131348e-01,4.747290015220642090e-01,1.000000000000000000e+00
7.144671082496643066e-01,2.154400348663330078e-01,6.294403672218322754e-01,9.438726305961608887e-01,1.645529866218566895e-01,1.000000000000000000e+00
7.335479259490966797e-01,6.290516257286071777e-01,3.224220275878906250e-01,9.235323667526245117e-01,2.103672027587890625e-01,1.000000000000000000e+00
5.668080449104309082e-01,3.602949678897857666e-01,2.463220357894897461e-01,9.452415704727172852e-01,2.951570749282836914e-01,1.000000000000000000e+00
2.648619115352630615e-01,6.643753051757812500e-01,2.886261343955993652e-01,9.797351360321044922e-01,4.508051872253417969e-01,1.000000000000000000e+00
1.037482619285583496e-01,2.599890828132629395e-01,4.472658634185791016e-01,9.228346347808837891e-01,3.462018966674804688e-01,1.000000000000000000e+00
3.729111552238464355e-01,4.429183006286621094e-01,5.753244161605834961e-01,9.195235967636108398e-01,1.148931980133056641e-01,1.000000000000000000e+00
4.543515145778656006e-01,5.686362385749816895e-01,5.742990374565124512e-01,9.193761944770812988e-01,6.418948173522949219e-01,1.000000000000000000e+00
5.637544989585876465e-01,3.619288802146911621e-01,2.731191515922546387e-01,9.161280393600463867e-01,8.967365622520446777e-01,1.000000000000000000e+00
6.083173751831054688e-01,3.137491345405578613e-01,1.534837484359741211e-01,9.122443795204162598e-01,7.424072027206420898e-01,1.000000000000000000e+00
1.080139726400375366e-01,3.750696778297424316e-01,1.785818785429000854e-01,9.532579183578491211e-01,1.103120446205139160e-01,1.000000000000000000e+00
6.059908270835876465e-01,4.090391099452972412e-01,6.738054752349853516e-01,9.367860555648803711e-01,6.313232779502868652e-01,1.000000000000000000e+00
5.067760348320007324e-01,3.959080278873443604e-01,1.390259116888046265e-01,9.212082624435424805e-01,6.938650608062744141e-01,1.000000000000000000e+00
2.030855864286422729e-01,3.478787243366241455e-01,2.157786339521408081e-01,9.762625098228454590e-01,5.426599383354187012e-01,1.000000000000000000e+00
3.431672155857086182e-01,2.520006895065307617e-01,1.055582165718078613e-01,9.788123965263366699e-01,5.086255073547363281e-01,1.000000000000000000e+00
4.146414399147033691e-01,4.767257869243621826e-01,2.820581197738647461e-01,9.722482562065124512e-01,6.176474094390869141e-01,1.000000000000000000e+00
7.316743731498718262e-01,6.543794274330139160e-01,2.120698541402816772e-01,9.119424819946289062e-01,4.557994604110717773e-01,1.000000000000000000e+00
4.281335473060607910e-01,4.532635509967803955e-01,5.599662065505981445e-01,9.673085212707519531e-01,8.719921708106994629e-01,1.000000000000000000e+00
1.065932363271713257e-01,2.598190009593963623e-01,6.049389243125915527e-01,9.336102604866027832e-01,3.778890967369079590e-01,1.000000000000000000e+00
5.375744700431823730e-01,3.021991550922393799e-01,3.781743347644805908e-01,9.081156849861145020e-01,8.196189999580383301e-01,1.000000000000000000e+00
2.638170421123504639e-01,5.508362054824829102e-01,2.518329024314880371e-01,9.209287166595458984e-01,3.830568194389343262e-01,1.000000000000000000e+00
2.671584188938140869e-01,3.069063425064086914e-01,6.026892662048339844e-01,9.521391391754150391e-01,6.875486373901367188e-01,1.000000000000000000e+00
5.482810735702514648e-01,5.085161924362182617e-01,8.134310692548751831e-02,9.486327171325683594e-01,3.504662513732910156e-01,1.000000000000000000e+00
5.917930603027343750e-01,6.574996709823608398e-01,3.324456810951232910e-01,9.442449212074279785e-01,8.017417192459106445e-01,1.000000000000000000e+00
6.204313039779663086e-01,2.577682137489318848e-01,3.539910316467285156e-01,9.594864845275878906e-01,4.135730266571044922e-01,1.000000000000000000e+00
1.175541207194328308e-01,2.458455413579940796e-01,8.318263292312622070e-02,9.410674571990966797e-01,5.831108093261718750e-01,1.000000000000000000e+00
3.601965904235839844e-01,4.363783001899719238e-01,5.141992568969726562e-01,9.145092368125915527e-01,2.012289762496948242e-01,1.000000000000000000e+00
6.709179282188415527e-01,4.723922610282897949e-01,3.829892277717590332e-01,9.011474847793579102e-01,2.206736803054809570e-01,1.000000000000000000e+00
3.868305385112762451e-01,3.192965984344482422e-01,4.715555310249328613e-01,9.304474592208862305e-01,4.844663739204406738e-01,1.000000000000000000e+00
1.588801592588424683e-01,2.713789343833923340e-01,6.471066921949386597e-02,9.293424487113952637e-01,5.198558568954467773e-01,1.000000000000000000e+00
4.841964244842529297e-01,1.871808171272277832e-01,2.644928097724914551e-01,9.052233695983886719e-01,2.137100696563720703e-01,1.000000000000000000e+00
7.165763974189758301e-01,6.686812639236450195e-01,5.241242647171020508e-01,9.303188920021057129e-01,7.433105111122131348e-01,1.000000000000000000e+00
4.026549160480499268e-01,5.064548254013061523e-01,1.498758792877197266e-01,9.030026197433471680e-01,7.464163899421691895e-01,1.000000000000000000e+00
5.028390884399414062e-01,1.816798448562622070e-01,2.827073335647583008e-01,9.432889223098754883e-01,8.876661658287048340e-01,1.000000000000000000e+00
6.652924418449401855e-01,5.936648845672607422e-01,2.475442290306091309e-01,9.100908637046813965e-01,1.728983521461486816e-01,1.000000000000000000e+00
5.614457130432128906e-01,3.771310150623321533e-01,3.303388357162475586e-01,9.751855134963989258e-01,3.815411925315856934e-01,1.000000000000000000e+00
4.928914308547973633e-01,6.263195276260375977e-01,5.571264028549194336e-01,9.206900000572204590e-01,1.516927480697631836e-01,1.000000000000000000e+00
3.478429615497589111e-01,3.165882229804992676e-01,6.314090490341186523e-01,9.763516783714294434e-01,5.050030350685119629e-01,1.000000000000000000e+00
5.395965576171875000e-01,6.185948252677917480e-01,1.497922539710998535e-01,9.760228991508483887e-01,7.870655059814453125e-01,1.000000000000000000e+00
1.579754948616027832e-01,2.872589230537414551e-01,2.066265195608139038e-01,9.483170509338378906e-01,8.563895225524902344e-01,1.000000000000000000e+00
5.953089594841003418e-01,3.169563412666320801e-01,5.463109016418457031e-01,9.316908121109008789e-01,5.058497786521911621e-01,1.000000000000000000e+00
1.412111967802047729e-01,5.094144344329833984e-01,1.756265610456466675e-01,9.285376071929931641e-01,5.273750424385070801e-01,1.000000000000000000e+00
6.363766193389892578e-01,2.140256017446517944e-01,3.601642251014709473e-01,9.294086098670959473e-01,7.456745505332946777e-01,1.000000000000000000e+00
5.611192584037780762e-01,3.908211290836334229e-01,4.241926074028015137e-01,9.152202010154724121e-01,7.818967700004577637e-01,1.000000000000000000e+00
2.329407334327697754e-01,3.552893400192260742e-01,1.455504894256591797e-01,9.384144544601440430e-01,2.832900285720825195e-01,1.000000000000000000e+00
1.407492607831954956e-01,6.627841591835021973e-01,4.042543768882751465e-01,9.161847829818725586e-01,4.728236198425292969e-01,1.000000000000000000e+00
1.664742082357406616e-01,2.959789335727691650e-01,1.159679219126701355e-01,9.291645288467407227e-01,6.668415069580078125e-01,1.000000000000000000e+00
4.621807336807250977e-01,2.431292533874511719e-01,4.244366586208343506e-01,9.690371751785278320e-01,3.924207091331481934e-01,1.000000000000000000e+00
6.452470421791076660e-01,4.042227268218994141e-01,9.591280668973922729e-02,9.492492079734802246e-01,2.032177448272705078e-01,1.000000000000000000e+00
1.306218504905700684e-01,4.744254350662231445e-01,3.114107251167297363e-01,9.204428791999816895e-01,4.620414972305297852e-01,1.000000000000000000e+00
6.127368807792663574e-01,3.690558075904846191e-01,5.538279414176940918e-01,9.164119362831115723e-01,7.628502249717712402e-01,1.000000000000000000e+00
2.582393884658813477e-01,3.541016578674316406e-01,2.324724793434143066e-01,9.439821839332580566e-01,3.886819481849670410e-01,1.000000000000000000e+00
5.773795843124389648e-01,6.624650955200195312e-01,2.496249675750732422e-01,9.141917824745178223e-01,7.331833243370056152e-01,1.000000000000000000e+00
6.467795968055725098e-01,3.298936486244201660e-01,3.163328766822814941e-01,9.754251241683959961e-01,8.783251643180847168e-01,1.000000000000000000e+00
5.405368208885192871e-01,6.043109297752380371e-01,5.385077595710754395e-01,9.358987212181091309e-01,5.383275151252746582e-01,1.000000000000000000e+00
1.663498729467391968e-01,4.635978341102600098e-01,3.434577882289886475e-01,9.078308939933776855e-01,4.254405498504638672e-01,1.000000000000000000e+00
3.068119585514068604e-01,4.025220274925231934e-01,4.753483831882476807e-01,9.429626464843750000e-01,2.362679243087768555e-01,1.000000000000000000e+00
1.525769680738449097e-01,3.376996815204620361e-01,3.014291524887084961e-01,9.034280180931091309e-01,6.714838743209838867e-01,1.000000000000000000e+00
6.181192398071289062e-01,3.639908730983734131e-01,5.200690031051635742e-01,9.154040217399597168e-01,1.131187081336975098e-01,1.000000000000000000e+00
3.833090364933013916e-01,5.347114205360412598e-01,4.756833612918853760e-01,9.723473191261291504e-01,1.388276815414428711e-01,1.000000000000000000e+00
3.895006179809570312e-01,3.271738886833190918e-01,1.810679435729980469e-01,9.454344511032104492e-01,2.564999461174011230e-01,1.000000000000000000e+00
5.924391150474548340e-01,2.541930377483367920e-01,3.063953518867492676e-01,9.097588658332824707e-01,5.913633108139038086e-01,1.000000000000000000e+00
5.867216587066650391e-01,5.817928910255432129e-01,3.570344150066375732e-01,9.015268087387084961e-01,2.463340163230895996e-01,1.000000000000000000e+00
1.244649738073348999e-01,5.750223994255065918e-01,5.435280203819274902e-01,9.383974671363830566e-01,7.013011574745178223e-01,1.000000000000000000e+00
5.128303170204162598e-01,3.921378254890441895e-01,8.349376171827316284e-02,9.374105334281921387e-01,5.115888118743896484e-01,1.000000000000000000e+00
6.139516234397888184e-01,4.532770216464996338e-01,2.403826117515563965e-01,9.633853435516357422e-01,2.737464904785156250e-01,1.000000000000000000e+00
6.057324409484863281e-01,5.492562055587768555e-01,2.856931686401367188e-01,9.467591047286987305e-01,7.139019370079040527e-01,1.000000000000000000e+00
5.880926847457885742e-01,3.648962378501892090e-01,1.469302177429199219e-01,9.119617342948913574e-01,7.945128083229064941e-01,1.000000000000000000e+00
3.599895834922790527e-01,2.960710227489471436e-01,3.281813561916351318e-01,9.308989048004150391e-01,6.334015130996704102e-01,1.000000000000000000e+00
6.545085906982421875e-01,2.186376452445983887e-01,1.235228776931762695e-01,9.507797360420227051e-01,4.047371745109558105e-01,1.000000000000000000e+00
6.324397921562194824e-01,4.339849054813385010e-01,1.447104215621948242e-01,9.083880186080932617e-01,2.620627880096435547e-01,1.000000000000000000e+00
4.829751849174499512e-01,5.757867097854614258e-01,5.239048600196838379e-01,9.783264994621276855e-01,5.344487428665161133e-01,1.000000000000000000e+00
4.296236634254455566e-01,4.740838706493377686e-01,5.951574444770812988e-01,9.714414477348327637e-01,5.619750022888183594e-01,1.000000000000000000e+00
5.744406580924987793e-01,6.278889179229736328e-01,1.141365170478820801e-01,9.209643602371215820e-01,2.121779918670654297e-01,1.000000000000000000e+00
3.441517949104309082e-01,6.497510075569152832e-01,5.494868159294128418e-01,9.425067305564880371e-01,6.438462734222412109e-01,1.000000000000000000e+00
1.360711306333541870e-01,6.096565127372741699e-01,6.026036143302917480e-01,9.568833708763122559e-01,3.468789458274841309e-01,1.000000000000000000e+00
5.454538464546203613e-01,5.254353880882263184e-01,1.310916543006896973e-01,9.393516778945922852e-01,6.672541499137878418e-01,1.000000000000000000e+00
2.710973024368286133e-01,5.256213545799255371e-01,4.499419629573822021e-01,9.605163335800170898e-01,7.165319323539733887e-01,1.000000000000000000e+00
6.599628329277038574e-01,3.258045911788940430e-01,1.559696793556213379e-01,9.372042417526245117e-01,6.369930505752563477e-01,1.000000000000000000e+00
4.012188017368316650e-01,6.069536805152893066e-01,6.727571487426757812e-01,9.198777079582214355e-01,1.384394764900207520e-01,1.000000000000000000e+00
4.048171937465667725e-01,1.994922757148742676e-01,3.232374191284179688e-01,9.389855861663818359e-01,8.515619039535522461e-01,1.000000000000000000e+00
5.312942266464233398e-01,3.372605741024017334e-01,1.062084436416625977e-01,9.404398798942565918e-01,5.439026951789855957e-01,1.000000000000000000e+00
1.632104367017745972e-01,3.803014755249023438e-01,3.456344604492187500e-01,9.170386791229248047e-01,1.788132190704345703e-01,1.000000000000000000e+00
5.523579120635986328e-01,3.966460824012756348e-01,4.816676080226898193e-01,9.628031253814697266e-01,2.761775255203247070e-01,1.000000000000000000e+00
4.763915240764617920e-01,4.251241981983184814e-01,3.007796406745910645e-01,9.179190397262573242e-01,5.374521017074584961e-01,1.000000000000000000e+00
5.093949437141418457e-01,2.757621407508850098e-01,4.036122858524322510e-01,9.228356480598449707e-01,3.861833810806274414e-01,1.000000000000000000e+00
4.365733861923217773e-01,3.355644643306732178e-01,3.274759352207183838e-01,9.498485922813415527e-01,8.709895610809326172e-01,1.000000000000000000e+00
3.938493728637695312e-01,4.289664030075073242e-01,4.057215154170989990e-01,9.328879117965698242e-01,8.941144943237304688e-01,1.000000000000000000e+00
5.982017517089843750e-01,4.825054109096527100e-01,1.286600232124328613e-01,9.778045415878295898e-01,4.483243823051452637e-01,1.000000000000000000e+00
4.322979450225830078e-01,2.412197589874267578e-01,5.834986567497253418e-01,9.611672163009643555e-01,5.995568037033081055e-01,1.000000000000000000e+00
6.129968762397766113e-01,2.076770663261413574e-01,1.700357049703598022e-01,9.187605381011962891e-01,2.356883883476257324e-01,1.000000000000000000e+00
1.826398819684982300e-01,5.554791092872619629e-01,6.264783740043640137e-01,9.500926136970520020e-01,4.302530288696289062e-01,1.000000000000000000e+00
3.529638946056365967e-01,3.994764685630798340e-01,3.057938814163208008e-01,9.212183952331542969e-01,6.879889965057373047e-01,1.000000000000000000e+00
1.915885657072067261e-01,5.596019625663757324e-01,1.518860459327697754e-01,9.702254533767700195e-01,5.238620042800903320e-01,1.000000000000000000e+00
4.541070759296417236e-01,2.354655265808105469e-01,4.732738137245178223e-01,9.572690725326538086e-01,7.621576786041259766e-01,1.000000000000000000e+00
4.040750265121459961e-01,3.610156774520874023e-01,5.180867314338684082e-01,9.036539793014526367e-01,1.207072734832763672e-01,1.000000000000000000e+00
1.033862158656120300e-01,4.193542003631591797e-01,2.443540096282958984e-01,9.165807366371154785e-01,7.042480111122131348e-01,1.000000000000000000e+00
6.017383933067321777e-01,3.400596976280212402e-01,4.942211210727691650e-01,9.504757523536682129e-01,7.933458685874938965e-01,1.000000000000000000e+00
3.844451904296875000e-01,1.929236650466918945e-01,3.400458097457885742e-01,9.173251390457153320e-01,2.475024461746215820e-01,1.000000000000000000e+00
2.213284224271774292e-01,2.221763730049133301e-01,8.191126585006713867e-02,9.386470317840576172e-01,3.597777485847473145e-01,1.000000000000000000e+00
5.004777312278747559e-01,3.437916636466979980e-01,7.996243238449096680e-02,9.317417144775390625e-01,1.611806750297546387e-01,1.000000000000000000e+00
4.622706770896911621e-01,6.008383035659790039e-01,2.876496911048889160e-01,9.769541025161743164e-01,6.139024496078491211e-01,1.000000000000000000e+00
5.002202987670898438e-01,4.684282839298248291e-01,1.661258339881896973e-01,9.713465571403503418e-01,7.985494136810302734e-01,1.000000000000000000e+00
5.298067331314086914e-01,5.316856503486633301e-01,1.092430353164672852e-01,9.233371615409851074e-01,5.861832499504089355e-01,1.000000000000000000e+00
6.795960664749145508e-01,2.106931954622268677e-01,2.681115865707397461e-01,9.155787229537963867e-01,1.117843985557556152e-01,1.000000000000000000e+00
5.796477794647216797e-01,5.755574703216552734e-01,2.406701892614364624e-01,9.048672318458557129e-01,2.607573270797729492e-01,1.000000000000000000e+00
1.561276167631149292e-01,4.446061253547668457e-01,5.525646805763244629e-01,9.299970269203186035e-01,2.858191132545471191e-01,1.000000000000000000e+00
5.851309299468994141e-01,3.736771941184997559e-01,5.774061679840087891e-01,9.471695423126220703e-01,3.032575249671936035e-01,1.000000000000000000e+00
3.125730454921722412e-01,4.528566896915435791e-01,5.413349270820617676e-01,9.652412533760070801e-01,3.047838211059570312e-01,1.000000000000000000e+00
3.180524706840515137e-01,5.392315983772277832e-01,1.263443231582641602e-01,9.101551771163940430e-01,2.314181923866271973e-01,1.000000000000000000e+00
1.246496960520744324e-01,6.150615215301513672e-01,6.708638668060302734e-01,9.382909536361694336e-01,2.774193882942199707e-01,1.000000000000000000e+00
6.614387035369873047e-01,4.603789746761322021e-01,1.854873746633529663e-01,9.353693127632141113e-01,3.002006411552429199e-01,1.000000000000000000e+00
6.074030995368957520e-01,4.287992119789123535e-01,2.570891976356506348e-01,9.059577584266662598e-01,6.833245158195495605e-01,1.000000000000000000e+00
2.204961478710174561e-01,4.567481577396392822e-01,5.300574302673339844e-01,9.189190864562988281e-01,7.013111114501953125e-01,1.000000000000000000e+00
6.782950162887573242e-01,3.239571452140808105e-01,1.164984032511711121e-01,9.529975056648254395e-01,8.596037030220031738e-01,1.000000000000000000e+00
1.841169595718383789e-01,3.612831234931945801e-01,3.632389307022094727e-01,9.488157033920288086e-01,4.902004003524780273e-01,1.000000000000000000e+00
4.923703372478485107e-01,6.596558690071105957e-01,3.185067176818847656e-01,9.006092548370361328e-01,7.942153215408325195e-01,1.000000000000000000e+00
5.859521627426147461e-01,1.810433268547058105e-01,2.278037518262863159e-01,9.510344862937927246e-01,1.957197785377502441e-01,1.000000000000000000e+00
1.410953849554061890e-01,4.142200946807861328e-01,4.327172935009002686e-01,9.714471101760864258e-01,5.166210532188415527e-01,1.000000000000000000e+00
3.990403711795806885e-01,5.054239630699157715e-01,3.348143994808197021e-01,9.496108889579772949e-01,3.439810276031494141e-01,1.000000000000000000e+00
1.255179047584533691e-01,3.273686170578002930e-01,6.436681747436523438e-01,9.444349408149719238e-01,2.879733443260192871e-01,1.000000000000000000e+00
3.220543265342712402e-01,4.588707089424133301e-01,6.983595490455627441e-01,9.453874230384826660e-01,6.250416636466979980e-01,1.000000000000000000e+00
4.623364508152008057e-01,2.631361484527587891e-01,1.665626764297485352e-01,9.492498636245727539e-01,1.627616882324218750e-01,1.000000000000000000e+00
6.538786888122558594e-01,2.800318896770477295e-01,2.074406594038009644e-01,9.225606918334960938e-01,8.761245012283325195e-01,1.000000000000000000e+00
1.014531105756759644e-01,5.069971084594726562e-01,4.982876777648925781e-01,9.308429956436157227e-01,6.457311511039733887e-01,1.000000000000000000e+00
3.743524253368377686e-01,3.191511631011962891e-01,4.656203389167785645e-01,9.098662734031677246e-01,4.979032278060913086e-01,1.000000000000000000e+00
3.905368149280548096e-01,3.196220099925994873e-01,6.768740415573120117e-01,9.623330831527709961e-01,3.332492113113403320e-01,1.000000000000000000e+00
4.667567908763885498e-01,5.160758495330810547e-01,2.583133578300476074e-01,9.511463642120361328e-01,8.772812485694885254e-01,1.000000000000000000e+00
7.283336520195007324e-01,4.502261877059936523e-01,5.599074363708496094e-01,9.465270638465881348e-01,3.687024116516113281e-01,1.000000000000000000e+00
1.648858487606048584e-01,3.907722532749176025e-01,6.382631659507751465e-01,9.334027767181396484e-01,6.845023036003112793e-01,1.000000000000000000e+00
3.118813931941986084e-01,2.302355170249938965e-01,7.011957764625549316e-01,9.656772017478942871e-01,1.476263999938964844e-01,1.000000000000000000e+00
5.704663395881652832e-01,6.463735699653625488e-01,1.031747385859489441e-01,9.571992158889770508e-01,2.153012752532958984e-01,1.000000000000000000e+00
2.360485494136810303e-01,5.440807938575744629e-01,6.273806095123291016e-02,9.102101922035217285e-01,4.513114094734191895e-01,1.000000000000000000e+00
5.327782034873962402e-01,5.602731704711914062e-01,9.139198064804077148e-02,9.521545767784118652e-01,6.029299497604370117e-01,1.000000000000000000e+00
5.417551398277282715e-01,5.868313312530517578e-01,3.053456544876098633e-01,9.265258908271789551e-01,1.046441197395324707e-01,1.000000000000000000e+00
5.056014060974121094e-01,1.833071857690811157e-01,4.160326123237609863e-01,9.485368132591247559e-01,7.492596507072448730e-01,1.000000000000000000e+00
4.717248380184173584e-01,4.726845920085906982e-01,4.845461547374725342e-01,9.067957401275634766e-01,7.751342058181762695e-01,1.000000000000000000e+00
6.234976053237915039e-01,5.533569455146789551e-01,3.721696734428405762e-01,9.709848761558532715e-01,8.190751671791076660e-01,1.000000000000000000e+00
1.413317173719406128e-01,4.089133143424987793e-01,4.821465909481048584e-01,9.464935660362243652e-01,2.603268623352050781e-01,1.000000000000000000e+00
2.581304013729095459e-01,4.790835082530975342e-01,3.450638055801391602e-01,9.713286161422729492e-01,5.914491415023803711e-01,1.000000000000000000e+00
1.557625979185104370e-01,4.781033992767333984e-01,6.701128482818603516e-01,9.779986143112182617e-01,3.914891481399536133e-01,1.000000000000000000e+00
7.039591073989868164e-01,4.617500305175781250e-01,2.797127366065979004e-01,9.176427721977233887e-01,2.288361191749572754e-01,1.000000000000000000e+00
5.342537760734558105e-01,1.807066202163696289e-01,1.026550531387329102e-01,9.653198122978210449e-01,6.774190664291381836e-01,1.000000000000000000e+00
1.663645952939987183e-01,1.805223226547241211e-01,6.930782794952392578e-01,9.199730753898620605e-01,1.384329795837402344e-01,1.000000000000000000e+00
1.617041677236557007e-01,5.847325325012207031e-01,2.328498214483261108e-01,9.539387226104736328e-01,7.041355967521667480e-01,1.000000000000000000e+00
5.823502540588378906e-01,3.631961643695831299e-01,3.180356025695800781e-01,9.247648715972900391e-01,8.805144429206848145e-01,1.000000000000000000e+00
3.191326856613159180e-01,4.568187594413757324e-01,7.878326624631881714e-02,9.346346855163574219e-01,5.322322249412536621e-01,1.000000000000000000e+00
3.758161664009094238e-01,4.529491662979125977e-01,1.565455198287963867e-01,9.681102633476257324e-01,8.185805678367614746e-01,1.000000000000000000e+00
4.540164768695831299e-01,6.042700409889221191e-01,2.507931590080261230e-01,9.306803941726684570e-01,7.730491757392883301e-01,1.000000000000000000e+00
3.862328529357910156e-01,2.790343761444091797e-01,8.925508707761764526e-02,9.559008479118347168e-01,2.528730034828186035e-01,1.000000000000000000e+00
2.396358102560043335e-01,6.519297957420349121e-01,4.867333471775054932e-01,9.134515523910522461e-01,6.523891091346740723e-01,1.000000000000000000e+00
7.051572203636169434e-01,2.960371971130371094e-01,2.340424060821533203e-01,9.277339577674865723e-01,7.990553975105285645e-01,1.000000000000000000e+00
3.862945735454559326e-01,5.478537082672119141e-01,1.364577412605285645e-01,9.415037035942077637e-01,6.506310105323791504e-01,1.000000000000000000e+00
1.309127062559127808e-01,6.564758419990539551e-01,7.048367261886596680e-01,9.167902469635009766e-01,1.710527539253234863e-01,1.000000000000000000e+00
2.454203367233276367e-01,6.410372257232666016e-01,1.092787384986877441e-01,9.186667203903198242e-01,1.575436592102050781e-01,1.000000000000000000e+00
1.373537629842758179e-01,2.752761542797088623e-01,3.514963388442993164e-01,9.208740592002868652e-01,1.485369801521301270e-01,1.000000000000000000e+00
3.496930897235870361e-01,3.350246548652648926e-01,3.523729443550109863e-01,9.095354080200195312e-01,3.498705625534057617e-01,1.000000000000000000e+00
6.103299260139465332e-01,3.912547528743743896e-01,4.468730092048645020e-01,9.122833013534545898e-01,2.501049041748046875e-01,1.000000000000000000e+00
5.459147095680236816e-01,4.865712225437164307e-01,5.920320004224777222e-02,9.203730225563049316e-01,7.610469460487365723e-01,1.000000000000000000e+00
6.580101847648620605e-01,6.518654227256774902e-01,5.806773304939270020e-01,9.719275832176208496e-01,4.438694715499877930e-01,1.000000000000000000e+00
5.715472698211669922e-01,3.858526647090911865e-01,6.371729969978332520e-01,9.399718642234802246e-01,1.627221107482910156e-01,1.000000000000000000e+00
5.376068353652954102e-01,3.784577250480651855e-01,9.263229370117187500e-02,9.171634316444396973e-01,2.791814208030700684e-01,1.000000000000000000e+00
5.681844949722290039e-01,3.475494682788848877e-01,2.708345055580139160e-01,9.652549028396606445e-01,1.502170562744140625e-01,1.000000000000000000e+00
5.117409229278564453e-01,5.754235982894897461e-01,1.593980789184570312e-01,9.101734161376953125e-01,5.383697152137756348e-01,1.000000000000000000e+00
5.962416529655456543e-01,3.502907752990722656e-01,2.656722068786621094e-01,9.561520814895629883e-01,6.431958079338073730e-01,1.000000000000000000e+00
6.386866569519042969e-01,3.394318819046020508e-01,1.463859677314758301e-01,9.730374813079833984e-01,5.104868412017822266e-01,1.000000000000000000e+00
4.281750321388244629e-01,6.453078389167785645e-01,4.608052670955657959e-01,9.745197296142578125e-01,6.001734733581542969e-01,1.000000000000000000e+00
5.804516673088073730e-01,1.893981695175170898e-01,5.339563488960266113e-01,9.152835607528686523e-01,7.761749029159545898e-01,1.000000000000000000e+00
1.295592784881591797e-01,5.880602598190307617e-01,4.447089135646820068e-01,9.156715869903564453e-01,3.763715028762817383e-01,1.000000000000000000e+00
2.681481242179870605e-01,1.882992982864379883e-01,5.929657220840454102e-01,9.006143808364868164e-01,5.583272576332092285e-01,1.000000000000000000e+00
1.319932788610458374e-01,2.166412472724914551e-01,6.022809147834777832e-01,9.194473624229431152e-01,3.626691102981567383e-01,1.000000000000000000e+00
6.330703496932983398e-01,4.644308686256408691e-01,2.877688407897949219e-01,9.255123734474182129e-01,8.261073231697082520e-01,1.000000000000000000e+00
6.499147415161132812e-01,3.899775147438049316e-01,4.401977956295013428e-01,9.043440818786621094e-01,8.294597268104553223e-01,1.000000000000000000e+00
4.841100275516510010e-01,4.776845574378967285e-01,5.307940244674682617e-01,9.794607162475585938e-01,8.398958444595336914e-01,1.000000000000000000e+00
5.672927498817443848e-01,1.887153387069702148e-01,1.934707164764404297e-01,9.784259796142578125e-01,1.049421429634094238e-01,1.000000000000000000e+00
1.629705876111984253e-01,3.628527224063873291e-01,3.566261529922485352e-01,9.098896980285644531e-01,6.853513717651367188e-01,1.000000000000000000e+00
5.953151583671569824e-01,4.906111955642700195e-01,5.184188485145568848e-01,9.450203180313110352e-01,4.414795637130737305e-01,1.000000000000000000e+00
6.237128973007202148e-01,4.707747101783752441e-01,3.319439888000488281e-01,9.281039834022521973e-01,1.375529170036315918e-01,1.000000000000000000e+00
2.026887536048889160e-01,6.231202483177185059e-01,2.165825814008712769e-01,9.370498061180114746e-01,7.676513195037841797e-01,1.000000000000000000e+00
3.348867595195770264e-01,6.657944917678833008e-01,4.931984841823577881e-01,9.787848591804504395e-01,2.682033181190490723e-01,1.000000000000000000e+00
4.768759906291961670e-01,5.121575593948364258e-01,2.253231853246688843e-01,9.418783187866210938e-01,7.949337363243103027e-01,1.000000000000000000e+00
1.831918954849243164e-01,1.984711885452270508e-01,4.134565293788909912e-01,9.465320706367492676e-01,1.709433794021606445e-01,1.000000000000000000e+00
6.987688541412353516e-01,4.700478911399841309e-01,1.334620565176010132e-01,9.792612791061401367e-01,1.232823729515075684e-01,1.000000000000000000e+00
2.634374499320983887e-01,5.871739983558654785e-01,6.679581403732299805e-01,9.788287281990051270e-01,5.898020267486572266e-01,1.000000000000000000e+00
3.524826765060424805e-01,3.442994654178619385e-01,8.235764503479003906e-02,9.319586157798767090e-01,5.836917757987976074e-01,1.000000000000000000e+00
3.351951539516448975e-01,5.502702593803405762e-01,2.006661146879196167e-01,9.633068442344665527e-01,7.502363324165344238e-01,1.000000000000000000e+00
1.626449823379516602e-01,2.837267220020294189e-01,3.927636444568634033e-01,9.292099475860595703e-01,5.621296167373657227e-01,1.000000000000000000e+00
6.615129113197326660e-01,2.290456742048263550e-01,1.834161132574081421e-01,9.501283168792724609e-01,8.537136316299438477e-01,1.000000000000000000e+00
1.144540235400199890e-01,5.296301245689392090e-01,6.468730568885803223e-01,9.185621738433837891e-01,7.871628403663635254e-01,1.000000000000000000e+00
3.243440985679626465e-01,3.963143825531005859e-01,1.013158485293388367e-01,9.761361479759216309e-01,4.848647117614746094e-01,1.000000000000000000e+00
6.889933943748474121e-01,3.171256184577941895e-01,3.372539877891540527e-01,9.466021656990051270e-01,1.325614452362060547e-01,1.000000000000000000e+00
6.472362875938415527e-01,4.760046899318695068e-01,5.358666181564331055e-01,9.799891114234924316e-01,4.133513569831848145e-01,1.000000000000000000e+00
2.859510779380798340e-01,5.215145349502563477e-01,4.248772561550140381e-01,9.110349416732788086e-01,7.475322484970092773e-01,1.000000000000000000e+00
